East,North,Level,Au_ppm,Al_per,As_ppm,Ba_ppm,Be_ppm,Bi_ppm,Ca_per,Cd_ppm,Ce_ppm,Co_ppm,Cr_ppm,Cs_ppm,Fe_per,Ga_ppm,Ge_ppm,Hf_ppm,K_per,La_ppm,Mg_per,Mn_ppm,Mo_ppm,Na_per,Nb_ppm,Ni_ppm,P_ppm,Rb_ppm,S_per,Sb_ppm,Sc_ppm,Se_ppm,Sn_ppm,Sr_ppm,Ta_ppm,Te_ppm,Th_ppm,Ti_per,Tl_ppm,U_ppm,V_ppm,W_ppm,Y_ppm,Zr_ppm,target_Au,Se_detectado,Te_detectado
11355.961,5366.114,1408.659,0.006,8.57,5.03,126.04,1.07,0.45,4.02,0.34,50.81,11.64,45.77,5.81,6.2,20.86,0.07,0.43,0.92,20.48,2.32,815.37,2.24,1.74,6.67,16.37,911.11,50.08,1.53,0.21,24.09,1.0,2.41,383.74,0.39,0.115,5.16,0.49,0.75,0.79,160.86,5.45,22.37,12.64,0,1,1
12101.296,5681.129,1419.069,0.0025,8.86,49.61,351.13,1.2,1.0,3.35,1.77,36.82,12.1,10.1,1.62,4.62,19.92,0.05,0.61,1.51,15.76,1.0,819.06,0.41,2.11,5.13,3.25,726.4,84.43,2.48,1.59,19.12,1.0,5.11,386.34,0.38,0.305,3.84,0.43,1.06,1.08,132.62,3.06,21.25,17.17,0,1,1
11971.046,5960.377,1509.829,0.005,8.91,5.3,453.11,1.08,1.18,1.08,0.27,28.85,16.74,14.42,12.84,5.11,17.16,0.08,0.57,2.03,13.06,1.29,685.72,1.09,1.06,4.27,6.08,523.9,120.2,0.1,1.52,20.19,1.86,4.6,200.81,0.33,0.452,4.11,0.46,1.59,1.08,150.54,0.78,14.87,23.98,0,1,1
11747.495,5863.982,1459.979,0.17,8.61,2011.59,734.87,0.55,7.29,0.05,0.05,28.76,0.38,17.0,1.69,1.76,23.21,0.025,0.5,3.93,13.75,0.57,33.8,2.84,0.12,5.03,1.27,63.9,149.37,0.1,15.68,18.58,1.01,8.48,20.79,0.36,0.815,3.75,0.31,1.16,0.8,104.46,5.88,3.76,19.54,1,1,1
7169.087,5272.533,1387.149,0.005,4.85,15.52,678.61,1.77,0.15,0.32,0.05,49.06,0.37,28.62,2.94,1.06,12.28,0.05,2.49,2.03,25.13,0.06,183.21,1.5,2.12,6.5,1.01,93.87,91.0,0.02,2.33,2.01,0.5,2.69,178.57,0.93,0.025,14.86,0.03,0.79,4.93,1.01,1.32,17.42,60.83,0,0,0
7166.81,5271.386,1387.149,0.0025,6.17,30.29,136.0,0.83,0.05,1.58,0.14,23.98,10.8,25.9,12.57,3.63,16.95,0.05,1.23,2.22,11.33,1.73,1075.19,0.25,0.04,4.0,9.93,549.57,178.95,0.01,23.32,14.21,0.5,0.71,47.57,0.3,0.025,2.29,0.31,1.28,0.55,119.38,3.91,12.22,68.72,0,0,0
7181.995,5262.575,1387.149,0.006,2.81,41.9,70.31,0.35,0.05,4.45,0.13,11.86,4.66,17.41,2.64,2.24,6.13,0.025,0.93,0.93,5.41,0.83,879.92,0.24,0.02,2.43,4.4,299.64,74.32,0.005,9.98,5.53,0.5,0.43,38.69,0.13,0.025,1.33,0.16,0.52,0.42,42.21,1.8,5.05,22.71,0,0,0
7193.381,5264.183,1387.149,0.0025,3.69,12.51,466.57,0.35,0.05,1.45,0.65,13.62,5.33,18.16,3.81,2.01,6.81,0.025,0.64,2.06,6.23,0.74,894.44,0.22,0.05,2.08,3.63,331.32,96.56,0.01,12.3,6.86,0.5,0.39,38.27,0.13,0.056,1.39,0.16,0.98,0.32,51.14,1.95,5.73,17.22,0,0,1
7236.054,5250.356,1354.429,0.0025,6.19,29.35,328.44,2.08,0.09,0.2,0.07,51.33,0.42,15.35,3.35,1.01,12.86,0.05,2.59,1.55,24.94,0.09,203.3,0.76,3.0,7.75,0.94,48.79,85.46,0.01,3.29,2.26,0.5,2.26,205.39,0.92,0.025,19.23,0.04,0.7,5.63,1.04,0.86,14.4,76.83,0,0,0
7221.856,5251.294,1354.429,0.005,3.35,9.54,267.0,0.65,0.05,0.4,0.18,18.33,6.75,24.99,5.46,2.54,8.51,0.025,1.14,1.3,8.62,0.69,948.36,0.29,0.11,2.59,5.32,376.88,87.43,0.01,19.67,7.74,0.5,0.46,28.44,0.17,0.025,1.75,0.17,0.92,0.51,53.98,1.14,7.28,38.08,0,0,0
7736.492,5339.727,1412.109,0.005,2.46,14.82,156.75,0.3,0.05,0.05,0.41,9.32,4.03,24.99,3.65,1.36,4.99,0.025,0.56,0.8,3.78,0.25,231.22,0.63,0.02,1.51,4.4,223.68,55.96,0.005,12.77,3.92,0.5,0.31,8.21,0.1,0.025,1.11,0.11,0.48,0.33,39.28,1.05,3.38,25.33,0,0,0
7879.174,5764.615,1465.839,0.006,5.04,23.9,323.69,0.58,0.05,0.09,0.01,17.92,6.08,31.45,6.09,3.72,11.84,0.025,1.13,1.81,8.52,0.92,417.55,3.23,0.04,3.92,7.75,497.57,124.27,0.08,16.76,8.07,0.5,1.11,13.21,0.24,0.025,2.28,0.29,1.04,0.45,81.28,2.58,5.42,47.11,0,0,0
7870.033,5722.899,1465.839,0.005,8.3,18.1,397.11,1.19,0.06,2.85,0.05,34.32,15.48,34.54,11.99,4.91,19.46,0.025,1.83,2.66,15.59,1.8,943.07,0.26,0.06,6.03,10.15,666.62,158.92,0.29,3.91,15.47,0.5,1.05,36.38,0.36,0.025,2.53,0.5,1.31,0.77,145.37,2.68,11.88,66.62,0,0,0
7866.813,5725.574,1465.839,0.025,3.94,22.64,263.53,0.53,0.05,0.91,4.42,12.04,6.95,21.99,6.26,1.93,7.73,0.025,0.83,1.28,4.61,0.66,324.43,3.41,0.03,2.07,4.67,264.07,97.53,0.25,15.5,5.63,0.5,0.49,19.14,0.15,0.025,1.11,0.18,0.78,0.29,55.85,1.15,4.33,26.73,0,0,0
7760.933,5627.106,1399.449,0.0025,8.2,5.4,499.2,1.12,0.05,4.46,0.1,44.45,18.96,39.37,6.99,4.39,18.43,0.07,2.1,0.99,21.96,1.85,1054.25,0.25,2.22,6.78,16.19,861.67,54.51,0.01,2.0,23.06,0.5,1.11,541.43,0.48,0.025,4.46,0.47,0.49,1.36,158.87,0.73,17.63,79.19,0,0,0
7766.117,5612.502,1399.449,0.007,3.54,51.77,198.52,0.47,0.05,0.14,0.05,16.27,9.79,29.45,7.93,2.19,8.18,0.025,1.13,1.44,6.64,0.34,378.73,6.99,0.03,3.42,8.82,592.28,108.04,0.07,20.64,9.15,0.5,0.64,12.62,0.2,0.025,2.05,0.23,0.83,0.64,72.47,1.48,5.83,39.9,0,0,0
7765.708,5612.842,1399.449,0.0025,7.94,4.36,505.76,0.96,0.05,2.56,0.05,40.3,20.18,39.47,12.09,4.69,15.74,0.05,1.45,2.14,18.81,2.17,876.7,0.3,0.85,6.65,17.76,906.52,130.08,0.06,2.27,15.0,0.5,0.86,154.18,0.44,0.025,3.07,0.4,1.14,0.87,128.18,1.68,12.16,56.98,0,0,0
7831.989,5577.365,1399.449,0.005,3.29,11.48,124.31,0.4,0.05,0.41,0.05,17.19,6.81,23.6,4.51,2.29,6.91,0.025,0.61,0.83,8.03,0.64,645.05,0.54,0.41,2.28,6.43,545.11,49.6,0.03,19.49,5.01,0.5,0.39,30.47,0.15,0.069,1.43,0.17,0.45,0.4,52.66,1.28,4.87,21.81,0,0,1
7832.785,5574.106,1399.449,0.0025,7.55,8.55,299.75,0.92,0.05,3.61,0.07,36.72,15.38,36.64,7.28,4.7,16.88,0.025,1.49,1.73,16.73,1.46,1228.1,0.18,1.15,5.94,13.72,810.01,139.32,0.12,4.39,15.68,0.5,1.15,90.61,0.4,0.025,3.3,0.44,1.02,0.72,124.74,1.93,14.59,59.67,0,0,0
6352.596,6830.149,1352.149,132.245,1.83,50.25,65.47,0.51,0.05,0.03,0.13,0.33,0.22,13.95,4.91,0.82,6.33,0.17,0.05,0.9,0.25,0.11,49.39,13.5,0.02,0.11,0.86,66.47,69.05,0.04,130.85,0.2,64.03,0.1,9.74,0.025,0.081,0.08,0.0025,0.62,0.05,7.41,0.1,0.2,0.64,1,1,1
6352.74,6819.014,1352.149,4.392,6.09,5.64,529.6,1.53,0.11,0.68,0.3,44.83,0.55,7.48,6.35,0.92,12.02,0.06,2.49,2.21,23.78,0.09,338.74,4.7,1.39,6.25,0.63,69.04,132.86,0.01,11.92,2.39,3.84,1.95,71.99,0.8,0.025,13.69,0.04,1.03,5.02,1.01,1.23,17.68,78.27,1,1,0
6342.413,6822.44,1332.569,0.01,5.23,3.22,579.07,1.05,0.05,1.03,0.15,36.42,1.33,12.53,6.96,1.09,9.35,0.025,1.89,2.67,20.7,0.15,453.52,0.45,0.4,5.88,0.83,127.13,133.93,0.01,1.12,1.54,0.5,1.33,56.62,0.76,0.059,16.36,0.06,1.23,3.12,7.58,1.03,11.77,54.89,0,0,1
6339.352,6818.917,1332.569,0.037,7.12,2.52,609.43,1.4,0.12,2.15,0.11,40.88,3.71,4.28,13.73,2.19,16.62,0.07,2.58,2.69,19.5,0.46,576.69,0.18,0.87,7.9,1.4,400.54,150.93,0.005,1.33,5.77,0.5,1.74,61.61,0.6,0.025,7.84,0.19,1.21,2.39,31.12,1.42,18.41,96.68,0,0,0
6428.974,6727.485,1352.149,0.012,7.36,40.92,707.22,1.2,0.05,2.19,0.05,36.32,13.6,34.21,4.65,4.37,16.97,0.08,1.93,2.8,17.06,1.31,822.65,0.46,2.3,5.74,7.76,816.37,142.2,0.04,4.81,17.56,0.5,1.03,312.71,0.37,0.025,3.28,0.44,1.62,1.1,149.52,1.32,17.78,70.04,0,0,0
6600.749,6751.646,1352.149,0.005,6.43,2.27,590.05,1.36,0.13,2.85,0.12,34.53,7.44,10.15,6.95,2.59,14.46,0.08,2.51,1.79,18.25,0.62,661.49,0.17,2.67,6.08,4.16,492.92,83.66,0.005,0.49,7.88,0.5,1.51,221.72,0.46,0.025,6.45,0.24,0.58,2.21,46.24,0.81,14.63,88.74,0,0,0
6825.562,6722.534,1337.959,0.011,6.54,2.76,546.5,1.51,0.14,0.21,0.18,61.33,0.82,4.27,1.82,1.6,16.13,0.11,3.84,1.77,27.62,0.12,316.02,0.33,3.31,5.51,0.54,101.66,68.5,0.005,2.08,10.55,0.5,2.83,217.52,0.5,0.025,14.68,0.06,0.58,3.19,5.1,0.39,17.19,116.49,0,0,0
6847.915,6724.651,1337.959,0.0025,8.72,4.22,500.57,1.25,0.05,4.6,0.07,47.15,15.77,30.99,2.91,4.69,20.76,0.09,2.56,1.21,18.79,1.83,795.08,0.93,1.92,7.1,8.03,842.85,36.89,0.005,2.09,21.09,0.5,1.3,501.57,0.42,0.025,4.95,0.49,0.32,1.35,134.68,0.73,18.99,99.28,0,0,0
6118.036,7220.62,1147.359,0.005,6.43,2.7,701.83,2.05,0.08,0.43,0.51,61.56,0.48,11.11,2.01,1.21,16.03,0.09,3.07,2.86,29.42,0.03,376.9,3.75,2.85,7.83,0.96,66.85,119.13,0.005,1.35,8.45,0.5,2.73,93.75,0.68,0.025,15.01,0.07,1.02,3.3,4.11,0.2,18.82,81.03,0,0,0
5190.027,7115.999,830.949,0.0025,5.66,3.36,1285.66,1.68,0.18,0.17,0.16,49.78,0.51,18.46,3.74,1.21,12.45,0.07,2.68,4.27,27.04,0.07,217.67,1.36,1.58,6.78,1.25,37.07,159.95,0.005,1.01,2.42,0.5,2.63,281.19,0.9,0.025,17.26,0.03,1.53,5.28,1.0,0.55,18.08,75.0,0,0,0
5136.996,6318.009,1292.959,0.082,1.66,9.33,19.59,0.2,0.49,0.63,0.01,6.82,3.92,14.91,0.47,9.81,9.14,0.025,0.37,0.07,3.06,0.27,345.1,0.29,0.01,1.85,1.29,395.08,3.66,0.09,5.12,4.25,1.0,3.49,19.77,0.11,0.487,1.08,0.14,0.05,0.18,61.82,0.54,2.4,8.98,0,1,1
5132.958,6328.05,1292.959,0.0025,9.37,7.45,578.92,1.19,0.1,4.01,0.19,53.35,18.73,30.46,21.2,5.19,22.06,0.1,0.96,2.5,22.17,1.44,1273.78,0.99,1.9,7.69,9.79,1008.24,136.82,0.98,2.2,21.31,0.5,1.32,239.61,0.49,0.025,3.67,0.61,1.29,0.66,159.4,1.09,19.29,32.63,0,0,0
5006.964,6547.981,1146.899,0.01,7.52,10.35,544.32,1.45,0.25,2.65,0.05,48.73,6.02,20.84,4.8,2.62,19.48,0.09,1.73,2.93,24.71,0.49,458.09,0.44,1.5,6.65,3.52,451.86,140.65,0.83,1.31,5.46,0.5,1.71,186.4,0.56,0.27,9.65,0.25,0.96,2.3,38.35,0.9,17.77,62.14,0,0,1
5110.048,6320.006,1292.959,0.007,8.22,3.09,414.57,0.97,0.09,4.35,0.05,46.79,14.89,29.16,6.98,5.43,18.79,0.12,1.53,1.2,18.79,1.74,1053.43,1.2,1.68,6.19,9.13,798.53,56.01,0.69,0.82,20.97,0.5,1.45,406.06,0.46,0.186,6.39,0.49,0.99,1.24,141.37,1.06,23.11,57.28,0,0,1
5111.019,6689.958,1012.639,0.0025,8.18,3.45,388.09,1.34,0.05,4.22,0.05,46.27,15.94,40.64,10.33,5.74,22.78,0.13,0.81,1.49,21.04,1.78,1006.24,0.86,1.82,6.21,11.79,948.34,81.24,0.88,1.01,23.19,1.07,1.29,426.7,0.43,0.128,4.59,0.45,1.21,0.9,152.62,1.33,22.52,26.4,0,1,1
5184.997,6989.987,934.069,0.0025,8.46,5.71,514.29,1.16,0.05,5.35,0.16,50.13,18.93,31.56,5.77,5.69,20.99,0.09,3.15,1.08,22.72,1.99,938.24,1.11,1.95,7.59,10.46,899.79,31.72,0.01,1.98,26.49,0.5,1.05,402.76,0.53,0.025,4.75,0.51,0.31,1.41,169.32,0.58,28.44,110.49,0,0,0
6342.393,6898.786,1302.709,12.985,2.63,11.86,98.76,0.48,0.05,0.02,0.05,0.25,0.21,12.7,8.35,0.42,6.04,0.025,0.05,1.29,0.25,0.11,40.4,105.98,0.02,0.05,0.76,27.88,101.17,0.005,47.87,0.19,2.06,0.1,12.96,0.025,0.154,0.05,0.0025,1.04,0.05,10.83,0.1,0.2,0.6,1,1,1
6340.953,6898.741,1302.709,0.014,6.09,2.51,395.14,1.53,0.1,0.5,0.43,57.13,0.64,5.23,6.6,1.07,14.22,0.05,3.17,2.25,29.49,0.13,239.08,0.68,1.17,6.61,0.52,63.81,142.2,0.005,5.63,2.63,0.5,1.84,57.35,0.96,0.025,19.54,0.05,1.22,5.16,1.0,1.23,16.19,81.56,0,0,0
6343.687,6864.89,1302.709,10.903,2.81,3.55,102.46,0.37,0.05,0.03,0.07,0.26,0.11,14.64,4.48,0.39,4.49,0.025,0.05,1.13,0.25,0.08,43.07,2.13,0.02,0.1,0.61,10.55,75.5,0.01,46.64,0.11,5.0,0.1,11.65,0.025,0.025,0.07,0.0025,0.73,0.05,4.35,0.05,0.11,0.64,1,1,0
6332.121,6896.556,1302.709,0.039,6.43,35.54,431.16,0.8,0.08,0.01,0.01,42.13,0.36,3.2,9.62,1.36,16.69,0.025,2.57,3.42,21.56,0.2,88.02,15.33,0.05,5.92,0.43,345.06,245.07,0.005,8.58,3.85,0.5,1.4,9.35,0.56,0.025,11.04,0.15,2.09,2.18,20.64,1.69,9.91,94.57,0,0,0
6494.297,6741.99,1352.149,0.188,2.32,132.76,123.61,0.63,0.05,0.02,0.08,10.89,1.12,15.42,5.53,1.88,6.2,0.025,0.54,1.12,5.68,0.1,84.78,27.88,0.03,1.11,1.42,304.35,74.07,0.01,35.9,2.98,0.5,0.27,12.28,0.09,0.025,0.8,0.09,0.78,0.32,36.58,1.04,3.97,19.4,1,0,0
6737.494,6511.198,1229.269,0.026,3.09,27.44,183.25,0.62,0.05,0.64,0.22,12.91,5.86,29.56,7.98,1.87,7.6,0.025,0.95,1.2,5.04,0.38,381.58,6.6,0.03,1.86,3.98,279.54,102.46,0.15,24.95,4.48,0.5,0.49,19.14,0.14,0.025,1.31,0.14,0.82,0.42,54.48,2.64,4.75,39.08,0,0,0
6736.715,6504.185,1229.269,0.008,9.14,35.03,484.16,1.43,0.05,3.32,0.1,42.4,16.02,31.92,18.84,5.73,22.52,0.07,1.55,3.31,20.16,1.93,1012.38,0.34,0.41,6.27,9.46,860.51,283.37,0.48,5.33,16.02,0.5,1.38,87.85,0.46,0.025,3.17,0.52,2.27,0.88,136.5,2.91,13.88,62.94,0,0,0
6381.42,6659.103,1352.149,0.0025,8.06,3.09,475.3,1.48,0.16,4.02,0.11,49.83,16.33,26.64,14.5,4.41,19.06,0.08,1.89,2.33,22.46,1.29,894.12,0.16,1.85,7.39,9.86,836.88,167.62,0.25,1.85,14.11,0.5,1.59,202.37,0.51,0.061,6.02,0.42,1.18,1.31,117.75,2.02,20.49,64.16,0,0,1
6751.775,6472.681,1229.269,0.0025,1.56,2.76,84.01,0.33,0.05,0.88,0.29,6.14,2.53,20.51,2.0,1.47,3.25,0.025,0.51,0.46,2.95,0.34,572.03,0.47,0.05,0.9,3.17,117.44,37.79,0.01,21.96,2.44,0.5,0.22,18.39,0.07,0.05,0.52,0.07,0.35,0.1,22.86,0.54,2.38,8.65,0,0,1
6868.257,5977.895,1080.259,0.0025,4.86,4.77,279.36,0.75,0.05,1.48,0.08,22.17,11.08,30.51,5.19,3.51,10.62,0.025,1.25,1.44,12.28,1.21,1081.05,1.34,0.36,3.45,10.31,551.6,99.08,0.06,8.33,9.01,0.5,0.73,43.0,0.28,0.025,1.96,0.3,0.75,0.64,90.06,1.66,8.87,50.51,0,0,0
8271.246,6002.333,1439.559,0.0025,6.24,3.89,265.37,1.21,0.13,1.15,0.09,59.0,0.66,5.01,7.86,1.0,13.93,0.025,2.83,2.37,32.31,0.11,366.75,0.83,0.96,8.03,0.48,56.26,166.33,0.005,5.55,2.97,0.5,2.28,73.93,0.78,0.025,18.82,0.05,1.04,3.61,1.07,0.76,19.82,89.14,0,0,0
8273.002,6001.34,1439.559,0.0025,8.67,2.28,540.47,1.13,0.05,4.32,0.12,43.15,18.14,32.91,29.38,4.81,19.08,0.06,3.32,1.32,21.89,1.67,691.62,0.94,1.7,5.69,8.03,797.32,68.77,0.01,5.09,17.45,0.5,1.14,298.2,0.46,0.025,5.03,0.47,0.57,1.59,145.87,0.67,20.04,108.74,0,0,0
5699.027,6580.02,1284.399,0.0025,6.22,4.08,186.44,1.41,0.14,0.57,0.07,50.71,0.31,16.1,3.29,1.09,12.77,0.025,2.62,1.08,25.16,0.05,217.36,0.7,3.03,6.86,0.81,45.32,60.81,0.005,0.91,2.04,0.5,2.52,155.0,0.92,0.025,18.79,0.03,0.32,4.77,0.5,1.11,19.52,63.1,0,0,0
5668.96,6628.041,1284.399,0.216,0.57,70.09,51.67,0.28,0.05,0.03,0.05,1.35,0.32,24.02,1.25,0.71,0.92,0.025,0.05,0.2,0.86,0.02,66.16,2.53,0.02,0.2,0.92,37.82,10.49,0.005,18.77,0.32,0.5,0.1,14.75,0.025,0.025,0.2,0.01,0.11,0.1,5.59,0.22,0.4,1.29,1,0,0
5669.038,6632.027,1284.399,1.89,1.01,97.65,63.61,0.38,0.05,0.02,0.07,0.86,0.33,34.54,2.37,0.93,2.93,0.025,0.2,0.45,0.56,0.04,45.32,6.56,0.02,0.52,1.4,64.45,27.99,0.005,17.26,1.02,1.0,0.1,9.14,0.025,0.025,0.52,0.03,0.25,0.22,16.68,0.82,0.81,9.0,1,1,0
5674.958,6633.956,1284.399,0.0025,7.23,2.64,405.44,1.14,0.23,3.2,0.19,40.98,16.19,31.95,16.7,4.75,16.41,0.07,1.78,2.09,19.54,1.38,996.99,0.2,1.87,6.49,11.92,709.04,124.7,0.005,1.64,13.42,0.5,1.41,132.73,0.47,0.082,3.9,0.4,0.85,1.16,112.75,2.11,17.51,71.46,0,0,1
5660.019,6728.037,1156.639,0.0025,8.8,6.26,635.29,1.13,0.05,3.74,0.13,44.25,17.61,28.23,5.62,4.83,20.83,0.08,1.82,0.98,22.14,1.72,1013.77,0.38,2.93,6.42,12.03,769.8,51.04,0.04,1.76,17.89,0.5,1.7,486.02,0.53,0.025,4.64,0.43,0.48,1.32,142.24,0.8,21.92,56.94,0,0,0
5479.011,6750.046,1111.139,0.028,2.71,28.24,182.25,0.48,0.16,0.18,0.14,15.61,3.85,20.88,4.39,1.58,7.13,0.025,0.63,1.34,6.43,0.15,122.61,1.55,0.03,1.54,3.84,178.69,89.67,0.005,5.08,3.76,0.5,0.55,11.11,0.12,0.121,2.45,0.08,0.59,0.59,36.73,0.97,4.9,22.0,0,0,1
5478.022,6750.038,1111.139,0.024,7.52,51.12,570.01,1.1,0.12,0.67,0.08,47.7,4.16,15.34,12.67,2.52,19.34,0.025,2.22,2.89,27.04,0.63,433.43,0.33,0.44,5.49,5.67,353.95,204.05,0.01,1.2,8.0,0.5,1.94,78.7,0.57,0.05,13.83,0.18,1.38,2.84,69.26,1.38,13.75,80.94,0,0,1
5555.949,6806.014,1156.639,0.493,1.79,65.33,89.1,0.35,0.05,0.14,0.11,7.32,1.67,25.35,3.35,1.15,5.28,0.025,0.64,0.89,3.81,0.24,275.06,6.13,0.03,1.13,2.48,213.52,54.91,0.05,21.8,2.91,1.0,0.3,17.28,0.09,0.025,1.03,0.09,0.43,0.65,36.87,1.82,3.08,16.31,1,1,0
6093.945,6750.018,1279.219,0.0025,6.23,3.2,831.22,1.4,0.24,1.28,0.18,37.98,2.91,17.46,1.93,1.72,11.29,0.025,2.09,1.38,20.79,0.21,658.37,0.57,2.55,5.17,1.46,443.65,59.64,0.01,0.52,3.41,0.5,1.38,353.85,0.45,0.025,8.03,0.15,0.35,2.17,11.92,0.53,28.5,68.61,0,0,0
5947.032,6374.022,1301.529,0.0025,6.68,2.34,533.34,1.45,0.07,2.01,0.12,49.71,4.73,4.06,6.72,2.38,16.87,0.07,2.56,2.28,23.6,0.33,689.27,0.17,2.09,6.6,1.36,380.58,98.18,0.005,0.56,4.77,0.5,1.48,165.51,0.61,0.025,8.5,0.19,0.63,2.19,25.27,0.76,16.41,84.01,0,0,0
5777.983,6139.979,1256.439,0.005,7.51,3.29,381.02,1.57,0.09,1.13,0.2,69.84,1.02,6.08,2.77,1.47,17.12,0.1,1.62,1.24,34.48,0.12,375.63,0.47,2.96,7.19,0.55,108.81,65.51,0.005,1.83,9.44,0.5,2.73,168.81,0.75,0.025,15.29,0.07,0.67,3.41,3.8,0.48,34.96,47.71,0,0,0
6025.987,6152.051,1219.529,0.017,7.96,3.77,485.13,1.23,0.21,4.18,0.05,41.97,15.53,28.64,3.73,5.03,19.14,0.11,1.07,1.92,20.56,1.48,879.61,0.3,1.9,6.0,12.01,922.73,126.99,0.85,2.65,17.13,1.09,1.32,271.61,0.5,0.269,4.77,0.53,1.19,1.1,153.41,4.1,17.73,32.39,0,1,1
8450.08,6044.907,1444.589,0.086,1.17,1181.75,83.03,0.25,0.05,0.05,0.05,3.69,0.41,21.01,1.89,0.9,2.5,0.025,0.21,0.43,1.96,0.05,75.22,1.2,0.02,0.74,0.92,125.81,28.31,0.03,44.2,2.03,0.5,0.22,11.83,0.05,0.025,0.47,0.07,0.28,0.1,24.32,0.87,1.0,10.23,0,0,0
2869.306,1880.466,673.609,0.352,5.48,866.07,661.92,0.79,2.2,0.03,1.82,27.38,3.9,12.65,11.95,5.77,12.28,0.06,1.33,4.06,12.47,0.56,1105.93,51.71,0.04,4.31,1.53,727.22,243.02,0.39,17.18,12.97,3.71,1.83,40.27,0.3,0.755,3.1,0.35,2.51,1.03,110.29,3.93,5.67,57.78,1,1,1
2579.966,2221.598,516.659,0.197,3.94,172.67,159.81,0.62,2.74,0.01,1.34,17.87,6.79,8.64,7.8,4.56,9.34,0.025,0.75,1.8,9.51,0.25,145.45,23.09,0.02,3.05,1.99,124.41,132.02,3.63,138.6,7.45,9.42,1.89,5.33,0.23,4.775,3.38,0.16,1.28,1.0,45.83,2.44,5.43,25.14,1,1,1
8913.102,6278.424,1470.419,0.011,2.94,6.32,308.45,0.49,0.05,2.19,1.17,12.08,5.34,15.98,3.95,2.61,7.24,0.05,0.86,0.7,5.23,1.36,1883.69,0.96,0.05,1.81,3.47,313.71,47.87,0.02,28.33,5.67,0.5,0.38,36.57,0.16,0.025,1.53,0.15,0.41,0.48,49.21,1.61,4.48,55.66,0,0,0
8911.725,6276.022,1470.419,0.0025,9.98,2.37,600.83,1.19,0.07,5.17,0.12,41.99,16.49,24.31,6.26,5.67,20.62,0.12,3.36,0.83,21.2,1.59,854.84,1.42,2.05,6.18,9.95,949.0,43.6,0.01,4.41,20.68,0.5,1.01,456.97,0.48,0.025,5.32,0.5,0.32,1.66,173.72,0.77,17.45,113.54,0,0,0
8976.265,6231.452,1437.289,0.0025,1.49,14.76,45.72,0.35,0.05,9.54,0.83,8.58,5.83,8.84,1.66,2.12,4.15,0.07,0.28,0.07,3.91,1.0,2135.5,2.73,0.03,0.72,3.44,135.85,4.44,0.04,32.81,2.26,0.5,0.29,111.15,0.06,0.025,0.59,0.06,0.09,0.2,28.1,0.51,6.04,10.68,0,0,0
8975.109,6234.498,1437.289,0.0025,7.79,2.52,446.16,1.28,0.05,5.31,0.1,33.46,19.96,26.35,5.59,4.63,19.18,0.09,2.8,1.14,14.17,1.33,833.21,0.93,1.78,6.18,10.26,899.71,35.07,0.01,6.39,19.42,0.5,1.12,338.49,0.46,0.025,4.98,0.46,0.38,1.6,162.85,0.84,16.79,115.86,0,0,0
9512.361,5371.409,1342.289,0.015,4.6,5.0,210.37,0.54,0.07,6.44,0.11,21.32,14.32,18.63,8.31,3.48,9.4,0.08,0.8,1.1,11.52,1.06,1024.13,0.91,0.29,2.47,10.31,391.51,56.58,0.05,7.29,10.28,0.5,0.43,71.36,0.19,0.025,1.52,0.23,0.49,0.54,105.52,0.6,6.79,82.56,0,0,0
8133.016,5644.055,1448.799,0.0025,9.07,2.39,520.61,1.24,0.05,4.75,0.1,30.0,17.22,41.43,3.19,4.94,20.1,0.13,2.94,1.12,15.04,2.08,946.13,1.04,1.89,7.67,13.82,865.83,22.85,0.005,1.81,19.33,0.5,1.03,387.35,0.48,0.025,3.68,0.45,0.33,1.21,146.14,0.83,15.01,117.66,0,0,0
8110.039,5616.972,1448.799,0.0025,7.69,7.94,1334.11,1.45,0.05,0.99,0.05,58.08,2.59,3.24,9.3,1.63,13.41,0.17,2.59,3.66,27.75,0.28,510.49,1.58,1.25,10.42,0.85,288.95,193.0,0.02,1.14,4.18,0.5,1.6,178.43,0.86,0.025,16.18,0.15,1.79,4.02,19.08,1.43,18.25,56.39,0,0,0
8117.04,5373.946,1432.549,0.0025,5.91,2.24,241.65,0.83,0.22,4.96,0.21,24.2,9.11,20.5,10.39,3.37,15.74,0.13,1.38,1.32,11.61,1.1,1326.61,0.68,0.88,4.1,7.93,514.03,89.03,0.01,4.73,10.92,0.5,0.77,139.78,0.28,0.025,2.77,0.3,0.66,0.69,80.69,3.4,12.43,52.63,0,0,0
8061.978,5620.019,1465.839,0.0025,7.52,1.57,406.87,1.04,0.05,3.09,0.07,28.3,21.04,41.15,7.65,5.4,19.71,0.13,1.74,1.34,13.14,2.28,884.49,0.14,2.39,7.69,18.22,849.49,39.92,0.005,1.97,17.89,0.5,1.05,314.64,0.52,0.025,2.04,0.49,0.88,0.8,165.34,1.03,12.01,51.85,0,0,0
8040.999,5315.998,1361.209,0.0025,5.27,15.05,299.82,0.73,0.05,6.49,0.05,26.23,9.57,22.59,13.25,2.57,12.66,0.1,1.74,1.69,12.93,0.9,1083.97,0.33,0.22,4.14,9.14,484.18,105.75,0.06,8.33,11.14,0.5,0.63,88.85,0.31,0.025,2.63,0.29,1.07,0.76,69.0,1.87,12.52,55.69,0,0,0
8042.978,5316.014,1361.209,0.0025,6.91,8.82,686.82,0.96,0.05,3.68,0.06,39.7,16.91,29.26,17.36,4.18,16.0,0.14,2.12,1.83,18.41,1.57,854.09,0.44,1.28,6.84,11.02,759.09,95.09,0.09,4.14,16.8,0.5,0.83,227.02,0.44,0.025,3.9,0.38,0.99,1.08,127.54,2.37,13.66,73.61,0,0,0
7898.006,5423.997,1489.369,0.0025,7.46,2.51,637.64,0.95,0.05,4.31,0.15,33.82,17.17,31.32,8.05,4.51,17.88,0.15,1.32,1.77,15.98,1.57,916.16,0.57,2.17,5.87,11.88,790.88,82.5,0.005,1.4,15.95,0.5,0.37,349.79,0.47,0.025,2.65,0.5,0.51,0.55,147.54,0.63,15.59,38.75,0,0,0
7734.0,5341.987,1412.109,0.008,2.03,15.4,108.92,0.25,0.05,0.06,0.51,9.11,2.85,16.86,2.59,1.2,3.75,0.09,0.49,0.62,3.77,0.26,283.04,4.65,0.02,1.47,2.73,260.87,43.88,0.005,26.47,3.48,0.5,0.21,9.44,0.11,0.025,1.04,0.11,0.38,0.3,32.92,1.12,2.53,28.18,0,0,0
7777.02,5872.0,1369.029,0.0025,2.02,4.05,133.16,0.46,0.05,5.92,0.14,8.82,4.13,12.37,3.47,1.58,5.26,0.12,0.66,0.58,4.72,0.47,1536.26,0.96,0.15,1.37,4.28,216.42,31.17,0.03,35.39,3.91,0.5,1.31,77.43,0.09,0.025,0.98,0.11,0.32,0.28,37.76,0.65,3.57,19.62,0,0,0
9403.312,5475.841,1342.289,0.0025,8.37,89.91,1182.24,1.66,0.05,0.96,0.13,67.68,2.27,3.81,7.23,2.34,19.27,0.16,4.11,2.83,32.98,0.27,573.67,1.41,2.75,16.06,0.83,411.51,144.9,0.09,7.55,5.77,0.5,1.76,194.07,0.96,0.025,14.31,0.19,0.88,4.04,11.88,1.78,24.45,157.48,0,0,0
9571.773,5811.561,1410.489,0.0025,2.44,23.83,140.01,0.37,0.05,6.42,0.1,11.7,4.91,9.05,3.69,2.17,5.76,0.12,0.91,0.41,5.61,1.26,1213.96,1.15,0.28,1.81,3.59,207.45,29.66,0.04,45.72,4.75,0.5,0.31,100.96,0.14,0.025,1.41,0.13,0.33,0.42,37.18,0.65,5.7,22.4,0,0,0
9571.97,5812.991,1410.489,0.0025,8.98,4.26,505.18,1.37,0.11,4.38,0.17,29.28,18.77,20.42,5.05,4.41,21.48,0.14,3.51,1.47,14.64,1.6,830.21,1.2,1.98,8.1,19.3,791.82,36.01,0.01,4.99,19.28,0.5,1.33,425.05,0.5,0.025,4.42,0.51,0.59,1.4,142.27,0.73,17.76,104.97,0,0,0
8236.987,5962.022,1438.359,0.0025,9.09,3.79,506.41,1.38,0.05,5.11,0.11,30.35,16.47,25.69,3.21,4.98,20.99,0.13,3.74,1.19,14.47,1.5,750.9,1.4,2.47,8.27,7.41,888.46,27.29,0.005,3.07,16.27,0.5,1.18,435.15,0.52,0.025,4.5,0.52,0.32,1.37,161.54,0.9,17.11,129.71,0,0,0
8314.001,6036.027,1444.589,0.017,6.31,100.2,329.14,0.95,0.05,0.02,0.01,59.13,0.21,1.91,12.74,0.59,15.35,0.16,4.3,2.87,27.34,0.17,45.11,2.19,0.04,12.21,0.28,78.24,180.97,0.02,13.25,3.65,0.5,1.6,8.51,1.0,0.025,24.6,0.11,1.31,6.54,13.12,1.48,17.8,130.45,0,0,0
8766.983,6230.037,1470.419,0.0025,7.06,12.55,488.12,1.46,0.26,3.0,0.14,34.96,11.58,18.95,8.9,3.36,16.13,0.14,2.45,1.64,19.28,1.34,679.89,1.33,2.06,6.53,11.27,581.82,61.12,1.28,2.68,12.75,1.0,1.7,298.2,0.56,0.156,7.5,0.34,0.7,2.22,92.03,0.67,15.4,83.41,0,1,1
8995.996,6265.957,1437.289,0.0025,8.62,3.28,483.39,1.35,0.05,4.95,0.07,33.88,17.97,23.03,1.97,4.64,20.68,0.16,3.07,1.18,15.0,1.72,859.18,1.33,2.05,7.66,9.37,958.6,24.43,0.005,3.93,19.06,0.5,1.18,412.62,0.52,0.025,4.52,0.53,0.25,1.49,159.64,0.81,17.85,109.6,0,0,0
8503.516,5901.5,1436.569,0.008,3.63,25.79,145.27,0.53,0.05,5.0,0.06,18.71,13.73,17.34,6.73,3.74,9.04,0.11,1.0,1.05,8.49,0.81,1341.35,2.23,0.34,2.94,7.69,441.84,61.94,0.22,11.59,9.69,0.5,0.65,129.07,0.21,0.025,2.19,0.22,0.64,0.73,73.78,1.43,9.24,46.0,0,0,0
8500.269,5902.138,1436.569,0.0025,7.34,5.19,695.61,1.19,0.05,4.0,0.06,32.8,18.18,24.82,11.96,4.71,20.72,0.14,2.97,2.05,13.48,1.52,1179.6,0.65,1.74,7.35,11.19,850.22,70.83,0.1,2.94,16.15,0.5,1.21,324.48,0.53,0.025,3.62,0.5,0.92,1.39,157.16,2.17,16.24,89.51,0,0,0
8783.263,5458.917,1292.699,0.0025,3.18,13.9,384.66,0.65,0.16,1.4,0.62,17.68,2.96,9.74,6.12,1.43,5.32,0.1,0.77,1.08,10.08,0.33,887.41,3.09,0.03,2.31,2.19,229.92,76.35,0.01,16.81,3.5,0.5,0.63,27.68,0.21,0.025,2.99,0.09,0.83,0.65,26.58,1.33,8.07,22.25,0,0,0
8760.931,5472.188,1292.699,0.01,3.66,18.27,624.41,0.57,0.3,9.38,16.98,18.12,2.75,6.29,7.71,1.25,5.61,0.08,0.87,1.25,9.77,0.28,1085.66,2.79,0.03,2.27,1.79,207.71,79.99,0.09,14.58,4.07,0.5,0.79,90.93,0.21,0.025,2.78,0.1,0.97,0.95,25.29,0.76,6.72,28.44,0,0,0
8617.115,5860.976,1436.569,0.045,6.42,225.34,341.89,0.78,0.05,2.86,9.98,25.32,13.73,17.51,11.94,2.74,9.91,0.14,1.92,2.87,11.97,0.41,622.82,34.29,0.05,5.31,5.96,605.67,173.77,2.34,14.72,10.88,0.5,0.75,148.34,0.32,0.025,2.85,0.32,2.22,0.93,85.5,1.13,11.42,60.69,0,0,0
8606.778,5875.272,1436.569,0.005,2.13,30.56,190.67,0.36,0.05,0.03,0.06,5.31,1.23,12.84,4.06,1.21,3.39,0.08,0.84,0.86,2.54,0.08,124.17,2.29,0.02,1.97,0.85,316.04,51.2,0.01,34.86,3.76,0.5,2.28,12.1,0.13,0.025,1.44,0.11,0.61,0.36,18.25,1.12,2.99,29.14,0,0,0
9316.0,6235.965,1466.209,0.009,7.45,4.27,324.98,1.16,0.05,4.12,0.08,27.97,14.68,19.45,18.18,3.87,18.42,0.12,2.7,2.19,14.01,1.17,894.82,0.39,1.43,7.05,9.53,730.22,78.88,0.02,3.46,15.4,0.5,0.96,249.44,0.47,0.025,3.91,0.41,1.37,1.41,135.51,2.51,15.67,109.88,0,0,0
9371.006,6257.988,1496.709,0.005,8.03,10.52,640.42,1.29,0.05,3.28,0.05,30.25,17.52,26.34,22.32,4.8,18.76,0.15,3.21,2.48,15.85,1.32,1027.82,0.55,1.24,7.05,10.15,912.23,116.21,0.01,10.92,19.22,0.5,1.06,193.98,0.5,0.025,4.27,0.54,1.25,1.5,149.0,2.86,18.61,127.57,0,0,0
9376.996,6265.009,1496.709,0.0025,7.28,11.44,469.96,1.03,0.05,2.9,0.09,33.05,12.7,21.27,16.77,4.46,18.13,0.14,2.94,2.08,12.89,1.48,1107.59,1.12,1.27,7.4,9.19,835.76,111.69,0.005,8.17,16.14,0.5,1.03,189.02,0.52,0.025,4.0,0.45,1.17,1.54,158.5,3.16,15.65,101.68,0,0,0
9405.001,6281.946,1496.709,0.0025,7.15,4.4,329.3,0.75,0.05,11.33,0.13,47.29,12.77,15.26,11.4,3.65,15.54,0.12,3.11,1.96,25.99,0.99,1501.61,0.26,0.2,5.35,7.76,720.65,110.2,0.005,4.65,13.89,0.5,0.83,117.89,0.36,0.025,4.39,0.34,0.99,1.29,106.01,2.97,19.77,98.06,0,0,0
9450.959,6322.051,1496.709,0.014,3.49,16.62,145.71,0.36,0.05,1.73,0.38,14.81,5.67,14.78,5.98,2.3,7.48,0.11,0.94,1.03,8.23,0.47,544.49,2.55,0.02,2.38,4.39,307.73,69.02,0.01,22.18,6.63,0.5,0.39,55.55,0.16,0.025,1.52,0.17,0.79,0.41,52.63,1.39,6.36,28.17,0,0,0
9461.0,6328.0,1496.709,0.014,0.89,29.7,65.25,0.24,0.05,0.07,0.05,2.96,10.17,18.43,2.69,1.97,2.12,0.08,0.31,0.25,1.66,0.14,293.93,1.66,0.02,0.75,5.39,87.72,19.26,0.05,32.44,2.22,0.5,0.4,11.88,0.21,0.025,0.37,0.04,0.27,0.31,52.81,1.46,3.66,11.0,0,0,0
9437.991,6308.0,1496.709,0.008,3.3,19.94,140.84,0.47,0.05,0.07,0.09,10.03,7.58,15.77,6.44,4.76,8.75,0.08,1.16,0.82,4.44,0.77,520.25,2.9,0.02,2.41,6.29,586.76,48.98,0.005,31.83,7.13,0.5,0.94,12.44,0.18,0.025,1.93,0.18,0.62,0.48,61.46,1.63,7.23,34.54,0,0,0
9431.033,6312.041,1496.709,0.006,7.32,16.16,214.83,0.95,0.05,0.89,0.08,32.11,14.77,19.66,11.85,4.55,15.52,0.14,2.1,1.58,15.91,0.82,610.77,0.66,1.1,5.18,9.55,676.78,120.12,0.05,12.98,14.37,0.5,1.33,85.98,0.41,0.025,3.53,0.37,1.35,1.11,113.36,1.05,13.4,64.94,0,0,0
9593.972,5866.032,1410.489,0.0025,8.97,2.86,587.93,1.21,0.05,5.21,0.11,27.58,16.51,24.83,2.38,4.98,20.91,0.16,3.88,1.4,14.29,1.55,1029.82,1.85,2.08,7.38,12.11,944.45,28.47,0.01,1.36,15.81,0.5,1.51,459.64,0.51,0.025,4.82,0.49,0.34,1.65,170.31,0.81,16.63,154.86,0,0,0
9593.964,5867.029,1410.489,0.007,5.8,14.34,202.12,0.82,0.05,7.16,0.07,28.45,13.1,15.32,10.47,3.02,11.88,0.09,1.64,1.96,13.93,1.03,1394.63,1.08,0.18,4.32,6.54,533.15,141.17,0.04,33.25,11.88,0.5,0.88,89.32,0.31,0.025,2.93,0.3,1.42,0.9,85.17,2.71,11.21,60.21,0,0,0
9638.037,5563.973,1435.879,2.193,6.08,19.66,663.78,0.8,0.05,2.43,193.49,26.07,12.01,15.62,13.05,2.98,13.98,0.14,2.1,3.04,12.76,0.88,955.29,1.42,0.57,4.29,6.25,552.01,212.76,0.17,16.85,10.93,0.5,0.98,148.31,0.36,0.025,4.15,0.31,1.92,1.28,93.76,1.65,12.65,76.12,1,0,0
9635.037,5568.045,1435.879,6.095,7.7,7.96,766.09,0.98,0.05,2.06,68.47,26.28,11.0,20.46,16.56,2.88,16.97,0.17,2.18,2.93,13.89,1.09,661.93,1.23,1.15,5.5,7.61,657.28,174.97,0.14,14.15,13.05,0.5,1.05,200.96,0.36,0.025,3.7,0.38,1.66,1.0,104.75,1.69,13.42,72.87,1,0,0
9454.029,5302.049,1301.459,0.007,2.4,11.95,105.86,0.36,0.05,0.05,0.08,8.16,3.88,20.18,8.69,1.85,4.88,0.05,0.87,0.63,3.94,0.5,424.7,3.94,0.03,1.44,3.56,270.51,50.12,0.005,16.29,4.75,0.5,0.31,12.94,0.12,0.025,1.34,0.13,0.46,0.4,38.35,0.3,3.71,33.47,0,0,0
7304.746,7591.771,1206.779,0.021,1.59,15.15,76.9,0.55,0.05,0.16,0.27,3.47,1.66,11.8,4.1,0.73,5.49,0.08,0.2,0.66,1.71,0.12,284.19,0.34,0.02,0.63,1.4,102.35,48.39,0.01,25.44,1.6,0.5,0.2,11.98,0.09,0.025,0.44,0.04,0.63,0.1,32.17,0.47,1.65,8.42,0,0,0
8361.979,6222.042,1443.039,0.019,6.4,249.74,266.89,0.88,0.1,0.74,0.12,38.96,0.54,4.34,5.34,0.91,9.65,0.11,2.6,1.72,26.0,0.08,284.15,3.75,1.16,6.57,0.51,74.74,92.97,0.1,7.32,1.25,0.5,1.81,76.55,0.85,0.025,18.15,0.05,0.94,4.91,1.08,0.76,11.02,64.31,0,0,0
7298.535,7608.236,1206.779,0.017,4.58,117.15,649.27,0.48,0.05,0.04,0.05,13.03,7.58,17.96,3.93,2.29,8.19,0.11,0.54,3.22,7.13,0.63,472.21,0.3,0.25,2.57,4.59,579.95,180.48,0.005,14.3,8.22,0.5,0.21,84.8,0.17,0.025,1.82,0.21,3.22,0.53,56.34,0.91,4.9,21.14,0,0,0
7314.843,7553.961,1206.779,0.005,3.8,16.76,398.2,0.78,0.05,0.15,0.09,16.59,7.19,20.4,7.85,2.14,8.92,0.12,1.38,1.61,9.05,0.68,796.33,0.31,0.18,2.86,5.03,372.66,107.9,0.01,21.4,7.98,0.5,0.49,29.22,0.2,0.025,2.16,0.21,1.15,0.67,64.0,2.25,7.14,51.62,0,0,0
8410.048,6107.97,1444.589,0.129,5.43,36.25,199.78,0.72,0.05,5.33,6.44,23.46,13.4,19.28,6.97,1.78,10.74,0.15,1.82,1.65,11.69,0.38,2598.15,6.26,0.91,3.73,7.38,539.97,101.07,0.08,22.45,8.78,0.5,1.66,175.56,0.27,0.025,2.66,0.3,1.07,0.8,83.7,2.93,9.1,59.42,1,0,0
8212.049,6290.027,1422.299,0.012,1.48,15.75,366.69,0.48,0.05,2.43,0.17,5.8,4.45,13.82,2.06,1.21,3.42,0.09,0.21,0.78,3.68,0.33,1335.74,0.87,0.03,0.7,1.93,95.79,39.75,0.02,34.89,2.87,0.5,1.92,60.42,0.06,0.025,0.46,0.06,0.65,0.1,30.18,0.54,3.48,9.95,0,0,0
8163.963,6310.01,1422.299,0.041,1.12,14.82,76.1,0.39,0.05,0.08,2.16,1.54,1.31,12.77,2.59,1.54,2.83,0.06,0.11,0.41,0.73,0.05,440.18,1.11,0.01,0.27,0.81,134.91,22.5,0.07,38.38,0.91,0.5,4.43,10.99,0.025,0.473,0.21,0.02,0.25,0.11,19.22,0.2,0.59,3.86,0,0,1
8163.037,6302.033,1422.299,0.171,1.04,22.03,31.07,0.26,0.005,12.0,16.89,8.08,5.91,8.54,1.57,1.65,3.95,0.06,0.2,0.15,4.91,0.42,3309.32,3.5,0.01,0.39,2.39,46.06,9.5,0.12,17.57,2.72,0.5,0.86,148.31,0.025,0.025,0.26,0.02,0.16,0.1,47.77,0.41,6.66,6.21,1,0,0
8054.946,6334.044,1365.179,0.032,2.27,33.05,88.46,0.28,0.05,1.09,2.24,4.13,3.47,15.05,2.59,4.04,6.9,0.07,0.38,0.63,2.19,0.19,960.74,8.65,0.01,0.75,2.2,166.08,38.58,0.93,29.36,1.89,1.07,4.21,25.98,0.06,0.534,0.65,0.06,0.43,0.18,45.76,0.48,1.92,14.92,0,1,1
8019.0,6444.007,1381.939,0.0025,9.39,1.96,653.88,1.37,0.05,4.83,0.06,36.74,16.03,29.15,7.0,4.76,20.91,0.13,3.3,1.4,15.82,1.01,974.4,1.03,1.86,6.97,7.8,895.07,61.98,0.01,4.94,17.23,1.0,1.34,471.5,0.49,0.025,4.87,0.52,0.85,1.64,160.87,1.06,16.39,123.81,0,1,0
7983.017,6489.989,1381.939,0.0025,7.22,3.07,397.21,1.23,0.05,4.51,0.14,28.43,16.58,22.81,6.12,5.28,17.33,0.12,2.43,1.3,13.71,2.43,963.34,0.39,2.23,6.56,6.86,724.07,35.9,0.005,3.08,14.42,0.5,1.22,459.57,0.52,0.025,3.14,0.53,0.64,0.76,146.52,0.81,13.2,81.11,0,0,0
8034.977,6508.005,1381.939,0.017,3.51,29.66,257.97,0.42,0.05,0.14,0.05,10.32,5.87,15.81,6.99,2.31,6.55,0.08,1.08,1.16,5.12,0.36,395.55,13.79,0.03,2.09,3.84,297.92,75.13,0.03,24.96,6.93,0.5,0.75,14.81,0.18,0.025,2.03,0.18,0.97,0.51,61.34,3.64,5.29,36.56,0,0,0
8104.991,6453.993,1414.849,0.009,3.71,14.13,263.84,0.41,0.05,7.17,0.06,20.08,7.01,14.03,5.5,2.9,8.89,0.09,0.46,1.34,10.17,0.82,2148.42,1.09,0.02,3.08,3.14,440.7,78.03,0.01,16.23,7.75,0.5,0.93,386.08,0.22,0.025,2.02,0.22,1.0,0.53,65.37,1.43,8.86,16.74,0,0,0
8136.054,6446.05,1414.849,0.014,2.07,9.81,105.02,0.42,0.05,1.26,0.58,7.16,4.59,18.59,2.65,2.14,4.78,0.08,0.41,0.38,3.8,0.66,1509.08,2.53,0.01,1.21,2.65,177.78,25.0,0.02,25.21,2.96,0.5,1.26,30.44,0.09,0.025,0.81,0.09,0.36,0.18,33.4,0.79,3.0,14.92,0,0,0
8045.973,6590.005,1381.939,0.007,4.59,14.78,391.0,0.42,0.05,0.68,0.08,15.26,8.32,20.74,4.96,2.52,8.72,0.09,1.26,1.53,8.29,0.44,685.44,4.88,0.02,2.94,4.0,445.39,100.05,0.11,27.35,7.47,0.5,0.63,26.62,0.21,0.088,2.17,0.21,1.11,0.56,61.18,2.69,6.78,40.71,0,0,1
7802.957,6929.993,1350.519,0.0025,1.44,6.5,67.97,0.47,0.005,0.03,0.06,6.76,3.42,10.32,4.14,0.81,3.57,0.08,0.18,0.41,2.86,0.16,604.72,1.42,0.02,0.4,4.05,142.4,25.26,0.01,47.61,1.77,0.5,0.1,14.87,0.025,0.025,0.4,0.03,0.28,0.11,22.97,0.32,1.91,10.26,0,0,0
7812.048,6934.05,1350.519,0.03,7.53,25.28,409.42,1.05,0.05,0.04,0.05,29.24,6.07,26.84,13.48,2.93,16.47,0.1,2.49,2.67,12.77,0.47,309.1,2.76,0.06,5.91,3.95,708.21,181.36,0.02,18.31,14.9,0.5,1.05,17.25,0.45,0.025,5.13,0.37,1.68,1.2,106.61,2.43,9.59,103.25,0,0,0
7354.052,7406.034,1280.549,0.032,1.88,15.08,108.75,0.57,0.05,0.08,0.11,6.55,2.22,10.43,5.43,0.86,4.98,0.08,0.29,0.76,4.12,0.09,395.52,0.32,0.02,0.73,1.61,152.73,47.5,0.01,34.05,2.29,0.5,0.21,11.41,0.05,0.025,0.57,0.06,0.55,0.18,31.07,0.39,2.91,12.4,0,0,0
7275.33,7627.355,1206.779,0.024,6.23,30.79,1020.94,0.72,0.17,0.62,0.05,25.94,11.76,23.93,4.32,3.77,12.6,0.14,1.15,3.18,11.08,1.02,624.33,0.18,0.91,4.3,5.78,595.38,200.32,0.02,12.55,12.18,0.5,0.73,136.36,0.28,0.025,2.49,0.39,3.41,0.61,101.54,3.59,9.34,34.14,0,0,0
7276.552,7631.228,1206.779,0.02,3.72,49.96,852.45,0.34,0.05,0.09,0.05,14.88,7.16,14.43,3.51,2.48,7.53,0.13,0.56,2.86,6.69,0.57,420.71,0.42,0.32,3.01,4.47,461.78,163.39,0.005,13.97,7.13,0.5,0.2,69.99,0.18,0.025,1.68,0.25,3.06,0.36,50.88,1.81,4.51,21.75,0,0,0
7280.813,7626.337,1206.779,0.012,3.24,18.98,443.29,0.55,0.05,0.15,0.05,16.09,5.67,15.32,5.02,2.38,6.61,0.09,0.85,1.79,7.07,0.63,438.28,0.33,0.06,2.09,3.97,261.75,140.6,0.005,64.59,6.14,0.5,0.95,47.87,0.18,0.025,1.45,0.19,2.05,0.37,62.2,1.29,5.15,32.99,0,0,0
7268.085,7641.189,1206.779,0.02,5.6,14.01,811.8,0.58,0.05,0.15,0.05,20.32,9.92,20.02,4.2,2.98,11.99,0.1,0.74,2.03,9.77,0.88,476.62,0.35,1.05,3.4,5.58,616.99,107.59,0.02,25.72,10.26,0.5,0.96,77.06,0.27,0.025,1.76,0.27,1.71,0.37,89.3,3.57,5.78,29.97,0,0,0
5826.848,8257.536,690.999,0.045,4.48,142.41,281.07,0.61,0.15,0.02,0.05,15.99,0.91,21.95,5.24,2.41,9.83,0.13,1.74,1.92,8.54,0.13,83.77,10.51,0.05,4.07,1.18,301.55,137.73,0.01,8.35,6.34,1.1,1.16,8.02,0.34,0.109,6.08,0.19,1.25,1.71,61.82,2.39,5.19,59.15,0,1,1
7259.886,7654.695,1206.779,0.009,0.95,8.08,48.67,0.36,0.05,0.03,0.01,2.06,1.4,15.86,2.36,0.62,2.88,0.06,0.31,0.32,1.21,0.07,150.67,0.27,0.01,0.47,1.17,94.4,23.64,0.005,25.11,1.65,0.5,0.1,9.37,0.025,0.025,0.35,0.05,0.24,0.1,27.09,0.73,1.08,6.76,0,0,0
7169.04,7722.022,1026.789,0.006,2.39,12.36,113.69,0.44,0.005,2.14,0.05,7.88,3.74,12.99,4.91,1.02,5.2,0.09,0.62,0.74,3.99,0.25,439.94,0.45,0.02,1.52,2.07,232.9,58.66,0.01,48.59,3.79,0.5,0.32,48.06,0.11,0.025,0.9,0.1,0.59,0.28,33.49,0.93,4.09,21.38,0,0,0
7168.444,7722.349,1026.789,0.008,2.49,10.32,138.52,0.47,0.05,0.84,0.12,10.13,5.58,14.73,5.85,1.32,6.69,0.09,0.6,1.07,4.28,0.2,480.34,1.11,0.05,1.8,2.8,248.06,74.19,0.02,24.54,4.28,0.5,0.31,21.17,0.11,0.025,1.03,0.11,0.88,0.3,36.64,0.91,4.18,34.13,0,0,0
7359.948,7465.966,1280.549,0.292,2.83,46.74,118.88,0.58,0.05,9.6,0.1,12.25,4.42,14.01,4.35,1.56,7.48,0.1,0.87,1.01,5.3,0.36,694.14,2.52,0.09,2.13,2.83,293.09,70.79,0.1,14.09,6.05,1.05,0.42,115.44,0.13,0.025,1.46,0.14,0.66,0.36,51.92,1.09,4.91,29.29,1,1,0
7110.061,7747.009,1026.789,0.005,1.65,6.71,98.17,0.22,0.05,0.03,0.01,2.88,1.09,18.04,4.14,0.6,5.29,0.09,0.32,0.65,1.26,0.07,134.26,1.52,0.01,0.87,1.02,206.6,37.97,0.005,24.42,2.97,0.5,0.2,6.43,0.07,0.025,0.47,0.07,0.48,0.19,37.5,0.47,1.82,10.48,0,0,0
7004.949,7857.834,1026.789,0.007,2.66,16.23,85.02,0.39,0.05,1.59,0.09,11.02,3.93,16.43,5.33,1.59,6.0,0.1,0.44,0.9,6.07,0.43,489.98,0.4,0.02,1.26,2.32,359.86,62.93,0.005,15.54,4.12,0.5,0.31,26.41,0.09,0.025,0.74,0.11,0.71,0.19,58.83,0.48,3.92,12.89,0,0,0
6756.999,7698.019,1054.389,0.046,4.03,121.38,238.58,0.55,0.05,2.08,0.18,19.23,6.09,15.37,6.63,1.51,8.44,0.12,0.78,1.49,10.19,0.41,765.22,0.67,0.02,2.52,4.12,399.69,110.78,0.02,8.85,7.51,0.5,0.45,32.01,0.17,0.025,1.2,0.17,1.28,0.28,55.86,1.17,7.76,24.4,0,0,0
6764.997,7673.952,1054.389,0.047,4.34,92.56,246.29,0.48,0.05,0.1,0.07,20.22,8.56,15.82,6.59,2.54,10.42,0.12,1.18,1.52,11.17,0.62,340.87,0.35,0.06,2.91,5.71,415.62,132.64,0.03,9.07,9.82,0.5,0.65,10.07,0.22,0.025,1.7,0.25,1.28,0.47,78.15,1.17,7.47,47.69,0,0,0
6478.008,7737.954,941.609,0.416,3.08,18.17,164.57,0.46,0.05,0.11,0.25,10.51,5.53,15.46,11.27,1.88,7.75,0.1,1.26,1.2,5.1,0.48,287.7,13.27,0.11,2.59,4.76,405.66,88.77,0.005,27.96,7.05,0.5,0.41,13.47,0.16,0.025,1.69,0.18,0.85,0.53,70.1,0.82,5.41,45.16,1,0,0
6504.037,7781.998,941.609,0.051,2.65,5.11,192.05,0.39,0.05,6.82,0.12,12.21,4.37,12.09,3.77,1.39,5.87,0.1,0.87,0.96,5.8,0.45,1753.6,0.71,0.03,2.07,3.29,297.94,70.36,0.005,26.59,5.23,0.5,0.43,79.82,0.14,0.025,1.22,0.14,0.75,0.33,43.54,1.33,6.31,27.12,0,0,0
6427.052,7799.977,941.609,0.052,1.61,10.2,86.89,0.22,0.05,23.6,0.09,8.39,2.61,7.58,1.56,1.08,3.14,0.09,0.46,0.48,4.65,0.35,2058.71,0.45,0.01,1.07,1.5,154.21,38.25,0.005,11.49,2.93,1.0,0.21,258.21,0.07,0.025,0.58,0.07,0.47,0.21,25.18,0.7,3.99,12.51,0,1,0
6505.977,7827.952,941.609,0.263,3.72,9.34,477.57,0.63,0.05,2.83,0.05,18.74,7.06,22.09,6.19,2.17,8.23,0.1,1.04,1.38,9.52,0.65,1371.6,0.57,0.34,2.97,7.61,451.79,105.07,0.005,30.6,8.26,0.5,0.48,98.27,0.19,0.025,1.39,0.23,1.36,0.27,68.82,2.06,8.22,33.23,1,0,0
6526.955,7843.95,941.609,6.736,1.24,14.06,52.48,0.31,0.05,0.04,0.05,4.18,5.75,21.83,1.74,1.46,2.88,0.07,0.28,0.25,1.73,0.25,314.49,2.82,0.04,0.76,4.69,109.92,18.12,0.005,45.76,3.1,0.5,0.2,11.01,0.06,0.025,0.5,0.06,0.2,0.1,29.35,0.62,2.02,10.38,1,0,0
6418.026,7869.974,941.609,0.114,2.32,7.42,162.09,0.28,0.05,14.71,0.05,9.13,5.09,9.27,2.74,1.64,4.48,0.05,0.67,0.7,4.23,0.41,980.98,2.2,0.02,1.63,2.79,279.17,53.39,0.005,16.22,4.84,0.5,0.32,205.3,0.13,0.025,0.99,0.11,0.64,0.21,45.84,1.04,5.18,27.84,1,0,0
7333.999,7453.029,1280.549,0.013,4.8,11.44,204.15,0.67,0.11,0.06,0.05,18.2,5.17,13.14,6.53,2.04,10.88,0.1,1.4,1.74,9.72,0.34,641.4,1.68,0.2,3.56,3.17,423.12,101.39,0.07,12.77,6.88,0.5,0.75,12.35,0.29,0.025,5.17,0.16,1.1,1.11,48.1,1.01,6.37,44.13,0,0,0
5760.749,8300.895,690.999,0.038,1.43,60.25,82.73,0.27,0.05,0.06,0.07,41.87,1.59,10.99,2.98,1.36,3.24,0.09,0.31,0.56,19.67,0.05,1634.2,1.73,0.02,0.87,0.99,217.78,35.2,0.03,13.75,2.1,0.5,0.37,7.79,0.05,0.025,0.81,0.05,0.38,0.19,17.42,0.52,3.39,8.35,0,0,0
5770.249,8262.428,690.999,0.016,0.84,44.25,49.25,0.16,0.05,0.02,0.05,1.38,0.57,18.1,0.73,1.18,1.97,0.08,0.11,0.35,0.86,0.03,111.8,1.02,0.02,0.21,0.85,147.9,30.81,0.01,11.34,0.65,0.5,0.54,3.08,0.025,0.025,0.2,0.01,0.31,0.05,5.54,0.1,0.36,2.64,0,0,0
7878.329,7367.657,1121.959,0.0025,4.64,3.02,271.68,0.75,0.27,2.65,0.27,18.23,10.29,26.46,5.72,3.24,14.26,0.1,0.92,1.17,9.38,1.11,695.42,0.34,0.87,3.55,9.7,508.04,83.94,0.005,10.04,10.01,0.5,0.67,79.26,0.22,0.025,1.68,0.28,0.68,0.39,97.61,2.13,8.84,33.64,0,0,0
7827.658,7305.075,1170.169,0.0025,2.38,4.16,80.68,0.24,0.005,25.81,0.07,12.18,5.8,5.5,3.25,1.42,4.67,0.07,0.83,0.55,6.13,0.3,2220.98,0.12,0.36,1.72,4.1,259.03,34.99,0.02,12.47,5.48,1.05,0.28,859.82,0.1,0.025,1.03,0.12,0.42,0.29,45.83,0.76,6.29,26.61,0,1,0
7753.403,7446.545,1170.169,0.013,4.98,27.97,140.77,0.57,0.005,2.62,0.05,15.18,9.08,23.71,4.3,2.48,11.13,0.09,0.77,0.97,6.9,0.94,610.73,0.37,0.97,2.64,7.72,427.51,61.88,0.01,9.04,8.11,0.5,0.32,66.41,0.19,0.025,1.44,0.22,0.54,0.3,124.99,1.28,8.24,21.72,0,0,0
10367.968,8022.029,1192.059,0.0025,6.85,6.04,844.68,2.02,0.05,0.61,0.13,62.38,0.72,4.06,4.86,1.08,16.15,0.17,4.98,3.85,39.83,0.07,388.28,3.56,2.01,13.7,0.64,69.3,176.32,0.01,5.39,3.68,0.5,3.29,94.04,1.24,0.025,22.49,0.08,1.23,5.93,3.28,1.41,26.98,139.59,0,0,0
9436.986,7788.053,1123.439,0.0025,10.68,12.72,567.1,1.67,0.3,0.52,0.19,46.1,33.4,39.24,4.9,4.8,22.04,0.15,2.37,1.43,22.28,0.62,639.56,1.2,1.54,7.34,9.09,733.97,62.27,0.01,2.79,15.85,1.08,1.33,276.55,0.61,0.357,4.81,0.5,0.53,1.58,143.24,0.72,22.2,66.17,0,1,1
8431.0,7254.0,1221.999,0.0025,8.46,42.57,392.95,0.85,0.05,2.62,0.11,30.18,16.65,11.16,9.8,4.97,19.35,0.12,2.25,1.14,14.22,1.14,428.79,1.67,2.16,6.54,9.55,816.77,57.74,2.75,15.8,11.03,0.5,1.02,338.48,0.48,0.025,4.06,0.37,1.07,1.47,118.47,0.51,12.93,68.08,0,0,0
8006.979,7150.022,1224.319,0.0025,2.16,10.44,348.66,0.2,0.05,0.15,0.05,5.71,2.67,20.88,2.82,0.97,2.6,0.09,0.49,1.07,2.72,0.2,415.22,0.44,0.04,1.17,2.13,163.47,59.96,0.01,20.82,2.71,0.5,0.27,19.02,0.08,0.025,0.77,0.08,0.96,0.3,20.32,0.67,3.34,15.23,0,0,0
8054.023,7068.042,1224.319,0.093,1.14,5.91,61.61,0.26,0.005,2.0,0.06,6.38,1.99,16.46,1.75,0.9,2.87,0.07,0.3,0.32,3.54,0.21,662.34,0.94,0.01,0.64,1.45,90.02,21.16,0.01,24.53,1.76,0.5,0.21,53.77,0.025,0.025,0.43,0.04,0.21,0.19,17.66,0.42,2.48,8.62,0,0,0
8157.017,7013.962,1317.179,0.013,1.41,105.28,75.8,0.18,0.05,0.03,0.01,3.41,1.04,20.27,2.13,1.22,2.52,0.07,0.39,0.51,1.75,0.06,54.17,16.43,0.01,1.02,1.34,218.98,32.02,0.01,17.5,1.94,0.5,0.2,6.36,0.08,0.025,0.78,0.07,0.41,0.21,17.48,1.38,1.38,15.44,0,0,0
8143.953,6998.028,1317.179,0.058,1.94,18.71,94.17,0.35,0.05,2.65,0.08,9.64,3.22,15.05,3.32,1.17,4.24,0.08,0.53,0.58,4.81,0.33,781.82,7.54,0.02,1.42,2.32,362.08,39.28,0.03,29.46,3.65,0.5,0.27,57.59,0.1,0.025,0.87,0.09,0.47,0.2,24.42,1.73,4.48,16.63,0,0,0
7865.218,7301.202,1121.959,0.0025,6.4,2.09,154.96,1.36,0.05,0.94,0.05,64.55,0.76,1.81,2.21,1.5,19.82,0.14,4.04,1.53,29.59,0.09,508.53,1.01,2.66,6.21,0.43,93.05,82.96,0.01,3.07,10.32,0.5,2.6,63.6,0.7,0.025,13.94,0.07,0.73,3.64,5.3,0.82,20.11,115.46,0,0,0
8183.008,6994.023,1317.179,0.01,5.01,37.48,192.31,0.57,0.05,3.55,0.05,19.58,9.04,18.49,6.68,3.28,9.48,0.15,1.16,1.59,9.86,1.38,1133.08,1.25,0.02,4.22,6.44,452.83,109.45,0.13,13.72,9.67,0.5,0.84,73.33,0.26,0.025,2.59,0.25,1.06,0.49,72.04,4.07,9.22,42.37,0,0,0
9209.416,6371.632,1466.209,0.006,4.5,1.69,214.36,0.56,0.05,9.45,0.08,22.12,5.02,18.52,10.88,1.73,12.41,0.1,0.8,1.44,12.48,0.6,865.3,0.25,0.44,3.64,4.23,469.66,97.23,0.005,14.27,9.26,0.5,0.2,108.31,0.24,0.025,1.8,0.29,1.02,0.38,85.1,1.53,9.77,21.57,0,0,0
9344.245,6551.274,1420.729,0.005,8.8,3.31,466.39,1.11,0.05,3.62,0.13,27.37,17.07,22.04,3.02,4.6,22.04,0.13,3.64,1.38,13.07,1.55,872.07,1.56,2.15,8.01,10.08,917.53,27.55,0.005,1.84,16.14,0.5,1.42,403.38,0.52,0.025,4.06,0.48,0.37,1.43,138.05,0.79,18.42,116.58,0,0,0
9227.545,6670.634,1402.869,0.0025,8.17,2.16,324.63,1.0,0.05,2.8,0.14,32.55,19.4,28.93,4.65,4.75,19.4,0.11,1.94,1.11,15.09,2.32,822.86,0.81,2.88,5.44,12.48,979.67,57.39,0.01,1.05,16.29,0.5,1.3,397.17,0.43,0.025,2.28,0.52,0.7,0.75,140.35,0.55,15.64,60.24,0,0,0
8207.95,6967.989,1317.179,0.047,4.31,7.45,201.65,0.45,0.05,5.88,0.05,19.66,8.08,13.65,6.03,2.66,8.21,0.08,1.5,1.2,9.35,1.09,1278.99,0.59,0.3,2.97,5.91,494.65,88.0,0.04,13.15,8.68,0.5,0.74,101.5,0.21,0.025,2.29,0.26,0.79,0.84,78.42,2.3,9.47,42.37,0,0,0
8232.041,6952.02,1317.179,0.012,3.02,44.61,138.97,0.4,0.005,3.94,0.05,10.15,7.43,16.35,4.58,2.27,5.54,0.05,0.65,1.05,4.69,0.56,1066.46,4.05,0.02,2.09,4.83,282.0,61.61,0.05,28.33,4.47,0.5,0.37,104.1,0.15,0.025,1.37,0.15,0.72,0.5,50.57,2.1,4.94,36.42,0,0,0
8243.993,6942.042,1317.179,0.006,3.36,19.38,152.98,0.47,0.05,7.06,0.06,13.58,6.82,11.25,8.43,2.19,6.26,0.05,0.78,1.22,5.57,0.77,868.35,2.2,0.02,2.39,10.1,364.98,82.14,0.09,23.67,5.36,0.5,0.29,143.33,0.18,0.025,1.51,0.19,0.8,0.43,47.92,2.85,6.04,34.41,0,0,0
8275.955,6903.998,1317.179,0.017,2.07,34.84,74.74,0.36,0.005,10.9,0.07,17.27,5.89,17.0,2.92,2.68,4.97,0.05,0.51,0.48,9.14,0.9,2036.32,3.05,0.01,2.38,4.46,232.72,31.54,0.03,20.57,4.05,0.5,0.1,156.14,0.16,0.025,1.37,0.13,0.39,0.44,47.27,1.52,6.24,12.28,0,0,0
8318.001,6855.961,1330.039,0.014,1.46,10.37,52.42,0.27,0.005,17.73,0.06,6.13,2.42,4.81,3.31,0.78,2.49,0.025,0.39,0.44,2.79,0.24,1216.16,0.88,0.01,0.87,1.36,156.36,34.41,0.03,17.62,2.47,0.5,0.1,301.42,0.05,0.025,0.65,0.07,0.3,0.2,20.65,0.89,3.27,12.09,0,0,0
8373.013,6836.033,1391.239,0.009,1.9,14.33,86.45,0.24,0.005,0.09,0.05,5.05,3.33,15.1,2.72,1.33,4.05,0.025,0.47,0.55,2.75,0.37,336.64,0.55,0.02,1.1,2.68,337.68,36.1,0.005,8.59,3.71,0.5,0.1,7.69,0.08,0.025,0.81,0.12,0.48,0.28,44.94,0.63,2.45,21.73,0,0,0
8484.024,6823.968,1391.239,0.0025,1.6,3.43,61.95,0.25,0.005,6.83,0.05,6.75,3.73,13.04,2.72,1.7,3.09,0.025,0.1,0.36,3.37,0.58,884.25,0.47,0.01,0.98,3.4,174.1,22.91,0.005,27.21,2.78,0.5,0.1,86.51,0.06,0.025,0.36,0.08,0.21,0.1,28.34,0.64,2.9,3.55,0,0,0
8189.023,6997.946,1317.179,0.017,2.41,12.49,139.75,0.33,0.005,11.72,0.05,12.94,3.64,7.23,4.63,1.19,3.58,0.025,0.52,0.76,5.64,0.2,1406.56,0.8,0.01,1.11,2.78,196.76,57.16,0.01,19.14,4.25,0.5,0.1,160.65,0.09,0.025,0.78,0.1,0.58,0.29,36.23,0.72,4.41,16.53,0,0,0
8171.022,7022.044,1317.179,0.005,3.21,22.39,166.02,0.43,0.005,9.43,0.05,12.54,3.76,9.56,5.68,1.51,4.82,0.025,0.77,1.05,5.13,0.31,1064.22,0.52,0.02,1.98,2.91,292.04,67.32,0.02,10.85,4.92,0.5,0.2,136.73,0.14,0.025,1.44,0.14,0.68,0.39,48.81,2.06,4.8,26.62,0,0,0
8628.965,6719.967,1375.089,0.008,2.17,9.15,92.56,0.26,0.005,4.69,0.17,9.51,3.21,11.84,3.36,1.02,3.0,0.025,0.54,0.74,3.92,0.2,595.08,1.67,0.01,1.2,2.62,271.39,46.64,0.005,12.25,3.59,0.5,0.1,45.52,0.09,0.025,0.96,0.11,0.59,0.29,26.33,1.13,3.54,14.71,0,0,0
8678.013,6675.971,1375.089,0.008,1.12,6.94,59.1,0.65,0.005,1.45,0.2,2.42,1.25,19.44,2.99,0.62,3.57,0.025,0.1,0.45,1.14,0.08,351.55,0.57,0.01,0.37,1.65,123.17,31.91,0.005,14.75,1.02,0.5,0.1,21.85,0.025,0.025,0.24,0.03,0.28,0.2,32.76,0.48,1.16,4.36,0,0,0
5751.848,6528.074,1297.839,0.021,5.92,2.34,189.89,1.28,0.2,0.28,0.34,49.58,0.31,3.14,6.27,0.71,13.24,0.06,2.88,1.47,25.73,0.07,157.39,0.85,1.89,6.44,0.57,49.27,78.76,0.005,1.93,2.04,0.5,3.15,67.52,0.87,0.025,18.27,0.03,0.53,5.5,0.5,1.4,19.54,68.89,0,0,0
5686.08,6607.879,1284.399,3.788,2.74,766.34,451.36,0.19,1.81,0.47,0.13,2.22,2.91,7.69,2.03,17.25,11.68,0.06,0.48,0.86,1.29,0.03,175.51,44.32,0.03,1.7,1.87,613.7,34.33,0.09,6.48,5.49,1.85,1.43,36.78,0.11,41.574,1.0,0.1,0.84,0.41,40.02,0.52,1.46,12.82,1,1,1
5266.044,7286.197,716.069,2.02,0.87,80.66,38.1,0.29,0.05,0.06,0.14,2.55,1.23,42.26,2.11,1.28,2.23,0.025,0.1,0.35,1.45,0.07,127.09,10.77,0.02,0.32,1.63,52.59,29.26,0.04,30.81,0.85,1.08,0.2,8.07,0.025,0.096,0.26,0.02,0.21,0.18,15.14,0.68,0.91,4.83,1,1,1
5676.019,6626.142,1284.399,0.033,7.03,25.54,301.38,1.0,0.11,0.27,0.18,50.07,2.61,2.15,8.21,1.7,15.74,0.05,2.37,1.99,26.06,0.32,287.98,1.53,1.46,7.55,0.71,319.32,156.71,0.005,3.07,3.78,0.5,1.64,63.7,0.59,0.025,9.34,0.15,1.09,2.38,19.27,1.65,15.68,95.7,0,0,0
5672.987,6627.363,1284.399,0.057,6.14,108.41,377.43,1.66,0.25,0.13,0.09,47.74,3.12,5.1,18.32,1.22,15.53,0.025,2.71,2.66,21.31,0.2,254.12,1.69,0.06,7.19,0.64,98.75,152.88,0.01,13.55,3.71,0.5,3.12,22.05,0.94,0.025,15.78,0.08,1.28,4.86,16.22,1.47,15.6,63.59,0,0,0
5671.99,6627.611,1284.399,0.742,1.32,98.93,75.14,0.41,0.05,0.03,0.1,2.18,0.28,24.77,3.35,0.88,3.04,0.025,0.11,0.45,1.6,0.04,65.1,10.93,0.02,0.36,0.94,75.02,35.1,0.005,24.07,0.75,0.5,0.28,14.88,0.025,0.025,0.36,0.02,0.29,0.1,18.32,0.66,0.72,3.59,1,0,0
5670.158,6626.205,1284.399,0.115,6.85,379.39,419.34,1.23,0.11,0.09,0.17,15.12,0.5,4.72,12.5,2.3,15.38,0.025,2.47,2.8,10.66,0.3,68.31,13.32,0.05,6.34,0.43,345.3,217.75,0.01,19.19,3.89,0.5,1.59,18.46,0.54,0.025,8.9,0.17,1.55,2.24,28.29,1.93,8.47,82.71,1,0,0
5577.393,6763.242,1156.639,0.928,1.24,85.32,82.58,0.43,0.05,0.02,0.05,2.37,0.21,30.38,3.8,0.83,3.36,0.025,0.2,0.55,1.35,0.05,65.91,17.08,0.02,0.63,1.38,73.02,43.64,0.01,46.21,1.06,1.0,0.33,12.48,0.025,0.025,0.46,0.04,0.33,0.1,26.29,1.07,0.65,6.59,1,1,0
5570.832,6791.101,1156.639,0.029,8.93,0.64,459.8,1.24,0.05,3.29,0.07,45.7,14.76,38.91,9.46,4.77,22.64,0.11,1.06,3.22,18.75,1.65,968.43,0.21,2.09,7.74,9.86,963.32,223.41,0.51,1.4,20.87,1.0,1.61,177.53,0.59,0.025,3.68,0.55,2.54,0.99,171.57,4.05,17.33,29.46,0,1,0
5576.544,6795.458,1156.639,0.011,5.96,2.12,323.23,1.6,0.13,0.52,0.05,48.34,0.29,6.63,5.78,1.0,14.43,0.07,2.61,1.85,30.3,0.08,218.43,0.7,1.84,6.93,0.42,56.03,95.89,0.05,3.0,2.17,0.5,2.6,101.67,0.94,0.025,19.44,0.04,0.67,5.22,1.0,0.93,17.87,62.23,0,0,0
4631.798,7151.043,697.509,0.009,2.75,11.83,185.74,0.49,0.05,0.21,0.05,11.12,3.25,25.25,4.93,1.65,6.82,0.025,0.66,0.87,6.01,0.22,262.17,0.27,0.44,1.73,1.72,248.25,67.04,0.005,37.47,3.13,0.5,0.55,44.18,0.14,0.025,2.45,0.1,0.59,0.6,43.91,0.41,5.16,26.91,0,0,0
4751.525,6829.675,942.979,0.074,0.52,112.63,41.0,0.21,0.05,0.05,0.05,0.57,0.98,34.3,0.7,8.05,1.49,0.025,0.11,0.11,0.25,0.03,89.62,26.37,0.02,0.31,1.13,297.79,7.66,0.08,12.7,0.85,0.5,0.31,10.36,0.025,0.025,0.15,0.02,0.12,0.11,56.11,0.29,0.41,6.11,0,0,0
5561.711,6797.572,1156.639,6.967,1.57,174.26,114.78,0.33,0.26,0.22,0.13,1.56,1.07,25.19,2.26,2.16,2.71,0.025,0.05,0.35,0.98,0.43,511.03,8.8,0.03,0.1,1.2,42.45,27.22,0.08,33.7,0.29,1.0,0.2,12.41,0.025,0.236,0.07,0.0025,0.27,0.29,10.88,0.1,4.59,0.74,1,1,1
5560.397,6800.527,1156.639,0.657,2.8,170.2,156.1,0.62,0.05,0.41,0.38,13.01,4.5,31.5,5.83,2.29,7.89,0.025,0.76,1.23,6.89,0.3,450.57,19.36,0.07,2.1,4.03,282.63,93.11,0.47,16.56,5.33,0.5,0.62,27.16,0.14,0.025,1.73,0.13,0.6,0.85,64.04,2.14,5.81,28.74,1,0,0
5560.141,6800.232,1156.639,0.083,8.58,26.18,414.27,1.15,0.05,3.86,1.9,40.92,15.74,37.32,11.58,4.9,19.69,0.11,1.61,4.23,20.61,1.26,1380.51,8.71,0.35,7.27,13.04,1053.79,221.99,0.19,5.56,19.33,1.08,1.09,217.73,0.55,0.025,4.98,0.52,1.98,2.53,163.39,4.26,20.0,48.03,0,1,0
5556.843,6807.053,1156.639,0.713,3.86,175.81,532.34,0.93,0.05,0.51,0.93,13.98,7.07,21.65,6.72,2.2,9.99,0.05,1.1,1.91,7.25,0.29,398.15,10.34,0.08,3.1,3.83,423.14,117.44,0.31,19.86,7.42,1.1,0.77,41.76,0.19,0.025,2.5,0.2,0.98,1.64,93.28,3.38,8.23,35.98,1,1,0
5556.255,6806.828,1156.639,0.654,0.54,61.68,20.02,0.19,0.05,0.05,0.15,2.15,0.46,32.24,1.23,1.18,1.09,0.025,0.05,0.1,1.21,0.1,341.45,6.4,0.02,0.05,1.03,30.21,7.08,0.01,19.72,0.1,0.5,0.2,5.39,0.025,0.025,0.05,0.0025,0.07,0.05,6.64,0.05,1.3,0.25,1,0,0
5555.229,6806.051,1156.639,3.108,6.36,112.7,239.6,0.87,0.05,2.12,0.66,24.7,14.59,29.97,6.5,3.73,13.66,0.07,0.94,2.15,12.52,0.77,1107.36,7.73,0.4,3.82,7.8,563.75,153.16,0.92,12.39,9.49,1.08,0.74,86.76,0.27,0.085,2.58,0.28,1.13,1.17,100.87,2.71,9.85,31.25,1,1,1
5545.507,6837.096,1156.639,0.026,6.34,8.49,1377.19,1.5,0.14,0.24,0.22,42.9,0.41,12.65,4.02,0.85,13.29,0.07,2.3,3.04,24.11,0.07,160.84,0.75,2.26,7.15,0.46,47.83,115.65,0.01,5.0,2.37,0.5,2.87,125.38,0.87,0.025,19.6,0.03,1.07,5.21,1.0,0.92,17.09,53.42,0,0,0
5541.781,6837.542,1156.639,0.093,2.25,85.74,164.03,0.43,0.08,0.93,0.22,6.84,3.3,24.43,3.39,1.28,4.33,0.025,0.37,0.81,3.76,0.2,334.75,4.22,0.12,1.02,2.91,169.58,51.03,0.22,11.72,2.93,0.5,0.42,45.56,0.08,0.075,0.78,0.07,0.39,0.19,26.63,1.08,2.81,14.64,0,0,1
5504.041,6986.029,1060.439,0.441,1.1,56.58,87.02,0.36,0.05,0.04,0.2,1.2,0.49,28.65,2.63,0.89,3.36,0.025,0.1,0.49,0.75,0.05,68.22,4.96,0.02,0.21,1.32,41.42,35.71,0.005,23.75,0.52,0.5,0.2,13.73,0.025,0.053,0.2,0.01,0.31,0.19,23.53,0.19,0.49,1.87,1,0,1
5231.629,7080.589,830.949,0.0025,5.9,2.13,1466.34,1.76,0.2,0.19,0.11,44.87,0.43,14.14,2.88,0.97,13.75,0.08,2.43,2.91,26.34,0.09,173.53,0.6,2.35,7.05,0.49,57.26,113.56,0.005,1.2,2.53,0.5,2.92,216.61,1.02,0.025,20.5,0.03,1.06,6.43,1.0,0.65,17.3,55.83,0,0,0
5920.297,7074.473,1147.359,0.0025,5.36,0.28,406.65,1.59,0.05,1.93,0.15,50.46,0.57,3.09,3.95,1.24,18.57,0.12,2.88,1.71,22.42,0.06,422.44,0.55,2.44,7.63,0.31,95.51,71.1,0.01,1.01,6.94,0.5,2.27,90.66,0.63,0.025,13.89,0.07,0.76,2.85,2.99,0.21,15.56,65.27,0,0,0
5497.22,7002.321,1060.439,0.6,1.59,135.1,84.85,0.46,0.05,0.14,0.24,8.46,2.58,29.54,4.04,1.55,4.91,0.025,0.29,0.52,4.93,0.26,386.77,10.54,0.03,1.04,1.92,191.18,43.49,0.04,20.5,2.42,0.5,1.13,14.04,0.07,0.025,0.74,0.07,0.4,0.41,28.62,1.31,3.87,12.17,1,0,0
5413.998,7121.349,887.999,0.024,4.02,10.72,194.3,0.55,0.05,0.21,0.07,22.65,8.51,29.46,4.13,2.8,9.89,0.05,0.85,1.18,12.2,0.89,385.25,0.28,0.37,2.55,4.87,458.29,90.05,0.02,6.99,7.66,0.5,0.67,19.28,0.18,0.025,1.38,0.2,0.73,0.42,77.86,1.48,7.06,22.06,0,0,0
4702.059,6705.683,942.979,0.033,2.04,32.99,140.51,0.35,0.05,0.04,0.25,2.62,4.63,19.16,5.05,0.98,3.89,0.025,0.32,0.92,1.85,0.11,140.87,21.26,0.03,1.05,2.86,91.08,69.99,0.02,29.6,2.67,0.5,0.32,9.16,0.07,0.025,0.56,0.08,0.63,0.2,40.75,0.63,1.5,11.8,0,0,0
5274.423,7299.46,835.679,0.0025,1.11,1.13,89.2,0.17,0.05,0.02,0.05,8.47,0.51,21.25,1.89,0.42,2.98,0.025,0.05,0.54,5.35,0.06,51.23,0.28,0.02,0.1,0.91,29.09,42.89,0.005,6.06,1.21,0.5,0.31,5.38,0.025,0.025,0.1,0.01,0.33,0.05,18.69,0.1,0.3,1.64,0,0,0
5415.241,6352.257,1292.149,0.0025,0.58,4.68,36.25,0.12,0.68,0.37,0.05,2.86,32.29,29.99,0.71,5.35,6.13,0.025,0.2,0.12,1.45,0.03,114.17,41.97,0.01,0.74,3.05,103.2,5.88,1.46,3.47,2.48,0.5,0.74,16.08,0.05,0.378,0.61,0.06,0.12,0.22,24.72,0.4,1.51,6.73,0,0,1
4834.949,6210.729,1102.589,0.021,0.18,1.84,10.76,0.025,0.96,0.16,0.06,1.64,298.21,0.5,0.22,48.21,0.92,0.19,0.05,0.01,0.82,0.01,69.45,0.81,0.01,0.22,21.1,21.22,0.31,11.0,0.45,0.42,10.87,0.2,5.78,0.025,1.449,0.05,0.01,0.05,0.05,5.14,0.11,0.72,0.5,0,1,1
4844.595,6211.493,1255.079,0.007,6.52,12.33,117.34,0.92,0.37,5.57,0.11,42.36,26.06,22.95,14.31,6.63,18.15,0.06,1.34,0.32,18.95,1.67,1032.48,1.99,1.19,6.05,5.25,713.89,26.94,1.52,9.04,13.33,1.09,2.94,223.85,0.41,0.348,3.86,0.43,0.23,1.96,132.34,1.42,21.57,37.06,0,1,1
4843.982,6213.846,1255.079,0.013,9.36,9.85,119.78,1.95,0.17,7.67,0.05,53.31,20.96,67.83,4.02,6.1,18.35,0.11,0.91,0.59,23.8,2.16,1287.2,3.44,1.49,20.09,24.92,1864.18,50.64,0.95,2.29,32.27,0.5,2.39,389.44,1.1,0.025,5.28,0.95,0.48,0.93,234.5,1.65,30.27,23.29,0,0,0
6112.919,7128.661,1147.359,0.008,6.38,0.92,439.05,1.77,0.05,1.67,0.87,60.29,0.68,3.16,4.74,1.38,17.1,0.14,2.73,2.04,28.05,0.09,500.69,1.38,1.81,7.94,0.38,75.8,103.74,0.04,0.96,7.42,0.5,2.99,78.54,0.72,0.025,15.54,0.06,0.9,3.85,4.52,0.21,17.36,68.35,0,0,0
6377.332,7068.32,1143.619,0.393,1.97,1.58,280.83,0.31,0.005,0.1,0.05,1.51,0.95,21.86,3.54,0.74,2.15,0.06,0.1,1.03,1.33,0.1,158.2,0.14,0.1,0.31,1.26,71.99,59.4,0.005,35.04,0.62,0.5,0.2,22.23,0.025,0.025,0.18,0.02,0.75,0.05,8.6,0.2,1.28,3.96,1,0,0
6256.895,7080.973,1169.099,1.039,4.33,21.85,325.45,0.66,0.005,2.7,0.69,10.75,4.27,15.48,9.46,1.67,9.79,0.09,0.56,1.86,4.93,0.41,671.79,1.81,0.03,1.62,3.11,222.89,142.77,0.01,22.35,3.85,1.0,0.4,37.32,0.13,0.025,0.99,0.11,1.54,0.36,35.77,1.37,4.36,21.7,1,1,0
9655.75,3299.504,1483.869,0.029,6.17,9.82,280.51,0.96,0.005,6.69,0.15,30.74,13.46,26.77,5.37,4.65,13.31,0.1,1.37,1.17,13.29,1.61,1160.85,1.55,1.25,4.66,8.31,747.02,83.46,0.07,2.38,12.61,0.5,0.95,252.59,0.36,0.025,2.56,0.32,0.55,0.63,111.15,0.86,13.81,44.32,0,0,0
6776.562,7590.348,1054.389,0.017,7.35,21.51,406.51,0.87,0.005,0.33,0.53,33.49,11.42,31.39,9.67,4.12,16.13,0.13,1.65,2.12,15.33,1.3,1108.74,0.66,0.43,6.07,8.02,795.6,140.34,0.02,19.19,12.76,0.5,1.02,54.81,0.38,0.025,3.31,0.44,1.61,0.82,123.22,2.67,13.01,65.37,0,0,0
6262.426,7149.453,1169.099,1.125,4.26,7.87,232.25,0.72,0.005,2.03,0.49,9.82,4.14,13.68,10.56,1.7,8.4,0.09,0.42,2.07,5.14,0.48,554.89,0.48,0.03,1.1,2.59,146.7,137.54,0.01,25.32,2.96,1.0,0.42,24.13,0.09,0.068,0.67,0.08,1.43,0.22,32.81,0.94,4.06,11.4,1,1,1
6259.677,7147.453,1169.099,2.136,0.81,28.57,47.19,0.18,0.05,0.04,0.09,1.33,0.44,21.46,1.48,0.67,2.28,0.025,0.05,0.36,0.98,0.03,77.0,4.4,0.01,0.05,0.79,29.65,23.19,0.005,20.47,0.28,1.0,0.32,4.08,0.025,0.491,0.06,0.0025,0.22,0.1,9.04,0.22,0.32,1.0,1,1,1
6257.232,7213.196,1169.099,0.032,7.54,15.89,522.46,1.06,0.05,1.15,0.05,32.97,18.2,34.7,4.99,4.42,16.5,0.14,1.63,1.38,14.45,1.66,932.43,0.13,3.05,6.15,9.59,911.04,78.4,0.02,3.17,15.39,0.5,1.15,168.95,0.46,0.025,2.69,0.46,1.17,0.76,133.19,2.25,15.24,42.07,0,0,0
6199.521,7206.243,1169.099,0.011,7.98,2.16,525.53,1.41,0.005,4.49,0.12,43.52,18.17,29.77,9.61,4.99,21.59,0.17,2.38,1.26,21.73,1.74,909.96,0.42,2.05,7.08,11.89,1001.89,79.59,0.08,3.32,17.96,0.5,1.44,400.64,0.47,0.025,4.17,0.53,0.8,1.3,138.37,2.16,18.79,69.09,0,0,0
6348.912,7353.111,1040.209,0.018,6.47,1.06,961.79,1.96,0.05,0.15,0.16,66.52,0.49,2.89,2.34,1.31,17.94,0.2,2.97,2.59,35.32,0.06,282.36,1.28,2.13,7.6,1.08,93.52,117.76,0.005,1.23,8.29,0.5,2.97,98.01,0.67,0.025,15.41,0.06,1.15,3.26,4.02,0.21,13.55,86.12,0,0,0
6167.262,7412.052,1055.819,0.009,1.13,21.61,72.01,0.47,0.005,20.28,0.05,15.91,0.91,3.78,1.94,0.49,2.27,0.09,0.27,0.52,10.7,0.08,6429.2,0.44,0.02,0.77,0.1,28.15,30.19,0.005,5.07,0.65,0.5,0.29,329.96,0.1,0.025,2.03,0.01,0.3,0.4,6.73,0.11,8.49,7.03,0,0,0
6164.058,7410.504,1055.819,0.2,1.14,16.86,86.99,0.47,0.005,7.58,0.15,6.17,1.61,13.81,3.01,0.73,2.2,0.05,0.2,0.45,3.22,0.08,1006.18,0.53,0.02,0.42,1.04,87.38,25.86,0.005,39.76,2.03,0.5,0.21,98.4,0.025,0.025,0.31,0.04,0.29,0.1,16.44,0.48,4.75,5.38,1,0,0
6142.599,7479.788,1055.819,0.021,0.88,55.67,102.62,0.38,0.05,27.58,0.06,10.67,2.74,3.11,1.75,0.55,2.93,0.025,0.27,0.43,6.13,0.11,10771.91,0.64,0.01,0.74,0.1,117.97,37.69,0.005,2.3,2.08,0.5,0.21,495.07,0.05,0.052,0.47,0.04,0.42,0.21,15.11,0.5,8.11,8.96,0,0,1
6136.853,7489.084,1055.819,0.048,1.53,2.89,85.2,0.46,0.005,0.1,0.05,3.78,2.34,26.25,3.44,0.99,3.71,0.025,0.32,0.56,1.55,0.22,330.42,0.14,0.02,0.73,2.09,93.73,43.34,0.005,34.15,2.52,0.5,0.31,10.88,0.05,0.025,0.49,0.07,0.49,0.2,26.73,0.46,1.5,11.72,0,0,0
7333.912,6515.929,1286.879,2.721,2.34,453.46,142.9,0.46,0.005,0.04,1.52,4.45,1.94,21.76,7.25,2.68,5.55,0.025,0.3,0.98,2.29,0.09,116.24,174.35,0.02,0.6,1.41,54.06,63.09,0.17,34.62,2.53,1.1,0.53,9.87,0.025,0.025,0.42,0.05,0.65,0.21,45.5,0.81,1.17,13.43,1,1,0
6081.364,7555.682,867.529,0.023,5.93,19.45,217.82,1.93,0.06,0.17,1.68,49.11,0.76,1.96,8.3,0.99,15.26,0.16,3.09,2.4,24.29,0.13,476.13,0.8,0.91,7.17,0.55,93.27,145.8,0.01,2.4,2.39,0.5,6.31,25.54,0.85,0.025,18.64,0.05,1.26,5.32,1.0,0.84,16.4,91.54,0,0,0
6062.01,7576.883,867.529,0.014,0.35,21.97,18.49,0.2,0.005,32.69,0.06,15.93,2.11,1.06,0.59,1.76,1.05,0.025,0.1,0.13,10.18,0.44,11766.4,0.29,0.01,0.3,0.64,55.1,8.15,0.03,0.69,1.33,1.03,0.2,611.33,0.025,0.025,0.17,0.02,0.11,0.1,8.08,0.1,8.75,4.02,0,1,0
7638.491,5312.616,1412.109,0.016,2.38,36.16,186.54,0.35,0.005,0.08,0.12,6.94,1.34,23.59,6.35,1.69,5.67,0.025,0.58,0.86,3.65,0.11,120.23,11.8,0.02,1.11,1.24,229.36,65.99,0.01,33.49,4.12,0.5,0.37,9.83,0.08,0.096,0.78,0.08,0.72,0.31,52.71,1.03,2.32,17.05,0,0,1
7572.304,5131.126,1417.039,0.009,2.15,7.47,105.93,0.37,0.005,18.34,0.13,14.78,4.17,12.4,4.26,1.63,4.67,0.025,0.39,0.77,7.27,0.42,1744.53,0.2,0.02,1.59,3.2,272.58,45.12,0.005,10.38,4.37,0.5,0.39,121.12,0.13,0.025,0.79,0.12,0.5,0.19,40.5,1.44,6.03,13.63,0,0,0
7473.67,5171.429,1417.039,0.0025,5.55,4.9,507.68,1.51,0.15,0.47,0.21,40.97,0.86,4.12,7.75,0.79,13.4,0.15,1.9,2.93,26.39,0.18,352.19,0.84,0.04,6.99,0.5,60.29,193.91,0.005,3.51,2.38,0.5,2.96,21.37,0.83,0.025,16.82,0.03,1.82,5.01,1.08,0.69,15.13,47.7,0,0,0
7464.106,5159.966,1417.039,0.0025,8.01,4.09,801.62,1.11,0.05,3.06,0.05,35.32,18.98,44.62,3.75,5.62,19.6,0.1,1.28,2.28,17.14,1.97,1275.78,0.14,2.47,6.83,15.94,1032.08,118.89,0.07,11.67,19.68,0.5,1.33,305.61,0.46,0.025,3.45,0.47,1.26,1.08,153.59,1.38,15.16,39.01,0,0,0
7451.714,5170.307,1417.039,0.0025,3.87,4.84,135.71,0.66,0.005,2.41,0.05,16.39,9.12,35.45,4.07,2.37,9.1,0.08,0.6,0.76,8.16,1.0,848.64,0.37,0.89,2.69,7.92,440.17,50.72,0.01,15.54,7.4,0.5,0.59,88.58,0.19,0.025,1.15,0.21,0.51,0.29,75.06,0.8,6.91,18.52,0,0,0
6764.912,4994.066,1117.299,0.005,6.43,19.9,1092.33,1.89,0.19,1.55,0.12,44.69,3.43,43.43,2.76,1.92,17.18,0.14,1.77,3.45,25.6,0.19,250.29,5.5,1.13,6.75,1.9,129.52,117.14,0.91,1.93,4.03,0.5,2.08,141.23,0.83,0.073,15.77,0.06,0.94,5.62,13.35,0.6,18.9,43.14,0,0,1
6766.474,4993.114,1117.299,0.017,8.75,7.36,332.99,1.3,0.47,4.89,0.11,38.16,15.87,50.8,3.14,5.29,21.58,0.09,0.74,1.12,15.89,1.92,1754.14,1.03,2.96,6.76,15.45,1115.19,69.96,2.52,1.62,20.78,0.5,3.03,198.4,0.45,0.254,3.68,0.47,0.72,0.92,161.67,2.63,17.06,16.74,0,0,1
6850.671,4953.589,1187.309,0.01,7.45,4.65,831.85,1.24,0.32,3.42,0.09,40.73,18.22,51.75,7.86,4.55,16.47,0.13,0.67,2.79,16.28,1.8,1242.53,3.62,2.19,6.13,14.91,892.68,117.46,1.45,1.84,18.59,0.5,1.39,230.54,0.47,0.178,3.02,0.52,1.67,0.66,169.29,1.93,17.72,17.76,0,0,1
6972.504,4908.509,1047.699,0.187,4.99,25.11,340.06,0.44,10.68,2.73,340.7,17.29,28.65,22.99,5.5,19.06,13.94,0.12,0.46,1.6,7.95,1.35,1962.76,9.36,0.53,2.86,10.59,414.77,75.79,11.0,89.11,8.5,19.36,4.26,119.59,0.22,5.618,1.43,0.24,1.43,0.43,93.13,1.19,8.39,12.38,1,1,1
6763.869,4867.874,1013.559,0.006,7.4,7.0,820.17,1.53,0.16,2.08,0.51,45.69,7.6,23.63,12.94,2.76,19.75,0.13,1.89,2.91,25.73,1.1,393.17,1.99,0.83,5.81,4.43,473.79,211.1,0.35,1.6,9.23,1.02,1.84,162.25,0.63,0.101,10.97,0.17,1.73,2.39,60.66,1.2,12.92,52.07,0,1,1
6895.546,5170.002,1296.379,0.007,7.73,4.1,340.65,1.24,0.05,5.55,0.18,46.07,16.89,43.03,6.81,5.02,22.69,0.11,1.17,1.32,23.45,1.83,1122.86,1.05,2.17,7.35,15.77,1127.63,50.5,0.17,2.47,22.15,0.5,1.32,430.43,0.59,0.085,5.26,0.59,0.81,1.01,177.42,1.25,19.44,37.32,0,0,1
6646.269,5139.483,1171.169,0.005,6.67,3.01,779.18,1.59,0.22,0.24,0.1,49.93,0.38,14.77,2.63,1.21,12.65,0.15,2.45,3.4,24.82,0.04,151.06,0.87,2.81,7.22,0.63,74.54,109.26,0.02,1.22,2.79,0.5,1.81,114.88,0.91,0.025,20.04,0.03,0.89,4.98,2.07,0.73,15.4,60.86,0,0,0
6647.031,5139.525,1171.169,0.006,5.79,3.97,406.77,1.08,0.26,3.13,0.36,28.48,10.03,50.02,10.08,3.45,16.88,0.15,0.65,1.83,12.22,1.2,668.88,0.93,0.81,4.22,12.3,761.4,127.88,0.64,6.72,13.93,1.0,1.17,148.52,0.33,0.128,2.49,0.37,1.21,0.49,132.21,2.0,11.32,27.91,0,1,1
6645.372,5139.584,1171.169,0.011,7.32,5.89,250.8,1.0,0.93,3.51,0.77,38.68,14.27,50.46,15.55,4.35,17.94,0.11,2.03,1.69,16.03,2.26,1248.44,0.82,1.12,6.64,15.49,742.09,135.87,0.67,1.43,17.35,0.5,1.69,213.2,0.41,0.342,4.16,0.46,1.67,0.9,143.59,1.12,15.4,96.62,0,0,1
6551.836,5135.061,1109.419,0.0025,6.09,5.87,836.61,1.53,0.25,0.37,0.13,49.93,0.37,9.86,2.08,1.0,16.58,0.13,2.41,3.78,29.21,0.07,134.95,1.4,1.95,6.66,0.48,73.5,113.11,0.07,0.69,2.87,0.5,2.17,104.26,0.9,0.051,19.57,0.05,0.84,5.14,2.76,0.55,17.45,75.14,0,0,1
6527.582,5117.217,1130.799,0.009,1.04,15.73,76.17,0.21,0.57,0.28,0.05,3.42,1.47,26.17,0.92,3.39,4.64,0.05,0.21,0.34,1.74,0.12,136.99,0.52,0.07,1.3,1.41,146.13,24.46,0.15,8.14,1.97,0.5,0.89,13.04,0.08,0.234,0.71,0.09,0.19,0.11,31.83,1.28,1.22,5.83,0,0,1
7337.914,3846.702,1081.519,0.007,6.56,56.81,886.57,1.33,0.1,2.39,0.28,37.97,4.57,23.16,7.72,2.76,14.78,0.16,0.96,1.64,18.41,1.2,823.31,6.56,1.83,5.66,4.19,433.24,101.41,0.05,9.99,7.83,0.5,1.37,186.89,0.44,0.025,6.49,0.22,1.1,1.87,54.29,1.5,15.21,26.41,0,0,0
7256.961,3823.359,1200.709,0.0025,6.68,12.17,993.09,1.95,0.16,0.57,0.17,54.3,0.9,10.83,2.76,0.73,14.94,0.13,2.16,2.97,28.33,0.07,183.73,0.54,2.19,5.48,0.65,65.36,110.3,0.02,1.26,2.49,0.5,0.93,183.07,0.72,0.08,19.03,0.04,0.83,5.2,1.81,0.54,16.73,78.88,0,0,1
7270.265,3810.471,1200.709,0.245,0.22,3402.5,10.0,0.13,0.24,0.04,0.41,0.58,2.16,27.66,0.34,1.18,0.7,0.08,0.05,0.07,0.25,0.01,94.4,1.05,0.02,0.1,1.4,10.24,4.93,0.18,18.16,0.1,0.5,0.41,11.54,0.025,0.12,0.07,0.0025,0.06,0.05,1.99,0.05,0.41,0.25,1,0,1
7199.911,3507.765,1262.249,1.057,7.99,11000.0,1103.14,1.18,1.32,4.13,15.41,28.55,10.24,28.49,5.27,7.08,17.62,0.11,0.83,3.08,14.97,1.8,1367.36,0.36,1.51,6.76,15.18,911.17,110.06,2.47,140.96,14.64,1.0,1.32,179.54,0.39,0.05,2.99,0.42,0.95,0.81,127.36,2.07,14.75,28.11,1,1,1
7190.329,3570.463,1262.249,4.25,1.7,11000.0,235.77,0.26,0.47,0.14,35.87,5.93,4.61,33.37,1.0,9.94,4.76,0.05,0.1,0.69,2.56,0.12,163.11,16.03,0.16,0.76,4.0,121.63,31.12,6.89,535.0,3.26,1.88,0.55,22.97,0.025,0.256,0.49,0.07,0.29,0.1,27.22,0.78,1.59,3.0,1,1,1
7173.931,3507.424,1262.249,0.0025,3.66,102.61,125.46,0.44,0.26,2.42,0.38,11.18,6.49,30.14,5.13,3.12,8.86,0.05,0.32,0.65,6.24,0.6,807.14,0.45,0.42,1.8,5.35,273.36,42.3,0.05,28.08,5.3,0.5,0.71,155.52,0.13,0.025,1.11,0.16,0.55,0.3,55.38,1.28,5.41,12.44,0,0,0
7160.631,3496.491,1262.249,0.0025,6.84,30.68,1188.39,1.56,0.05,0.48,0.05,47.04,0.63,16.39,3.87,1.21,12.82,0.18,2.73,4.72,31.02,0.06,154.26,2.25,1.53,7.28,0.88,114.64,204.91,0.17,1.67,1.35,0.5,1.82,138.47,0.87,0.025,21.05,0.04,1.91,4.22,3.79,0.43,13.98,72.98,0,0,0
9718.066,3156.91,1463.229,0.0025,8.37,4.76,728.52,1.42,0.05,2.02,0.06,42.02,12.64,36.16,10.43,4.0,20.07,0.2,2.43,2.78,19.96,1.22,626.82,0.28,2.77,5.59,11.2,708.35,126.54,0.005,2.11,13.62,0.5,1.32,230.94,0.56,0.025,9.09,0.33,1.06,2.58,97.84,1.31,17.77,89.94,0,0,0
9717.313,3175.588,1463.229,0.29,4.73,1786.87,152.43,1.01,0.78,0.02,2.03,39.87,0.39,13.73,8.83,2.14,14.55,0.1,2.75,2.25,21.42,0.17,180.25,17.64,0.02,13.54,0.83,65.55,120.62,0.43,122.27,2.84,0.5,6.47,6.1,1.0,2.89,13.11,0.04,0.96,3.88,12.75,0.91,11.45,62.05,1,0,1
9717.191,3167.71,1463.229,0.005,6.92,49.39,609.33,1.13,0.2,0.02,0.06,61.83,0.2,3.75,4.79,1.29,12.59,0.14,4.4,4.07,30.43,0.19,369.13,15.04,0.04,18.32,0.42,65.34,169.54,0.02,33.37,2.72,1.0,4.49,20.59,1.58,0.025,20.65,0.05,1.73,5.18,5.46,0.88,19.68,96.43,0,1,0
9650.171,3166.114,1463.229,2.262,4.85,11000.0,172.06,0.9,0.21,0.02,49.46,50.14,1.22,10.57,12.3,5.14,14.81,0.12,2.77,2.48,26.15,0.23,353.05,33.28,0.02,13.16,1.75,110.43,132.39,3.32,880.07,4.05,0.5,9.44,7.61,1.01,1.014,13.92,0.08,1.24,4.25,24.75,2.56,16.25,60.12,1,0,1
9558.941,3114.694,1415.709,4.921,2.76,11000.0,82.71,0.6,0.59,0.01,12.66,19.53,0.86,22.76,5.85,4.13,8.24,0.05,0.73,1.35,12.45,0.09,137.62,125.49,0.01,4.75,1.47,344.74,60.83,1.41,2141.91,2.92,1.0,12.5,3.73,0.32,1.103,5.87,0.07,0.86,2.34,18.82,5.68,3.49,23.42,1,1,1
9768.449,3356.856,1483.869,0.009,9.08,32.88,498.25,1.17,0.05,2.53,0.19,26.39,16.64,35.03,3.23,4.88,19.26,0.13,1.35,1.35,12.48,2.29,1105.78,1.35,2.42,7.16,11.89,924.01,38.57,0.04,3.44,16.33,0.5,1.34,371.48,0.46,0.025,2.33,0.46,0.59,0.73,169.24,1.05,14.15,39.14,0,0,0
9657.505,3298.599,1483.869,0.0025,8.32,28.6,471.69,1.17,0.05,5.08,0.2,25.87,19.05,38.38,3.47,4.89,21.02,0.1,2.97,0.59,11.66,1.84,890.32,1.67,1.66,6.61,13.6,1040.06,6.83,0.13,1.98,18.52,1.05,1.5,347.95,0.55,0.025,3.29,0.49,0.33,1.18,147.01,0.57,13.67,113.28,0,1,0
9509.556,3317.184,1455.289,0.007,7.41,25.32,781.23,1.5,0.05,1.31,0.35,47.26,1.72,5.33,7.2,2.06,17.03,0.13,3.93,2.93,23.22,0.19,552.04,1.18,1.85,9.51,0.38,218.95,138.43,0.11,3.26,5.81,0.5,2.45,71.01,0.81,0.025,12.48,0.15,0.99,2.75,5.72,1.35,15.61,150.16,0,0,0
6746.803,7654.855,1054.389,0.017,3.82,69.51,247.32,0.46,0.05,0.14,0.16,10.99,6.72,20.91,5.05,2.37,8.64,0.07,1.5,1.38,5.43,0.56,445.24,0.31,0.03,2.55,4.57,464.77,101.62,0.01,8.5,7.32,0.5,0.53,14.94,0.19,0.025,1.98,0.21,0.93,0.62,73.99,1.11,5.58,51.07,0,0,0
6620.139,7621.084,1054.389,0.006,2.48,60.88,111.8,0.43,0.11,0.2,0.09,12.75,10.93,44.11,4.33,4.06,5.96,0.025,0.75,0.6,5.42,0.56,1168.26,2.53,0.25,1.6,9.03,270.33,40.65,0.03,13.25,6.94,0.5,2.62,46.92,0.1,0.025,1.22,0.15,0.54,0.85,61.75,1.2,7.87,26.06,0,0,0
6614.474,7625.654,1054.389,0.09,2.22,9.06,79.29,0.31,0.05,3.33,0.05,9.61,3.11,23.27,2.29,1.44,4.37,0.025,0.84,0.58,4.64,0.26,692.64,0.52,0.29,1.34,3.21,257.69,45.11,0.005,21.4,4.03,0.5,0.43,67.58,0.08,0.025,0.8,0.13,0.44,0.31,36.67,1.01,4.63,16.96,0,0,0
6568.215,7706.599,1054.389,0.073,1.95,4.59,91.9,0.38,0.05,0.08,0.07,6.39,3.38,31.71,2.04,1.24,3.88,0.06,0.73,0.52,2.7,0.19,517.96,0.32,0.07,1.11,2.53,193.61,38.29,0.005,41.42,3.98,0.5,0.46,14.37,0.08,0.025,0.75,0.1,0.47,0.2,29.47,0.67,3.05,22.53,0,0,0
7806.013,3268.358,1452.149,0.017,3.01,23.58,259.59,0.69,0.05,1.05,2.51,15.28,4.07,19.84,6.89,0.86,7.84,0.06,0.32,1.31,7.78,0.16,522.33,0.38,0.04,1.35,2.01,246.49,97.33,0.03,51.23,4.67,0.5,0.29,15.23,0.09,0.025,0.79,0.13,0.68,0.3,62.15,2.04,3.44,12.75,0,0,0
7746.633,3283.81,1452.149,0.063,1.46,18.19,48.83,0.24,0.06,0.06,15.23,5.86,3.25,24.25,3.43,1.4,4.0,0.025,0.2,0.44,3.14,0.16,291.7,1.8,0.08,0.76,1.79,135.73,26.87,0.04,22.46,1.42,0.5,0.27,7.64,0.05,2.218,0.43,0.06,0.24,0.21,17.9,1.93,1.59,11.31,0,0,1
6504.013,7693.299,951.059,0.013,2.81,25.78,182.55,0.43,0.05,0.76,0.08,12.88,5.28,28.75,3.09,1.93,5.52,0.05,0.36,0.95,6.73,0.42,1213.71,0.64,0.03,1.91,4.62,319.65,67.53,0.005,28.46,5.18,0.5,0.66,15.84,0.1,0.025,1.0,0.14,0.66,0.19,53.35,1.55,5.84,21.02,0,0,0
6461.315,7685.196,951.059,0.0025,1.16,4.13,60.82,0.44,0.05,0.86,0.08,4.47,2.28,26.72,1.16,1.66,3.46,0.06,0.29,0.21,1.8,0.34,797.38,0.53,0.05,0.73,2.31,118.19,13.62,0.005,45.25,2.48,0.5,0.44,16.58,0.05,0.025,0.56,0.05,0.13,0.1,21.68,0.51,1.81,8.16,0,0,0
6890.705,8028.199,901.279,0.0025,5.08,8.81,1126.21,0.4,0.05,2.3,0.09,20.1,8.64,29.59,3.89,2.44,7.82,0.15,0.89,2.7,7.66,0.92,748.95,0.52,0.3,3.18,7.83,608.58,134.13,0.005,10.91,9.67,0.5,0.46,78.79,0.21,0.025,1.68,0.28,2.06,0.43,61.96,2.09,7.1,26.92,0,0,0
6875.539,7952.171,901.279,0.011,5.94,12.59,913.45,0.79,0.05,1.44,0.05,23.27,16.85,38.24,8.79,5.22,13.84,0.13,0.93,2.31,12.07,1.67,1495.03,1.09,0.38,4.02,17.24,775.31,132.97,0.01,19.71,14.85,0.5,0.56,91.86,0.26,0.025,2.02,0.33,1.95,0.52,100.34,2.94,13.7,27.81,0,0,0
6839.696,7926.911,901.279,0.076,1.44,7.26,109.22,0.33,0.05,21.06,0.05,4.36,2.53,7.35,2.36,0.61,2.79,0.025,0.2,0.57,2.24,0.13,1083.05,0.42,0.02,0.48,1.4,116.93,40.26,0.01,4.42,2.06,0.5,0.33,306.02,0.025,0.025,0.48,0.05,0.46,0.1,27.19,0.38,2.1,7.99,0,0,0
6847.858,7846.75,1031.859,0.007,4.62,6.78,532.07,0.59,0.05,8.07,8.18,17.93,7.35,14.63,5.23,0.94,8.04,0.21,1.61,1.88,8.42,0.26,818.74,0.76,0.15,3.58,4.44,614.01,133.05,0.01,24.34,8.58,0.5,1.04,122.36,0.23,0.025,2.29,0.28,1.45,0.7,58.41,1.86,9.52,57.9,0,0,0
6846.612,7845.824,1031.859,0.078,1.91,102.68,92.06,0.32,0.005,0.8,0.18,7.94,10.3,23.73,2.22,3.23,7.26,0.025,0.4,0.4,2.8,0.57,816.41,1.33,0.02,0.8,4.96,313.6,28.43,0.07,12.39,5.38,0.5,0.49,14.08,0.06,0.025,0.58,0.06,0.32,0.19,83.76,0.66,4.83,11.82,0,0,0
6729.996,7747.946,1013.359,0.085,1.42,10.24,74.65,0.31,0.005,0.08,0.08,3.47,3.81,20.86,5.17,1.43,3.79,0.025,0.37,0.43,1.64,0.25,230.56,4.48,0.02,0.84,7.17,202.69,35.97,0.005,31.75,2.39,0.5,0.27,11.35,0.06,0.025,0.59,0.08,0.35,0.1,37.89,0.28,1.66,15.61,0,0,0
6754.685,7727.445,1013.359,0.022,2.52,13.98,89.89,0.46,0.005,0.11,0.05,7.6,12.14,25.77,9.47,3.58,8.34,0.025,0.61,0.56,3.82,0.83,453.85,9.14,0.02,1.47,10.76,205.62,43.8,0.005,34.77,4.69,0.5,0.53,12.32,0.11,0.025,1.04,0.12,0.43,0.19,62.41,0.4,3.67,20.09,0,0,0
6864.498,7807.703,1031.859,0.03,2.27,28.78,92.37,0.32,0.05,6.28,0.18,8.26,4.8,19.99,3.1,1.69,5.92,0.14,0.69,0.66,4.54,0.41,971.87,1.41,0.02,1.24,3.56,213.6,54.61,0.01,15.59,3.67,0.5,0.3,57.58,0.08,0.655,0.96,0.1,0.54,0.32,42.66,0.88,4.89,29.77,0,0,1
6966.877,7891.534,1031.859,0.0025,4.51,8.98,297.9,0.55,0.05,4.19,0.06,20.15,11.21,21.52,6.72,3.12,8.6,0.08,1.06,1.53,10.55,0.86,676.15,0.22,0.76,3.46,6.59,618.77,117.1,0.16,12.72,9.95,0.5,0.58,131.16,0.25,0.025,2.0,0.29,1.25,0.51,78.4,0.79,8.92,35.21,0,0,0
6519.29,7859.273,941.609,0.402,1.48,13.68,86.46,0.24,0.05,3.75,0.05,8.41,4.06,23.4,2.7,1.29,3.01,0.025,0.42,0.42,4.36,0.23,622.56,0.41,0.03,0.84,3.21,170.04,42.1,0.005,23.84,2.42,0.5,0.39,60.57,0.06,0.025,0.48,0.07,0.34,0.2,28.07,0.7,3.58,11.32,1,0,0
6524.896,7858.805,941.609,0.079,4.34,4.42,748.51,0.46,0.05,0.53,0.09,16.76,7.07,33.74,5.58,2.32,6.7,0.025,1.01,1.76,9.22,0.68,747.6,2.5,0.28,2.59,6.68,522.24,115.78,0.005,21.33,7.62,0.5,0.7,76.91,0.18,0.025,1.81,0.26,1.41,0.41,77.57,1.7,6.85,33.98,0,0,0
6530.422,7826.883,941.609,1.304,2.98,3.68,169.29,0.55,0.06,2.4,0.09,12.43,4.08,34.75,0.77,1.61,5.61,0.025,0.7,0.5,6.06,0.49,638.98,0.71,0.26,1.96,4.4,288.34,26.23,0.005,24.94,4.53,0.5,0.51,40.67,0.11,0.025,1.06,0.17,0.38,0.28,51.82,1.36,5.57,35.53,1,0,0
6529.503,7821.969,941.609,1.118,2.69,3.92,28.77,0.59,0.05,13.91,0.06,8.9,3.78,28.62,0.5,1.45,6.49,0.025,0.62,0.08,4.5,0.33,902.52,0.35,0.03,1.29,3.64,220.48,4.66,0.005,15.89,3.81,0.5,0.43,98.66,0.08,0.025,0.88,0.1,0.06,0.18,35.6,0.99,5.33,17.7,1,0,0
6528.818,7820.133,941.609,6.185,3.25,7.16,599.48,0.5,0.005,1.14,0.06,12.59,8.28,31.42,2.99,3.15,7.45,0.025,0.64,1.36,5.35,1.15,1540.44,0.36,0.2,2.3,7.29,426.94,84.04,0.005,35.04,7.76,0.5,0.63,59.95,0.14,0.025,1.13,0.19,1.02,0.2,62.26,1.45,6.26,23.32,1,0,0
6529.129,7813.508,941.609,1.999,1.94,3.51,137.79,0.33,0.005,3.35,0.19,5.96,3.54,21.27,1.42,1.48,3.8,0.025,0.32,0.45,2.75,0.48,535.4,0.43,0.13,1.06,3.32,209.26,31.46,0.005,21.35,3.31,0.5,0.53,59.16,0.07,0.025,0.59,0.1,0.39,0.1,33.69,0.57,2.89,9.58,1,0,0
6527.941,7809.983,941.609,1.077,2.32,7.38,186.6,0.47,0.25,3.24,0.23,8.62,5.91,24.96,1.02,2.19,7.4,0.025,0.47,0.46,4.14,0.88,1064.73,1.51,0.22,1.53,5.7,338.67,23.52,0.005,20.76,4.41,0.5,0.42,104.16,0.1,0.025,0.87,0.14,0.32,0.21,39.91,0.99,4.39,13.69,1,0,0
6529.013,7791.281,941.609,13.986,1.28,8.66,56.78,0.22,0.05,0.17,0.49,4.42,3.84,22.75,1.64,1.06,2.67,0.025,0.2,0.38,2.26,0.17,399.63,0.66,0.03,0.7,3.46,117.9,26.79,0.005,30.97,2.63,0.5,0.32,11.0,0.05,0.025,0.47,0.06,0.27,0.11,23.27,0.42,2.19,8.14,1,0,0
6534.289,7776.823,941.609,4.41,0.63,7.25,46.36,0.27,0.005,0.03,0.35,3.82,2.6,26.16,1.48,0.89,1.34,0.025,0.11,0.15,1.1,0.08,553.68,0.32,0.02,0.19,1.95,45.36,9.65,0.005,15.56,1.46,0.5,0.21,7.85,0.025,0.025,0.23,0.02,0.15,0.11,13.19,0.05,1.08,2.37,1,0,0
6526.869,7759.846,941.609,0.296,4.63,13.15,122.11,0.73,0.08,4.65,1.33,19.54,5.79,29.0,1.66,1.75,11.24,0.07,1.12,0.58,9.03,0.61,767.94,0.85,0.61,3.89,4.6,600.6,24.51,0.005,17.28,9.96,0.5,0.75,132.05,0.24,0.025,1.84,0.26,0.31,0.53,82.22,1.93,9.05,29.99,1,0,0
7539.928,7445.966,1253.209,0.0025,0.3,2.9,36.44,0.19,0.005,0.04,0.01,0.52,0.73,40.58,5.41,0.6,1.08,0.025,0.1,0.07,0.55,0.01,152.83,1.27,0.03,0.1,4.43,10.4,7.03,0.02,8.02,1.4,0.5,0.2,14.19,0.025,0.025,0.05,0.01,0.13,0.11,10.51,0.05,0.36,3.21,0,0,0
7088.075,7888.41,1026.789,0.0025,0.43,4.31,28.19,0.35,0.005,0.04,0.05,2.4,2.16,39.65,1.91,1.04,1.63,0.025,0.18,0.09,1.68,0.09,434.69,0.76,0.03,0.63,2.75,75.02,7.99,0.01,9.47,1.71,0.5,0.2,12.5,0.025,0.025,0.14,0.01,0.11,0.18,18.06,0.1,1.2,7.85,0,0,0
6645.285,7494.12,1040.969,0.0025,1.33,11.44,72.15,0.31,0.005,3.41,0.05,5.49,3.5,31.04,3.46,1.26,3.84,0.05,0.28,0.52,2.5,0.25,458.02,1.07,0.03,0.92,3.15,136.19,34.87,0.04,7.93,2.32,0.5,0.31,45.1,0.06,0.025,0.51,0.07,0.37,0.2,26.81,0.87,2.97,10.46,0,0,0
6590.512,7503.86,1054.389,0.268,1.7,14.71,82.04,0.3,0.005,12.12,0.08,9.34,4.18,15.97,3.08,1.22,4.11,0.025,0.41,0.55,5.03,0.29,1704.9,1.24,0.04,1.17,2.82,190.29,43.53,0.06,21.92,3.22,0.5,0.37,120.16,0.06,0.025,0.54,0.09,0.36,0.19,26.81,0.87,6.25,17.6,1,0,0
6586.203,7508.036,1054.389,0.088,1.11,14.27,57.8,0.28,0.005,3.65,0.16,5.3,3.47,23.72,1.7,1.07,2.32,0.025,0.2,0.33,2.77,0.21,1241.36,2.38,0.02,0.5,3.14,93.65,22.28,0.02,36.73,1.92,0.5,0.32,51.09,0.025,0.025,0.31,0.05,0.24,0.1,18.78,0.39,2.58,7.83,0,0,0
6508.272,7588.003,951.059,0.037,1.12,10.03,65.68,0.32,0.05,0.09,0.05,4.35,2.5,22.85,1.42,1.39,2.66,0.025,0.19,0.27,2.62,0.37,726.04,1.49,0.02,0.62,2.39,96.16,15.01,0.005,26.0,2.09,0.5,0.43,8.85,0.025,0.025,0.29,0.05,0.22,0.1,15.91,0.32,2.13,5.47,0,0,0
14537.603,9548.218,1452.959,6.451,2.77,11000.0,150.2,0.46,2.23,0.6,55.37,12.58,9.94,9.89,4.3,5.77,8.16,0.025,0.11,1.16,6.23,0.21,41050.26,1.27,0.02,2.29,1.81,183.31,59.9,4.82,2134.86,4.45,1.0,2.78,5.92,0.18,0.909,2.36,0.13,9.14,0.67,35.07,2.41,5.42,1.85,1,1,1
14537.849,9549.684,1452.959,0.475,6.15,8486.34,310.13,0.66,4.88,0.68,34.28,18.81,12.43,8.25,7.82,4.22,13.15,0.025,0.19,2.5,8.35,0.33,2961.08,2.6,0.03,3.86,3.16,474.4,127.24,4.65,155.79,9.45,1.01,3.07,8.9,0.32,0.402,4.14,0.26,2.55,0.75,76.41,1.55,7.65,5.12,1,1,1
14483.634,9478.922,1422.489,0.029,7.17,245.29,699.53,1.19,0.21,2.89,0.6,36.21,11.65,7.82,14.57,3.86,18.17,0.08,0.71,2.48,16.54,0.99,941.57,1.74,1.92,6.17,3.43,517.58,102.32,0.13,11.5,12.05,0.5,1.54,266.88,0.59,0.025,13.53,0.33,1.02,2.63,95.08,1.68,23.02,16.81,0,0,0
14248.236,9077.789,1385.149,0.009,5.86,43.27,81.15,0.71,0.05,1.13,0.35,9.73,3.38,12.61,3.84,1.98,17.49,0.025,0.61,0.81,5.11,1.35,657.96,0.91,0.37,3.82,2.24,713.67,80.9,0.02,13.37,12.37,0.5,2.42,89.45,0.37,0.025,6.44,0.27,0.69,0.82,109.7,0.81,11.54,17.7,0,0,0
14025.137,9135.838,1368.509,0.01,7.77,10.91,608.67,1.18,0.05,3.56,0.08,37.12,15.1,9.86,8.33,4.82,18.23,0.11,1.81,1.48,18.39,1.48,975.25,2.21,1.97,6.86,2.76,711.21,63.49,0.01,3.86,16.18,0.5,1.42,352.43,0.51,0.025,8.07,0.39,0.54,1.58,118.04,0.97,20.56,52.62,0,0,0
15934.444,9106.715,1395.149,0.042,8.88,23.88,435.07,1.13,0.21,2.97,0.38,40.39,12.15,10.49,5.77,4.98,18.06,0.1,0.5,1.95,16.8,1.49,690.86,2.47,2.6,6.2,3.07,722.8,88.92,0.01,6.82,15.84,1.04,3.1,328.34,0.55,0.025,9.12,0.42,0.82,1.58,133.99,1.22,21.23,11.37,0,1,0
15961.376,9122.193,1395.149,0.013,7.91,18.73,424.33,1.14,0.42,2.67,0.3,34.86,12.27,11.0,7.15,5.13,18.16,0.12,0.48,1.38,14.76,1.44,647.73,2.17,2.07,6.32,2.58,696.42,68.18,0.01,7.72,15.32,1.01,8.91,348.75,0.52,0.025,7.17,0.45,0.84,1.61,134.4,1.26,22.4,13.91,0,1,0
16047.285,9179.101,1375.689,0.046,6.78,427.44,140.19,1.4,1052.52,0.74,0.39,24.1,6.69,23.38,2.31,5.2,16.08,0.05,0.32,0.51,12.69,1.46,359.48,43.95,0.6,3.8,2.62,596.68,36.43,0.08,71.44,14.27,4.52,27.82,124.55,0.34,2.626,7.42,0.3,0.36,1.93,88.51,8.17,13.76,8.26,0,1,1
16242.11,9301.554,1357.729,0.033,7.93,675.83,130.92,1.78,74.0,0.28,0.32,42.26,3.77,26.23,7.14,5.09,19.8,0.025,0.59,1.45,19.42,1.03,493.25,12.8,0.35,6.74,1.77,581.52,124.24,0.05,48.13,15.25,1.95,51.74,107.23,0.48,0.43,10.42,0.34,1.32,1.92,98.96,10.09,14.56,19.11,0,1,1
15213.821,8954.097,1392.959,0.007,6.52,7.16,585.06,1.55,0.29,0.39,0.16,73.86,1.31,5.42,11.19,1.44,13.31,0.08,4.93,3.33,39.22,0.06,259.02,0.5,1.85,12.06,4.84,72.71,151.09,0.005,20.46,3.67,0.5,3.01,34.02,1.09,0.025,25.46,0.09,0.95,6.3,3.8,1.21,30.05,153.1,0,0,0
15215.853,8958.177,1392.959,0.008,8.42,29.6,422.61,1.22,1.37,3.2,0.14,30.2,21.82,7.18,7.07,4.52,17.98,0.09,1.34,1.39,14.68,1.74,951.55,0.64,2.92,6.84,5.19,838.3,78.49,0.01,7.62,15.39,0.5,1.53,427.91,0.51,0.062,5.59,0.47,0.48,1.11,126.82,0.91,18.64,42.3,0,0,1
14986.584,9037.492,1378.789,0.02,7.67,88.8,361.64,1.26,2.34,0.17,0.05,8.86,3.12,5.92,2.72,3.49,21.25,0.025,0.73,2.37,3.6,1.31,94.96,3.7,0.3,5.54,0.86,226.25,85.02,1.12,24.39,16.35,2.96,6.91,49.25,0.48,1.198,5.25,0.34,0.73,1.08,139.75,3.69,8.63,17.53,0,1,1
14323.775,8943.012,1435.429,0.0025,6.91,4.88,82.36,1.21,0.06,3.75,0.01,17.53,3.81,6.94,4.19,1.07,16.59,0.08,0.74,0.59,9.06,1.09,428.19,0.63,2.85,5.0,2.03,779.63,38.33,0.01,5.03,12.93,0.5,1.82,168.5,0.37,0.025,5.17,0.28,0.54,0.84,108.56,0.83,16.8,21.23,0,0,0
14297.813,8945.08,1479.419,0.0025,6.0,81.85,90.9,0.82,0.18,1.84,0.05,9.05,2.73,9.57,3.84,1.96,17.75,0.05,0.6,1.03,3.97,1.23,871.78,0.62,0.4,4.39,2.49,603.56,101.88,0.04,11.09,14.65,0.5,2.31,93.16,0.39,0.025,6.77,0.27,0.95,1.04,96.63,1.02,11.76,18.79,0,0,0
12448.019,9465.28,1366.139,0.246,3.93,1606.83,27.32,0.84,32.5,0.19,0.01,8.6,0.46,41.39,0.26,3.69,10.19,0.025,0.21,0.04,4.62,0.74,88.57,0.76,0.33,2.56,3.14,227.13,1.25,0.04,100.25,6.12,1.94,43.0,76.25,0.17,0.263,3.31,0.17,0.05,0.77,50.34,15.84,14.23,6.47,1,1,1
6330.809,8106.534,769.0,0.024,4.6,36.04,515.55,0.62,0.38,0.03,0.09,15.26,3.07,18.31,6.42,1.91,6.28,0.025,1.16,1.89,7.26,0.14,121.35,19.49,0.04,1.66,2.23,328.81,120.21,0.01,22.34,4.1,1.01,0.8,9.37,0.15,0.087,2.86,0.1,1.28,0.94,23.05,0.54,4.53,49.5,0,1,1
6331.199,8106.937,769.0,0.0025,6.74,12.31,545.36,0.78,0.05,0.13,0.15,39.93,8.77,26.06,5.46,2.95,12.54,0.05,3.01,2.23,18.14,0.49,349.33,0.46,0.91,5.31,5.13,550.21,157.28,0.01,6.78,13.67,0.5,1.67,42.73,0.45,0.025,6.31,0.38,1.19,2.36,97.2,3.43,14.77,110.55,0,0,0
6323.518,8116.386,757.0,0.0025,2.31,14.49,226.29,0.31,0.13,0.03,0.05,5.93,1.47,19.2,3.35,0.8,2.84,0.025,0.68,0.95,3.55,0.08,75.79,2.9,0.03,1.2,1.27,116.8,62.11,0.01,9.45,2.56,0.5,0.48,7.31,0.1,0.025,1.94,0.08,0.77,0.63,15.18,0.58,2.33,27.52,0,0,0
6314.459,8125.515,757.0,0.006,1.59,20.05,147.35,0.22,0.08,0.05,0.05,5.63,1.29,22.07,3.32,0.73,3.17,0.025,0.53,0.68,2.75,0.05,120.54,1.21,0.02,0.96,1.28,113.81,50.11,0.01,10.4,2.09,0.5,0.43,6.41,0.08,0.025,1.31,0.06,0.54,0.48,17.3,0.62,1.89,16.29,0,0,0
6296.624,8160.62,738.0,0.017,3.5,41.75,191.62,0.37,0.15,0.03,0.05,14.92,2.25,15.43,5.51,1.28,4.92,0.025,1.14,1.47,8.66,0.12,120.88,2.84,0.03,2.02,1.98,186.36,103.86,0.01,9.37,3.89,0.5,0.74,7.13,0.18,0.064,3.27,0.13,0.94,0.94,32.11,1.29,4.12,46.79,0,0,1
6277.041,8190.147,727.0,0.012,2.69,64.72,122.46,0.47,0.08,0.1,0.06,10.46,4.8,19.01,3.93,1.92,5.22,0.025,0.93,1.07,4.27,0.15,497.54,4.08,0.03,1.75,2.84,151.82,71.57,0.01,8.33,3.45,0.5,0.62,7.91,0.11,0.085,2.13,0.12,0.71,0.63,32.49,1.71,4.11,36.32,0,0,1
6269.458,8200.522,731.0,0.0025,3.65,21.96,244.7,0.44,0.06,0.03,0.05,9.26,2.55,11.92,4.44,1.19,5.28,0.025,0.92,1.52,4.7,0.15,252.15,1.04,0.04,1.73,1.94,161.78,90.81,0.005,5.63,3.58,0.5,0.54,8.77,0.13,0.025,2.61,0.12,0.95,0.76,32.55,1.28,3.61,33.01,0,0,0
6268.728,8201.253,730.0,0.018,5.36,121.87,356.43,0.63,0.14,0.02,0.07,22.59,2.3,17.78,7.74,2.3,12.49,0.025,2.08,2.38,11.79,0.17,277.71,26.75,0.07,4.15,1.71,330.59,152.81,0.01,13.55,8.49,1.0,1.26,14.6,0.29,0.109,4.9,0.25,1.45,2.17,70.34,2.71,8.27,82.44,0,1,1
6268.254,8201.132,730.0,0.007,7.43,31.32,568.42,1.04,0.09,0.18,0.71,47.36,8.64,23.68,9.67,2.65,21.22,0.07,2.76,3.01,25.12,0.48,797.01,2.48,0.55,7.99,6.82,571.87,223.87,0.01,4.45,14.03,0.5,2.05,26.7,0.58,0.053,9.01,0.42,1.89,3.74,114.56,4.19,20.0,114.34,0,0,1
6361.0,9036.0,564.0,0.0025,1.07,1.07,148.82,0.29,0.005,0.41,0.26,4.1,4.67,37.29,1.64,1.35,2.83,0.025,0.19,0.17,1.93,0.39,332.07,0.24,0.03,1.92,9.8,56.44,7.67,0.005,1.28,2.82,0.5,0.21,38.94,0.06,0.025,0.33,0.06,0.1,0.2,17.46,0.3,2.62,13.08,0,0,0
6397.0,9029.0,565.0,0.0025,0.54,2.72,60.04,0.17,0.005,33.42,0.05,8.53,1.46,12.1,1.13,0.96,1.16,0.06,0.18,0.1,5.34,0.13,7060.92,0.05,0.02,0.39,5.75,78.02,5.32,0.005,4.0,8.38,1.0,0.1,229.94,0.025,0.025,0.22,0.03,0.09,0.1,14.88,0.48,16.14,4.42,0,1,0
6411.0,8998.0,553.0,0.0025,0.54,0.57,106.03,0.07,0.05,0.68,0.55,2.35,2.25,40.27,0.53,0.7,1.63,0.025,0.21,0.1,1.22,0.45,399.24,0.27,0.01,0.59,4.2,233.48,4.34,0.005,1.89,0.63,0.5,0.22,13.1,0.025,0.025,0.34,0.03,0.05,0.29,20.91,0.2,1.14,5.79,0,0,0
6585.25,8214.579,819.0,0.271,6.81,144.33,513.92,0.98,0.18,0.05,0.25,33.43,11.25,21.98,5.42,4.67,14.73,0.08,2.02,2.17,15.8,0.27,735.66,31.21,0.74,5.37,3.61,602.77,160.0,0.02,20.37,9.61,3.15,2.37,46.39,0.35,0.162,5.95,0.31,1.46,1.83,99.81,1.9,9.22,83.66,1,1,1
6555.308,8188.868,802.0,1.751,2.5,562.62,139.74,0.27,0.38,0.03,0.37,16.05,2.1,14.47,2.48,5.28,5.51,0.025,0.63,1.02,7.48,0.07,94.2,6.26,0.08,1.2,1.76,239.66,68.52,0.03,31.39,2.76,1.0,1.27,6.31,0.09,0.15,1.56,0.08,0.83,0.45,31.02,0.54,2.23,21.74,1,1,1
6486.056,8346.481,736.0,0.106,3.24,254.37,288.83,0.55,0.2,0.04,0.24,13.29,14.89,25.14,3.84,6.08,8.52,0.025,0.82,1.43,7.28,0.2,180.67,49.12,0.07,1.45,8.09,434.41,103.69,0.19,15.44,6.52,1.0,1.65,9.0,0.09,0.148,1.21,0.18,1.25,0.38,67.06,1.1,7.74,28.88,1,1,1
6509.909,8350.544,743.0,0.0025,2.71,2.57,229.07,0.38,0.005,0.005,0.07,4.49,1.13,13.52,3.62,0.7,5.46,0.025,0.19,1.03,1.17,0.11,826.8,0.28,0.04,0.33,0.94,71.97,73.7,0.005,5.79,1.44,0.5,0.55,5.56,0.025,0.025,0.55,0.02,1.06,0.1,25.01,0.1,1.05,6.27,0,0,0
6482.379,8362.637,730.0,0.018,4.72,33.73,369.29,0.63,0.05,0.19,0.05,54.37,3.73,9.95,3.69,2.55,11.5,0.08,2.26,2.03,26.58,0.49,697.76,0.17,0.07,7.28,1.56,985.61,146.45,0.005,2.81,10.63,0.5,2.41,9.23,0.52,0.025,6.17,0.34,1.61,1.13,40.82,2.16,15.77,84.19,0,0,0
6467.292,8361.484,729.0,0.025,5.14,118.93,704.14,0.98,0.05,0.04,0.05,22.29,2.11,6.02,5.73,8.75,16.54,0.05,1.37,2.41,13.57,0.25,74.63,2.25,0.11,8.47,0.81,1022.18,143.17,0.04,3.66,11.72,4.21,0.75,22.74,0.58,0.092,4.21,0.3,0.96,1.02,51.15,1.54,6.92,32.9,0,1,1
6460.375,8364.004,728.0,0.013,7.06,147.71,700.04,1.15,0.05,0.06,0.05,34.08,1.86,6.11,7.2,9.14,16.31,0.06,1.02,2.61,22.22,0.22,91.4,3.82,0.18,10.2,0.92,1369.61,169.55,0.03,5.05,11.39,1.04,0.82,36.7,0.6,0.05,5.99,0.33,1.27,1.22,46.37,1.97,7.34,47.47,0,1,1
6428.0,8316.0,711.0,0.028,5.86,136.75,507.7,1.22,0.05,0.01,0.05,33.18,1.0,6.32,8.88,4.26,17.93,0.07,2.42,2.95,22.25,0.23,76.42,13.97,0.05,9.69,0.51,743.86,160.49,0.05,12.73,13.27,1.0,1.42,10.22,0.58,0.025,4.48,0.35,1.29,1.12,52.62,3.01,8.37,197.75,0,1,0
6495.463,8452.627,700.0,0.067,6.52,88.54,632.63,0.96,0.08,0.49,0.29,46.41,12.58,9.18,7.68,3.98,13.83,0.08,3.16,2.65,19.44,0.55,1726.33,1.18,0.08,5.06,2.91,912.93,174.78,0.05,12.7,8.74,0.5,3.49,18.52,0.31,0.025,5.06,0.26,2.22,1.52,79.78,1.63,23.12,167.73,0,0,0
6517.0,8470.0,698.0,0.0025,9.33,1.03,381.53,0.99,0.1,0.7,0.22,56.46,17.26,12.66,3.92,4.65,17.43,0.1,1.98,1.27,25.92,0.81,930.42,0.19,3.49,11.14,6.54,1110.26,65.46,0.005,1.1,12.83,0.5,1.54,221.92,0.66,0.025,4.53,0.45,0.43,1.31,240.19,1.13,23.45,71.45,0,0,0
6562.195,8529.096,667.0,0.0025,5.56,0.65,583.34,1.9,0.05,0.56,0.05,23.23,5.47,12.15,11.08,3.01,15.98,0.06,2.08,2.18,13.88,0.32,316.67,0.2,0.6,7.81,1.79,489.28,114.03,0.005,1.84,7.65,0.5,1.38,60.87,0.54,0.025,4.68,0.26,0.83,1.42,41.39,1.1,15.85,85.7,0,0,0
6525.656,8558.077,627.0,0.0025,5.83,1.6,363.53,0.96,0.05,0.21,0.09,24.42,37.29,13.44,8.13,5.09,13.64,0.07,1.72,1.35,12.76,0.59,678.09,0.48,0.76,5.34,13.8,349.33,73.84,0.005,2.0,10.16,0.5,1.07,59.89,0.37,0.025,3.49,0.33,0.61,1.21,114.37,1.13,13.33,71.03,0,0,0
8243.0,8411.0,923.0,0.0025,1.45,0.47,142.79,0.13,0.005,0.09,0.05,0.97,1.97,14.48,1.44,0.81,4.76,0.025,0.49,0.53,0.25,0.2,125.83,0.17,0.02,0.76,1.87,84.51,19.18,0.005,0.17,4.44,0.5,0.3,24.78,0.05,0.025,0.91,0.05,0.11,0.1,37.75,0.11,2.06,13.15,0,0,0
6878.0,7953.0,955.0,0.82,0.55,6.29,46.3,0.17,0.005,21.07,0.05,2.05,0.72,5.89,1.37,0.34,1.23,0.025,0.11,0.19,1.54,0.04,761.45,0.14,0.02,0.22,0.53,50.73,12.28,0.005,8.89,0.75,0.5,0.2,216.94,0.025,0.025,0.08,0.01,0.14,0.05,24.32,0.1,1.28,3.07,1,0,0
6892.0,7999.0,929.0,0.017,1.81,6.77,148.29,0.29,0.05,8.96,0.08,5.72,3.69,11.35,2.78,1.33,4.33,0.025,0.48,0.54,3.41,0.36,992.23,0.5,0.02,1.13,2.16,204.59,39.5,0.005,14.86,3.37,0.5,0.28,120.08,0.06,0.025,0.66,0.09,0.44,0.22,41.33,0.46,3.49,17.66,0,0,0
7416.0,9167.0,948.0,0.0025,8.27,12.03,146.84,0.4,0.05,3.85,0.37,23.16,21.38,46.03,2.42,4.97,13.6,0.16,1.35,0.59,10.86,2.34,900.99,2.68,2.66,3.02,13.54,742.31,28.55,0.05,4.25,20.71,0.5,0.65,168.31,0.22,0.025,2.24,0.41,0.14,0.61,185.67,0.72,15.48,49.39,0,0,0
7403.0,9151.0,932.0,0.0025,2.08,0.83,79.88,0.14,0.05,11.49,0.43,5.95,6.56,12.99,1.37,2.11,4.27,0.025,0.4,0.23,2.64,0.9,1135.12,0.21,0.4,0.66,6.48,187.05,9.29,0.005,3.64,5.49,0.5,0.32,156.28,0.05,0.025,0.56,0.1,0.08,0.2,47.25,0.11,5.92,13.92,0,0,0
6357.364,8528.587,619.0,0.0025,6.19,0.27,1033.08,1.74,0.26,0.61,0.06,37.25,3.22,8.79,6.05,2.13,13.02,0.07,2.71,2.41,19.91,0.64,372.52,0.1,0.21,8.87,4.33,278.11,143.58,0.005,1.49,4.28,0.5,2.15,30.98,0.72,0.025,8.59,0.09,1.05,2.32,17.04,0.54,16.78,87.5,0,0,0
6360.437,8526.132,621.0,0.0025,8.12,1.3,1002.23,2.18,0.06,0.27,0.07,58.51,1.29,2.99,7.34,1.78,19.36,0.09,2.96,2.37,28.84,0.49,390.31,0.38,1.66,16.03,0.77,267.85,126.66,0.005,0.96,3.56,0.5,3.43,147.89,1.03,0.025,14.12,0.05,1.04,3.42,5.07,0.28,17.97,100.01,0,0,0
6358.081,8524.675,620.0,0.0025,5.72,0.1,533.97,1.65,0.12,1.05,0.16,43.84,0.8,5.66,2.34,1.19,15.58,0.08,2.65,1.58,27.82,0.56,566.1,0.56,2.12,12.03,0.94,208.79,83.95,0.005,0.6,2.04,0.5,2.32,156.38,0.82,0.025,10.82,0.04,0.63,2.72,2.14,0.27,19.99,84.13,0,0,0
6343.723,8516.412,617.0,0.0025,6.24,0.67,727.89,2.11,0.32,1.06,0.16,42.93,1.39,4.01,5.52,1.74,15.66,0.06,3.06,2.21,20.36,0.64,585.24,0.4,0.97,11.62,1.11,199.22,145.35,0.005,1.04,2.66,0.5,2.55,80.96,0.83,0.025,9.05,0.06,1.09,2.57,6.95,0.42,17.96,77.4,0,0,0
6329.307,8505.809,614.0,0.0025,6.24,0.32,504.26,1.82,0.22,0.87,0.11,40.93,1.26,4.54,5.2,1.65,16.65,0.07,2.27,2.15,22.79,0.92,592.8,0.38,1.13,11.33,1.09,218.87,125.35,0.005,0.71,2.49,0.5,2.31,104.56,0.83,0.025,10.11,0.06,0.86,2.26,6.07,0.41,16.17,66.72,0,0,0
6327.073,8514.711,617.0,0.0025,6.23,0.33,294.18,0.97,0.17,0.21,0.05,43.83,1.37,6.49,1.85,1.13,9.62,0.05,2.3,0.9,26.61,0.35,345.29,0.15,3.02,10.83,1.3,219.9,72.98,0.005,0.6,2.08,0.5,2.13,234.52,0.92,0.025,12.2,0.04,0.43,2.59,7.23,0.2,12.52,59.5,0,0,0
6769.0,8253.0,800.0,0.051,6.48,128.62,486.97,0.7,0.05,0.08,0.07,14.86,4.38,19.15,7.14,4.27,16.11,0.025,2.01,2.57,7.11,0.4,382.83,1.7,0.23,4.34,1.58,640.46,171.36,0.02,5.9,12.16,0.5,1.39,17.27,0.34,0.193,5.29,0.39,1.44,1.38,104.66,3.93,9.48,67.33,0,0,1
5300.192,8533.699,486.0,2.476,1.48,11000.0,129.4,0.34,0.16,0.01,1.42,18.32,0.28,18.81,1.37,3.05,4.18,0.05,0.52,0.5,7.84,0.03,38.72,0.9,0.03,2.36,1.81,380.04,34.43,0.36,842.26,4.24,1.06,1.38,30.0,0.15,0.025,2.34,0.08,0.47,0.81,17.23,1.9,2.35,15.17,1,1,0
6842.361,7921.866,970.0,0.183,1.05,5.43,64.59,0.24,0.005,9.3,0.05,2.43,0.86,12.26,1.85,0.53,1.69,0.025,0.1,0.43,1.36,0.08,413.38,0.28,0.02,0.27,0.96,60.52,29.46,0.005,13.79,1.03,0.5,0.2,92.77,0.025,0.025,0.22,0.02,0.26,0.2,20.91,0.19,1.01,3.63,1,0,0
6839.058,7919.794,968.0,0.078,1.52,7.43,108.04,0.28,0.05,21.66,0.11,8.92,2.8,7.11,2.35,1.18,2.98,0.025,0.31,0.46,5.35,0.32,1596.11,1.02,0.03,0.82,1.96,156.64,36.0,0.005,8.98,3.14,0.5,0.2,332.16,0.05,0.025,0.58,0.07,0.35,0.29,29.44,0.59,4.44,13.74,0,0,0
6846.961,7923.449,968.0,0.422,1.32,6.78,102.96,0.27,0.05,14.09,0.05,6.3,1.59,8.79,2.04,0.74,2.51,0.025,0.18,0.51,3.38,0.19,1149.13,0.23,0.02,0.63,1.53,134.46,43.3,0.005,15.24,2.49,0.5,0.21,162.98,0.025,0.025,0.54,0.05,0.38,0.19,23.72,0.46,3.37,9.11,1,0,0
6836.096,7897.925,985.0,0.013,0.47,4.87,41.7,0.12,0.005,29.24,0.07,7.56,1.11,2.87,0.74,0.38,1.05,0.025,0.1,0.2,5.01,0.08,1885.2,0.21,0.02,0.28,0.4,60.72,13.54,0.005,4.36,1.25,0.5,0.1,394.34,0.025,0.025,0.22,0.03,0.11,0.18,7.94,0.2,4.71,4.24,0,0,0
6866.0,7805.0,1027.0,0.008,1.91,14.61,102.93,0.34,0.05,9.08,0.49,10.73,3.13,10.56,2.51,1.2,3.92,0.025,0.5,0.71,5.17,0.32,1452.93,0.51,0.02,0.95,2.27,191.55,48.71,0.005,31.6,3.59,0.5,0.29,112.15,0.07,0.43,0.71,0.08,0.43,0.43,26.75,0.87,6.51,15.5,0,0,1
6766.0,7761.0,1053.0,0.693,1.42,20.55,54.96,0.27,0.05,3.92,1.71,4.86,5.82,11.18,2.26,2.22,3.43,0.14,0.22,0.22,2.92,0.56,1759.92,4.33,0.02,0.38,6.22,122.89,18.41,0.01,24.69,1.87,0.5,0.21,35.43,0.025,0.025,0.37,0.04,0.19,0.1,42.64,0.19,2.27,6.67,1,0,0
6777.825,7997.316,955.0,0.182,3.85,2.41,174.09,0.3,0.08,0.26,0.11,11.91,4.98,24.09,4.46,2.31,5.89,0.025,0.93,1.03,6.1,0.48,444.48,0.26,0.48,2.28,5.99,397.04,92.53,0.005,9.29,5.78,0.5,0.61,38.62,0.15,0.025,2.2,0.19,0.77,0.58,41.65,1.19,4.82,40.05,1,0,0
6757.469,8011.793,945.0,0.005,5.6,9.42,847.4,0.57,0.05,1.16,1.49,22.37,10.38,14.92,7.15,3.55,12.91,0.05,1.96,2.68,10.9,1.2,1428.44,0.6,1.09,3.63,3.01,534.46,162.31,0.005,6.47,13.8,0.5,0.82,195.7,0.25,0.025,3.61,0.34,2.05,1.18,92.19,1.46,15.53,73.66,0,0,0
5830.552,8239.037,696.0,0.005,1.9,38.8,128.48,0.39,0.07,0.03,0.08,8.66,1.88,25.29,2.08,1.56,3.89,0.025,0.93,0.82,4.56,0.09,120.34,6.78,0.03,1.81,2.01,129.9,69.65,0.005,6.74,3.25,0.5,0.46,5.02,0.13,0.025,2.76,0.09,0.67,0.98,22.5,1.04,3.63,32.33,0,0,0
5795.033,8225.54,685.0,0.019,2.31,60.16,150.18,0.35,0.05,0.02,0.05,9.47,0.85,21.37,2.16,1.54,4.73,0.025,0.97,0.98,4.45,0.1,91.34,2.81,0.03,1.99,1.15,250.56,88.34,0.005,8.45,3.35,0.5,1.09,4.26,0.13,0.025,2.89,0.11,1.0,0.8,24.86,1.03,3.29,34.86,0,0,0
5521.08,8370.677,586.0,0.007,1.56,41.28,126.54,0.3,0.05,0.05,0.11,18.13,1.63,18.82,1.66,1.13,3.33,0.025,0.61,0.74,9.82,0.07,585.57,9.99,0.02,0.88,0.94,268.07,58.75,0.005,30.11,2.13,0.5,3.53,4.21,0.08,0.025,1.16,0.06,0.45,0.45,27.09,0.68,2.32,20.41,0,0,0
5432.275,8355.507,561.0,0.0025,4.87,16.47,522.91,0.64,0.05,0.1,0.05,24.21,7.35,18.01,4.62,3.42,11.88,0.025,1.87,2.2,11.08,0.45,1742.85,0.41,0.04,3.87,2.24,453.68,171.03,0.005,2.09,8.83,0.5,1.71,8.83,0.3,0.025,5.71,0.25,1.85,1.14,61.86,1.48,6.7,95.67,0,0,0
5430.223,8352.772,559.0,0.0025,8.11,21.76,649.26,1.03,0.05,0.13,0.15,35.29,9.5,20.84,11.09,4.18,20.4,0.06,3.51,3.72,14.7,0.5,1435.68,0.64,0.07,7.01,2.85,874.66,268.25,0.005,3.86,14.68,0.5,3.4,12.82,0.49,0.025,8.94,0.41,2.25,2.9,127.88,3.12,12.99,142.98,0,0,0
5429.87,8352.753,559.0,0.02,7.4,174.36,505.85,1.2,0.05,0.11,0.11,43.85,9.11,18.99,15.11,3.64,19.32,0.08,3.49,4.1,20.27,0.24,1056.51,2.12,0.08,7.03,2.84,747.66,306.06,0.005,25.22,13.99,0.5,30.1,13.25,0.45,0.065,9.22,0.38,2.57,2.54,116.79,4.43,16.56,98.15,0,0,1
5445.411,8326.43,557.0,0.0025,0.44,2.73,40.77,0.11,0.05,0.01,0.05,3.09,1.71,29.7,1.8,0.75,1.15,0.025,0.1,0.11,0.98,0.06,368.35,0.3,0.03,0.19,1.35,36.32,8.1,0.005,1.58,0.64,0.5,0.27,3.25,0.025,0.025,0.3,0.01,0.09,0.31,41.55,0.21,0.66,2.93,0,0,0
5455.559,8296.044,540.0,0.044,2.34,58.09,164.46,0.36,0.05,0.06,0.09,9.01,6.06,50.05,3.1,2.29,4.44,0.025,0.65,1.0,4.05,0.15,1524.62,5.28,0.02,1.27,2.26,193.88,77.06,0.33,5.69,2.51,0.5,1.29,7.49,0.09,0.025,2.16,0.07,0.77,0.61,17.76,0.97,3.98,22.2,0,0,0
6274.909,7994.661,829.0,0.222,2.73,1389.72,190.5,0.44,1.12,0.02,1.25,18.37,0.75,13.26,4.37,4.69,5.68,0.12,0.83,1.37,9.98,0.09,50.63,5.6,0.03,2.27,1.27,334.97,80.08,0.4,837.72,1.82,5.21,1.4,8.87,0.26,2.923,6.02,0.05,0.81,1.59,24.1,0.4,2.83,27.39,1,1,1
6349.78,7849.143,929.0,0.0025,4.1,8.77,397.48,0.55,0.05,1.13,0.16,21.12,11.46,23.65,2.52,2.96,10.36,0.025,1.09,0.93,9.87,1.01,633.87,0.79,0.81,2.71,8.89,437.97,41.47,0.005,10.51,8.0,0.5,0.55,290.28,0.17,0.025,1.9,0.19,0.43,0.75,87.14,1.0,7.13,46.59,0,0,0
6430.254,7774.135,936.0,0.026,2.5,2.98,120.23,0.58,0.05,0.06,0.12,12.35,2.46,19.54,3.27,1.37,4.91,0.025,0.78,0.84,4.68,0.35,1352.17,0.32,0.05,1.27,2.69,237.92,56.67,0.005,36.91,4.73,0.5,0.63,10.56,0.09,0.025,1.12,0.11,0.63,0.45,35.99,0.62,4.61,23.53,0,0,0
6433.059,7774.259,937.0,0.067,0.87,3.64,50.85,0.19,0.05,0.1,0.08,4.17,1.45,22.73,1.36,0.64,3.3,0.025,0.48,0.28,1.67,0.13,470.55,0.26,0.03,0.52,1.77,95.73,18.56,0.005,35.79,1.27,0.5,0.21,8.1,0.025,0.025,0.4,0.04,0.19,0.32,11.88,0.31,2.0,8.33,0,0,0
6360.191,7690.664,879.0,0.0025,3.35,3.73,184.65,0.5,0.05,18.6,0.11,18.86,6.39,16.2,4.83,1.91,7.08,0.025,1.21,0.95,8.57,0.83,1571.92,0.29,0.2,2.39,5.59,380.46,60.06,0.005,5.97,6.75,0.5,0.53,205.91,0.15,0.064,1.4,0.19,0.59,0.52,48.33,1.54,7.78,85.72,0,0,1
6347.546,7868.278,928.0,0.0025,4.41,7.46,616.94,0.67,0.05,1.2,0.09,22.35,14.28,22.34,2.55,3.61,9.74,0.06,1.88,1.1,8.89,1.25,672.55,0.81,1.13,2.99,8.78,519.46,62.01,0.005,6.58,9.4,0.5,0.66,330.02,0.22,0.025,1.95,0.24,0.58,0.97,92.38,1.77,7.81,44.99,0,0,0
6340.245,7833.639,918.0,0.0025,2.94,6.17,350.17,0.38,0.05,0.39,0.08,13.24,6.76,28.29,1.92,1.85,4.75,0.13,0.68,0.78,5.09,0.71,480.8,1.2,0.7,1.71,3.58,268.56,40.94,0.01,7.91,5.35,0.5,0.43,141.18,0.13,0.025,1.03,0.16,0.44,0.27,48.92,0.89,4.27,22.96,0,0,0
6330.647,7866.237,922.0,0.005,4.31,20.94,678.61,0.54,0.06,0.8,0.22,18.53,12.86,22.75,3.43,3.24,9.8,0.06,1.6,1.56,8.83,1.03,579.82,2.0,0.72,3.22,10.97,384.8,90.54,0.005,5.94,10.33,0.5,0.64,176.4,0.23,0.025,1.86,0.27,0.95,0.73,85.15,1.25,8.68,42.69,0,0,0
6324.454,7869.724,918.0,0.0025,2.32,3.75,291.67,0.34,0.05,0.61,0.05,9.38,7.01,22.06,1.78,1.79,5.78,0.025,0.5,0.47,4.55,0.44,431.57,0.92,0.45,1.32,3.46,207.14,28.39,0.005,2.59,4.11,0.5,0.48,131.63,0.09,0.025,0.89,0.12,0.21,0.47,53.45,0.53,4.01,19.22,0,0,0
6307.648,7873.18,905.0,0.0025,3.86,2.55,261.18,0.49,0.05,0.78,0.07,14.96,7.24,21.02,1.98,2.88,8.32,0.025,1.29,0.57,7.67,1.51,678.53,0.5,0.87,2.84,4.35,428.55,29.65,0.005,2.59,7.87,0.5,0.5,188.2,0.19,0.025,2.11,0.23,0.26,0.92,67.88,0.64,6.54,38.22,0,0,0
6415.764,8103.782,773.0,0.0025,1.99,9.52,107.39,0.56,0.2,0.36,2.22,10.41,3.47,28.03,2.84,2.76,7.51,0.025,0.48,0.35,5.1,0.36,1507.4,2.33,0.05,2.79,3.03,99.3,28.2,0.005,5.72,3.75,0.5,0.64,23.81,0.1,0.025,1.2,0.05,0.21,0.64,62.19,1.12,3.51,23.71,0,0,0
6285.813,8211.679,715.0,0.095,3.22,90.84,194.92,0.45,0.07,0.13,0.17,25.7,3.36,22.62,3.91,1.94,8.3,0.05,2.36,1.27,14.36,0.27,332.0,0.62,0.03,4.89,2.26,658.7,96.85,0.005,6.14,6.0,0.5,1.83,7.36,0.26,0.025,3.77,0.19,0.93,1.3,34.58,2.55,8.35,55.95,0,0,0
6275.028,8226.694,721.0,1.254,2.33,74.37,174.25,0.36,0.14,0.07,0.05,17.49,2.19,13.52,3.5,1.66,5.73,0.025,1.33,1.08,9.61,0.17,142.75,1.22,0.02,3.52,1.26,412.77,87.46,0.02,22.38,5.44,0.5,1.01,7.62,0.2,2.206,3.18,0.16,0.67,0.63,25.16,2.77,5.79,47.06,1,0,1
6255.471,8251.829,697.0,0.097,1.94,247.84,135.95,0.27,0.18,0.03,0.26,9.52,1.97,19.72,3.27,1.79,5.19,0.025,0.91,0.98,5.19,0.1,100.0,17.12,0.03,1.91,1.46,203.51,68.06,0.02,11.14,3.33,0.5,0.77,7.72,0.12,0.109,1.55,0.08,0.58,0.42,27.3,1.14,2.71,20.63,0,0,1
6235.006,8239.024,694.0,0.0025,3.93,12.82,195.55,0.56,0.06,2.62,0.17,16.72,5.2,24.63,4.35,1.78,7.6,0.025,1.34,1.43,8.41,0.38,892.87,0.48,0.07,2.65,9.14,298.31,103.74,0.03,5.64,5.64,0.5,0.72,38.25,0.2,0.025,3.21,0.16,0.85,0.92,38.85,1.14,7.75,45.8,0,0,0
6412.0,8294.0,698.0,1.377,1.2,930.82,95.58,0.26,0.23,0.03,0.41,5.02,8.24,12.86,1.19,7.94,2.29,0.025,0.28,0.55,3.49,0.05,238.35,3.82,0.02,0.95,2.32,223.82,36.01,0.1,10.95,1.96,1.0,0.69,3.07,0.05,0.158,0.69,0.04,0.38,0.21,10.91,0.32,2.8,7.55,1,1,1
7625.0,9168.0,914.0,0.0025,6.38,8.44,392.42,0.58,0.06,0.17,0.06,12.48,12.96,30.84,4.14,3.3,13.75,0.025,1.76,1.78,5.54,1.54,586.21,0.12,0.27,2.52,13.32,444.02,80.15,0.005,1.0,17.48,0.5,0.74,30.17,0.19,0.025,2.16,0.32,0.6,0.28,51.04,0.6,9.35,62.55,0,0,0
6756.568,7967.345,968.0,0.0025,0.36,0.63,54.76,0.07,0.005,33.08,0.06,2.53,1.05,2.19,0.29,0.31,0.69,0.025,0.11,0.19,1.54,0.11,1082.4,0.08,0.08,0.32,0.53,45.42,11.95,0.01,0.31,0.97,0.5,0.1,568.05,0.025,0.025,0.12,0.02,0.13,0.05,5.23,0.1,1.26,3.62,0,0,0
6550.342,8313.49,772.0,0.082,2.53,149.1,214.33,0.45,0.09,0.05,0.67,16.71,6.81,16.31,3.05,2.5,6.83,0.05,1.03,1.2,8.06,0.13,725.06,1.68,0.04,1.68,2.27,190.6,71.26,0.005,14.4,3.16,0.5,2.13,6.58,0.12,0.059,2.23,0.1,0.9,0.54,37.45,0.74,3.8,38.44,0,0,1
6245.654,8241.899,694.0,0.0025,4.7,27.03,246.09,0.6,0.05,0.61,0.11,35.37,5.39,17.48,6.56,2.82,8.45,0.05,2.7,1.84,17.38,0.53,1337.78,0.32,0.42,4.4,3.35,408.18,131.04,0.005,5.48,8.51,0.5,1.31,22.68,0.27,0.025,4.92,0.26,1.36,1.24,61.89,2.43,9.99,83.83,0,0,0
6283.533,8306.076,651.0,0.0025,7.85,2.88,409.93,1.27,0.05,2.35,0.12,36.44,22.55,18.62,12.65,6.61,17.33,0.07,2.5,1.62,17.74,1.29,1309.15,0.24,0.73,5.96,14.7,1674.97,107.93,0.03,1.77,17.31,0.5,1.0,54.05,0.41,0.025,4.41,0.44,0.91,0.98,90.11,3.71,18.45,74.5,0,0,0
6387.0,8328.0,673.0,0.0025,4.63,0.91,543.22,1.42,0.12,0.27,0.05,14.55,4.99,11.54,6.51,1.83,12.18,0.025,2.69,1.8,6.92,0.42,268.5,0.38,0.13,5.9,3.24,52.17,111.79,0.005,2.56,9.25,0.5,1.16,25.89,0.37,0.025,4.05,0.31,0.86,1.29,95.35,1.4,12.78,107.91,0,0,0
6227.834,8305.679,650.0,0.012,1.91,30.63,103.39,0.26,0.08,0.04,0.08,6.29,1.87,16.68,2.67,1.02,3.98,0.025,0.6,0.78,2.97,0.13,266.94,1.44,0.02,1.11,1.76,292.98,56.68,0.005,6.78,2.3,0.5,0.4,6.26,0.09,0.025,1.19,0.06,0.53,0.32,22.52,1.23,2.39,16.94,0,0,0
6183.965,8349.394,624.0,0.008,3.81,25.58,223.93,0.48,0.05,0.09,0.05,22.24,2.92,10.59,5.13,1.53,6.87,0.025,2.05,1.74,10.28,0.22,273.07,1.34,0.05,4.34,1.06,450.79,124.68,0.005,3.96,3.82,0.5,0.73,9.12,0.32,0.025,3.79,0.14,1.09,0.72,28.86,1.35,6.0,71.15,0,0,0
6159.193,8369.36,614.0,0.13,3.97,91.57,269.72,0.43,0.05,0.06,0.05,15.42,2.98,7.39,4.49,2.37,8.08,0.025,1.93,1.48,7.08,0.25,268.12,6.08,0.15,3.74,0.89,545.52,102.35,0.02,3.47,6.76,0.5,0.55,14.63,0.21,0.05,2.26,0.21,0.97,0.65,52.9,1.89,5.57,43.04,1,0,1
6147.995,8364.259,612.0,0.0025,6.62,8.95,317.7,0.86,0.13,3.55,0.18,38.31,6.65,19.82,7.64,3.5,14.86,0.07,2.04,2.21,18.33,0.65,820.86,0.14,0.72,5.12,5.15,463.62,141.56,0.005,3.34,10.97,0.5,1.48,60.67,0.41,0.025,5.52,0.34,1.28,1.17,75.71,5.68,13.45,75.7,0,0,0
7252.0,9301.0,989.0,0.0025,5.76,2.23,75.3,0.27,0.05,6.8,0.16,17.1,9.6,33.34,32.46,2.84,7.86,0.025,1.36,0.15,7.49,0.52,577.73,0.27,1.05,2.28,6.81,511.74,6.18,0.005,3.38,13.04,0.5,0.65,169.64,0.14,0.025,1.57,0.28,0.05,0.49,85.41,0.29,11.13,42.71,0,0,0
7997.0,8498.0,840.0,0.015,3.12,51.29,211.86,0.57,0.06,0.03,0.1,24.29,1.9,11.31,3.78,1.05,7.1,0.025,1.58,1.19,13.44,0.1,148.53,0.23,0.06,3.33,1.3,88.91,58.97,0.005,10.03,5.8,0.5,0.96,19.39,0.21,0.025,3.62,0.09,0.47,0.64,21.79,0.77,5.31,53.01,0,0,0
6100.995,8209.643,699.0,0.064,3.77,163.13,212.93,0.46,0.13,0.03,0.32,23.16,0.75,16.3,6.48,2.55,9.06,0.025,1.63,1.55,10.7,0.12,97.95,57.84,0.04,2.77,1.15,352.68,95.86,0.01,11.87,5.2,0.5,1.16,5.34,0.19,0.065,3.23,0.15,0.87,0.97,48.61,1.23,4.21,37.69,0,0,1
7188.403,8040.524,930.0,0.0025,7.31,1.43,944.01,1.9,0.05,0.17,0.79,66.32,0.52,4.18,1.71,1.45,17.11,0.08,3.2,2.7,33.83,0.07,520.72,0.45,3.19,6.56,0.57,129.51,97.74,0.005,1.67,8.86,0.5,1.97,139.65,0.6,0.025,14.69,0.07,0.79,3.43,4.99,0.28,14.76,90.77,0,0,0
7502.394,7983.141,1014.0,0.005,5.05,46.0,163.15,0.59,0.05,0.42,0.06,19.08,15.6,26.22,2.3,4.02,10.75,0.025,1.94,0.68,8.34,1.13,612.4,7.53,1.2,3.99,16.18,907.68,38.65,0.05,3.07,8.59,0.5,0.6,203.85,0.22,0.025,2.49,0.26,0.51,0.86,92.81,0.81,8.39,69.76,0,0,0
6949.768,7873.601,989.0,0.007,1.23,1.67,72.5,0.48,0.05,2.44,0.05,2.47,1.03,15.33,5.85,0.54,4.63,0.025,0.11,0.5,1.26,0.08,307.59,0.36,0.03,0.31,0.94,45.79,38.87,0.005,23.92,0.86,0.5,0.32,40.24,0.025,0.025,0.21,0.02,0.44,0.11,67.22,0.11,0.94,5.2,0,0,0
6791.0,7992.0,938.0,0.0025,1.38,3.98,66.85,0.62,0.13,0.07,0.18,10.29,2.55,20.78,3.15,1.83,4.76,0.025,0.48,0.31,4.64,0.54,612.05,4.07,0.03,1.01,2.9,142.95,21.83,0.005,4.44,2.79,0.5,0.49,14.28,0.07,0.025,1.4,0.06,0.16,0.32,37.49,0.4,2.84,14.99,0,0,0
6463.657,8509.734,633.0,0.0025,7.29,0.92,398.89,0.96,0.05,0.37,0.13,42.3,4.03,4.13,2.97,3.65,16.37,0.05,2.3,1.32,21.19,0.53,718.79,0.17,2.39,7.66,1.81,907.79,65.88,0.005,0.91,9.56,0.5,1.45,144.44,0.58,0.025,6.05,0.26,0.55,1.2,22.28,0.93,17.71,79.48,0,0,0
6457.475,8521.712,631.0,0.0025,3.45,9.05,275.54,0.4,0.16,0.09,0.05,28.12,7.99,8.88,2.31,3.04,10.88,0.025,1.13,1.09,15.49,0.55,565.2,0.26,0.21,2.3,2.88,375.84,69.85,0.01,5.57,4.6,0.5,1.41,14.08,0.14,0.025,2.41,0.09,0.76,0.65,39.81,0.19,5.21,43.96,0,0,0
6132.0,8384.0,578.0,0.015,2.95,41.8,226.59,0.43,0.17,0.06,0.05,11.8,2.16,14.59,4.26,1.5,6.75,0.025,1.18,1.2,5.69,0.16,176.87,6.72,0.04,2.44,1.28,273.84,92.72,0.02,3.5,3.48,0.5,0.75,10.39,0.16,0.205,2.16,0.12,0.77,0.57,29.29,0.94,3.92,32.19,0,0,1
6080.0,8427.0,566.0,0.043,3.8,92.79,197.38,0.48,0.07,0.07,0.07,19.33,5.36,18.89,4.46,2.14,8.32,0.025,2.02,1.28,9.97,0.29,761.99,3.83,0.06,3.34,2.13,375.64,118.61,0.005,12.54,6.34,0.5,1.01,8.96,0.24,0.025,4.49,0.22,1.1,1.01,44.77,2.5,6.86,53.92,0,0,0
6072.0,8449.0,564.0,0.012,3.38,28.64,154.11,0.44,0.05,0.06,0.05,13.07,3.6,15.05,3.61,1.86,6.92,0.025,1.23,1.35,7.38,0.29,558.1,1.18,0.06,2.47,1.76,363.59,88.51,0.005,8.27,4.64,0.5,0.91,10.79,0.17,0.025,3.25,0.16,0.99,0.82,40.5,2.03,5.55,48.56,0,0,0
5941.0,8500.0,510.0,0.0025,2.84,18.06,167.82,0.38,0.05,0.05,0.05,13.52,2.49,21.42,3.47,1.45,4.56,0.025,1.17,1.01,6.72,0.19,271.98,0.85,0.04,2.14,1.44,345.01,76.82,0.005,5.84,3.64,0.5,0.53,11.29,0.13,0.025,2.86,0.13,0.54,0.56,35.7,2.17,3.6,71.61,0,0,0
5931.0,8505.0,504.0,0.0025,5.14,17.05,291.92,0.78,0.05,0.11,0.12,30.75,5.48,12.56,6.26,2.64,9.48,0.025,1.71,2.1,15.88,0.55,1201.8,0.72,0.07,4.88,2.45,547.23,145.55,0.01,4.15,8.59,0.5,1.62,9.99,0.35,0.025,5.97,0.31,1.29,1.29,56.93,3.61,8.0,73.47,0,0,0
7516.58,7507.325,1234.0,0.028,4.08,8.29,652.11,0.45,0.05,4.14,0.2,16.83,7.69,18.32,4.04,3.19,7.82,0.21,1.05,2.09,8.14,0.95,1016.64,1.07,0.16,2.99,5.92,472.26,124.62,0.02,17.4,7.77,0.5,0.29,101.57,0.2,0.025,1.55,0.26,1.64,0.65,61.15,2.18,8.65,39.65,0,0,0
7576.876,7528.326,1204.0,0.011,6.8,5.97,614.29,0.82,0.05,1.72,0.14,33.51,20.01,24.49,2.77,5.28,16.38,0.24,1.97,1.12,16.0,1.98,1110.42,1.01,1.97,5.33,10.64,842.18,40.63,0.01,2.47,14.8,0.5,0.92,558.3,0.35,0.025,2.88,0.47,0.37,1.02,140.22,0.58,16.39,67.76,0,0,0
7611.929,7485.914,1201.0,0.008,3.24,27.57,357.83,0.39,0.05,0.49,0.11,14.81,12.23,26.95,1.94,2.23,8.42,0.17,0.91,0.63,7.43,0.81,439.94,2.76,0.95,2.22,5.96,375.91,32.44,0.05,7.5,5.62,0.5,0.46,153.69,0.14,0.025,1.35,0.17,0.29,0.47,74.35,0.55,6.45,40.31,0,0,0
7595.705,7475.786,1208.0,0.0025,2.93,4.51,157.72,0.33,0.05,0.29,0.12,14.56,6.75,19.39,4.07,2.51,7.5,0.17,0.69,0.57,7.95,0.97,735.5,0.4,0.68,1.93,4.24,323.1,33.8,0.04,6.45,5.69,0.5,0.51,69.77,0.12,0.025,0.99,0.15,0.29,0.41,58.77,0.41,4.95,20.46,0,0,0
7720.564,7548.831,1121.0,0.0025,4.57,2.42,429.0,0.52,0.05,0.34,0.07,24.88,13.8,30.73,3.73,3.85,11.58,0.025,1.11,1.15,10.07,1.45,967.78,0.28,1.01,2.94,10.42,550.95,58.89,0.005,4.97,9.11,0.5,0.71,159.17,0.17,0.025,2.07,0.25,0.64,0.52,87.19,1.28,10.26,47.93,0,0,0
7504.0,7697.0,1157.0,0.119,1.09,90.63,41.67,0.16,0.05,0.5,0.07,43.65,2.41,17.55,1.61,1.35,2.59,0.05,0.1,0.24,29.31,0.26,194.08,0.48,0.04,0.37,1.84,121.67,14.35,0.02,4.19,1.74,0.5,0.29,11.02,0.025,0.174,0.18,0.03,0.14,0.1,19.64,0.2,2.59,4.03,1,0,1
7372.0,7821.0,1093.0,0.005,2.99,23.87,65.8,0.42,0.05,0.2,0.1,8.96,7.18,33.1,1.98,2.32,7.03,0.025,0.78,0.51,4.29,0.4,285.53,4.7,0.78,2.61,10.22,275.02,30.53,0.01,2.52,4.72,0.5,1.19,51.41,0.16,0.025,1.33,0.17,0.3,0.97,44.24,0.37,3.39,39.84,0,0,0
7387.0,7845.0,1075.0,0.012,1.22,158.23,179.02,0.44,0.005,0.13,0.06,5.06,6.69,23.06,2.54,4.29,3.37,0.025,0.21,0.19,2.61,0.41,693.77,27.49,0.22,0.76,3.96,180.43,12.66,0.21,2.02,2.29,0.5,0.29,40.95,0.025,0.025,0.46,0.04,0.14,0.19,35.06,0.21,1.5,9.63,0,0,0
7654.096,7280.083,1252.0,0.628,1.67,4.71,93.39,2.77,0.05,7.08,0.15,5.47,1.99,13.48,6.01,0.85,4.15,0.025,0.3,0.6,2.59,0.18,1254.63,0.25,0.06,0.73,1.04,159.47,41.95,0.09,17.92,2.22,1.08,0.31,75.79,0.06,0.025,0.66,0.07,0.42,0.21,23.75,0.63,2.39,13.53,1,1,0
7651.098,7262.602,1258.0,1.881,1.6,5.89,56.64,0.97,0.005,6.47,0.19,4.92,2.03,17.12,5.83,0.76,3.34,0.025,0.3,0.57,2.59,0.14,648.17,0.29,0.08,0.72,1.15,207.69,39.41,0.07,12.42,2.24,1.86,0.43,77.52,0.05,0.025,0.59,0.06,0.41,0.21,21.95,0.39,2.75,11.58,1,1,0
7516.522,7507.41,1234.0,0.021,2.54,6.41,316.07,0.43,0.05,1.24,0.07,7.91,3.94,20.75,4.98,1.61,5.86,0.025,0.5,1.49,3.73,0.38,466.6,0.6,0.08,1.41,3.17,267.8,91.72,0.02,16.2,3.83,0.5,0.32,51.62,0.1,0.05,0.91,0.11,1.16,0.19,45.35,0.92,3.89,17.43,0,0,1
7575.762,7439.146,1229.0,0.011,2.68,13.26,147.9,0.38,0.05,1.06,0.05,9.55,9.13,24.17,3.96,2.09,6.39,0.025,0.87,0.99,3.33,0.49,594.42,0.56,0.03,2.18,6.12,417.0,74.14,0.04,32.24,5.27,0.5,0.81,32.63,0.12,0.025,1.23,0.17,0.79,0.39,47.13,1.01,5.35,29.63,0,0,0
7647.991,7330.175,1242.0,0.007,1.84,16.63,105.68,0.32,0.05,0.11,0.05,7.59,5.22,22.6,3.97,1.76,3.92,0.025,0.54,0.69,3.93,0.17,489.5,2.3,0.02,1.31,3.48,203.64,42.8,0.01,24.3,3.72,0.5,0.46,10.35,0.06,0.025,0.75,0.09,0.5,0.3,28.02,0.36,4.46,20.8,0,0,0
7685.385,7385.344,1208.0,0.005,7.31,15.87,960.93,0.71,0.05,4.25,0.05,32.11,7.64,25.23,8.27,2.76,12.18,0.05,2.04,2.96,12.99,0.64,1911.69,0.7,1.23,5.36,4.06,781.32,150.96,0.01,20.32,12.95,0.5,0.89,195.31,0.33,0.025,3.25,0.43,1.75,0.79,107.68,2.66,11.87,74.23,0,0,0
7749.635,7376.631,1198.0,0.005,1.69,11.69,105.84,0.29,0.05,6.19,0.06,7.47,3.38,13.57,4.14,1.16,3.78,0.025,0.49,0.62,3.81,0.22,965.48,0.59,0.04,1.12,2.25,197.47,37.84,0.005,22.35,3.03,0.5,0.43,98.01,0.07,0.025,0.68,0.07,0.45,0.21,32.16,0.76,3.53,16.01,0,0,0
7746.951,7334.899,1214.0,0.007,3.32,28.7,138.8,0.34,0.05,0.09,0.06,9.45,5.7,18.6,5.5,2.06,6.09,0.025,0.91,0.97,3.4,0.49,390.04,1.38,0.03,1.98,4.09,381.28,60.23,0.01,18.76,4.57,0.5,0.57,9.45,0.13,0.025,1.18,0.16,0.63,0.39,48.32,1.07,3.65,39.86,0,0,0
7756.197,7418.672,1175.0,0.013,3.36,39.21,154.64,0.43,0.05,0.09,0.08,16.9,4.88,16.9,4.5,2.62,6.71,0.025,0.55,1.03,5.9,0.79,1017.16,1.18,0.03,1.32,2.77,302.93,58.95,0.01,6.19,5.11,0.5,0.65,9.96,0.09,0.025,1.07,0.13,0.62,0.33,56.04,0.71,3.49,26.23,0,0,0
7756.236,7420.633,1173.0,0.0025,4.27,5.22,122.94,0.58,0.05,13.36,0.06,16.49,9.03,10.52,5.27,2.44,7.68,0.08,1.54,1.08,7.71,0.82,755.48,0.14,0.48,3.01,6.77,398.35,75.82,0.05,4.47,7.07,0.5,0.92,215.98,0.18,0.025,1.95,0.21,0.79,0.58,60.68,1.15,7.68,65.32,0,0,0
7754.63,7450.319,1158.0,0.011,2.9,20.25,85.93,0.4,0.05,3.67,0.05,8.4,5.65,22.28,2.82,1.81,6.88,0.025,0.38,0.59,4.48,0.54,669.41,0.35,0.6,1.54,3.96,274.8,41.48,0.01,11.46,5.04,0.5,0.37,79.91,0.11,0.025,0.84,0.13,0.42,0.21,86.19,0.73,4.11,14.42,0,0,0
7763.773,7522.919,1115.0,0.0025,2.03,4.25,125.19,0.26,0.07,1.11,0.12,18.03,2.56,13.73,2.24,1.1,3.4,0.025,0.85,0.77,7.63,0.31,492.66,0.37,0.03,2.17,1.86,320.58,44.1,0.005,8.64,3.21,0.5,0.65,40.23,0.19,0.025,3.18,0.08,0.46,1.05,20.64,0.4,6.44,32.78,0,0,0
7939.966,7733.444,1044.0,0.0025,4.71,2.41,230.84,0.61,0.05,2.02,0.29,20.3,7.1,11.98,4.12,2.22,7.72,0.07,1.13,0.82,10.34,0.82,792.18,0.18,1.08,2.75,4.14,396.16,61.69,0.005,10.46,5.46,0.5,0.56,72.02,0.22,0.025,2.34,0.22,0.65,0.72,56.42,2.76,5.83,40.98,0,0,0
7957.723,7749.313,1039.0,0.0025,4.95,5.87,95.46,0.5,0.05,0.46,0.12,19.04,8.41,13.59,3.42,3.1,9.22,0.025,1.27,0.49,8.18,1.03,837.39,0.61,1.42,3.31,6.01,512.23,36.96,0.005,7.39,7.37,0.5,0.69,73.66,0.24,0.025,2.58,0.22,0.32,0.88,64.26,2.78,7.09,49.69,0,0,0
7443.802,7447.359,1279.0,0.009,5.31,24.02,819.46,0.76,0.05,0.37,0.13,18.17,7.94,21.03,7.38,2.23,9.33,0.05,1.4,2.6,7.66,0.76,480.5,0.53,0.71,3.27,4.2,460.47,136.87,0.05,9.32,8.12,0.5,0.77,137.44,0.22,0.05,2.39,0.22,1.58,0.67,55.09,0.92,7.53,55.42,0,0,1
7468.3,7510.31,1259.0,0.0025,0.63,6.0,79.29,0.24,0.05,0.03,0.01,0.81,1.48,42.43,5.14,0.77,1.33,0.025,0.11,0.13,0.25,0.08,198.01,3.21,0.04,0.41,1.44,30.44,10.15,0.06,10.47,2.3,0.5,0.2,19.48,0.025,0.025,0.11,0.02,0.17,0.1,18.11,0.1,0.31,6.02,0,0,0
7520.809,7644.348,1189.0,0.007,1.92,44.56,118.99,0.39,0.05,0.21,0.29,8.1,12.48,29.56,2.0,5.8,6.47,0.025,0.43,0.12,3.16,1.05,878.36,2.26,0.16,1.0,13.75,224.0,8.06,0.05,2.91,7.54,0.5,0.51,38.38,0.05,0.025,0.6,0.07,0.08,0.41,97.15,6.41,4.87,19.88,0,0,0
7593.0,7660.0,1133.0,0.0025,4.78,8.91,239.43,0.53,0.05,0.81,0.26,18.86,13.78,29.02,3.92,4.24,10.02,0.08,1.72,0.6,7.24,1.77,913.27,1.32,1.19,2.36,10.4,502.18,31.83,0.03,2.44,9.64,0.5,0.66,155.71,0.18,0.025,1.59,0.26,0.28,0.67,107.55,0.98,10.53,72.16,0,0,0
7559.0,7715.0,1108.0,0.0025,0.38,2.05,31.32,0.26,0.05,0.38,0.05,1.27,2.49,25.14,1.14,0.68,1.18,0.025,0.05,0.06,0.56,0.08,256.94,0.37,0.05,0.1,1.24,29.38,3.32,0.005,1.91,1.28,0.5,0.21,27.63,0.025,0.025,0.07,0.01,0.05,0.1,6.76,0.1,0.64,2.0,0,0,0
7538.414,7769.906,1120.0,0.0025,6.3,10.98,373.48,0.99,0.005,1.58,0.22,33.16,14.74,37.26,6.86,3.74,13.08,0.06,1.96,1.09,14.68,1.24,1019.06,1.01,1.9,5.46,11.17,703.93,52.03,0.01,1.58,13.84,0.5,0.87,398.78,0.39,0.025,3.35,0.34,0.43,1.61,109.17,0.62,13.24,85.65,0,0,0
7483.145,7669.697,1193.0,0.0025,4.8,3.24,91.92,0.61,0.05,9.4,0.14,27.81,14.17,15.22,4.44,3.13,10.94,0.06,1.46,0.85,12.42,1.08,1257.68,0.46,1.49,3.92,6.9,546.71,48.63,0.01,1.94,10.12,0.5,0.83,210.11,0.25,0.025,2.12,0.29,0.3,0.85,98.11,1.31,10.87,61.42,0,0,0
9456.0,6383.0,1510.0,0.0025,1.52,6.09,75.92,0.27,0.005,0.05,0.05,7.68,3.59,17.74,3.83,1.49,3.94,0.025,0.37,0.41,4.73,0.46,852.94,0.62,0.02,0.92,2.62,136.06,30.11,0.005,47.86,2.64,0.5,0.37,10.58,0.07,0.025,0.8,0.08,0.32,0.28,34.28,0.74,4.92,20.6,0,0,0
9462.0,6419.0,1506.0,0.0025,1.95,18.89,70.96,0.28,0.05,1.67,0.14,9.93,4.09,24.85,5.14,1.72,4.64,0.025,0.38,0.5,4.94,0.52,462.67,0.95,0.02,1.05,3.42,146.8,45.5,0.005,35.66,3.31,0.5,0.51,32.14,0.07,0.025,0.75,0.07,0.41,0.33,36.76,0.65,3.78,17.84,0,0,0
9460.0,6415.0,1506.0,0.0025,1.13,8.58,48.64,0.18,0.005,10.05,0.12,7.47,2.63,12.88,3.5,1.08,2.85,0.025,0.19,0.3,3.82,0.22,1476.83,0.24,0.02,0.52,1.6,77.73,23.58,0.01,22.16,2.31,0.5,0.3,142.27,0.025,0.025,0.44,0.04,0.26,0.21,20.78,0.42,4.36,9.54,0,0,0
9452.0,6423.0,1502.0,0.007,2.1,20.98,73.59,0.36,0.05,5.17,0.1,9.51,6.28,16.91,5.18,2.18,5.05,0.025,0.64,0.49,4.2,0.7,1240.72,1.16,0.02,1.26,4.05,193.14,43.21,0.01,32.22,3.92,0.5,0.58,46.14,0.08,0.025,0.91,0.1,0.45,0.4,46.42,0.96,4.69,24.68,0,0,0
9447.0,6429.0,1497.0,0.006,1.58,11.97,47.57,0.24,0.05,9.97,0.06,6.58,3.69,12.12,2.65,1.64,3.56,0.025,0.44,0.3,3.65,0.56,1075.77,0.19,0.02,0.71,2.59,136.63,20.01,0.005,18.08,2.46,0.5,0.31,96.95,0.06,0.025,0.57,0.06,0.17,0.19,35.16,0.65,3.11,13.8,0,0,0
9444.0,6426.0,1495.0,0.006,1.83,16.75,62.32,0.27,0.005,10.61,0.09,7.49,4.41,9.95,3.44,1.9,4.09,0.06,0.53,0.35,4.1,0.7,1465.73,0.24,0.08,0.92,2.97,161.7,22.71,0.01,18.86,2.98,0.5,0.28,105.48,0.07,0.025,0.71,0.08,0.2,0.31,43.41,0.89,4.72,17.99,0,0,0
9452.0,6471.0,1492.0,0.227,2.3,145.09,181.59,0.27,0.05,1.68,12.03,8.33,8.19,21.05,4.5,3.59,5.12,0.025,0.52,0.62,3.42,0.57,1042.69,4.04,0.26,1.28,4.35,217.38,46.02,0.11,31.47,3.45,0.5,0.4,49.59,0.09,0.025,0.93,0.1,0.52,0.43,43.48,0.55,3.97,30.91,1,0,0
9481.0,6465.0,1504.0,0.0025,2.41,6.22,96.11,0.36,0.05,7.94,0.38,11.51,3.41,13.19,5.73,2.14,5.57,0.025,0.81,0.69,4.84,0.77,1322.29,0.36,0.02,1.61,2.74,252.44,56.82,0.005,28.12,4.58,0.5,0.54,61.94,0.32,0.025,1.26,0.14,0.5,0.37,56.44,0.93,6.19,24.5,0,0,0
9473.0,6468.0,1501.0,0.009,2.37,27.04,178.13,0.44,0.08,17.93,0.25,14.96,12.42,8.46,9.56,2.85,6.09,0.025,0.74,0.68,8.31,0.2,2235.96,2.35,0.02,1.44,5.01,227.39,47.66,0.005,16.85,4.85,0.5,3.1,105.11,0.09,0.025,1.16,0.11,0.49,0.5,52.53,0.67,6.82,25.21,0,0,0
9429.0,6643.0,1493.0,0.021,0.32,17.13,30.82,0.12,0.05,8.54,0.55,3.07,2.23,16.13,1.49,1.1,1.51,0.025,0.05,0.04,1.94,0.12,1585.42,1.7,0.02,0.1,1.71,9.38,3.24,0.005,16.03,0.75,0.5,0.2,139.55,0.53,0.025,0.06,0.01,0.07,0.22,9.21,0.1,1.65,1.93,0,0,0
9463.0,6618.0,1510.0,0.011,0.97,63.42,47.21,0.22,0.05,0.13,0.2,3.4,8.0,19.94,2.82,3.5,2.77,0.025,0.22,0.23,1.43,0.21,270.66,9.3,0.06,0.53,6.44,98.69,13.84,0.005,14.91,1.98,0.5,0.62,19.79,0.05,0.025,0.45,0.03,0.16,0.33,23.21,0.11,1.45,7.91,0,0,0
9425.0,6697.0,1496.0,0.081,0.81,21.07,41.42,0.2,0.05,2.2,0.26,3.95,3.93,21.58,2.96,1.26,2.52,0.025,0.1,0.17,2.4,0.29,715.19,1.26,0.02,0.31,2.37,65.48,12.2,0.005,21.05,1.71,0.5,0.95,28.27,0.025,0.025,0.31,0.02,0.14,0.18,17.82,0.1,1.72,5.43,0,0,0
9464.0,6717.0,1500.0,0.009,0.77,24.16,42.18,0.2,0.05,2.81,0.06,3.03,2.96,19.22,2.77,1.6,2.13,0.025,0.1,0.12,1.87,0.24,878.71,1.19,0.02,0.2,2.29,63.26,8.73,0.005,26.21,1.01,0.5,0.2,32.21,0.025,0.025,0.19,0.02,0.13,0.11,15.62,0.2,2.01,5.63,0,0,0
9466.0,6711.0,1501.0,0.006,0.83,27.78,39.79,0.14,0.05,0.36,0.07,3.49,2.35,24.98,2.94,1.28,2.4,0.025,0.1,0.21,1.95,0.16,527.57,1.05,0.02,0.21,2.13,76.56,12.49,0.005,20.47,1.29,0.5,0.2,10.37,0.025,0.025,0.19,0.02,0.17,0.1,15.43,0.11,1.65,4.08,0,0,0
9484.0,6782.0,1481.0,0.0025,1.87,43.37,61.41,0.31,0.05,2.62,0.15,8.22,4.57,21.54,3.3,1.87,3.61,0.025,0.71,0.46,4.02,0.47,1047.44,4.42,0.03,0.93,3.91,177.67,32.78,0.005,25.24,3.19,0.5,1.15,27.47,0.07,0.025,0.85,0.08,0.39,0.3,27.33,0.47,3.68,15.11,0,0,0
9489.0,6789.0,1480.0,0.0025,1.7,11.48,49.56,0.28,0.05,3.47,0.05,8.5,5.8,16.26,3.27,2.29,4.15,0.025,0.48,0.36,4.49,0.59,1378.37,0.84,0.01,1.11,4.56,185.97,29.77,0.005,22.82,3.65,0.5,0.38,26.03,0.07,0.025,0.82,0.09,0.28,0.32,37.4,0.65,4.26,19.55,0,0,0
9494.0,6797.0,1480.0,0.012,2.83,119.02,107.88,0.44,0.07,0.76,0.15,8.52,15.29,20.13,6.98,3.79,6.05,0.025,1.41,0.84,4.2,0.39,790.72,13.77,0.02,1.94,11.71,313.39,59.67,0.01,41.93,5.93,0.5,1.03,16.68,0.14,0.025,1.54,0.15,0.77,0.61,61.41,0.87,5.61,33.94,0,0,0
9499.0,6813.0,1450.0,0.007,1.98,78.18,49.98,0.27,0.05,6.74,0.34,11.37,9.53,14.6,3.28,3.23,4.72,0.025,0.92,0.32,5.77,0.81,1504.18,7.66,0.02,1.41,5.84,228.92,26.12,0.005,21.35,4.07,0.5,1.12,71.6,0.09,0.025,1.08,0.1,0.32,0.46,35.57,0.59,5.43,24.93,0,0,0
9473.0,6878.0,1461.0,0.0025,3.23,3.38,117.52,0.38,0.05,3.98,0.05,15.2,5.1,19.9,6.53,1.73,5.89,0.025,1.35,1.11,6.44,0.51,898.38,0.41,0.16,2.01,4.27,343.96,72.59,0.005,24.47,5.83,0.5,0.49,56.38,0.17,0.025,2.27,0.19,0.72,0.71,46.52,1.3,6.86,45.23,0,0,0
9474.0,6879.0,1461.0,0.006,1.77,12.31,95.42,0.24,0.05,5.1,0.05,9.79,7.19,16.49,3.06,1.5,3.87,0.025,0.63,0.53,4.95,0.35,1352.61,0.78,0.09,1.07,4.52,215.93,42.07,0.005,21.98,4.16,0.5,0.42,50.96,0.09,0.025,1.08,0.09,0.56,0.37,33.49,0.72,5.51,25.25,0,0,0
9490.0,6916.0,1469.0,0.005,2.39,10.63,39.28,0.38,0.05,0.09,0.07,10.47,6.25,21.08,4.34,3.09,6.5,0.025,0.9,0.51,5.9,0.98,769.94,1.48,0.02,1.52,4.15,236.81,41.56,0.005,21.97,4.23,0.5,0.4,10.28,0.11,0.025,1.27,0.12,0.4,0.48,46.68,0.8,5.53,31.03,0,0,0
9466.0,6973.0,1451.0,0.01,2.35,22.2,217.58,0.3,0.05,1.85,0.07,8.64,7.31,19.53,5.2,1.3,3.99,0.025,0.79,0.98,4.36,0.29,575.35,3.9,0.04,1.42,4.29,245.63,63.27,0.005,35.88,4.18,0.5,0.54,35.26,0.1,0.025,1.22,0.12,0.68,0.4,43.46,0.77,4.29,31.84,0,0,0
9384.0,6263.0,1464.0,0.01,1.16,25.53,39.25,0.2,0.05,14.51,0.27,8.03,5.91,8.09,2.84,1.65,3.24,0.025,0.31,0.28,4.59,0.55,2199.86,2.15,0.06,0.64,3.08,98.59,20.42,0.02,24.7,2.13,0.5,0.29,142.85,0.025,0.025,0.45,0.05,0.19,0.22,23.49,0.31,3.93,12.62,0,0,0
9372.0,6273.0,1492.0,0.034,2.83,102.39,74.57,0.4,0.05,3.24,0.2,14.25,15.02,17.52,6.45,5.26,8.3,0.025,0.78,0.61,6.64,1.01,1191.01,6.8,0.29,1.62,7.84,283.37,35.78,1.05,19.68,6.12,0.5,1.05,70.54,0.14,0.025,1.23,0.15,0.41,0.73,68.78,0.74,6.34,35.54,0,0,0
9371.0,6266.0,1495.0,0.024,1.32,70.26,37.82,0.29,0.05,8.09,0.15,6.4,6.85,11.27,4.1,2.29,3.6,0.05,0.22,0.35,3.67,0.48,1351.33,4.35,0.11,0.45,3.05,117.17,19.98,0.02,22.03,2.1,0.5,0.28,94.0,0.025,0.025,0.44,0.04,0.25,0.19,21.95,0.28,3.62,8.57,0,0,0
9385.0,6308.0,1494.0,0.0025,2.34,6.47,80.39,0.31,0.05,0.44,0.14,10.8,3.7,18.04,4.11,1.53,5.47,0.025,0.93,0.7,5.37,0.43,404.64,0.87,0.08,1.45,4.58,249.65,51.17,0.005,20.31,3.96,0.5,0.45,14.12,0.11,0.025,1.54,0.11,0.46,0.43,39.55,0.83,4.9,39.71,0,0,0
9392.0,6302.0,1502.0,0.005,4.97,9.99,265.3,0.56,0.05,6.68,0.56,21.36,7.97,13.22,8.46,2.46,9.46,0.025,1.44,1.3,9.67,0.74,1410.31,0.48,0.41,2.84,6.9,413.87,82.56,0.01,19.4,6.88,0.5,0.55,122.64,0.18,0.025,2.43,0.24,0.78,0.57,75.08,1.92,9.54,59.53,0,0,0
9402.0,6294.0,1509.0,0.0025,2.25,3.24,97.07,0.34,0.005,11.83,0.09,16.41,3.2,6.06,6.08,1.91,5.63,0.025,0.76,0.67,9.08,0.51,2266.34,0.24,0.04,1.2,2.22,218.48,48.88,0.005,21.4,4.24,0.5,0.44,102.97,0.1,0.025,0.96,0.1,0.43,0.29,43.71,0.88,6.52,25.51,0,0,0
9424.0,6328.0,1512.0,0.007,1.65,33.45,92.56,0.24,0.05,2.25,0.07,6.05,6.58,17.3,3.3,2.13,3.31,0.025,0.55,0.53,2.65,0.34,737.37,2.31,0.03,0.98,3.61,141.06,31.32,0.01,26.96,4.73,0.5,0.42,35.21,0.07,0.025,0.72,0.08,0.42,0.31,48.36,2.32,4.51,15.8,0,0,0
9430.0,6324.0,1519.0,0.007,1.66,25.39,113.9,0.25,0.05,0.69,0.08,4.82,6.81,28.15,3.96,1.87,3.25,0.025,0.38,0.48,2.5,0.27,574.76,1.92,0.03,0.83,3.76,152.68,32.3,0.005,32.98,3.62,0.5,0.98,18.84,0.06,0.025,0.68,0.07,0.42,0.29,39.07,0.66,3.17,14.73,0,0,0
9438.0,6320.0,1529.0,0.025,1.8,140.37,101.4,0.32,0.05,0.72,0.11,5.64,9.64,19.13,4.95,3.59,3.99,0.025,0.53,0.58,3.07,0.33,632.34,7.95,0.04,0.94,5.45,162.08,36.61,0.02,31.35,4.31,0.5,1.2,22.18,0.08,0.025,0.71,0.07,0.51,0.42,53.89,0.46,4.21,14.95,0,0,0
9830.0,6294.0,1498.0,0.009,2.06,79.74,74.12,0.26,0.05,0.04,0.07,3.76,5.13,21.07,4.94,2.37,3.72,0.025,0.28,0.52,1.11,0.34,382.41,6.84,0.05,0.7,3.12,155.25,39.07,0.005,29.52,1.92,0.5,0.3,16.4,0.05,0.025,0.64,0.05,0.33,0.31,25.2,0.11,1.34,12.87,0,0,0
9902.0,6303.0,1521.0,0.013,0.74,48.98,18.4,0.15,0.05,0.47,0.1,3.31,1.8,15.18,2.24,1.28,2.45,0.025,0.1,0.08,1.87,0.41,1052.74,2.67,0.02,0.1,1.63,70.3,5.95,0.01,25.3,0.94,0.5,0.1,10.83,0.025,0.025,0.15,0.01,0.09,0.21,18.22,0.11,1.46,2.38,0,0,0
10031.0,6376.0,1529.0,0.011,1.2,39.46,28.63,0.21,0.005,19.09,0.23,7.35,4.75,1.9,1.69,1.91,3.38,0.12,0.37,0.1,4.05,0.68,2147.89,0.38,0.02,0.75,2.19,110.63,6.62,0.02,21.99,2.3,0.5,0.2,208.16,0.06,0.025,0.54,0.06,0.08,0.3,27.78,0.58,5.02,14.93,0,0,0
10050.0,6372.0,1533.0,0.012,1.17,60.55,42.84,0.28,0.005,10.05,0.4,5.68,5.06,11.03,3.54,1.66,3.12,0.08,0.41,0.15,3.69,0.41,1958.95,1.37,0.02,0.49,2.42,82.03,10.22,0.005,30.38,2.15,0.5,0.2,105.89,0.025,0.025,0.34,0.04,0.19,0.27,22.14,0.49,3.37,10.17,0,0,0
9884.0,6720.0,1428.0,0.039,2.84,7.16,397.41,0.45,0.05,0.48,9.72,13.61,6.49,21.51,5.51,1.77,5.45,0.13,1.09,1.2,6.4,0.55,337.72,0.74,0.49,2.08,4.46,272.37,55.04,0.005,58.32,5.28,0.5,0.7,99.85,0.14,0.025,1.83,0.17,0.71,0.64,53.02,0.74,5.47,46.43,0,0,0
9842.0,6739.0,1407.0,0.0025,3.04,6.08,448.79,0.45,0.05,5.53,0.27,16.89,6.34,17.3,5.19,2.59,6.71,0.13,1.33,1.02,7.95,0.78,1299.23,0.97,0.38,2.22,4.53,297.34,50.64,0.005,30.7,5.8,0.5,0.62,137.7,0.16,0.025,1.71,0.16,0.6,0.55,52.2,0.87,7.22,47.17,0,0,0
5455.093,7871.946,659.0,0.016,3.16,42.73,153.43,0.46,0.05,0.08,0.15,14.42,4.5,20.31,5.24,1.49,8.29,0.025,1.45,1.39,7.72,0.18,229.69,12.3,0.05,2.49,2.78,281.37,108.08,0.005,9.71,5.57,0.5,0.64,8.18,0.22,0.05,3.57,0.18,0.79,0.99,46.58,2.5,5.33,68.52,0,0,1
5444.036,7875.812,660.0,0.007,3.59,20.46,104.9,0.47,0.05,0.06,0.06,26.1,2.91,23.2,5.79,1.88,7.8,0.05,1.74,1.29,10.56,0.16,217.55,8.65,0.04,2.96,2.72,585.73,96.24,0.01,14.08,5.7,0.5,0.88,6.33,0.26,0.025,3.9,0.21,0.74,1.15,46.63,1.91,6.15,65.54,0,0,0
5414.602,7890.204,657.0,0.005,2.56,20.67,108.98,0.28,0.05,0.02,0.05,6.16,0.7,16.45,2.12,1.14,4.89,0.025,0.67,1.13,3.56,0.09,90.85,22.88,0.03,1.07,1.07,195.86,75.12,0.01,6.06,3.25,0.5,0.37,4.29,0.09,0.068,1.38,0.08,0.63,0.38,24.96,1.29,2.28,19.81,0,0,1
5415.344,7888.669,657.0,0.008,3.32,32.36,187.38,0.42,0.06,0.01,0.01,12.62,0.54,14.58,3.64,1.27,7.94,0.025,1.49,1.57,6.83,0.12,60.59,35.06,0.04,2.55,0.84,222.75,118.99,0.01,10.32,5.32,1.0,0.78,5.26,0.21,0.063,3.72,0.16,0.98,0.85,53.46,2.03,4.64,77.64,0,1,1
5415.317,7886.495,657.0,0.009,2.91,43.44,128.73,0.31,0.05,0.01,0.05,11.2,1.6,22.37,1.93,1.39,6.32,0.025,1.11,1.39,5.57,0.09,69.13,3.42,0.04,2.5,1.89,165.06,91.77,0.01,6.26,4.49,1.04,0.6,3.74,0.2,0.05,3.19,0.15,0.84,0.86,30.55,1.77,3.72,42.53,0,1,1
5344.757,7899.473,623.0,0.018,2.93,41.54,138.02,0.36,0.05,0.05,0.05,6.87,1.97,21.32,2.8,1.35,6.94,0.025,0.8,1.27,3.57,0.14,148.07,4.81,0.03,1.42,1.46,333.56,96.84,0.01,5.8,4.61,0.5,0.58,3.59,0.14,0.091,1.52,0.14,0.83,0.44,39.01,0.96,2.65,37.94,0,0,1
5309.807,7918.561,599.0,0.021,3.92,35.99,208.3,0.62,0.05,0.09,0.05,22.2,4.13,14.67,8.04,2.0,10.77,0.05,1.87,1.66,9.93,0.3,656.07,3.01,0.07,3.49,2.18,506.03,127.8,0.01,16.76,6.31,0.5,0.71,8.78,0.3,0.025,4.0,0.18,0.94,1.2,63.52,2.01,5.68,62.65,0,0,0
5259.106,7957.47,567.0,0.0025,4.03,29.8,172.18,0.52,0.05,0.06,0.05,15.83,4.68,14.39,3.59,2.06,8.66,0.05,1.53,1.3,6.81,0.44,1157.54,1.22,0.05,2.9,1.73,443.9,103.01,0.005,6.86,5.89,0.5,1.02,7.07,0.23,0.025,3.62,0.2,0.84,1.01,59.43,1.5,6.1,70.97,0,0,0
5228.769,7985.177,543.0,0.0025,0.41,6.91,21.48,0.09,0.005,0.03,0.05,8.08,2.06,25.97,0.37,1.06,1.48,0.025,0.2,0.05,4.14,0.16,217.26,0.65,0.01,2.24,2.29,135.93,3.63,0.005,1.9,0.76,0.5,0.2,2.55,0.11,0.025,1.8,0.1,0.05,0.3,8.83,0.79,3.25,3.01,0,0,0
5284.909,8057.846,559.0,0.0025,0.33,2.08,18.55,0.1,0.05,29.67,0.06,29.68,2.0,0.5,0.59,0.74,1.93,0.05,0.1,0.11,16.46,0.14,20231.46,0.13,0.04,0.22,0.39,48.14,6.58,0.005,0.49,1.63,1.07,0.2,322.95,0.025,0.025,0.33,0.02,0.06,0.1,4.16,0.2,20.19,3.94,0,1,0
5292.965,8045.829,567.0,0.01,3.61,21.78,166.58,0.47,0.05,0.13,0.01,8.85,3.83,10.93,4.39,1.86,8.63,0.025,1.11,1.55,4.28,0.37,843.36,1.32,0.04,2.09,1.53,338.32,102.9,0.005,5.71,4.89,0.5,0.89,6.78,0.16,0.025,2.6,0.14,0.8,0.85,65.4,1.45,4.41,67.08,0,0,0
5300.878,8029.965,566.0,0.006,4.1,16.89,215.08,0.43,0.05,0.08,0.05,11.02,4.27,14.9,3.4,2.02,8.61,0.025,1.55,1.55,5.66,0.35,886.62,2.4,0.05,2.85,1.69,444.23,128.86,0.01,3.26,4.09,0.5,1.56,6.4,0.23,0.025,4.07,0.15,1.27,0.84,45.28,1.76,4.45,54.9,0,0,0
5306.604,8039.198,577.0,0.009,2.82,8.83,196.57,0.5,0.05,15.99,0.16,20.13,3.42,5.96,4.19,1.39,6.52,0.025,0.85,1.18,10.22,0.31,2145.73,0.56,0.04,1.97,1.38,254.93,85.19,0.005,4.07,3.49,0.5,0.53,249.88,0.16,0.025,1.97,0.13,0.65,0.46,44.47,1.29,7.31,27.21,0,0,0
5319.665,8036.053,590.0,0.009,3.43,16.49,197.34,0.58,0.05,0.05,0.06,8.26,3.27,8.5,3.62,1.35,7.22,0.025,0.95,1.36,3.53,0.11,944.7,2.6,0.04,1.7,1.3,105.01,105.05,0.005,11.76,3.93,0.5,0.74,5.83,0.14,0.025,2.39,0.1,0.9,0.59,41.19,1.14,3.37,60.1,0,0,0
5320.663,8036.777,592.0,0.0025,2.15,16.46,106.03,0.32,0.05,21.81,0.22,23.6,3.72,4.19,3.17,1.24,5.08,0.025,0.7,0.85,15.22,0.26,3114.67,1.74,0.03,1.41,1.39,184.11,60.64,0.04,4.4,3.04,1.0,0.54,343.19,0.1,0.025,1.55,0.09,0.47,0.48,28.28,0.75,8.05,25.86,0,1,0
5275.099,7313.326,762.0,0.0025,3.21,2.17,323.24,0.29,0.05,1.04,0.06,99.4,6.43,25.35,4.65,1.98,9.66,0.08,0.72,1.2,65.46,0.54,377.07,0.71,0.33,6.3,5.47,341.84,63.12,0.005,1.31,3.94,0.5,0.58,94.9,0.45,0.025,4.04,0.24,0.3,0.92,52.88,0.39,10.82,18.77,0,0,0
5346.698,8030.614,593.0,0.012,2.93,12.48,174.11,0.37,0.05,0.06,0.01,3.0,1.96,17.19,3.21,1.1,6.47,0.025,0.52,1.48,1.63,0.24,249.27,1.34,0.03,1.36,1.11,271.12,108.33,0.005,4.15,2.09,0.5,1.04,3.82,0.1,0.025,1.54,0.1,0.92,0.37,35.23,0.93,1.55,19.65,0,0,0
5364.713,8030.412,598.0,0.009,2.84,12.08,123.1,0.34,0.05,0.07,0.05,8.98,2.6,19.61,3.7,1.45,6.72,0.025,0.94,0.97,4.8,0.26,424.92,1.59,0.04,1.76,1.38,325.32,78.91,0.005,7.13,3.4,0.5,0.65,6.58,0.15,0.025,2.32,0.12,0.58,0.66,44.76,0.82,3.21,34.76,0,0,0
5382.598,8030.441,596.0,0.0025,3.18,20.15,199.23,0.47,0.05,0.07,0.06,9.49,2.71,11.7,5.69,1.29,6.91,0.025,1.07,1.42,4.54,0.17,394.15,1.25,0.04,1.81,1.28,207.46,91.39,0.005,5.49,3.68,0.5,0.75,6.28,0.16,0.025,2.38,0.14,0.69,0.63,36.12,0.9,3.72,32.12,0,0,0
5392.416,8028.566,593.0,0.038,5.18,117.87,323.32,0.71,0.12,0.08,0.13,13.67,7.16,15.03,5.33,2.58,10.66,0.025,1.37,2.27,6.89,0.2,906.17,2.42,0.07,2.72,2.85,343.0,148.0,0.01,21.63,6.01,0.5,1.39,8.06,0.23,0.072,3.73,0.2,1.22,1.02,77.61,1.82,6.05,68.06,0,0,1
5407.75,8024.675,590.0,0.009,4.29,41.88,266.85,0.51,0.07,0.09,0.05,16.08,3.94,17.58,4.43,1.69,8.76,0.025,1.77,1.78,7.87,0.23,480.29,3.58,0.06,2.68,1.85,381.66,113.0,0.005,8.02,5.27,1.01,1.71,7.07,0.2,0.025,2.96,0.18,1.18,0.96,58.89,1.08,5.64,75.43,0,1,0
5412.525,8021.974,589.0,0.021,3.49,46.65,190.28,0.48,0.05,0.15,0.17,17.95,4.53,10.12,4.68,1.8,7.49,0.025,1.36,1.22,7.77,0.29,471.18,10.72,0.04,2.39,1.4,389.54,92.76,0.01,13.56,5.0,0.5,0.71,9.24,0.2,0.076,2.55,0.15,0.8,0.79,44.48,1.13,5.82,47.44,0,0,1
5412.399,8021.496,592.0,0.0025,3.34,13.3,239.74,0.71,0.05,0.16,0.09,20.51,2.33,13.43,9.02,2.16,9.53,0.025,1.25,1.43,9.28,0.32,455.63,6.61,0.04,2.72,2.16,526.18,95.01,0.005,6.83,5.66,0.5,0.75,14.96,0.22,0.025,3.42,0.21,0.71,0.82,60.46,2.11,9.75,49.65,0,0,0
5427.29,8016.623,590.0,0.015,2.9,29.93,140.09,0.43,0.05,0.08,0.01,14.39,2.6,15.33,5.31,1.1,5.79,0.025,1.09,1.09,6.68,0.21,362.72,3.61,0.03,1.9,1.35,302.87,88.73,0.01,5.84,3.41,0.5,0.63,8.56,0.15,0.025,2.39,0.12,0.67,0.63,35.75,1.1,3.76,54.26,0,0,0
5448.353,8013.825,583.0,0.0025,6.58,5.39,273.28,1.98,0.05,0.07,0.05,51.05,0.65,2.98,4.7,1.06,16.35,0.05,3.22,1.64,30.59,0.07,232.48,0.89,2.61,6.94,0.98,109.29,110.6,0.005,1.69,2.71,0.5,1.77,134.73,0.94,0.025,20.15,0.05,0.69,5.45,1.9,1.01,15.71,83.49,0,0,0
5492.003,8007.473,580.0,0.0025,3.86,22.81,162.53,0.71,0.05,0.1,0.17,22.17,4.72,12.79,6.76,1.65,9.12,0.025,1.44,1.61,10.3,0.2,700.09,2.59,0.06,2.85,2.16,376.32,118.59,0.01,7.57,5.31,0.5,0.95,7.99,0.22,0.025,3.79,0.19,0.86,1.02,47.45,2.08,9.87,63.94,0,0,0
5531.158,7963.812,610.0,0.0025,4.13,13.08,129.51,0.55,0.05,0.2,0.05,30.15,4.8,21.55,6.25,2.59,9.18,0.05,2.17,0.81,15.25,0.33,518.16,1.41,1.55,3.9,2.32,551.31,62.66,0.01,8.66,5.99,0.5,0.99,64.37,0.28,0.025,4.18,0.23,0.46,1.22,57.79,2.17,9.46,82.18,0,0,0
5506.205,8010.576,580.0,0.0025,2.39,24.19,116.0,0.39,0.05,0.1,0.05,28.5,2.22,19.93,2.85,1.37,6.21,0.1,1.36,0.97,16.21,0.11,182.07,2.36,0.03,2.32,1.42,313.72,75.68,0.005,10.53,5.01,0.5,0.71,5.29,0.17,0.025,3.34,0.15,0.59,0.91,48.64,1.51,5.93,61.27,0,0,0
5522.985,8011.88,572.0,0.005,4.49,51.27,257.35,0.63,0.07,0.13,0.4,24.16,3.64,18.61,4.71,1.79,11.27,0.025,1.87,1.92,10.8,0.21,497.61,2.43,0.04,3.4,3.08,464.36,133.94,0.01,9.9,6.75,0.5,1.01,8.53,0.25,0.025,3.94,0.23,1.07,0.98,78.22,1.45,8.55,62.98,0,0,0
5523.253,8011.928,571.0,0.0025,2.95,22.54,192.69,0.45,0.08,0.09,0.39,19.37,3.51,16.42,3.2,1.39,6.49,0.025,1.72,1.38,9.09,0.18,580.13,3.59,0.03,2.68,1.95,307.12,97.97,0.005,7.35,5.25,0.5,0.83,6.98,0.22,0.025,3.15,0.15,0.72,0.79,47.88,1.08,6.29,68.95,0,0,0
5512.583,8019.745,569.0,0.008,4.69,25.04,236.91,0.64,0.05,0.09,0.08,24.78,6.32,14.76,6.55,2.44,12.25,0.025,2.08,1.96,12.08,0.47,1004.29,3.45,0.07,3.42,2.22,486.69,152.09,0.005,8.21,6.56,0.5,1.1,7.71,0.28,0.025,4.32,0.21,1.1,1.13,69.73,1.59,10.22,77.06,0,0,0
5557.228,8030.05,569.0,0.0025,4.1,8.5,235.91,0.66,0.05,0.14,0.05,23.27,2.59,11.92,6.92,1.25,9.54,0.025,1.65,1.68,10.5,0.15,324.87,2.03,0.14,3.24,1.37,445.08,117.99,0.005,10.98,5.68,0.5,0.8,12.17,0.29,0.025,3.58,0.19,0.82,0.96,57.99,1.5,7.5,65.66,0,0,0
5568.791,8001.131,589.0,0.006,2.85,22.63,188.38,0.41,0.05,0.06,0.24,12.01,1.9,16.05,3.01,1.51,6.88,0.025,1.04,1.33,5.89,0.17,1764.68,1.44,0.03,1.87,2.33,308.05,101.55,0.01,13.57,3.04,0.5,1.07,6.12,0.14,0.025,2.47,0.12,0.73,0.85,44.6,1.17,4.27,44.99,0,0,0
6121.046,7536.826,921.0,0.0025,3.09,5.71,466.73,0.33,0.05,1.06,0.07,12.93,6.35,24.37,2.89,2.17,6.13,0.025,0.88,1.27,6.4,0.91,841.57,0.47,0.34,2.08,3.9,289.84,64.18,0.01,13.28,5.57,0.5,0.63,55.78,0.13,0.025,1.18,0.15,0.79,0.41,53.08,0.83,4.91,32.51,0,0,0
5627.657,8011.16,592.0,0.0025,1.32,35.61,64.0,0.36,0.05,0.05,0.07,12.4,1.84,29.63,1.58,0.97,3.34,0.025,0.59,0.55,7.55,0.04,168.4,6.71,0.02,0.82,1.51,141.33,38.88,0.01,45.87,1.59,0.5,0.4,4.84,0.08,0.025,1.26,0.06,0.28,0.39,14.41,0.8,2.89,22.97,0,0,0
5614.553,7977.078,616.0,0.0025,1.08,1.8,76.0,0.74,0.005,0.1,0.01,4.58,1.14,32.22,1.33,0.89,3.58,0.025,0.42,0.21,2.35,0.15,208.79,0.52,0.25,0.78,1.32,147.18,15.51,0.005,2.87,1.28,0.5,0.29,24.15,0.06,0.025,0.98,0.04,0.12,0.3,13.29,0.2,1.48,16.48,0,0,0
5666.99,8011.368,599.0,0.0025,0.48,13.05,40.88,0.4,0.005,0.07,0.09,2.86,0.59,28.36,1.04,0.58,1.79,0.13,0.05,0.18,1.43,0.01,553.83,0.71,0.02,0.05,1.29,39.73,11.31,0.02,19.06,0.28,0.5,0.2,6.32,0.025,0.025,0.18,0.01,0.1,0.05,3.98,0.05,0.74,2.36,0,0,0
5700.837,8007.122,601.0,0.006,3.92,46.86,183.07,0.58,0.05,0.07,0.23,28.1,1.45,19.74,5.11,1.32,8.91,0.025,1.33,1.64,14.29,0.13,89.42,10.96,0.04,3.33,1.56,441.94,114.4,0.08,36.39,5.06,0.5,0.78,8.56,0.25,0.025,3.61,0.18,1.06,0.94,52.06,1.93,6.01,57.07,0,0,0
5700.844,8006.847,601.0,0.053,5.37,537.15,224.01,0.85,0.05,0.02,0.84,18.08,5.54,9.92,9.67,4.33,12.7,0.06,2.02,2.4,9.41,0.17,194.77,40.48,0.04,5.34,3.09,574.9,164.21,0.11,35.19,6.8,1.0,1.3,7.55,0.39,0.025,4.81,0.29,1.5,1.04,84.72,2.9,7.75,78.91,0,1,0
5700.862,8006.657,601.0,0.171,3.58,328.04,179.5,0.55,0.05,0.06,0.67,19.13,3.92,17.46,4.21,3.64,7.48,0.05,1.63,1.53,10.11,0.12,86.96,21.77,0.04,3.26,1.76,299.59,116.66,2.49,25.58,5.46,0.5,0.93,8.77,0.25,0.025,4.36,0.16,0.86,1.07,60.19,1.49,4.68,51.94,1,0,0
5700.856,8006.524,601.0,0.078,4.52,109.5,182.92,0.57,0.05,0.09,0.12,20.23,1.2,15.72,5.48,1.93,9.03,0.025,1.79,2.03,10.16,0.13,75.9,37.28,0.04,3.09,1.22,333.83,121.48,0.03,28.63,5.89,0.5,0.93,11.88,0.28,0.025,4.68,0.21,0.93,0.95,66.27,1.98,5.72,75.8,0,0,0
5342.774,7989.736,601.0,0.028,3.83,16.78,213.52,0.52,0.05,0.09,0.05,18.01,2.94,17.34,3.62,1.83,8.67,0.025,1.47,1.45,13.07,0.34,597.37,1.28,0.09,2.9,1.61,476.37,106.88,0.005,8.85,4.35,0.5,0.77,7.72,0.21,0.025,3.88,0.14,0.75,0.98,47.07,1.4,8.63,71.25,0,0,0
5350.305,7950.648,621.0,0.0025,3.14,2.73,226.26,0.48,0.05,0.61,0.08,17.14,2.34,30.15,2.39,1.21,7.54,0.09,1.36,0.66,8.36,0.13,299.21,0.45,0.92,3.18,1.42,311.57,43.13,0.005,4.87,4.99,0.5,0.59,116.72,0.19,0.025,3.8,0.14,0.39,0.82,43.87,0.36,6.27,49.9,0,0,0
5322.32,7998.088,586.0,0.009,3.5,12.81,184.22,0.64,0.05,0.08,0.05,19.05,3.53,16.03,4.05,1.62,8.04,0.025,1.0,1.48,8.77,0.32,503.4,1.0,0.09,2.44,1.6,320.52,104.53,0.005,13.56,4.1,0.5,0.77,10.19,0.19,0.025,2.93,0.12,0.8,0.64,50.95,1.04,4.14,40.56,0,0,0
5295.573,8026.062,567.0,0.009,4.79,31.16,238.42,0.62,0.05,0.1,0.07,27.7,5.67,21.78,5.66,2.54,12.16,0.05,1.75,1.85,11.57,0.55,1120.26,3.87,0.24,3.87,2.54,634.91,138.09,0.01,5.96,6.55,0.5,1.03,11.47,0.33,0.025,4.93,0.22,1.03,1.17,59.84,1.65,7.07,65.79,0,0,0
5287.779,7999.252,564.0,0.0025,5.35,45.28,330.29,0.57,0.05,0.05,0.05,5.46,6.02,12.09,3.04,2.66,12.89,0.025,0.77,2.34,2.94,0.51,755.56,2.76,0.04,1.91,1.94,370.26,191.63,0.03,4.67,4.99,0.5,2.06,4.92,0.16,0.025,1.93,0.14,1.7,0.5,55.99,1.29,3.18,31.95,0,0,0
5272.752,8025.306,556.0,0.0025,6.71,23.92,479.65,0.7,0.05,0.1,0.05,19.45,6.4,15.32,4.71,2.97,15.47,0.05,1.81,2.88,9.7,0.58,1029.59,0.68,0.05,4.03,2.79,605.45,188.96,0.005,3.48,8.8,0.5,1.87,7.34,0.34,0.025,4.26,0.25,1.99,1.06,81.68,2.38,7.57,54.92,0,0,0
5272.383,8025.099,556.0,0.0025,4.75,25.92,366.08,0.57,0.05,0.07,0.05,14.87,4.5,13.53,4.2,2.1,11.5,0.025,1.27,2.27,6.08,0.42,549.3,0.77,0.04,3.04,1.79,492.95,148.11,0.005,8.4,5.76,0.5,1.85,5.02,0.23,0.025,3.38,0.19,1.46,0.96,67.99,2.24,4.21,47.9,0,0,0
4902.394,6760.422,959.0,0.676,1.45,4.61,72.83,0.25,0.05,0.07,0.1,2.87,1.86,28.25,3.32,0.54,2.6,0.025,0.1,0.66,0.91,0.1,137.68,0.63,0.03,0.2,1.67,56.83,43.52,0.02,20.59,0.76,0.5,0.2,6.6,0.025,0.025,0.25,0.02,0.29,0.1,12.05,0.4,0.72,4.6,1,0,0
4886.0,6902.0,857.0,0.043,1.16,3.38,53.84,0.23,0.05,0.04,0.05,1.19,0.49,34.55,1.74,0.35,1.89,0.025,0.05,0.45,0.25,0.05,123.67,0.52,0.02,0.1,1.49,32.52,27.36,0.005,13.56,0.31,0.5,0.2,4.66,0.025,0.025,0.11,0.01,0.22,0.05,7.25,0.11,0.19,0.96,0,0,0
4886.0,6801.0,926.0,0.308,1.13,7.75,75.08,0.27,0.05,0.06,0.05,0.96,0.86,20.8,1.7,0.54,2.18,0.025,0.05,0.4,0.25,0.05,118.7,1.14,0.02,0.1,1.39,37.98,25.52,0.005,10.31,0.46,0.5,0.21,4.45,0.025,0.025,0.12,0.01,0.27,0.05,11.88,0.1,0.3,1.47,1,0,0
4884.0,6819.0,910.0,0.031,0.89,3.9,79.09,0.48,0.005,0.07,0.05,0.75,0.28,23.52,2.06,0.35,1.37,0.025,0.1,0.38,0.25,0.03,73.47,1.13,0.02,0.05,1.12,30.19,22.15,0.005,13.17,0.28,0.5,0.1,7.67,0.025,0.025,0.1,0.01,0.22,0.05,6.08,0.1,0.2,1.21,0,0,0
4878.0,6847.0,903.0,0.054,1.06,2.49,40.69,0.3,0.005,0.04,0.05,0.78,0.48,23.84,2.19,0.39,1.79,0.05,0.05,0.41,0.5,0.05,116.88,0.49,0.02,0.1,1.29,49.56,20.89,0.005,8.42,0.74,0.5,0.22,7.21,0.025,0.025,0.11,0.02,0.27,0.05,8.89,0.11,0.42,1.7,0,0,0
4596.0,6494.0,886.0,0.08,3.25,3.02,668.08,0.43,0.06,1.38,0.23,13.83,5.92,26.24,2.51,2.65,7.28,0.05,0.41,0.96,6.9,0.48,507.32,3.25,0.53,2.35,3.99,360.59,36.0,0.12,17.19,6.49,0.5,0.5,104.15,0.15,0.669,1.11,0.18,0.46,0.29,51.44,0.89,6.61,13.76,0,0,1
5596.648,7870.94,671.0,0.008,3.99,49.1,171.1,0.52,0.07,0.07,1.41,23.58,5.74,21.42,4.38,1.7,8.71,0.05,1.09,1.73,9.31,0.12,516.77,2.76,0.04,2.29,3.13,338.69,117.54,0.01,12.89,4.84,0.5,1.05,6.75,0.2,0.05,2.66,0.18,1.08,0.8,40.28,1.52,5.41,53.13,0,0,1
5604.192,7861.974,673.0,0.017,2.97,69.82,194.59,0.68,0.32,0.02,1.09,7.2,2.12,16.21,6.88,2.23,6.77,0.025,0.55,1.52,3.2,0.12,117.39,5.11,0.03,0.99,2.66,362.69,88.64,0.03,7.8,3.49,0.5,0.87,5.02,0.1,0.085,1.34,0.08,1.06,0.47,31.46,0.75,3.24,20.34,0,0,1
5604.457,7862.093,673.0,0.0025,6.11,32.08,201.65,1.04,0.42,0.06,1.97,25.73,2.82,20.0,11.56,2.48,12.23,0.06,1.85,2.16,12.23,0.31,335.35,6.29,0.05,4.02,3.36,641.68,157.78,0.01,11.57,8.37,1.0,1.43,17.6,0.32,0.093,5.06,0.3,1.32,1.25,75.27,2.29,9.45,67.64,0,1,1
5599.653,7836.193,694.0,0.01,7.71,27.59,281.46,1.13,0.9,0.2,0.24,34.21,6.73,23.75,17.21,3.24,19.44,0.07,2.19,2.51,16.72,0.63,284.33,1.49,0.28,5.15,4.92,254.6,174.26,0.005,9.57,11.44,0.5,2.8,33.37,0.44,0.182,6.68,0.32,1.52,1.85,85.8,2.42,11.87,93.74,0,0,1
5629.405,7831.748,703.0,0.023,6.47,91.75,395.26,0.83,0.45,0.02,0.4,25.41,2.56,22.1,11.82,2.36,16.65,0.07,2.31,2.77,14.04,0.25,249.22,6.44,0.07,6.6,1.81,225.46,197.48,0.04,7.76,8.99,0.5,2.64,9.17,0.58,0.116,7.55,0.37,1.75,1.71,87.96,4.36,8.35,90.28,0,0,1
5629.737,7831.999,703.0,0.031,1.32,92.42,111.86,0.21,0.52,0.01,0.66,5.04,2.4,20.83,2.04,1.55,3.09,0.025,0.53,0.6,2.67,0.05,394.97,2.73,0.01,1.11,1.74,98.52,48.78,0.05,9.29,1.65,0.5,0.68,2.07,0.08,0.07,1.64,0.08,0.44,0.43,18.16,0.81,1.23,14.54,0,0,1
5642.476,7842.945,697.0,0.006,1.73,24.4,138.22,0.3,0.08,0.02,0.09,7.09,1.62,18.35,1.95,0.89,4.32,0.025,0.43,0.85,2.82,0.07,522.99,0.97,0.02,1.07,1.49,121.12,56.88,0.01,3.88,2.29,0.5,1.54,3.12,0.09,0.025,0.99,0.06,0.62,0.29,22.6,0.91,1.75,17.26,0,0,0
5655.921,7832.334,706.0,0.005,3.82,24.08,263.44,0.63,0.59,0.07,0.44,13.36,7.27,14.73,5.49,1.7,8.73,0.025,0.98,1.57,5.53,0.2,275.8,10.36,0.03,1.85,1.73,335.7,118.65,0.01,10.06,5.26,0.5,1.34,5.89,0.19,0.141,2.62,0.14,1.13,0.82,57.01,0.98,4.46,33.75,0,0,1
5710.66,7849.902,722.0,0.0025,4.23,25.86,303.11,0.56,0.06,0.06,0.05,18.82,4.1,21.92,5.14,1.39,9.64,0.025,1.29,1.85,9.01,0.13,145.6,2.5,0.05,3.82,2.87,309.83,140.8,0.005,5.03,6.38,0.5,1.12,7.92,0.27,0.051,3.85,0.24,1.29,1.16,48.57,2.34,5.94,57.8,0,0,1
5211.113,7777.32,594.0,0.0025,9.96,131.4,627.54,1.57,0.005,0.23,0.12,54.99,9.98,15.75,19.7,3.39,22.99,0.09,2.85,4.56,24.65,0.29,981.16,0.8,0.48,10.19,3.27,937.2,340.77,0.005,28.41,16.97,1.0,1.59,40.59,0.67,0.025,10.18,0.47,3.04,2.66,199.99,5.67,12.5,115.03,0,1,0
4831.0,7511.0,557.0,0.023,4.93,93.73,296.87,0.82,0.05,0.14,0.11,35.34,5.26,8.63,4.43,3.4,9.85,0.07,1.19,2.27,19.26,0.31,504.68,6.77,0.06,7.75,1.46,610.54,137.48,0.005,3.27,9.72,0.5,0.88,13.38,0.47,0.068,4.48,0.31,1.09,1.02,66.95,1.48,15.86,43.42,0,0,1
5107.181,7796.021,543.0,0.0025,6.68,51.33,500.23,0.97,0.05,0.2,0.14,39.0,5.56,15.24,8.91,1.33,14.71,0.07,2.17,3.16,22.73,0.23,709.76,1.53,0.05,5.01,1.58,758.96,163.35,0.01,25.91,9.73,0.5,0.7,12.34,0.48,0.025,6.75,0.33,1.84,1.61,79.68,1.63,11.29,85.62,0,0,0
5076.036,7728.606,561.0,0.008,7.27,135.01,451.06,2.28,0.05,0.06,1.19,50.75,0.73,4.11,5.0,2.15,15.09,0.08,3.06,3.43,28.27,0.12,791.64,2.44,0.24,8.03,0.54,117.77,168.41,0.12,11.59,9.94,0.5,5.55,16.15,0.88,0.025,15.35,0.1,1.53,3.53,9.46,0.8,16.69,112.11,0,0,0
5057.794,7710.406,563.0,0.0025,8.13,5.18,919.05,1.5,0.05,1.37,0.15,49.46,12.11,36.0,6.88,3.97,21.85,0.09,3.01,3.02,28.75,1.1,832.51,0.36,2.84,7.58,11.08,950.49,140.94,0.005,2.77,14.67,0.5,1.47,315.45,0.63,0.025,9.59,0.44,1.29,2.14,105.38,1.25,17.5,98.28,0,0,0
5153.999,7735.219,593.0,0.013,8.65,179.05,733.92,1.13,0.05,0.34,0.38,52.09,9.0,16.59,11.45,3.29,21.12,0.1,1.98,4.46,23.32,0.29,2100.01,0.34,0.08,8.1,3.66,924.56,260.01,0.01,28.85,14.93,0.5,3.09,18.8,0.6,0.025,6.86,0.44,2.14,1.6,93.27,2.39,14.43,82.17,0,0,0
5144.728,7682.647,610.0,0.0025,6.46,11.92,421.63,2.11,0.05,0.06,0.76,62.41,0.3,2.17,3.3,1.38,16.02,0.08,2.63,2.45,31.67,0.09,712.74,0.64,1.88,6.75,0.42,67.3,124.42,0.01,3.01,7.88,0.5,3.84,41.17,0.76,0.025,17.19,0.07,0.99,3.5,4.23,0.66,13.61,74.92,0,0,0
5144.416,7638.749,617.0,0.009,2.44,25.01,189.99,0.56,0.005,0.05,0.12,14.46,5.89,22.19,4.43,2.2,7.34,0.05,0.77,0.86,7.76,0.3,710.6,1.18,0.03,1.99,2.36,174.66,45.13,0.01,3.49,3.02,0.5,0.39,9.39,0.11,0.025,1.82,0.08,0.39,1.72,148.24,0.49,5.64,33.19,0,0,0
5225.282,7644.835,649.0,0.0025,2.28,1.27,211.43,0.48,0.05,0.13,0.05,16.37,2.05,26.14,4.17,0.88,4.58,0.05,0.57,0.55,8.29,0.14,970.31,0.44,0.23,1.41,1.65,183.99,32.81,0.01,2.45,3.27,0.5,0.39,36.14,0.11,0.025,1.52,0.08,0.29,0.4,39.14,0.2,4.79,30.45,0,0,0
5115.68,7265.548,789.0,0.0025,6.47,1.11,602.11,1.73,0.26,0.7,0.05,50.57,0.31,4.91,5.56,0.9,13.06,0.06,2.46,2.43,24.4,0.08,211.08,1.32,1.06,5.99,0.42,102.57,97.78,0.005,0.59,2.25,0.5,2.77,123.12,1.05,0.025,18.84,0.04,0.58,6.71,1.0,0.74,21.94,75.43,0,0,0
4674.0,7389.0,549.0,1.181,0.56,8.03,51.63,0.25,0.005,0.03,0.05,0.31,0.3,18.33,1.25,0.29,0.98,0.025,0.05,0.22,0.25,0.02,37.55,0.71,0.02,0.05,0.92,20.67,15.13,0.005,15.29,0.1,0.5,0.1,6.66,0.025,0.025,0.05,0.0025,0.11,0.05,7.88,0.05,0.11,0.76,1,0,0
4519.0,7265.0,550.0,0.015,3.62,64.75,137.43,0.56,0.05,0.11,0.06,19.61,4.81,20.32,3.88,2.05,8.19,0.05,1.15,1.23,8.97,0.18,534.53,1.02,0.8,2.18,2.19,385.28,80.07,0.005,10.45,5.67,0.5,1.07,36.06,0.22,0.025,2.95,0.15,0.76,0.93,66.8,1.04,5.45,39.53,0,0,0
5401.676,8034.352,590.0,0.0025,1.89,10.97,105.17,0.36,0.005,27.78,0.05,26.6,2.6,2.16,1.99,1.47,4.77,0.07,0.47,0.79,14.28,0.27,15458.57,0.33,0.02,0.91,0.1,240.72,57.24,0.04,0.92,3.32,1.07,1.08,305.18,0.09,0.025,1.33,0.07,0.51,0.41,23.58,0.74,23.99,21.49,0,1,0
5488.196,8046.583,563.0,0.008,3.75,21.18,177.86,0.6,0.05,0.12,0.05,25.03,5.79,13.87,6.86,2.38,6.98,0.1,1.86,1.15,12.32,0.54,1027.6,1.61,0.26,3.55,1.78,628.89,79.01,0.01,10.81,8.79,0.5,0.73,15.21,0.28,0.025,4.25,0.26,0.63,1.31,59.07,2.8,8.91,69.35,0,0,0
5421.191,8107.76,537.0,0.0025,7.18,6.71,872.56,1.92,0.15,0.15,0.14,47.62,1.07,5.41,6.56,1.21,16.34,0.07,2.68,3.75,24.37,0.1,425.27,1.35,1.9,6.34,0.81,122.82,159.47,0.01,2.28,3.02,0.5,3.07,133.2,0.96,0.025,17.81,0.07,1.63,4.96,4.79,1.28,17.58,101.94,0,0,0
5370.292,8166.589,504.0,0.009,3.61,30.78,261.62,0.43,0.05,0.09,0.06,9.77,8.29,16.94,2.75,3.07,8.12,0.05,0.65,1.37,4.12,0.3,1566.37,1.29,0.04,1.87,2.41,328.69,107.08,0.02,5.61,3.9,0.5,3.89,7.5,0.15,0.025,2.0,0.1,1.02,0.64,38.09,0.61,3.91,35.2,0,0,0
5359.797,8200.243,503.0,0.0025,8.16,2.82,804.77,1.37,0.05,1.82,0.11,44.7,12.5,31.58,2.02,3.83,17.52,0.05,2.44,1.84,26.49,1.2,683.79,0.26,2.66,8.14,11.36,754.26,69.05,0.01,3.28,13.63,0.5,1.53,399.47,0.55,0.025,7.88,0.35,0.58,1.9,107.25,0.64,18.8,74.0,0,0,0
5325.548,8181.649,498.0,0.0025,4.46,21.03,364.04,0.67,0.05,0.09,0.07,19.13,7.07,13.53,8.02,1.89,10.74,0.025,0.97,1.91,12.17,0.29,733.0,3.21,0.09,2.83,4.49,317.42,147.97,0.01,5.23,6.28,0.5,2.5,10.56,0.2,0.025,3.53,0.17,1.37,0.72,71.05,2.15,5.95,30.67,0,0,0
5416.856,6990.309,973.0,0.0025,5.26,5.1,30.77,0.42,0.07,5.43,0.49,20.17,5.36,24.4,0.68,3.58,28.52,0.025,0.99,0.07,8.37,0.38,1036.27,1.28,0.46,3.08,4.74,334.2,3.82,0.01,20.06,6.97,0.5,0.75,1289.52,0.24,0.06,2.06,0.2,0.07,0.57,149.08,0.61,8.42,28.04,0,0,1
4635.393,7157.17,657.0,0.0025,2.02,38.96,83.12,0.32,0.05,0.07,0.05,10.22,2.93,15.05,3.55,1.32,4.56,0.025,0.66,0.7,4.48,0.16,258.22,5.57,0.29,1.52,1.26,205.45,53.34,0.005,31.99,2.85,0.5,0.37,16.89,0.09,0.025,1.79,0.09,0.41,0.46,38.35,0.53,2.72,23.92,0,0,0
5294.175,7040.576,938.0,0.0025,5.41,0.41,288.68,1.32,0.18,1.05,0.13,36.54,0.49,3.11,6.54,0.78,15.46,0.025,2.63,2.33,21.55,0.19,349.86,0.66,1.22,7.37,0.53,130.91,139.38,0.005,3.5,2.08,0.5,2.49,64.93,0.83,0.025,17.29,0.03,0.93,4.96,2.89,0.3,15.39,63.43,0,0,0
5289.277,7052.313,926.0,0.019,5.55,4.1,162.63,0.68,0.15,0.13,0.23,50.71,1.02,1.08,1.42,0.7,9.65,0.025,2.6,0.95,24.95,0.17,575.98,0.36,3.67,7.94,0.61,67.99,49.53,0.005,1.35,2.37,0.5,2.75,103.24,0.97,0.538,20.07,0.04,0.29,5.61,4.34,0.4,16.91,69.68,0,0,1
7134.0,6878.0,1192.0,0.0025,8.19,2.74,351.02,0.98,0.05,3.29,0.1,25.59,17.62,33.27,5.39,4.65,18.33,0.07,2.13,1.29,12.09,1.88,753.65,0.78,2.21,6.41,11.14,698.24,34.91,0.01,2.28,16.46,0.5,1.16,376.78,0.36,0.025,3.25,0.48,0.39,0.98,149.97,0.64,13.7,69.32,0,0,0
7043.0,6955.0,1179.0,0.0025,6.07,0.4,471.95,1.5,0.05,1.73,0.29,46.98,0.75,0.5,2.27,1.54,18.4,0.025,3.52,2.03,22.97,0.07,531.68,1.22,2.1,8.3,0.72,98.33,92.25,0.01,1.33,9.08,0.5,2.5,157.52,0.61,0.025,10.87,0.07,0.8,2.55,2.86,0.32,15.25,109.61,0,0,0
6688.0,7269.0,1077.0,0.0025,7.7,1.77,554.23,1.03,0.06,2.93,0.11,31.68,17.95,32.02,1.77,4.54,20.73,0.1,1.68,0.9,13.13,2.48,637.85,0.26,2.17,7.42,12.23,888.97,23.34,0.02,1.8,16.99,0.5,1.26,579.89,0.36,0.025,2.13,0.48,0.51,0.72,161.46,0.84,14.05,53.12,0,0,0
6433.0,7620.0,919.0,0.0025,6.07,14.0,901.72,1.42,0.1,0.15,0.05,65.34,0.39,3.83,2.16,1.08,16.95,0.05,2.78,2.88,28.64,0.04,132.51,1.45,2.28,5.75,0.65,77.48,135.58,0.01,2.58,7.85,0.5,2.06,90.62,0.41,0.025,14.11,0.05,0.86,3.73,3.18,0.1,11.78,74.53,0,0,0
6365.0,7602.0,924.0,74.766,2.04,25.25,232.25,0.4,0.05,0.03,0.24,0.5,0.2,7.42,4.46,0.69,4.58,0.025,0.05,1.09,0.25,0.08,39.76,8.65,0.04,0.1,1.02,65.14,61.24,0.02,43.28,0.32,16.47,0.2,13.44,0.025,0.113,0.13,0.01,0.6,0.11,11.99,0.05,0.29,1.4,1,1,1
6364.0,7635.0,909.0,0.018,6.33,7.87,153.26,0.81,0.005,0.37,0.07,25.72,15.62,24.75,5.87,7.74,13.15,0.09,1.97,0.84,12.26,1.42,1193.79,0.71,1.01,4.74,14.32,677.84,74.48,0.01,3.57,14.4,0.5,1.46,90.17,0.32,0.025,2.68,0.34,0.54,1.04,116.08,2.03,16.26,55.24,0,0,0
6359.0,7629.0,909.0,0.037,0.94,2.05,54.71,0.27,0.05,15.44,0.07,3.91,1.34,8.39,2.59,0.6,1.98,0.025,0.22,0.36,2.63,0.14,1002.17,0.22,0.07,0.37,1.1,70.52,24.5,0.01,15.56,1.15,0.5,0.1,139.25,0.025,0.025,0.17,0.03,0.24,0.1,11.5,0.33,1.34,3.18,0,0,0
6325.0,7608.0,919.0,0.025,0.41,151.31,29.24,0.1,0.05,0.04,0.77,1.42,4.02,50.54,0.84,3.93,1.97,0.025,0.1,0.06,0.98,0.11,199.51,5.65,0.02,0.2,4.64,113.16,4.13,0.39,7.12,3.27,1.0,0.21,6.39,0.025,0.025,0.05,0.0025,0.08,0.1,23.1,0.33,1.83,2.74,0,1,0
6313.0,7609.0,919.0,0.0025,4.74,2.61,155.44,0.58,0.05,0.9,0.08,20.34,10.65,26.85,6.83,2.69,11.46,0.025,0.91,1.19,10.66,1.29,713.41,0.18,0.91,3.49,9.08,560.51,80.41,0.01,6.62,11.0,0.5,0.75,112.39,0.18,0.025,1.49,0.33,0.7,0.39,75.36,1.72,9.24,40.13,0,0,0
6310.0,7611.0,943.0,0.028,1.14,89.9,54.76,0.21,0.05,0.12,0.05,4.7,4.74,32.77,1.85,2.95,3.56,0.025,0.41,0.19,1.8,0.2,163.07,2.71,0.21,0.83,4.67,221.32,13.86,0.12,7.05,2.71,0.5,0.38,26.78,0.025,0.025,0.46,0.06,0.17,0.19,32.53,0.58,2.12,14.89,0,0,0
5616.0,6483.0,1292.0,0.029,8.58,11.79,215.43,1.01,0.06,3.73,0.06,33.4,15.09,12.37,5.93,4.11,21.61,0.08,1.38,1.43,16.5,1.34,645.71,0.23,3.08,8.27,5.84,739.87,78.68,0.07,2.62,17.21,0.5,1.28,511.49,0.42,0.025,4.08,0.48,0.81,1.2,130.51,0.91,19.93,44.17,0,0,0
5445.0,6549.0,1222.0,0.011,6.87,3.61,579.16,1.22,0.15,2.16,0.51,46.39,4.02,3.98,4.78,2.05,17.14,0.025,1.77,2.22,21.83,0.46,499.59,0.66,1.94,7.13,2.07,430.16,105.32,0.19,1.16,5.01,0.5,1.76,164.35,0.46,0.186,7.34,0.22,0.7,1.91,28.12,1.59,13.75,58.1,0,0,1
5559.0,6674.0,1185.0,0.0025,6.85,1.59,665.15,1.4,0.12,2.28,0.08,35.86,3.41,2.79,10.11,1.95,18.25,0.025,2.05,2.21,15.93,0.34,738.62,0.28,2.11,8.77,1.37,400.81,95.45,0.01,1.3,3.99,0.5,1.57,162.36,0.53,0.025,7.14,0.2,0.73,1.77,17.64,0.74,12.44,63.23,0,0,0
5497.0,6745.0,1130.0,0.0025,7.97,3.19,450.06,1.06,0.23,2.25,0.17,35.04,12.91,23.04,5.61,3.57,19.04,0.07,1.17,1.53,15.63,1.32,746.95,0.31,2.81,6.74,8.39,852.25,96.49,0.01,3.02,14.41,0.5,1.54,407.52,0.51,0.075,5.18,0.38,0.72,1.31,110.39,0.96,15.02,32.13,0,0,1
5475.0,6712.0,1135.0,0.012,3.21,27.61,194.05,0.44,0.09,0.09,0.1,15.32,3.62,12.98,5.47,1.09,8.07,0.025,0.65,1.22,7.35,0.15,102.04,1.94,0.04,1.93,2.24,200.87,85.52,0.01,5.7,4.46,0.5,0.82,12.06,0.14,0.059,2.98,0.12,0.51,0.64,38.93,1.51,4.23,19.73,0,0,1
5472.0,6782.0,1112.0,0.0025,7.52,1.1,353.84,1.04,0.05,2.72,0.05,35.2,15.34,27.96,7.89,4.32,21.38,0.08,0.79,1.3,15.18,2.07,806.25,0.16,2.52,7.23,11.62,695.38,86.99,0.23,1.31,15.11,0.5,1.49,367.05,0.42,0.025,3.18,0.4,1.03,0.76,127.46,0.85,13.57,24.32,0,0,0
5480.0,6817.0,1095.0,0.021,1.76,14.27,82.32,0.16,0.06,0.06,0.07,11.48,2.8,15.57,3.4,0.98,3.81,0.025,0.3,0.59,5.94,0.13,178.8,5.45,0.06,1.08,3.48,156.73,46.96,0.02,7.08,3.14,0.5,0.28,7.65,0.06,0.064,0.82,0.07,0.35,0.19,24.46,0.57,1.86,10.7,0,0,1
5474.0,6817.0,1095.0,0.072,6.27,148.15,419.16,0.68,0.25,0.2,0.23,13.46,3.38,19.36,9.79,3.12,16.83,0.025,1.32,2.49,7.89,0.43,196.23,39.34,0.1,3.24,3.76,498.97,157.05,0.05,5.11,12.05,1.0,1.74,19.5,0.2,0.138,3.01,0.21,0.84,0.68,112.22,2.8,7.11,43.79,0,1,1
5475.0,6812.0,1097.0,0.0025,8.97,1.02,327.06,0.96,0.2,3.53,0.52,35.53,16.36,32.54,5.98,4.55,21.15,0.09,0.85,2.42,15.82,1.55,1293.84,0.2,1.44,7.34,10.74,679.46,119.95,0.75,1.38,17.1,0.5,1.44,142.33,0.39,0.099,3.37,0.44,1.23,0.8,115.24,2.47,16.35,26.47,0,0,1
5424.0,6768.0,1098.0,0.853,3.34,92.46,217.07,0.26,0.19,0.14,0.06,9.93,1.64,20.46,4.44,2.91,8.47,0.025,0.43,2.08,5.46,0.22,89.31,16.84,0.1,1.81,1.92,273.5,109.37,0.56,2.63,5.94,1.0,0.71,25.87,0.11,1.258,1.6,0.13,0.68,0.28,59.75,1.13,2.56,15.81,1,1,1
5476.0,6746.0,1126.0,0.0025,6.88,1.31,739.77,1.43,0.11,1.52,0.08,45.43,3.01,7.62,13.11,1.64,17.36,0.025,1.78,3.43,20.64,0.79,394.01,0.16,0.56,6.27,3.11,216.04,184.76,0.01,1.44,3.4,0.5,2.24,108.35,0.53,0.025,10.87,0.09,1.33,3.48,25.76,0.41,11.68,47.06,0,0,0
5405.0,6830.0,1063.0,0.04,8.73,14.59,737.27,0.96,0.1,1.39,0.08,42.24,9.76,35.85,7.06,3.44,19.73,0.11,1.12,3.56,18.58,1.02,401.36,2.53,0.2,4.97,8.82,833.94,218.04,0.72,1.66,18.42,0.5,1.15,47.41,0.38,0.072,4.29,0.41,1.51,0.81,167.13,4.59,12.56,44.28,0,0,1
5399.0,6853.0,1052.0,0.059,6.86,72.98,539.94,0.57,0.05,0.04,0.05,26.44,0.67,28.87,5.35,2.65,18.19,0.05,1.58,3.22,12.81,0.3,85.75,6.41,0.08,3.6,0.92,519.08,170.96,0.12,3.2,12.91,0.5,1.11,17.25,0.33,0.079,4.21,0.26,1.33,1.18,121.41,5.1,6.87,68.34,0,0,1
5398.0,6853.0,1052.0,0.073,1.52,24.09,57.03,0.37,1.6,0.09,0.11,4.95,1.45,10.44,1.33,12.31,9.58,0.09,0.28,0.53,2.75,0.09,82.54,4.58,0.02,1.85,1.0,833.92,37.56,0.15,1.48,4.61,2.8,4.47,3.81,0.14,4.989,1.31,0.14,0.21,0.56,53.6,6.47,3.31,11.51,0,1,1
5353.0,6890.0,1127.0,0.0025,8.65,1.71,493.35,1.01,0.05,4.3,0.07,40.65,19.73,34.58,5.6,4.71,20.56,0.1,1.86,1.31,18.37,2.08,856.73,0.86,2.27,5.72,9.92,911.35,50.67,0.01,1.91,17.28,0.5,1.58,456.51,0.48,0.025,4.29,0.48,0.47,1.3,143.77,0.69,17.52,79.53,0,0,0
5377.0,6983.0,973.0,0.0025,8.01,12.97,553.68,1.65,0.19,1.96,0.65,52.88,12.71,38.02,6.64,3.92,17.16,0.16,0.91,2.32,27.34,1.23,837.75,1.03,1.47,9.22,15.65,651.54,116.85,0.07,1.35,13.1,0.5,2.28,239.4,0.68,0.066,9.87,0.43,0.84,2.06,90.34,1.94,17.32,25.91,0,0,1
5377.0,6984.0,973.0,0.0025,9.32,4.13,524.76,1.24,0.05,4.85,0.13,41.0,18.51,38.2,2.83,5.51,19.43,0.15,2.79,1.38,16.17,1.66,936.32,0.71,2.41,6.51,13.96,990.68,37.3,0.02,2.29,17.79,0.5,1.33,452.79,0.41,0.025,4.56,0.56,0.38,2.13,154.81,1.35,18.75,109.91,0,0,0
5256.0,7041.0,925.0,0.0025,9.07,2.1,511.64,0.99,0.005,4.3,0.13,36.12,16.81,30.28,3.43,5.3,20.46,0.2,2.74,0.98,15.22,1.75,1058.02,1.11,2.1,6.47,10.88,965.29,23.41,0.01,1.54,19.26,0.5,1.12,482.38,0.39,0.025,3.27,0.53,0.24,1.16,164.44,0.58,17.61,102.4,0,0,0
5068.0,6993.0,858.0,0.0025,8.43,8.17,434.2,0.91,0.05,3.27,0.11,33.96,19.04,44.36,2.68,4.8,20.82,0.15,1.55,1.16,13.73,2.45,662.34,0.23,3.36,5.78,15.28,954.43,41.75,0.01,6.55,16.97,1.0,1.32,530.19,0.37,0.025,2.27,0.54,0.46,0.82,170.06,0.74,14.12,51.46,0,1,0
6494.224,7362.694,1055.0,0.01,1.65,5.09,65.54,0.27,0.05,0.05,0.33,3.06,2.81,13.78,2.23,1.02,2.89,0.08,0.28,0.52,1.23,0.19,313.64,0.78,0.03,0.58,1.82,112.56,34.07,0.01,21.04,2.33,0.5,0.33,8.42,0.025,0.202,0.5,0.06,0.35,0.2,20.97,0.42,1.69,14.41,0,0,1
6494.619,7376.817,1048.0,0.008,1.75,2.71,93.82,0.32,0.005,0.04,0.18,2.49,2.52,17.8,2.44,0.82,3.27,0.05,0.3,0.56,1.21,0.12,255.73,3.15,0.03,0.74,1.62,138.33,48.11,0.01,28.99,2.78,0.5,0.31,8.99,0.05,0.025,0.55,0.07,0.4,0.2,30.61,0.73,1.52,11.13,0,0,0
6566.274,7175.239,1134.0,0.63,1.41,3.4,78.16,0.58,0.05,4.69,0.88,4.75,1.97,15.45,1.85,0.74,2.68,0.025,0.39,0.42,2.51,0.18,743.74,0.7,0.02,0.74,1.67,178.36,38.64,0.01,20.01,2.2,0.5,0.38,46.67,0.05,0.025,0.56,0.06,0.32,0.1,25.28,0.43,2.22,14.82,1,0,0
6516.94,7262.883,1102.0,0.828,1.4,3.79,58.83,0.41,0.05,0.04,0.15,2.82,2.22,15.95,2.09,0.72,2.26,0.05,0.33,0.54,1.13,0.1,243.95,1.22,0.02,0.59,1.81,98.3,33.48,0.01,28.22,1.83,0.5,0.21,9.67,0.025,0.135,0.45,0.05,0.34,0.1,13.65,0.7,0.72,5.3,1,0,1
6498.297,7316.089,1082.0,0.561,1.46,6.51,84.53,0.32,0.05,0.04,0.31,3.88,2.28,15.49,2.45,0.74,3.05,0.025,0.18,0.51,1.71,0.11,258.22,1.58,0.02,0.51,1.68,86.82,32.59,0.01,28.36,1.54,0.5,0.31,8.37,0.025,0.376,0.45,0.05,0.35,0.11,22.27,0.53,0.94,6.78,1,0,1
6489.419,7447.858,1009.0,0.045,2.59,7.4,163.88,0.35,0.05,0.05,0.87,5.93,8.15,13.79,3.02,1.13,3.92,0.05,0.67,0.88,1.97,0.22,417.02,1.57,0.03,1.41,5.13,251.92,55.99,0.01,25.81,4.3,0.5,0.42,7.95,0.09,0.025,0.96,0.12,0.61,0.29,38.82,0.72,3.31,34.16,0,0,0
6341.541,7527.155,982.0,0.005,2.55,6.06,148.05,0.32,0.05,0.43,0.12,9.37,7.67,27.36,2.17,2.42,5.44,0.05,0.76,0.47,4.61,0.67,541.62,2.69,0.6,1.62,4.26,269.61,30.77,0.03,10.05,4.66,0.5,0.64,103.3,0.11,0.025,0.92,0.16,0.25,0.27,45.95,0.55,5.2,21.28,0,0,0
6336.118,7526.399,980.0,0.0025,4.45,6.06,177.14,0.48,0.05,1.28,0.17,18.1,9.8,23.62,2.5,2.74,10.26,0.07,1.1,0.77,7.12,0.88,863.32,1.69,1.3,3.02,5.66,566.64,42.67,0.01,5.85,7.13,0.5,0.58,134.28,0.19,0.025,1.76,0.22,0.4,0.62,70.65,0.98,7.15,39.07,0,0,0
6287.057,7483.666,1003.0,0.06,3.07,21.41,209.2,0.59,0.005,2.03,0.18,12.1,5.61,17.43,4.94,1.34,8.31,0.06,0.96,1.12,4.9,0.29,555.07,0.81,0.03,1.85,3.62,296.24,84.29,0.01,23.27,5.22,0.5,0.54,28.64,0.12,0.025,1.14,0.17,0.75,0.31,80.43,2.78,5.18,28.03,0,0,0
5280.749,7050.734,924.0,0.0025,5.75,6.15,243.82,0.85,0.08,0.15,0.11,30.55,1.38,5.32,2.02,0.77,13.59,0.06,2.2,1.48,14.69,0.11,391.08,0.55,2.47,7.35,0.89,59.39,79.34,0.01,1.42,2.45,0.5,3.35,81.13,0.84,0.108,18.53,0.03,0.55,4.92,8.01,0.41,13.36,62.06,0,0,1
5276.797,7056.298,920.0,0.0025,5.59,1.29,165.35,0.94,0.15,0.59,0.26,39.58,1.0,4.31,1.85,0.61,11.42,0.07,2.13,1.16,22.04,0.08,538.71,0.5,3.07,6.06,0.67,73.81,52.88,0.01,1.4,2.26,0.5,2.62,95.19,0.8,0.051,16.88,0.04,0.34,5.01,3.66,0.4,16.88,55.08,0,0,1
5424.413,6358.067,1317.0,0.073,1.26,29.06,45.52,0.19,0.51,0.54,0.01,4.26,1.75,18.09,1.36,5.82,6.54,0.09,0.49,0.23,2.06,0.11,152.23,17.43,0.1,0.95,1.33,259.8,15.74,0.09,3.36,4.38,0.5,0.93,20.52,0.06,0.546,0.62,0.09,0.15,1.01,51.74,0.56,2.65,12.14,0,0,1
5423.357,6357.37,1317.0,0.05,0.93,5.26,31.11,0.15,0.56,0.67,0.01,3.26,0.84,17.12,0.91,5.42,8.3,0.025,0.21,0.09,1.94,0.05,162.58,23.37,0.01,0.51,1.38,162.07,6.03,0.1,3.98,2.68,0.5,0.98,15.7,0.025,0.336,0.26,0.05,0.06,0.2,36.93,0.36,2.48,5.08,0,0,1
5422.146,6356.866,1317.0,0.014,7.2,4.99,503.49,1.06,0.4,2.95,0.05,32.03,4.89,46.01,6.16,5.82,20.29,0.16,1.37,1.8,15.42,0.98,617.89,14.57,1.68,6.51,8.93,956.22,97.92,0.47,3.13,20.95,0.5,1.55,172.67,0.43,0.194,3.02,0.49,0.96,0.7,145.47,2.0,12.28,79.32,0,0,1
5420.998,6356.61,1317.0,0.135,1.89,12.96,150.23,0.12,5.02,0.8,0.05,7.76,0.69,15.72,2.47,9.94,8.4,0.13,1.13,1.39,4.11,0.02,154.19,113.51,0.13,3.09,1.09,389.14,110.17,0.77,7.59,9.23,0.5,1.31,53.28,0.21,2.189,1.36,0.23,0.95,0.58,61.12,0.65,3.2,93.76,1,0,1
5419.722,6356.106,1317.0,0.012,6.78,7.59,871.83,1.12,0.48,2.54,0.05,30.59,12.41,51.59,10.25,5.61,17.4,0.14,1.3,1.96,12.72,0.98,531.62,13.37,1.48,6.28,13.27,854.09,101.5,1.09,2.02,18.59,0.5,0.96,191.63,0.39,0.221,2.58,0.49,1.1,0.55,148.34,1.42,11.84,43.9,0,0,1
5418.365,6355.573,1317.0,0.005,8.97,3.45,636.31,0.96,0.19,2.91,0.05,29.99,8.25,58.4,9.64,4.6,19.43,0.17,1.02,1.84,13.57,1.31,781.82,4.95,1.47,5.73,9.01,916.09,105.16,0.32,1.92,19.69,1.09,0.96,176.33,0.4,0.103,2.32,0.5,1.0,0.54,151.9,1.55,12.66,36.62,0,1,1
5416.947,6354.975,1317.0,0.035,4.91,124.81,329.1,0.64,1.28,1.53,0.05,17.34,3.95,32.62,5.94,8.52,15.7,0.14,1.97,1.19,9.2,0.53,328.73,34.84,0.75,4.34,4.66,764.44,75.64,0.29,3.97,13.79,1.0,1.13,102.94,0.26,0.938,3.02,0.34,0.66,0.79,110.27,1.08,9.69,143.25,0,1,1
5415.843,6354.501,1317.0,0.019,6.06,4.73,268.71,0.61,0.61,1.61,0.01,28.29,4.36,50.78,6.28,6.43,15.05,0.15,2.13,2.58,11.72,0.62,400.5,19.08,0.95,4.4,4.36,702.58,152.72,0.33,3.38,18.72,0.5,1.42,106.45,0.31,0.374,3.17,0.46,1.33,1.03,116.53,1.0,11.91,89.29,0,0,1
5414.701,6353.784,1317.0,0.0025,9.67,2.86,534.36,1.16,0.12,4.18,0.05,31.01,12.77,62.32,17.57,6.03,22.07,0.16,0.83,2.88,13.33,2.29,925.36,2.83,1.63,8.46,15.62,993.9,115.65,0.22,1.53,21.3,1.0,0.85,204.41,0.49,0.06,2.22,0.7,1.81,0.54,184.37,1.72,12.99,30.68,0,1,1
5413.353,6353.14,1317.0,0.014,2.41,25.53,57.46,0.22,0.72,1.17,0.05,13.17,8.48,22.34,3.67,5.54,11.42,0.09,0.79,0.53,5.99,0.27,429.25,33.82,0.06,1.99,4.19,205.24,39.45,0.51,5.42,10.06,0.5,1.47,45.26,0.13,0.352,1.2,0.16,0.36,0.72,60.38,0.72,4.56,46.08,0,0,1
5412.298,6352.81,1317.0,0.0025,9.89,2.98,558.85,1.35,0.05,4.54,0.05,21.76,6.99,65.41,21.41,4.49,28.72,0.14,1.18,2.65,11.03,1.93,976.7,1.37,2.16,7.51,17.11,1134.54,82.99,0.05,1.35,25.1,1.0,0.85,250.87,0.5,0.025,1.81,0.75,1.77,0.51,208.83,1.84,10.93,40.47,0,1,0
5411.491,6352.539,1317.0,0.0025,9.44,5.54,910.11,1.24,0.1,3.62,0.05,24.31,11.17,60.79,16.02,4.91,23.7,0.16,0.93,2.68,10.6,1.54,751.9,3.98,1.57,6.59,15.27,985.86,102.57,0.18,2.11,22.81,0.5,1.11,161.3,0.48,0.051,1.83,0.62,1.53,0.49,204.0,1.57,10.26,36.81,0,0,1
5410.541,6352.091,1317.0,0.0025,9.35,11.23,481.27,0.78,0.24,2.06,0.09,28.32,46.01,62.49,11.65,4.93,21.53,0.14,0.95,1.82,13.13,1.03,835.28,1.88,0.56,5.13,33.25,830.27,103.73,0.03,3.69,22.64,0.5,2.09,113.36,0.36,0.085,2.32,0.59,0.9,0.68,181.04,1.67,15.35,38.4,0,0,1
5409.71,6351.854,1317.0,0.005,4.43,11.77,137.84,0.49,0.39,1.86,0.05,22.48,8.52,37.17,3.89,6.97,14.57,0.11,1.4,0.81,11.7,0.56,728.05,15.83,0.18,2.64,7.85,612.9,60.51,0.06,4.29,12.32,1.0,1.86,63.38,0.19,0.14,1.97,0.26,0.51,1.03,89.43,1.11,11.45,88.75,0,1,1
5382.0,6412.0,1267.0,0.0025,5.33,9.77,180.27,0.56,0.1,1.45,0.15,30.49,17.11,16.41,8.42,3.5,12.09,0.13,1.09,1.18,13.15,0.82,625.99,1.98,0.61,3.15,6.27,507.91,80.07,0.25,6.04,12.59,0.5,2.38,89.47,0.2,0.025,2.62,0.23,0.65,0.64,147.38,1.17,21.01,47.72,0,0,0
5382.0,6414.0,1268.0,0.005,7.5,6.26,353.62,1.09,0.06,2.01,0.05,39.7,17.61,16.83,27.38,4.02,16.48,0.13,1.19,2.71,17.49,0.97,706.85,0.33,1.03,5.4,6.43,803.59,146.37,0.3,3.32,15.12,0.5,1.28,122.46,0.34,0.025,4.6,0.47,1.54,0.72,171.18,2.32,18.0,51.84,0,0,0
5258.0,6370.0,1252.0,0.0025,8.7,5.13,392.93,0.77,0.21,4.16,0.09,37.11,10.68,32.68,8.94,4.11,20.4,0.17,1.57,1.81,18.47,1.75,793.49,1.29,1.1,5.99,7.07,763.66,125.24,0.44,3.17,17.6,0.5,2.53,180.72,0.43,0.076,4.56,0.47,1.29,0.95,136.72,3.98,16.36,50.22,0,0,1
5146.0,6408.0,1210.0,0.008,5.23,2.9,824.37,1.7,0.16,2.1,0.41,38.57,1.3,10.62,6.47,1.49,19.12,0.14,2.61,2.47,22.39,0.09,263.0,3.65,0.75,7.31,0.86,95.97,117.61,0.17,2.36,9.2,0.5,2.45,166.02,0.6,0.025,10.27,0.08,1.02,2.68,4.89,0.54,24.67,70.05,0,0,0
5427.85,6359.209,1317.0,0.0025,8.45,5.07,670.43,1.06,0.05,3.28,0.35,34.2,9.84,20.17,14.7,3.67,18.0,0.16,1.3,2.25,18.65,1.08,1119.05,1.02,1.36,6.81,5.37,955.26,107.19,0.27,2.26,16.39,0.5,1.18,174.32,0.46,0.025,3.85,0.52,1.14,0.73,126.61,1.67,14.18,42.8,0,0,0
5427.199,6358.933,1317.0,0.005,9.27,4.49,251.06,1.12,0.16,4.74,0.08,34.0,23.95,51.61,8.85,5.74,23.46,0.18,1.39,1.46,15.08,1.77,1619.15,0.44,1.58,6.57,10.42,1044.12,89.28,0.36,3.36,22.22,0.5,1.13,309.79,0.44,0.025,2.93,0.62,0.93,0.76,168.48,1.84,18.11,73.03,0,0,0
5426.278,6358.629,1317.0,0.005,8.99,10.91,227.57,0.99,0.12,5.65,0.09,29.25,26.11,65.61,7.25,5.26,19.54,0.15,1.21,1.23,14.75,2.05,1494.86,0.25,1.59,5.73,19.93,1009.62,61.51,0.28,4.41,21.15,0.5,1.29,323.58,0.36,0.064,2.63,0.56,0.99,0.77,169.33,1.64,16.8,35.38,0,0,1
5425.399,6358.291,1317.0,0.0025,7.95,7.04,217.45,0.92,0.07,4.97,0.06,24.65,12.08,70.53,11.76,5.24,21.77,0.15,1.03,1.64,11.91,2.03,1373.87,0.19,1.59,6.71,11.74,896.94,63.68,0.19,3.43,19.6,1.0,1.24,234.48,0.35,0.025,2.12,0.6,1.12,0.66,186.23,1.91,12.56,35.07,0,1,0
5408.565,6351.44,1320.0,0.0025,9.72,3.33,672.7,1.22,0.05,4.69,0.06,38.36,5.25,38.57,12.27,4.69,20.29,0.16,1.17,2.08,16.23,1.65,967.41,0.38,0.98,8.03,9.12,1039.22,99.91,0.03,3.32,22.52,0.5,1.29,161.31,0.47,0.025,3.5,0.58,1.3,0.92,175.35,2.86,18.09,36.22,0,0,0
5407.893,6351.173,1320.0,0.0025,7.51,7.06,505.94,1.0,0.07,4.65,0.48,31.94,7.17,41.55,9.19,4.92,16.75,0.17,1.13,1.96,16.95,1.57,1213.12,0.49,0.89,7.07,11.2,813.59,105.2,0.02,4.14,17.71,0.5,1.46,186.89,0.41,0.025,3.96,0.49,1.12,0.85,142.36,2.49,20.27,43.11,0,0,0
5437.789,6313.731,1305.0,0.039,2.82,7.29,53.73,0.24,0.36,1.47,0.05,12.09,2.29,15.73,1.04,5.59,9.49,0.1,0.73,0.21,4.8,0.34,396.2,0.32,0.06,2.09,2.44,273.91,10.42,0.06,7.47,5.16,0.5,3.47,46.29,0.14,0.235,1.67,0.18,0.11,0.46,58.9,1.3,5.02,17.0,0,0,1
5407.242,6350.894,1320.0,0.0025,7.87,5.68,283.91,1.24,0.05,4.87,0.26,33.68,11.88,37.51,7.46,4.32,21.99,0.15,1.14,1.41,15.27,1.59,1113.48,0.75,1.83,7.89,10.24,895.99,57.44,0.1,3.88,19.17,0.5,1.36,332.45,0.45,0.025,3.75,0.59,0.8,0.88,149.42,1.15,19.31,36.25,0,0,0
5438.19,6285.201,1286.0,0.0025,4.58,25.21,996.01,0.39,0.31,0.91,0.05,31.21,7.51,29.63,3.36,5.36,13.01,0.16,1.22,2.16,15.83,0.77,321.43,12.81,0.6,3.51,3.14,444.15,103.35,1.12,1.89,15.32,0.5,0.69,142.82,0.21,0.025,2.19,0.27,1.04,0.58,89.46,0.5,9.28,51.78,0,0,0
5278.899,6322.572,1312.0,0.013,4.29,66.17,65.9,0.24,0.1,2.94,0.05,17.76,19.17,15.53,1.97,5.72,19.92,0.13,0.86,0.51,9.0,0.71,592.68,2.84,0.05,2.93,6.4,317.47,29.01,0.4,19.45,10.64,0.5,1.8,158.39,0.19,0.298,2.01,0.2,0.31,0.45,58.95,0.32,5.29,33.09,0,0,1
5266.486,6328.552,1308.0,0.01,8.29,7.48,682.89,1.22,0.18,3.5,0.08,26.35,18.0,27.02,11.48,4.09,19.13,0.13,1.48,2.34,13.31,0.95,503.05,2.17,1.91,8.83,8.31,1058.75,87.56,0.73,2.11,19.69,1.07,1.2,322.76,0.47,0.104,2.77,0.58,0.99,0.49,150.33,0.87,14.84,52.3,0,1,1
5265.87,6328.584,1308.0,0.011,4.59,9.47,317.9,0.43,0.33,2.44,0.1,24.55,8.95,16.73,4.64,3.96,14.19,0.15,1.58,1.62,12.46,0.42,500.44,7.28,0.66,4.52,2.92,483.38,97.1,0.25,5.67,13.34,0.5,1.54,141.29,0.26,0.182,2.58,0.31,0.71,0.94,102.68,0.64,9.83,59.91,0,0,1
5163.129,6312.125,1302.0,0.0025,3.44,2.95,62.13,0.38,0.13,3.48,0.19,12.83,4.73,20.61,0.95,2.85,12.38,0.09,0.6,0.27,5.8,0.38,637.06,0.58,0.18,2.42,6.44,201.58,11.04,0.02,3.07,5.48,0.5,2.09,440.9,0.14,0.025,1.39,0.16,0.13,0.54,75.27,0.21,5.36,32.33,0,0,0
5123.258,6357.067,1291.0,0.0025,7.6,6.73,258.64,0.69,0.16,4.11,0.05,32.0,17.54,50.54,7.06,5.17,19.71,0.13,1.29,1.33,15.28,1.32,1159.58,1.57,1.38,5.25,15.35,920.24,57.48,0.35,3.03,18.37,0.5,1.59,203.01,0.3,0.121,2.39,0.49,0.7,0.7,139.01,0.82,16.67,40.77,0,0,1
5098.834,6331.705,1295.0,0.005,7.6,6.21,345.25,0.63,0.67,3.11,0.19,31.92,19.25,20.78,16.2,4.18,16.82,0.14,2.06,2.12,16.68,1.08,527.49,1.55,0.54,5.15,7.85,755.27,107.54,1.24,3.14,16.93,0.5,1.63,147.1,0.33,0.419,4.57,0.43,0.65,0.96,104.85,0.58,19.41,98.1,0,0,1
5097.0,6362.0,1265.0,0.0025,8.96,3.75,474.85,1.0,0.21,3.85,0.05,33.79,10.22,65.83,7.55,4.07,17.56,0.16,1.24,1.88,15.89,1.43,917.65,7.37,1.48,6.56,10.55,990.49,88.66,0.4,2.29,21.01,1.07,1.27,211.16,0.35,0.133,2.2,0.6,0.89,0.63,163.28,1.53,18.0,33.15,0,1,1
5269.0,6292.0,1306.0,0.095,3.91,26.89,384.69,0.28,0.47,0.77,0.01,15.64,15.89,15.38,5.07,6.83,14.04,0.15,1.42,2.77,7.73,0.23,295.01,5.83,0.34,3.55,4.35,464.91,134.54,1.1,9.49,14.85,1.0,1.42,104.07,0.23,0.195,3.11,0.28,1.01,0.8,74.95,0.32,5.62,44.23,0,1,1
5269.0,6263.0,1288.0,0.005,5.5,7.34,186.48,0.31,0.44,1.32,0.05,26.27,26.05,15.58,7.76,6.05,12.37,0.16,1.53,3.27,12.43,0.52,531.24,0.77,0.14,4.04,8.14,473.25,228.27,0.35,4.58,12.72,0.5,2.3,130.25,0.24,0.223,3.33,0.28,1.58,1.01,89.46,0.82,10.38,76.29,0,0,1
5360.0,6440.0,1234.0,0.03,8.92,12.02,424.08,0.41,0.91,8.46,0.07,30.64,10.79,13.49,5.87,9.02,34.77,0.2,0.88,2.57,13.63,0.99,1489.97,4.47,0.14,5.23,3.93,641.88,119.49,0.03,4.49,17.74,0.5,2.58,221.42,0.38,0.806,3.49,0.45,1.78,1.4,146.5,2.35,14.81,20.54,0,0,1
5290.0,6460.0,1204.0,0.146,3.92,48.16,477.97,0.88,0.09,0.02,0.06,9.61,0.4,9.03,10.16,1.49,10.35,0.05,2.16,1.97,4.75,0.17,84.88,3.91,0.05,4.23,0.64,199.9,128.69,0.02,11.61,2.86,0.5,0.96,8.52,0.33,0.025,6.57,0.12,0.77,2.47,18.62,1.65,6.0,76.9,1,0,0
5294.0,6431.0,1219.0,0.14,4.89,48.04,30.98,0.38,1.89,2.7,0.05,9.45,9.3,11.81,1.91,16.66,20.23,0.2,1.19,0.38,4.23,0.29,526.58,18.88,0.01,3.51,1.75,451.52,34.13,0.18,6.72,8.15,1.05,3.7,70.38,0.23,2.092,3.02,0.26,0.26,0.64,114.74,1.05,6.95,41.17,1,1,1
5292.0,6407.0,1250.0,0.037,6.93,8.07,180.69,0.34,0.37,2.63,0.05,22.73,13.11,37.38,3.6,11.06,20.91,0.14,1.3,2.0,12.63,1.0,802.73,1.65,0.08,5.41,11.9,619.66,166.68,0.07,5.39,16.85,1.05,2.29,102.59,0.34,0.651,3.35,0.44,1.29,0.9,162.49,3.9,10.8,29.41,0,1,1
5317.0,6395.0,1250.0,0.011,4.15,10.31,18.51,0.19,0.37,5.41,0.07,21.33,2.5,17.95,1.14,6.85,17.36,0.08,0.63,0.25,13.99,0.17,554.29,3.99,0.02,2.49,1.34,389.95,16.94,0.03,7.13,6.3,1.0,2.91,142.01,0.16,0.312,1.56,0.18,0.19,0.73,103.96,1.0,10.6,14.3,0,1,1
4727.0,6633.0,912.0,0.048,9.94,23.6,993.76,1.14,0.12,3.38,0.07,30.85,15.29,41.92,15.1,5.23,19.29,0.1,1.43,4.14,13.24,0.87,626.79,25.56,1.08,7.43,9.71,1082.27,177.75,1.28,5.01,18.13,0.5,1.59,159.07,0.49,0.462,3.25,0.61,1.87,1.06,131.95,3.35,17.04,52.25,0,0,1
5225.0,6407.0,1231.0,0.008,5.9,6.04,653.54,0.64,0.4,3.05,0.2,29.62,4.37,14.65,7.49,4.46,18.51,0.12,1.28,1.9,14.61,0.34,597.8,2.23,0.82,5.79,3.06,573.14,91.33,0.35,4.06,13.95,1.96,1.8,185.86,0.34,0.272,3.7,0.36,0.89,1.1,137.99,2.14,12.98,54.4,0,1,1
5110.0,6425.0,1190.0,0.066,2.25,21.53,37.26,0.17,1.27,1.09,0.1,13.93,19.7,10.45,2.92,6.36,11.94,0.11,0.55,0.42,6.71,0.68,488.74,11.35,0.12,2.04,2.47,318.45,36.49,3.85,3.07,5.69,4.68,1.28,23.44,0.13,1.617,1.49,0.13,0.38,0.68,134.91,0.55,11.56,15.37,0,1,1
3327.0,6108.0,359.0,0.081,0.78,3.8,74.78,0.14,0.05,30.89,15.59,28.82,2.35,2.08,1.56,0.56,1.78,0.08,0.19,0.27,18.86,0.09,4175.78,0.39,0.06,0.52,1.77,91.11,17.46,0.04,3.76,2.01,1.0,0.1,321.46,0.025,0.025,0.59,0.03,0.13,0.19,7.33,0.2,25.39,4.98,0,1,0
5051.42,6403.026,1236.0,0.0025,9.6,3.9,1073.19,1.43,0.14,1.34,0.07,33.19,18.21,20.05,26.35,5.15,26.2,0.14,0.99,2.9,14.2,1.18,527.88,0.18,0.74,8.0,7.55,574.64,125.65,0.07,1.88,20.56,1.0,1.45,201.15,0.56,0.138,3.72,0.58,0.97,1.0,183.54,1.27,11.92,44.67,0,1,1
5053.624,6403.46,1235.0,0.0025,6.95,10.91,243.86,0.98,0.24,3.68,1.0,32.23,15.41,15.72,4.79,4.53,15.15,0.12,1.15,0.94,15.52,1.44,1146.65,1.56,1.21,5.32,4.58,484.47,50.91,0.34,4.79,13.48,1.06,1.54,252.25,0.4,0.063,3.1,0.42,0.71,0.73,128.47,2.18,13.36,44.95,0,1,1
5052.817,6403.458,1235.0,0.0025,8.8,3.47,495.67,1.08,0.05,3.27,0.14,27.48,7.25,21.65,9.53,3.05,17.32,0.13,1.03,1.52,11.97,1.17,799.36,0.26,1.61,6.62,6.66,684.33,69.48,0.01,3.44,15.88,0.5,1.08,276.71,0.42,0.025,3.24,0.5,1.11,0.61,124.63,2.43,11.4,41.49,0,0,0
5068.828,6388.097,1251.0,0.01,4.37,4.0,341.56,0.46,0.08,1.98,0.05,15.83,4.87,20.14,4.1,3.23,10.69,0.08,0.94,0.89,6.88,0.6,537.63,2.22,0.44,2.54,3.04,300.1,43.75,0.17,3.64,4.96,0.5,0.91,97.34,0.2,0.065,2.12,0.19,0.31,0.59,44.69,0.39,6.76,50.66,0,0,1
5057.557,6403.278,1240.0,0.005,9.04,3.76,470.62,1.16,0.05,3.28,0.05,29.46,17.02,18.94,10.82,4.83,17.56,0.12,1.35,1.38,12.49,1.92,913.38,0.54,2.28,6.57,7.02,757.82,38.79,0.06,1.64,14.43,0.5,1.13,554.95,0.49,0.025,2.38,0.51,0.75,0.75,136.31,1.13,12.3,53.78,0,0,0
4954.928,6572.46,1101.0,0.026,6.81,10.0,556.91,1.47,0.07,2.02,0.05,46.31,2.43,7.58,6.7,1.19,13.79,0.13,2.53,2.45,24.99,0.34,175.4,1.19,1.79,6.76,0.73,351.3,114.23,0.24,1.24,4.07,1.01,1.25,139.21,0.62,0.171,9.64,0.16,0.81,2.52,16.74,1.26,15.03,87.59,0,1,1
4933.863,6580.251,1080.0,0.015,7.9,3.35,596.86,1.04,0.32,3.23,0.06,34.98,9.09,36.29,8.54,3.84,18.98,0.13,1.48,2.72,15.16,1.35,604.79,48.46,1.45,7.66,9.1,957.64,112.2,0.86,1.5,16.42,1.0,1.63,187.05,0.5,0.29,3.39,0.49,1.27,0.9,153.96,2.1,15.55,69.8,0,1,1
4924.965,6626.562,1066.0,6.953,1.61,6.3,86.31,0.28,0.44,0.08,0.06,1.36,0.33,17.26,3.05,1.98,5.0,0.025,0.1,0.9,0.73,0.08,65.76,27.13,0.09,0.19,0.94,58.49,62.76,0.02,23.28,0.72,3.68,0.2,13.24,0.025,1.099,0.25,0.02,0.53,0.1,53.29,0.21,0.64,3.81,1,1,1
4926.39,6626.541,1066.0,0.475,7.83,6.12,512.87,1.11,0.45,3.11,0.3,36.8,14.26,36.07,4.02,4.93,15.51,0.11,1.42,2.14,18.33,1.03,749.39,3.08,0.85,5.1,10.27,779.41,127.66,1.18,6.98,17.01,1.0,1.57,219.79,0.43,1.356,4.26,0.44,1.16,0.99,142.22,2.23,14.72,45.32,1,1,1
4769.826,6597.82,956.0,4.187,2.75,127.26,107.43,0.89,8.57,2.01,13.58,18.61,24.87,21.56,3.42,6.88,8.36,0.12,1.13,0.96,8.05,0.6,923.68,3.78,0.08,2.0,4.14,535.56,63.24,1.01,12.81,4.5,2.07,0.65,40.48,0.14,55.113,1.76,0.14,0.74,0.83,36.33,0.75,9.98,20.98,1,1,1
4539.081,6498.288,892.0,0.078,3.62,6.28,356.64,0.36,0.06,1.52,0.08,13.57,8.44,29.52,2.19,3.45,8.48,0.05,0.76,0.76,8.48,0.94,700.95,3.15,0.48,2.42,7.11,360.73,41.49,0.06,16.08,8.15,1.06,0.94,125.12,0.2,0.576,1.67,0.19,0.37,0.83,70.3,1.09,7.69,20.22,0,1,1
5850.0,6456.0,1323.0,0.0025,6.96,1.41,487.35,1.36,0.14,1.93,0.13,41.72,7.34,13.41,7.13,2.75,15.51,0.11,2.35,1.36,23.19,0.94,635.26,0.19,2.25,6.96,3.95,360.37,55.13,0.005,0.41,8.83,0.5,1.64,349.7,0.48,0.161,6.73,0.28,0.55,1.91,59.14,0.99,18.48,81.72,0,0,1
5850.0,6442.0,1325.0,0.0025,8.88,1.89,377.85,0.91,0.05,2.64,0.11,33.74,13.07,15.19,6.09,4.29,15.07,0.15,2.04,0.9,16.17,1.65,943.31,0.18,2.58,5.71,6.35,727.64,29.22,0.01,0.61,18.1,0.5,1.19,473.19,0.48,0.05,3.87,0.44,0.36,0.91,117.64,0.65,15.87,66.92,0,0,1
5832.0,6399.0,1341.0,0.0025,8.75,1.82,358.89,0.64,0.05,2.89,0.05,23.01,9.72,16.41,8.88,3.94,16.97,0.11,0.82,0.91,10.14,1.53,715.17,0.16,0.99,5.37,8.16,1016.92,25.12,0.005,1.35,15.44,0.5,1.29,485.29,0.39,0.025,2.77,0.42,0.43,0.63,119.27,0.54,10.6,39.02,0,0,0
5802.0,6339.0,1359.0,0.0025,7.9,11.35,303.08,1.12,0.07,4.18,0.05,32.92,6.83,15.15,6.16,4.3,19.54,0.12,1.68,1.64,16.02,1.26,807.9,0.33,2.05,6.47,5.92,772.12,66.28,0.005,5.58,16.5,0.5,1.49,404.59,0.45,0.025,3.15,0.49,1.1,1.12,130.04,1.09,17.99,63.5,0,0,0
5713.0,6363.0,1363.0,0.0025,8.26,71.88,262.42,0.88,0.05,3.38,0.22,30.4,13.89,18.05,5.12,4.55,18.37,0.14,1.19,1.31,12.93,1.79,888.05,0.31,1.74,6.23,6.92,750.93,43.81,0.02,2.36,14.82,0.5,1.29,287.28,0.44,0.05,2.63,0.5,0.8,0.73,132.12,1.28,13.37,42.14,0,0,1
5688.0,6370.0,1353.0,0.0025,8.19,5.91,268.3,0.85,0.05,3.31,0.01,35.42,10.44,13.59,3.69,5.13,16.93,0.13,1.25,1.03,14.34,1.78,852.49,0.13,2.14,6.18,5.72,643.76,46.18,0.02,3.65,13.89,1.06,1.09,311.41,0.42,0.025,2.9,0.45,0.74,0.74,119.32,1.37,13.72,40.32,0,1,0
5648.0,6381.0,1349.0,0.0025,9.45,6.79,305.36,1.06,0.05,4.34,0.1,36.38,9.93,21.6,5.73,4.67,18.13,0.13,1.7,1.24,16.43,1.64,867.17,0.6,1.84,7.02,7.58,812.21,34.78,0.005,4.27,16.3,1.06,1.44,567.34,0.43,0.025,4.14,0.51,0.52,0.84,150.89,0.7,18.58,52.23,0,1,0
5345.0,6312.0,1305.0,0.005,9.35,12.22,351.76,1.35,0.21,4.3,0.1,31.33,17.44,40.18,5.43,5.0,20.8,0.15,1.0,1.12,14.07,1.6,1004.41,2.8,1.97,7.89,12.5,899.71,32.71,1.04,1.22,18.02,0.5,0.81,350.56,0.53,0.05,2.49,0.54,0.53,0.55,153.37,0.58,16.5,40.66,0,0,1
5259.0,6285.0,1296.0,0.0025,6.18,2.51,216.34,1.63,0.05,1.18,0.05,60.82,0.42,4.57,0.82,1.26,18.38,0.15,0.95,0.73,37.16,0.08,179.75,1.91,3.54,7.36,0.64,69.46,22.82,0.01,1.69,8.54,0.5,1.92,287.35,0.71,0.071,12.96,0.08,0.16,3.31,4.01,0.21,29.53,23.92,0,0,1
5235.0,6155.0,1225.0,0.0025,9.44,2.38,287.21,1.04,0.05,6.17,0.05,37.32,22.73,69.68,7.39,5.53,18.98,0.14,0.84,0.74,17.49,2.3,1674.46,0.68,1.67,6.12,19.06,844.47,29.32,0.27,1.7,22.7,0.5,1.0,452.09,0.35,0.058,3.02,0.53,0.49,0.48,188.54,0.83,18.36,26.26,0,0,1
5338.0,6092.0,1214.0,0.01,3.44,3.79,201.28,0.48,0.05,1.01,0.01,15.02,5.5,24.19,6.28,2.26,8.34,0.07,0.75,1.0,6.5,0.72,288.25,2.27,0.28,2.37,4.88,306.34,68.22,0.2,4.24,6.18,0.5,0.74,56.12,0.17,0.066,1.87,0.18,0.46,0.37,77.71,1.55,5.54,19.33,0,0,1
5576.0,4860.0,794.0,0.0025,9.25,1.96,651.57,1.01,0.09,3.47,0.14,29.05,6.47,10.57,1.48,3.6,17.73,0.13,0.32,1.62,14.65,1.11,641.49,8.03,2.68,6.69,2.09,724.91,43.77,0.03,0.72,6.45,0.5,1.2,551.8,0.49,0.025,4.44,0.36,0.3,1.27,88.5,12.31,11.9,4.31,0,0,0
4946.0,5016.0,711.0,0.0025,8.19,2.0,597.6,1.69,2.08,2.35,0.32,25.24,5.32,7.86,3.72,2.28,23.74,0.09,0.18,2.04,13.52,0.8,604.84,0.23,2.51,8.45,1.75,688.71,95.55,0.005,0.32,5.3,0.5,2.56,411.9,0.73,0.062,11.14,0.34,0.54,3.61,73.2,1.31,8.21,4.82,0,0,1
4984.0,6404.0,1193.0,0.017,2.7,63.05,131.25,0.24,0.27,1.07,0.05,10.77,7.78,22.81,2.89,4.58,11.12,0.08,0.68,0.57,6.08,0.39,580.02,44.95,0.09,1.49,2.74,144.04,30.84,0.32,5.73,5.1,1.0,1.07,39.86,0.1,0.154,1.15,0.1,0.34,0.45,67.78,1.08,5.31,22.57,0,1,1
4902.0,6377.0,1228.0,0.008,5.66,8.73,811.63,0.37,0.92,4.4,0.1,27.31,15.57,15.31,4.11,5.69,16.12,0.025,1.64,1.0,13.74,0.61,804.8,2.82,0.14,4.87,4.3,538.02,37.4,0.06,5.24,9.96,0.5,2.29,254.97,0.31,0.55,4.3,0.32,0.3,1.29,99.5,0.48,12.69,45.53,0,0,1
4920.0,6466.0,1124.0,0.005,5.83,26.67,232.88,0.33,0.15,6.33,0.15,27.66,21.41,14.24,2.11,6.37,17.79,0.07,1.07,0.45,15.07,0.59,1149.1,6.08,0.05,2.89,5.2,456.2,20.01,0.06,12.46,8.76,0.5,1.56,168.73,0.17,0.084,2.37,0.18,0.22,0.92,93.43,1.0,22.84,37.27,0,0,1
4906.796,6463.646,1144.0,0.01,10.17,27.38,430.85,0.95,0.19,5.66,0.17,45.51,7.7,18.49,3.78,7.18,17.53,0.14,2.09,1.19,25.88,1.34,1407.47,0.77,3.05,7.76,3.91,826.15,56.42,0.39,9.4,21.73,0.5,2.56,370.0,0.6,0.205,6.51,0.51,0.46,1.64,144.22,1.26,25.25,70.0,0,0,1
4910.027,6506.048,1105.0,0.026,7.84,3.9,502.49,1.16,0.12,2.42,1.05,50.31,3.91,19.71,5.12,2.35,13.1,0.06,2.31,2.51,25.13,0.37,505.33,0.31,2.22,7.08,1.24,440.18,158.61,0.31,1.84,5.21,0.5,2.14,193.87,0.61,0.273,9.26,0.19,1.47,2.5,30.49,0.63,14.5,77.08,0,0,1
4922.1,6645.0,1051.0,4.788,0.77,8.68,52.1,0.26,0.05,0.02,0.07,0.26,0.28,19.85,1.71,0.62,1.57,0.025,0.05,0.29,0.25,0.03,53.6,10.22,0.02,0.05,0.97,19.05,20.82,0.02,22.93,0.11,0.5,0.22,6.13,0.025,0.025,0.05,0.0025,0.2,0.05,10.15,0.1,0.2,2.08,1,0,0
4923.0,6645.0,1050.0,0.921,0.58,3.23,41.42,0.18,0.05,0.03,0.05,0.26,0.32,21.32,1.68,0.48,1.4,0.025,0.05,0.23,0.25,0.02,50.37,1.41,0.02,0.05,1.31,9.53,18.1,0.02,11.57,0.1,0.5,0.22,6.04,0.025,0.025,0.05,0.0025,0.14,0.05,12.46,0.1,0.11,0.5,1,0,0
4919.0,6694.0,1020.0,1.831,2.54,6.96,135.73,0.47,0.14,0.82,0.27,6.35,2.0,18.36,1.88,1.1,5.84,0.025,0.31,0.84,3.2,0.13,196.44,23.46,0.23,0.49,2.17,90.23,51.05,0.19,11.01,1.52,0.5,0.31,41.46,0.025,0.613,0.49,0.04,0.4,0.11,53.29,0.48,2.08,8.98,1,0,1
4916.8,6713.0,1005.0,5.153,2.09,3.23,127.71,0.66,0.05,0.21,0.12,2.98,0.85,17.36,6.69,0.69,2.55,0.25,0.11,0.75,1.49,0.08,81.57,2.32,0.08,0.1,1.12,21.74,45.33,0.04,76.8,0.64,0.5,0.21,26.74,0.025,0.025,0.1,0.01,0.39,0.05,14.68,0.21,0.51,1.02,1,0,0
4914.05,6713.0,1005.0,0.983,5.02,19.29,347.97,0.91,0.05,2.09,0.08,18.09,7.06,24.97,7.85,2.17,9.88,0.025,1.38,1.86,7.5,0.86,442.49,1.66,0.48,2.94,5.15,461.32,120.7,0.35,26.5,7.73,0.5,0.58,75.38,0.22,0.151,2.62,0.23,1.22,0.59,65.76,3.06,7.63,36.86,1,0,1
4912.65,6713.0,1005.0,3.082,1.95,497.31,93.05,0.47,0.05,0.28,0.25,3.98,2.5,23.14,4.13,1.29,4.16,0.025,0.19,0.67,1.84,0.16,122.36,4.12,0.09,0.55,2.14,98.29,49.71,0.3,44.32,1.92,0.5,0.3,25.95,0.025,0.025,0.42,0.04,0.36,0.2,25.58,0.82,1.92,6.8,1,0,0
4912.06,6525.365,1091.0,0.011,7.13,3.91,839.47,1.27,0.15,2.28,0.05,49.04,3.03,16.78,3.66,2.07,13.76,0.025,2.23,2.59,23.46,0.32,375.83,0.52,2.53,8.05,1.2,375.85,129.5,0.35,1.58,4.15,0.5,2.13,219.52,0.71,0.058,10.99,0.16,1.1,2.79,15.89,0.85,14.07,77.59,0,0,1
4880.819,6577.501,1052.0,0.0025,7.49,3.83,397.09,1.18,0.74,1.31,0.33,49.36,3.38,13.07,12.3,2.05,15.79,0.06,2.68,2.25,27.54,0.7,384.02,0.36,1.04,7.5,3.67,261.26,140.4,0.02,1.84,4.85,0.5,2.06,74.55,0.71,0.025,14.36,0.11,1.02,4.56,19.32,1.34,13.34,76.1,0,0,0
4928.0,6654.0,1038.0,1.317,1.16,39.69,75.78,0.45,0.05,0.03,0.06,0.84,0.33,15.99,3.48,1.26,3.29,0.025,0.1,0.51,0.25,0.05,43.59,35.42,0.02,0.1,1.1,79.65,40.11,0.01,33.12,0.47,0.5,0.2,5.84,0.025,0.088,0.18,0.01,0.31,0.05,38.23,0.19,0.37,2.98,1,0,1
4929.0,6655.0,1040.0,1.544,3.77,100.58,201.32,0.57,0.05,0.02,0.05,10.59,0.19,18.59,10.85,0.99,12.19,0.025,0.75,1.95,7.34,0.17,60.53,114.15,0.04,1.83,0.94,95.02,124.28,0.03,29.9,5.44,1.07,0.58,8.93,0.13,0.201,1.53,0.13,1.34,0.42,81.95,2.54,2.99,27.63,1,1,1
4930.0,6656.0,1036.0,1.738,2.02,71.25,97.59,0.52,0.05,0.02,0.06,2.43,0.31,16.99,4.76,1.27,5.77,0.025,0.28,0.81,1.02,0.08,54.87,54.06,0.03,0.47,0.9,109.75,61.35,0.02,47.89,1.49,0.5,0.29,8.1,0.025,0.115,0.49,0.04,0.54,0.2,46.24,0.95,1.27,8.57,1,0,1
4930.0,6655.0,1039.0,1.001,2.65,121.54,153.4,0.36,0.05,0.02,0.01,3.35,0.2,14.46,7.99,0.97,7.48,0.025,0.51,1.34,1.55,0.14,50.34,83.67,0.03,0.91,0.69,65.64,89.39,0.01,12.18,2.92,0.5,0.37,5.92,0.06,0.075,0.79,0.07,0.97,0.2,61.29,1.26,1.73,21.74,1,0,1
4931.0,6656.0,1040.0,0.422,1.6,194.06,72.17,0.39,0.05,0.02,0.11,2.17,0.5,15.53,3.13,1.05,3.84,0.025,0.19,0.65,0.99,0.07,65.04,35.75,0.02,0.47,1.26,101.57,47.53,0.01,12.57,1.36,0.5,0.29,6.31,0.025,0.069,0.49,0.03,0.46,0.1,27.15,0.57,1.07,9.52,1,0,1
4969.0,6374.0,1194.0,0.052,6.7,41.13,184.42,0.54,0.51,3.18,0.11,34.86,50.24,20.43,9.56,5.73,14.64,0.09,2.39,0.27,17.57,2.11,1020.07,0.72,0.69,5.74,11.1,2622.44,14.36,1.31,2.16,14.52,1.98,0.65,115.12,0.33,0.247,4.24,0.41,0.14,1.21,124.69,1.56,15.16,73.37,0,1,1
4968.2,6374.2,1199.0,0.0025,8.33,10.82,196.51,0.85,0.11,3.44,0.1,39.36,13.24,17.41,3.36,4.33,19.56,0.08,0.91,0.41,15.2,2.53,1038.64,0.27,1.94,8.18,8.37,855.1,9.66,0.29,3.51,14.02,0.5,1.39,586.42,0.55,0.025,3.89,0.48,0.2,0.6,146.22,1.3,15.06,37.18,0,0,0
4967.0,6374.35,1198.0,0.0025,9.59,7.49,1307.8,1.49,0.32,1.79,0.01,40.74,16.55,23.54,40.06,6.07,24.39,0.13,1.14,3.1,16.79,1.88,904.94,0.54,0.53,7.87,11.8,2547.65,124.62,0.16,2.84,22.67,1.0,2.18,121.49,0.56,0.147,4.23,0.58,0.97,1.07,191.16,1.42,16.54,33.92,0,1,1
4966.0,6375.4,1196.0,0.0025,9.61,5.95,1330.51,1.91,0.17,1.51,0.05,26.13,17.33,36.59,34.01,6.4,26.5,0.08,0.71,3.42,9.6,1.65,769.24,0.49,0.64,7.24,13.22,1588.29,107.58,0.01,3.29,20.51,0.5,3.02,128.8,0.53,0.106,2.77,0.65,1.01,0.85,226.21,1.57,10.91,22.0,0,0,1
4948.0,6623.0,1056.0,0.0025,4.78,0.67,526.18,1.12,0.11,1.25,0.07,35.98,1.31,16.67,5.96,1.36,8.12,0.025,1.96,1.98,20.91,0.29,197.47,0.38,1.23,4.88,1.23,127.52,94.21,0.16,1.7,2.08,0.5,1.21,130.79,0.46,0.063,11.54,0.05,0.89,3.7,4.01,0.54,9.83,45.82,0,0,1
4964.6,6649.0,1056.0,0.738,6.86,6.44,378.41,1.29,0.35,2.64,0.19,35.25,8.98,30.73,13.61,3.51,16.2,0.05,2.48,1.73,15.66,1.15,551.19,5.25,0.75,5.44,8.31,328.1,125.39,0.92,8.5,14.85,0.5,1.68,117.36,0.35,0.447,4.77,0.32,1.1,0.94,128.37,4.15,17.93,90.79,1,0,1
4963.1,6649.0,1053.0,1.405,5.35,7.04,359.96,0.62,0.21,0.06,0.01,12.09,0.62,18.48,14.84,1.66,13.74,0.025,1.24,2.59,6.98,0.3,92.52,20.7,0.07,2.78,1.22,307.87,167.19,0.06,25.2,9.02,0.5,1.0,18.78,0.16,0.116,2.62,0.18,0.88,0.61,85.78,2.79,3.51,40.56,1,0,1
4962.0,6661.0,1045.0,0.102,0.99,8.77,64.2,0.22,2.73,0.07,0.28,1.59,0.4,21.6,1.81,1.9,2.89,0.025,0.11,0.46,0.96,0.04,87.06,18.08,0.04,0.31,0.96,40.24,31.93,0.09,18.97,1.11,0.5,0.52,9.2,0.025,4.046,0.27,0.02,0.24,0.1,21.25,1.13,0.82,16.94,1,0,1
4969.5,6685.0,1030.0,0.164,3.72,29.11,355.94,0.48,0.08,0.11,0.27,10.8,2.13,19.3,7.97,2.36,7.49,0.025,1.25,1.75,6.68,0.32,129.9,27.77,0.08,2.47,3.73,350.67,119.87,0.15,17.49,6.25,0.5,0.72,21.4,0.19,0.148,2.35,0.16,0.97,0.85,51.42,2.36,3.59,39.15,1,0,1
4918.0,6713.0,1005.0,0.21,7.0,2.8,557.39,1.09,0.05,3.66,0.06,31.54,13.86,35.6,11.78,4.08,18.03,0.06,2.03,2.26,15.82,1.29,678.16,2.4,0.93,6.03,8.35,768.34,124.76,0.48,15.69,14.56,0.5,1.23,222.86,0.4,0.112,3.74,0.41,1.28,1.04,119.3,4.01,14.31,66.74,1,0,1
4916.0,6713.0,1005.0,0.471,7.29,3.5,596.9,1.15,0.09,3.56,0.05,33.12,10.93,34.57,7.91,3.91,17.58,0.09,2.05,2.8,13.0,1.37,873.93,1.15,0.93,5.73,7.62,801.46,110.78,0.54,13.86,14.38,0.5,1.81,199.01,0.42,0.102,4.09,0.44,1.41,1.03,122.91,3.82,15.84,71.45,1,0,1
4914.8,6713.0,1005.0,0.035,8.88,3.14,499.79,1.33,0.12,5.2,0.06,43.69,14.05,44.18,12.32,4.65,24.63,0.13,2.11,1.98,20.86,1.85,1064.41,0.65,0.59,7.19,9.33,945.55,152.64,0.95,3.7,18.8,1.0,2.13,130.17,0.48,0.074,5.61,0.53,1.77,1.16,138.26,4.94,21.41,122.38,0,1,1
4913.4,6713.0,1005.0,0.153,7.52,118.44,270.84,1.28,0.05,0.9,0.08,32.04,9.15,32.12,26.88,3.63,19.06,0.09,2.36,3.24,15.91,1.15,629.17,6.54,0.22,5.88,6.47,864.0,223.28,0.44,14.58,17.1,0.5,1.37,108.64,0.38,0.025,5.17,0.39,2.4,1.23,125.05,5.67,13.81,82.64,1,0,0
4913.899,6732.387,995.0,0.442,0.99,7.3,61.89,0.31,0.05,0.05,0.07,3.26,0.74,22.52,2.48,0.5,2.0,0.025,0.05,0.36,1.88,0.04,82.4,6.17,0.02,0.1,1.26,43.4,27.95,0.01,20.64,0.29,0.5,0.2,7.67,0.025,0.025,0.08,0.0025,0.2,0.05,7.41,0.11,0.29,0.86,1,0,0
4912.899,6732.387,995.0,0.333,6.44,34.36,496.24,0.99,0.08,2.81,0.05,26.94,11.62,30.8,16.44,3.92,16.19,0.05,2.53,2.36,14.45,1.14,673.49,62.64,0.56,5.28,5.66,714.71,144.34,0.5,9.32,14.42,1.0,1.33,173.34,0.38,0.466,4.03,0.35,1.6,1.29,110.68,3.5,14.04,84.99,1,1,1
4997.0,6855.0,911.0,0.019,2.17,1.89,102.23,1.1,0.05,3.76,0.16,7.92,1.79,24.52,3.99,1.19,5.02,0.025,0.71,0.41,3.52,0.26,741.92,2.31,0.13,1.09,1.84,222.27,23.6,0.08,16.54,3.91,0.5,1.05,99.01,0.08,0.025,0.96,0.08,0.21,0.3,34.02,1.04,3.7,17.81,0,0,0
4995.0,6854.0,907.0,0.018,0.48,5.83,20.78,0.6,0.07,6.5,0.16,1.53,2.59,13.54,0.7,11.26,4.17,0.07,0.05,0.08,0.84,0.02,2239.06,1.4,0.03,0.1,0.86,155.69,4.69,0.1,11.04,0.21,0.5,4.4,5.94,0.025,0.214,0.05,0.0025,0.05,0.05,4.92,5.71,0.43,0.25,0,0,1
4723.0,5995.0,1040.0,0.042,6.77,147.47,552.04,0.66,0.2,0.05,0.05,30.49,0.3,10.69,7.13,1.81,14.78,0.025,2.06,2.86,19.47,0.22,73.48,2.68,0.12,3.93,0.74,274.4,172.88,0.04,4.41,5.43,0.5,1.85,15.19,0.37,0.168,7.03,0.15,1.19,1.87,48.61,1.35,6.86,77.63,0,0,1
4621.0,5993.0,986.0,0.006,2.42,16.88,294.91,0.16,0.8,1.01,0.01,14.44,5.84,15.64,2.88,4.0,11.33,0.09,0.93,1.27,7.44,0.15,219.39,12.43,0.16,2.92,1.74,264.75,98.61,0.38,12.02,8.81,1.0,2.46,54.45,0.2,0.549,2.78,0.18,0.85,1.41,56.59,1.64,7.37,22.01,0,1,1
4577.0,6061.0,967.0,0.0025,6.99,3.8,365.57,0.68,0.24,3.5,0.07,28.39,13.35,26.19,4.74,7.31,19.07,0.12,2.07,1.6,14.77,1.31,1071.6,3.62,0.92,6.46,5.47,1057.04,93.27,0.32,3.64,16.17,1.03,3.45,186.59,0.41,0.293,4.89,0.41,0.91,1.41,131.25,2.96,12.3,39.99,0,1,1
4605.0,6333.0,1010.0,0.272,1.79,8.4,50.89,0.38,11.69,1.35,1.21,15.41,6.83,14.42,2.68,10.62,5.25,0.06,0.44,0.3,7.51,0.15,689.98,50.14,0.04,1.21,3.14,409.78,24.13,0.11,9.68,3.09,1.03,0.83,41.65,0.08,12.625,0.83,0.08,0.24,0.39,34.33,3.89,4.89,14.53,1,1,1
4684.098,6356.318,1010.0,0.021,7.13,5.01,1164.79,1.74,0.12,1.46,0.1,53.38,2.25,43.63,5.73,2.31,19.01,0.06,2.69,3.65,28.27,0.08,278.19,4.66,1.42,8.47,1.31,112.8,163.76,0.39,6.41,11.31,0.5,3.54,386.08,0.84,0.12,10.98,0.08,1.92,2.96,4.15,0.98,28.2,79.89,0,0,1
4784.829,6145.35,1150.0,0.718,6.02,2084.72,429.86,0.79,1.54,1.32,0.31,24.74,14.03,20.13,11.16,2.76,13.48,0.025,1.81,2.34,13.58,0.7,244.63,1.24,0.35,3.51,8.48,363.35,148.9,0.79,32.02,9.05,1.0,1.02,75.48,0.28,2.336,5.99,0.2,1.06,1.61,79.06,2.66,10.74,48.21,1,1,1
5296.0,5976.0,1178.0,0.009,6.46,2.26,460.9,0.81,0.05,0.03,0.01,38.76,3.48,7.96,6.1,1.28,15.55,0.025,1.15,3.1,19.51,0.62,167.09,0.42,0.08,4.9,2.74,127.13,216.73,0.005,0.51,3.53,0.5,1.97,11.05,0.5,0.05,13.43,0.07,1.36,2.88,41.66,2.15,7.26,24.15,0,0,1
4845.201,6214.071,1157.0,0.006,6.45,7.52,187.05,0.97,0.26,4.03,0.1,35.66,18.35,15.09,14.28,5.81,15.65,0.14,2.52,1.06,17.17,1.67,693.03,4.04,1.02,5.44,5.88,759.33,83.35,1.19,2.42,16.12,1.0,1.52,196.83,0.41,0.219,5.58,0.43,0.76,1.47,121.94,1.62,15.92,100.79,0,1,1
4846.153,6213.969,1157.0,0.235,1.78,1.83,127.35,0.15,1.92,1.58,0.09,10.26,346.59,0.5,1.65,47.9,5.2,0.3,0.54,0.1,4.74,0.02,233.69,3.53,0.14,1.63,17.9,144.93,4.58,11.0,4.13,2.96,9.17,1.05,52.71,0.13,4.039,1.53,0.1,0.07,0.47,28.16,0.94,4.87,10.54,1,1,1
4846.925,6213.846,1157.0,0.017,5.92,6.35,271.59,0.98,0.4,3.1,0.05,26.44,19.99,17.22,18.45,5.46,14.15,0.025,1.73,1.24,11.7,1.74,691.48,8.15,1.08,4.94,3.82,345.56,75.28,2.0,2.89,13.38,1.0,1.34,200.16,0.32,0.45,3.97,0.38,0.81,0.84,106.12,1.29,10.53,50.64,0,1,1
4848.251,6220.151,1155.0,0.254,2.12,60.7,48.36,0.21,4.4,0.82,0.05,6.19,375.56,3.65,2.29,31.95,5.87,0.26,0.52,0.44,2.38,0.49,286.81,1.4,0.27,1.53,6.7,213.42,29.12,11.0,3.14,4.25,7.26,1.22,55.91,0.12,6.873,0.94,0.13,0.4,0.33,45.33,3.15,4.1,13.82,1,1,1
4733.169,6142.799,1117.0,0.01,8.53,2.01,492.84,1.16,0.19,2.65,0.05,38.72,13.4,29.78,8.77,3.5,16.73,0.05,1.17,1.84,20.74,1.35,784.4,0.25,2.28,6.03,9.96,706.44,90.5,0.12,2.45,15.43,1.0,1.72,270.97,0.43,0.076,3.94,0.39,0.83,1.03,115.33,1.18,16.7,34.92,0,1,1
4717.783,6123.527,1130.0,0.0025,8.05,2.81,1106.95,1.44,0.12,1.84,0.05,46.63,3.01,5.78,14.03,2.22,16.68,0.05,1.79,2.64,23.3,0.43,384.09,0.18,2.03,7.21,0.62,474.18,109.19,0.02,1.26,4.82,0.5,1.96,364.73,0.67,0.025,9.93,0.19,0.86,2.5,17.6,0.62,15.52,72.24,0,0,0
4873.0,6068.0,1442.0,0.008,7.56,7.25,666.45,1.19,0.33,0.17,0.01,48.69,3.63,6.55,8.89,2.1,15.82,0.025,2.38,3.13,25.33,0.45,159.79,3.61,0.12,6.36,2.27,434.97,146.12,0.16,1.4,6.5,0.5,2.22,35.43,0.6,0.085,11.86,0.18,0.97,2.12,32.96,0.52,10.14,79.07,0,0,1
4815.0,5866.0,1018.0,0.023,5.96,22.02,488.43,0.54,0.32,0.12,0.01,23.67,1.32,24.43,8.54,3.22,18.34,0.06,0.84,3.72,12.91,0.46,169.39,44.1,0.26,3.06,1.13,655.3,263.83,0.12,1.31,13.82,0.5,0.83,45.17,0.25,0.085,4.44,0.27,2.57,0.84,89.06,2.46,4.54,22.68,0,0,1
4718.322,6074.248,1131.0,0.0025,7.06,5.12,887.65,1.6,0.12,2.08,0.07,44.36,2.81,13.75,7.57,1.95,16.14,0.05,1.55,2.14,25.63,0.37,431.45,0.31,2.83,8.39,0.95,391.74,81.79,0.005,1.27,4.81,0.5,2.15,428.49,0.72,0.025,9.97,0.18,0.56,2.55,14.77,0.77,16.26,53.14,0,0,0
4784.747,6015.991,1121.0,0.0025,7.78,3.43,938.84,1.31,0.14,1.82,0.07,46.46,2.17,5.45,11.94,2.0,13.78,0.12,1.24,2.32,25.63,0.48,435.7,0.29,1.8,6.84,0.63,362.63,85.93,0.01,0.75,3.97,0.5,1.69,292.12,0.54,0.05,9.47,0.17,0.61,2.13,16.9,0.75,13.58,46.35,0,0,1
4808.731,6022.562,1130.0,0.0025,7.8,2.45,894.56,1.32,0.24,1.13,0.05,45.49,1.57,5.53,7.02,2.16,20.02,0.05,2.2,2.52,24.55,0.38,450.75,0.63,2.2,7.35,0.73,382.92,116.2,0.09,0.8,5.06,0.5,2.69,300.14,0.62,0.06,11.35,0.19,0.72,2.18,22.61,0.95,12.25,58.18,0,0,1
3936.495,6142.107,599.0,0.024,9.56,9.4,558.09,1.14,0.07,3.48,0.07,39.14,15.66,19.13,7.85,4.91,23.09,0.12,1.81,1.51,16.42,1.33,775.34,2.59,2.21,7.69,7.96,1025.94,62.91,0.52,3.95,19.41,0.5,1.61,433.2,0.56,0.189,3.29,0.54,1.12,1.11,172.45,1.09,16.22,55.23,0,0,1
3935.62,6142.321,600.0,0.006,8.14,13.35,651.35,0.82,0.07,3.31,0.08,32.73,13.37,16.4,10.15,4.54,16.55,0.11,1.67,2.19,17.65,1.17,827.07,1.26,1.68,5.88,6.55,899.17,96.89,0.1,8.4,16.42,0.5,1.64,362.37,0.42,0.096,2.93,0.44,1.15,1.0,145.99,1.38,14.71,50.22,0,0,1
4542.0,6036.0,947.0,0.114,3.55,63.73,328.17,0.4,0.08,0.32,1.86,28.71,3.16,21.58,5.33,1.62,9.57,0.025,0.93,1.87,14.58,0.29,142.98,148.34,0.15,2.46,2.58,376.89,125.43,0.29,14.54,8.39,0.5,1.52,21.43,0.19,0.025,2.56,0.18,1.05,0.56,79.55,1.89,8.37,25.04,1,0,0
4412.0,6361.0,894.0,0.021,6.05,5.94,581.64,0.69,0.05,2.51,0.1,22.45,12.3,27.47,2.43,3.84,15.44,0.07,1.42,1.41,11.88,0.74,802.06,0.63,1.26,4.2,7.07,577.86,61.64,0.1,9.6,11.16,0.5,1.04,601.81,0.3,0.19,2.42,0.32,0.51,0.61,107.69,1.71,12.16,38.87,0,0,1
4515.0,6105.0,943.0,0.015,5.03,26.63,255.97,0.53,0.26,2.55,0.39,23.94,5.08,20.15,3.98,5.49,14.57,0.08,3.32,1.8,12.04,1.03,903.5,7.44,0.84,3.97,3.48,548.83,130.17,0.22,6.8,11.8,0.5,1.9,131.86,0.28,0.434,3.02,0.28,1.09,0.84,106.98,1.44,10.37,63.17,0,0,1
4564.0,6217.0,981.0,0.047,4.72,4.19,1059.8,0.4,0.22,0.93,0.15,17.24,5.16,22.44,4.73,2.66,9.08,0.05,1.57,3.52,8.38,0.62,413.9,51.93,0.3,2.94,3.13,381.8,252.78,0.37,9.12,8.67,1.07,0.86,83.25,0.18,0.208,2.24,0.19,1.85,0.64,68.42,1.99,7.42,37.51,0,1,1
4578.505,6378.437,1012.0,0.022,8.7,12.27,168.68,0.44,0.05,7.51,0.11,35.2,19.28,27.36,3.93,7.59,26.89,0.12,2.91,1.55,16.64,1.08,1255.51,1.47,0.41,5.42,10.51,812.99,89.11,0.06,6.58,16.27,0.5,1.87,231.94,0.41,0.206,4.37,0.4,1.05,1.74,141.99,2.06,18.25,102.39,0,0,1
6379.0,7345.0,1061.0,0.0025,9.34,0.99,438.0,0.88,0.05,2.6,0.14,36.85,19.79,29.56,5.43,4.95,20.29,0.11,1.1,1.54,15.08,1.67,1112.44,0.19,3.49,6.11,9.76,1064.34,74.53,0.01,2.58,18.45,0.5,0.69,241.63,0.38,0.025,2.76,0.45,0.83,0.75,156.09,1.24,16.09,31.07,0,0,0
6369.0,7466.0,993.0,0.037,1.66,185.88,71.65,0.28,0.05,0.06,0.22,9.04,10.04,16.69,1.98,3.77,4.12,0.025,0.41,0.24,4.17,0.53,2448.16,1.88,0.03,0.96,7.77,343.22,17.37,0.1,22.56,3.75,0.5,1.81,9.2,0.06,0.025,0.78,0.08,0.24,0.3,33.41,0.98,4.85,11.34,0,0,0
6383.0,7480.0,975.0,0.0025,8.91,2.88,524.73,0.97,0.05,4.4,0.12,40.79,19.69,33.96,2.08,4.94,20.59,0.12,3.52,1.23,19.23,2.06,862.74,1.11,2.06,7.19,11.95,1120.45,31.33,0.005,3.19,19.92,0.5,1.25,493.02,0.44,0.025,4.16,0.57,0.35,1.2,149.38,0.66,21.13,107.95,0,0,0
6389.0,7482.0,974.0,0.008,3.65,46.62,190.19,0.51,0.14,1.14,0.11,18.09,12.96,21.23,1.87,4.79,9.68,0.08,1.15,0.49,8.8,0.99,543.45,4.52,0.56,1.88,8.67,270.55,22.48,0.02,9.47,8.4,0.5,5.25,279.24,0.12,0.025,1.47,0.16,0.22,0.53,85.45,0.86,11.23,64.9,0,0,0
6391.0,7541.0,949.0,0.0025,6.75,6.46,1033.73,1.76,0.15,0.25,0.05,70.97,0.38,5.73,2.77,1.22,18.87,0.09,3.75,3.31,30.35,0.05,212.59,1.19,2.89,6.39,0.86,115.1,152.81,0.005,2.12,8.02,0.5,2.54,111.62,0.6,0.025,16.27,0.06,1.19,4.34,3.25,0.1,21.55,83.83,0,0,0
6356.0,7572.0,932.0,0.005,3.3,6.65,401.91,0.4,0.05,0.61,0.08,16.68,6.95,23.96,2.31,2.7,6.91,0.06,0.9,0.85,7.09,0.82,550.88,0.98,0.67,2.16,4.59,383.58,39.35,0.01,8.69,6.59,0.5,0.53,197.27,0.14,0.025,1.45,0.17,0.37,0.41,73.81,0.82,7.8,30.31,0,0,0
6352.0,7610.0,906.0,0.0025,8.78,1.49,314.1,0.99,0.005,2.16,0.22,31.68,11.91,25.26,6.78,5.46,18.96,0.07,1.64,2.29,15.27,1.18,1234.75,0.2,2.11,6.32,6.96,1030.56,121.6,0.01,1.61,17.33,0.5,2.55,108.4,0.39,0.025,2.61,0.51,1.17,0.71,137.0,1.97,14.29,55.89,0,0,0
6350.0,7607.0,906.0,0.024,1.69,63.35,52.09,0.29,0.05,0.11,0.42,5.94,17.9,98.32,2.47,7.06,7.17,0.025,0.54,0.12,2.71,0.57,754.08,4.07,0.05,0.74,47.85,313.31,10.4,0.14,8.66,8.57,1.0,0.45,13.0,0.05,0.025,0.77,0.05,0.12,0.4,78.34,0.69,6.0,14.41,0,1,0
6350.0,7608.0,910.0,0.026,1.02,72.19,37.72,0.22,0.05,0.05,0.16,2.92,7.05,31.92,1.62,6.18,5.44,0.08,0.38,0.11,1.59,0.24,319.31,3.26,0.07,0.72,5.73,234.42,9.1,0.15,6.44,5.63,1.0,0.3,10.65,0.025,0.025,0.62,0.04,0.13,0.53,56.21,0.59,2.29,10.87,0,1,0
6348.0,7608.0,910.0,0.02,2.2,57.09,63.56,0.33,0.05,0.08,0.28,7.38,9.26,31.34,2.06,7.06,7.79,0.05,0.59,0.26,3.63,0.69,692.98,3.43,0.24,1.36,8.03,320.1,22.29,0.15,5.2,11.03,1.03,0.53,19.08,0.09,0.025,0.88,0.1,0.21,0.6,88.65,0.74,5.05,26.01,0,1,0
6420.0,7282.0,1089.0,0.011,1.68,10.93,206.85,0.28,0.05,0.03,0.05,6.63,2.95,15.63,2.48,1.2,3.37,0.025,0.41,1.04,2.68,0.15,320.61,0.48,0.06,0.58,2.46,96.94,51.42,0.005,38.52,2.61,0.5,0.31,23.47,0.025,0.025,0.72,0.06,0.73,0.22,22.53,0.56,1.96,15.16,0,0,0
6410.0,7249.0,1107.0,0.481,2.65,6.11,121.64,0.56,0.05,0.05,0.09,8.39,3.03,15.66,4.04,1.25,4.47,0.025,0.65,0.98,4.55,0.29,353.22,0.34,0.03,1.1,2.29,137.4,69.0,0.005,35.59,2.88,0.5,0.41,13.57,0.06,0.025,0.92,0.07,0.79,0.32,25.73,0.63,2.92,15.09,1,0,0
6415.0,7251.0,1107.0,0.028,0.99,2.31,58.05,0.39,0.005,7.44,1.05,0.53,0.29,11.65,2.59,0.46,1.57,0.06,0.05,0.43,0.25,0.05,406.66,0.31,0.02,0.1,0.56,19.21,28.51,0.02,11.07,0.1,0.5,0.2,85.8,0.025,0.025,0.05,0.0025,0.26,0.05,2.95,0.05,0.29,0.25,0,0,0
6335.0,7610.0,892.0,0.028,0.4,66.32,29.51,0.1,0.005,0.04,0.05,1.57,4.11,36.12,0.88,4.24,2.0,0.025,0.1,0.04,0.66,0.09,148.13,4.49,0.03,0.31,4.97,82.13,2.95,0.11,8.56,2.24,0.5,0.22,8.05,0.025,0.025,0.13,0.01,0.11,0.31,24.3,0.28,1.36,4.9,0,0,0
6352.0,7618.0,898.0,0.005,3.65,5.18,90.15,0.59,0.05,0.25,0.13,17.93,10.83,20.06,2.88,6.36,10.13,0.05,1.41,0.21,8.13,1.39,1379.56,1.5,0.47,2.26,9.0,383.15,14.16,0.09,2.81,14.3,0.5,0.5,40.89,0.14,0.025,1.72,0.16,0.16,0.65,77.99,0.8,10.04,61.52,0,0,0
6339.0,7627.0,882.0,0.0025,2.23,1.66,69.67,0.45,0.05,0.15,0.12,9.16,8.29,28.43,2.33,3.28,5.97,0.025,0.57,0.22,3.22,0.87,573.81,0.46,0.25,1.11,8.47,234.14,15.31,0.04,2.48,6.5,0.5,0.28,24.83,0.06,0.025,0.69,0.1,0.14,0.4,57.95,0.64,3.47,30.92,0,0,0
6361.0,7666.0,878.0,0.005,4.27,11.38,133.58,0.5,0.06,0.24,0.13,12.85,6.12,26.6,3.6,2.37,7.47,0.025,0.87,0.84,5.08,0.86,805.25,0.21,0.91,1.99,5.42,426.59,54.04,0.01,10.97,6.36,0.5,0.39,44.0,0.13,0.142,1.39,0.2,0.48,0.32,52.98,1.38,4.41,24.95,0,0,1
6363.0,7674.0,879.0,0.007,2.24,11.67,54.35,0.53,0.05,0.25,0.13,8.75,12.81,25.91,3.16,6.48,5.3,0.025,0.57,0.15,3.71,0.87,777.09,14.95,0.28,1.16,12.5,235.85,11.59,0.03,2.57,10.76,0.5,1.37,24.5,0.07,0.025,0.69,0.11,0.14,0.47,87.57,1.2,8.08,27.05,0,0,0
6351.051,7687.279,863.0,0.006,3.22,5.09,204.2,0.49,0.05,17.06,0.13,15.13,8.01,17.58,4.93,2.59,9.4,0.05,1.32,0.91,8.14,1.22,1616.15,0.44,0.12,2.33,5.73,415.79,55.15,0.01,5.39,7.8,0.5,0.59,267.02,0.14,0.086,1.31,0.19,0.44,0.37,59.8,1.85,8.9,29.78,0,0,1
6348.0,7735.0,870.0,0.0025,6.33,3.38,205.62,0.64,0.11,0.42,0.17,23.8,12.91,23.42,3.94,4.23,13.36,0.07,2.26,0.9,12.28,1.85,784.29,0.17,1.44,4.19,11.46,588.47,69.72,0.01,1.62,10.71,0.5,1.15,86.64,0.28,0.025,3.11,0.28,0.66,0.83,98.97,2.21,10.53,76.79,0,0,0
6350.0,7659.0,877.0,0.0025,0.53,0.58,67.18,0.29,0.005,3.47,0.12,1.92,1.53,15.67,0.86,1.02,1.31,0.025,0.1,0.08,1.07,0.18,2548.98,0.25,0.1,0.19,1.66,103.07,3.71,0.01,0.8,1.31,0.5,0.2,52.38,0.025,0.025,0.11,0.02,0.05,0.1,9.36,0.1,4.26,2.24,0,0,0
6323.0,7596.0,916.0,0.01,0.85,44.78,42.94,0.17,0.05,0.05,0.28,3.16,4.39,33.96,0.94,2.47,2.37,0.025,0.28,0.08,1.35,0.25,425.81,3.23,0.04,0.49,4.06,111.44,6.05,0.12,3.4,3.19,0.5,0.2,9.26,0.025,0.025,0.36,0.03,0.11,0.21,28.03,0.3,2.14,5.85,0,0,0
4875.0,5989.0,1102.0,0.007,8.36,16.54,535.17,1.31,0.14,2.05,0.08,46.2,2.85,11.92,14.84,2.27,18.24,0.07,1.82,2.48,20.87,0.39,500.83,0.38,1.04,5.13,1.37,470.13,136.14,0.75,2.51,4.9,0.5,1.6,111.14,0.38,0.025,10.35,0.15,0.96,1.83,18.73,0.73,13.42,64.08,0,0,0
4881.0,5974.0,1097.0,0.011,7.08,28.38,589.35,1.01,0.13,0.65,0.08,49.54,2.58,7.48,8.02,1.7,12.83,0.06,1.33,2.99,24.82,0.28,168.55,1.5,0.95,4.14,0.73,395.28,147.01,0.8,2.4,4.57,0.5,1.7,55.09,0.4,0.053,9.39,0.13,0.95,2.07,17.16,1.02,9.57,45.07,0,0,1
4272.918,6310.418,807.0,0.008,7.76,3.5,469.53,0.92,0.11,4.01,0.23,35.3,17.38,31.11,4.59,4.46,18.17,0.09,1.04,2.47,15.71,1.87,1130.02,0.27,1.63,7.03,9.23,1071.57,126.59,0.36,2.97,18.91,0.5,1.39,190.71,0.42,0.129,2.85,0.47,1.4,0.7,135.62,1.72,17.3,44.22,0,0,1
4309.524,6338.249,825.0,0.005,9.19,3.8,379.74,1.15,0.05,4.92,0.13,34.63,20.09,32.58,3.57,5.5,21.69,0.11,1.85,0.98,15.66,1.75,1109.89,1.03,2.22,7.08,9.91,1099.62,21.4,0.03,2.08,17.52,0.5,1.51,447.03,0.45,0.025,2.98,0.56,0.34,0.72,149.03,0.72,15.85,54.91,0,0,0
4817.0,5968.0,1086.0,0.0025,7.53,4.13,1039.24,1.63,0.16,1.67,0.05,47.4,2.2,10.43,6.31,2.39,16.18,0.1,1.48,2.32,25.6,0.41,448.25,0.43,2.68,8.04,1.05,375.96,90.62,0.09,1.61,5.0,0.5,1.91,397.57,0.54,0.025,11.56,0.17,0.59,2.29,17.33,0.99,11.61,49.13,0,0,0
4749.0,5890.0,1012.0,0.024,8.04,2.39,442.37,0.73,0.15,0.58,0.15,43.87,8.77,23.11,10.73,4.12,19.09,0.09,0.63,2.79,19.44,0.95,634.98,2.04,0.31,5.21,6.22,574.64,181.35,0.49,1.81,15.07,0.5,0.9,34.83,0.33,0.05,4.04,0.38,1.57,0.74,85.14,2.79,9.46,67.08,0,0,1
4599.0,5970.0,977.0,0.0025,7.38,1.58,810.36,1.57,0.12,2.63,0.05,43.1,4.96,9.37,7.27,2.32,17.22,0.1,2.23,2.25,20.68,0.45,804.49,0.22,2.52,8.19,0.94,394.78,101.08,0.08,1.35,5.55,0.5,1.87,379.45,0.61,0.025,8.08,0.22,0.65,2.47,23.89,0.53,13.82,86.32,0,0,0
4619.0,5950.0,978.0,0.041,7.27,2.37,620.84,1.44,0.23,2.65,0.05,40.89,3.66,15.3,8.35,2.5,15.73,0.08,1.95,2.42,20.7,0.56,519.33,0.61,2.34,7.57,2.01,511.76,92.01,0.3,0.96,6.27,0.5,1.16,211.7,0.57,0.268,7.55,0.25,0.8,1.98,35.83,0.96,12.76,71.67,0,0,1
4375.226,6417.477,830.0,8.707,0.8,728.68,21.3,0.1,0.23,0.03,0.01,2.39,14.17,14.04,1.56,11.68,4.77,0.06,0.42,0.26,1.05,0.03,69.49,9.63,0.01,0.87,1.23,325.73,12.55,0.13,12.61,1.4,2.02,0.48,3.36,0.05,20.538,0.31,0.08,0.14,0.1,21.34,0.39,1.3,4.4,1,1,1
4359.389,6425.588,828.0,0.018,8.64,4.9,444.09,0.75,0.05,3.07,0.65,34.8,5.51,24.08,2.11,3.83,19.23,0.08,1.15,2.46,16.08,1.03,1124.55,0.47,2.49,7.31,8.74,906.83,118.13,0.02,2.72,14.87,0.5,1.55,255.99,0.4,0.157,2.91,0.52,1.23,0.97,110.38,1.2,16.25,36.57,0,0,1
4359.698,6426.525,829.0,0.013,10.75,1.92,507.89,0.9,0.05,2.5,0.12,46.33,8.78,26.65,4.32,4.09,18.15,0.09,5.38,1.94,19.58,1.33,731.36,0.97,3.87,7.26,8.55,1132.49,122.19,0.24,1.81,19.09,0.5,1.16,246.05,0.43,0.099,6.93,0.6,0.88,2.19,144.81,1.52,22.87,274.42,0,0,1
4432.935,6459.181,958.0,0.0025,6.32,2.5,890.46,1.63,0.13,0.87,0.06,53.7,0.76,10.55,2.21,1.65,14.6,0.1,2.57,3.07,29.03,0.08,308.49,0.67,2.57,7.86,0.61,109.13,128.11,0.01,2.1,8.5,0.5,2.63,222.59,0.61,0.025,12.08,0.09,1.0,2.92,8.68,0.18,29.01,84.18,0,0,0
4492.05,6485.318,883.0,0.018,3.12,3.53,148.94,0.33,0.05,2.38,0.06,14.04,6.34,18.45,1.53,2.64,7.03,0.025,0.38,0.33,6.37,0.85,749.78,0.55,0.37,1.75,4.05,323.72,17.8,0.01,11.53,5.05,0.5,0.63,145.5,0.12,0.082,0.98,0.13,0.15,0.37,54.6,0.4,7.57,15.24,0,0,1
4577.892,6490.05,920.0,0.0025,1.18,8.89,31.47,0.15,0.05,1.2,0.05,5.18,8.59,12.82,0.57,1.71,3.53,0.025,0.1,0.09,2.83,0.28,456.46,0.48,0.04,0.43,2.19,104.68,4.59,0.01,11.87,1.27,0.5,0.57,66.3,0.025,0.066,0.27,0.04,0.05,0.1,17.52,0.2,1.74,2.12,0,0,1
4582.926,6487.616,925.0,0.006,2.34,5.46,194.54,0.31,0.05,1.98,0.06,8.29,6.84,18.49,1.41,2.39,5.74,0.025,0.28,0.3,4.82,0.58,697.2,0.52,0.16,1.08,2.86,245.16,12.28,0.01,22.74,3.79,0.5,0.43,154.18,0.07,0.025,0.71,0.08,0.12,0.2,44.11,0.28,4.23,9.29,0,0,0
4593.717,6484.722,909.0,0.086,1.05,6.33,31.82,0.16,0.05,0.86,0.05,3.73,2.7,21.97,1.17,2.62,2.7,0.025,0.1,0.1,1.82,0.2,326.2,1.1,0.04,0.27,1.64,137.11,4.43,0.02,16.54,1.1,0.5,0.39,34.81,0.025,0.385,0.17,0.02,0.05,0.1,15.46,0.11,2.25,2.84,0,0,1
4596.395,6492.619,900.0,0.027,3.35,6.32,315.64,0.29,0.05,1.53,1.18,14.01,33.33,22.12,1.56,2.4,8.08,0.05,0.47,0.65,4.62,0.47,1498.17,2.16,0.31,1.93,4.89,350.66,32.49,0.06,15.02,6.14,0.5,0.63,84.39,0.14,0.127,1.46,0.15,0.37,0.29,56.19,0.93,4.23,12.22,0,0,1
4592.201,6508.979,885.0,0.033,0.5,3.33,42.29,0.13,0.05,0.21,0.09,2.52,2.53,20.11,0.78,1.04,1.02,0.025,0.05,0.11,1.46,0.05,145.32,0.99,0.02,0.1,2.26,47.44,5.2,0.02,14.3,0.69,0.5,0.2,15.52,0.025,0.076,0.05,0.01,0.06,0.05,5.91,0.05,1.1,0.58,0,0,1
4633.993,6580.535,873.0,0.069,4.62,9.58,297.75,0.48,0.05,1.24,0.01,16.34,4.1,26.45,4.24,2.87,11.12,0.06,1.33,2.41,8.54,0.54,437.2,35.75,0.46,3.36,3.75,477.71,189.55,0.3,6.85,10.15,0.5,0.72,63.51,0.22,0.469,2.5,0.25,1.63,0.55,96.23,1.58,6.29,58.28,0,0,1
4641.46,6627.546,875.0,0.012,3.89,8.53,261.17,0.54,0.05,1.61,0.09,15.14,5.81,20.5,4.3,2.33,8.61,0.025,1.02,1.7,6.42,0.56,710.71,0.87,0.12,2.69,5.16,343.92,110.54,0.04,18.94,7.44,0.5,0.66,66.16,0.17,0.07,1.97,0.21,0.93,0.51,59.94,1.86,6.62,20.29,0,0,1
5221.0,6365.0,1257.0,0.013,6.83,6.37,199.45,0.59,0.2,3.99,0.05,37.13,3.09,17.11,7.75,9.23,25.99,0.16,1.02,2.27,22.71,0.75,951.06,1.02,0.3,6.03,2.09,840.23,149.99,0.18,10.34,14.02,1.0,4.07,171.32,0.36,0.198,3.13,0.54,1.25,0.74,134.35,8.17,14.56,23.95,0,1,1
5218.0,6372.0,1257.0,0.005,5.03,7.29,59.55,0.31,0.38,3.83,0.07,21.63,4.23,13.74,2.16,7.63,19.52,0.12,0.93,0.33,11.74,0.37,572.72,0.81,0.05,2.72,1.64,420.88,26.92,0.04,6.24,7.18,0.5,6.27,105.36,0.22,0.285,2.18,0.26,0.27,0.68,113.56,1.36,7.66,21.98,0,0,1
5155.0,6439.0,1187.0,0.039,6.17,7.58,126.84,0.33,2.53,7.78,0.17,43.83,1.6,9.87,1.87,8.09,35.04,0.12,1.17,0.62,25.08,1.24,1400.26,0.46,0.17,4.53,0.94,264.52,39.81,0.12,11.65,11.44,1.07,17.35,176.23,0.29,1.701,3.81,0.32,0.44,2.44,106.13,2.43,27.99,29.46,0,1,1
5154.877,6439.086,1186.8,0.079,3.24,11.27,42.57,0.25,1.7,3.75,0.13,27.99,3.12,10.34,5.53,9.67,18.39,0.15,0.65,0.21,19.14,0.61,820.15,0.32,0.06,2.2,1.08,280.36,22.7,0.21,6.84,5.91,1.0,13.99,83.3,0.17,2.462,1.63,0.17,0.26,0.85,65.77,1.53,14.02,20.5,0,1,1
5155.399,6439.088,1186.9,0.006,10.7,9.22,727.85,1.34,0.05,1.98,0.14,33.11,8.72,14.42,27.11,2.91,19.36,0.1,0.85,3.28,14.54,1.27,610.07,0.6,0.94,6.47,6.08,874.6,194.94,0.16,2.11,17.72,0.5,0.91,155.32,0.44,0.025,3.89,0.52,1.68,0.71,130.4,2.27,7.78,37.28,0,0,0
5098.394,6502.069,1130.0,0.013,7.56,7.28,917.24,1.1,0.13,2.51,0.05,38.49,4.16,8.37,4.65,2.4,15.68,0.1,1.63,3.01,19.44,0.61,189.31,1.15,1.57,5.18,2.74,522.39,129.7,0.5,0.63,6.23,1.0,1.79,211.02,0.42,0.407,9.08,0.2,1.04,1.98,34.87,1.67,14.0,53.55,0,1,1
5154.828,6439.146,1186.5,0.008,10.12,1.91,2136.14,2.09,1.64,2.88,3.47,19.18,5.17,12.03,29.05,1.34,15.97,0.06,0.92,4.54,8.44,0.78,445.63,0.36,2.1,7.97,2.24,891.09,187.81,0.09,2.48,13.35,1.06,4.38,310.98,0.58,0.618,3.39,0.56,2.31,0.55,94.41,6.75,21.1,34.82,0,1,1
5139.0,6467.0,1165.0,0.005,7.32,2.98,896.76,1.49,0.18,2.56,0.06,39.06,3.93,9.55,6.35,2.61,15.38,0.08,1.85,2.34,19.26,0.42,355.81,2.85,1.49,7.71,2.29,433.55,122.88,0.54,1.22,6.04,0.5,1.64,142.9,0.61,0.12,9.07,0.24,0.96,2.25,37.25,1.23,13.98,71.06,0,0,1
5098.0,6502.0,1130.0,0.005,8.62,20.83,1208.19,1.37,0.11,2.6,0.08,40.39,4.01,10.39,6.28,1.87,15.82,0.09,1.86,3.02,19.45,0.75,224.93,3.75,1.59,6.65,2.85,552.55,116.12,0.68,0.56,7.03,0.5,1.39,210.73,0.52,0.213,8.12,0.25,1.03,1.9,45.66,1.81,15.02,73.1,0,0,1
5098.788,6502.139,1130.0,0.042,8.81,8.87,499.25,1.05,0.29,3.09,0.09,31.89,8.07,12.69,4.5,2.34,21.53,0.09,0.9,2.02,13.89,1.82,485.47,2.54,1.39,5.77,5.27,723.28,72.22,0.33,0.88,13.05,1.0,2.65,243.71,0.39,0.82,3.77,0.42,0.9,0.83,121.84,3.89,16.37,33.84,0,1,1
5039.128,6497.076,1140.0,0.006,7.55,2.51,426.09,1.04,0.1,3.81,0.05,26.47,7.5,15.79,2.96,2.37,19.54,0.09,1.26,1.46,12.39,1.27,354.82,1.91,1.23,6.44,4.9,769.62,61.45,0.34,0.72,16.55,0.5,1.48,269.78,0.42,0.241,3.51,0.49,0.97,0.83,137.26,3.73,14.31,38.81,0,0,1
5040.0,6497.0,1140.0,0.0025,8.88,2.97,496.79,1.04,0.06,4.18,0.07,27.5,13.18,14.6,3.27,2.99,16.47,0.1,0.89,1.48,14.07,1.27,325.92,1.02,1.47,5.71,6.12,771.47,57.88,0.93,0.66,17.46,1.09,1.5,275.19,0.44,0.124,3.81,0.38,0.94,0.67,134.48,3.43,15.23,31.65,0,1,1
5142.0,6381.0,1183.0,0.007,6.75,3.44,627.89,1.54,0.31,1.85,0.56,55.92,0.74,6.2,6.74,1.75,18.0,0.09,2.31,1.93,29.44,0.14,321.94,4.13,1.68,8.74,0.86,106.43,104.5,0.14,2.37,9.27,0.5,2.85,218.01,0.73,0.225,13.33,0.1,0.97,2.9,4.36,0.49,29.96,72.96,0,0,1
5110.0,6420.0,1194.0,0.033,2.47,18.39,63.96,0.25,1.94,1.98,0.01,15.95,14.83,9.91,2.37,9.03,12.62,0.16,0.75,0.61,7.67,0.76,700.1,19.67,0.15,2.15,4.5,651.55,48.66,6.07,3.64,8.42,6.92,2.11,36.62,0.14,1.515,1.65,0.14,0.42,1.34,130.13,0.61,20.9,25.31,0,1,1
5091.0,6441.0,1176.0,0.03,3.94,46.33,227.46,0.21,1.13,0.42,0.05,31.01,83.36,10.21,4.07,5.99,14.34,0.11,1.74,3.21,19.05,0.17,147.1,0.6,0.13,6.44,2.82,500.11,288.73,2.18,5.24,6.38,2.09,2.59,56.77,0.41,1.149,3.65,0.42,2.81,0.81,58.86,7.2,6.3,151.28,0,1,1
5073.0,6457.0,1167.0,0.027,5.45,11.05,524.54,0.41,0.09,1.2,0.12,25.59,6.93,10.39,2.93,6.83,12.67,0.13,0.66,2.44,12.31,1.11,421.17,1.16,0.35,2.69,2.63,561.73,135.56,0.18,8.72,8.34,1.0,0.83,77.9,0.2,0.209,2.47,0.23,1.17,0.81,82.77,2.88,11.14,24.41,0,1,1
5074.0,6454.0,1170.0,0.027,6.68,5.74,373.58,0.53,0.18,1.57,0.05,36.19,4.18,13.36,4.01,3.28,15.05,0.11,1.24,3.11,17.76,1.04,425.17,1.63,0.68,3.5,2.49,865.38,244.24,0.15,6.69,12.3,1.0,0.83,103.17,0.26,0.276,3.62,0.27,1.95,1.4,88.49,3.89,16.35,57.27,0,1,1
5065.2,6581.0,1094.0,0.011,6.35,11.09,263.05,0.99,0.12,0.53,0.05,40.54,2.73,6.5,5.25,2.24,13.52,0.09,1.76,3.07,21.17,0.45,130.05,11.39,0.42,4.24,1.01,357.15,161.15,0.58,2.18,4.33,0.5,1.46,50.08,0.4,0.096,11.05,0.1,1.07,2.39,20.47,1.04,10.07,60.65,0,0,1
5066.0,6581.0,1094.0,4.538,4.06,15.36,568.44,0.43,0.68,0.33,2.45,31.2,4.27,9.82,2.66,1.48,9.83,0.07,1.18,2.57,14.3,0.14,77.43,206.0,0.29,2.83,1.28,111.92,122.05,1.65,9.59,2.53,2.1,0.93,60.97,0.24,4.916,6.13,0.07,0.87,1.35,14.47,1.21,6.92,46.6,1,1,1
5066.8,6581.0,1094.0,0.034,5.12,17.43,277.35,0.75,0.13,0.16,0.05,38.47,2.14,5.49,3.77,1.68,10.15,0.08,1.4,2.45,18.36,0.26,70.77,34.53,0.14,3.09,1.31,249.72,137.92,0.62,2.66,3.31,0.5,1.25,28.22,0.26,0.119,8.44,0.09,0.85,1.62,21.54,0.98,7.21,45.19,0,0,1
5073.0,6630.0,1049.0,0.028,5.21,16.92,120.74,0.61,1.46,2.84,0.05,27.41,40.66,19.95,6.06,14.79,16.69,0.19,0.74,1.56,12.3,1.32,550.38,2.24,0.46,3.77,10.47,532.16,90.11,7.72,1.74,10.72,2.87,1.41,114.66,0.29,3.189,3.4,0.27,1.02,0.66,98.24,1.89,11.49,22.07,0,1,1
5105.0,6609.0,1060.0,0.111,6.53,73.44,145.65,0.44,2.6,0.9,0.05,23.04,36.68,26.44,7.95,14.07,10.57,0.24,0.62,3.54,9.14,0.86,225.5,16.89,1.0,3.79,7.54,585.96,164.18,4.19,1.01,9.59,2.07,1.31,168.9,0.28,5.477,3.67,0.28,1.75,0.55,84.96,2.85,8.71,26.56,1,1,1
5015.0,6729.0,989.0,1.043,0.79,251.09,46.59,0.12,5.91,0.24,1.65,3.51,0.72,18.27,0.55,2.6,3.01,0.025,0.11,0.28,1.82,0.07,101.67,10.49,0.03,0.37,1.22,75.78,17.45,0.08,9.91,1.29,0.5,0.74,12.21,0.025,16.499,0.28,0.04,0.11,0.22,19.57,0.51,1.03,4.31,1,0,1
5114.0,6678.0,1020.0,0.005,7.74,1.21,403.76,0.87,0.07,3.67,0.01,35.91,1.97,30.29,5.95,3.25,18.35,0.09,1.0,2.51,14.7,1.73,550.65,5.23,1.58,6.03,2.31,667.65,148.73,0.26,0.98,16.42,0.5,2.8,256.97,0.35,0.16,4.15,0.5,1.99,0.83,155.53,1.73,12.39,27.05,0,0,1
5020.0,6714.0,1000.0,0.126,2.74,11.03,389.14,0.35,0.39,2.58,0.43,9.31,2.31,20.48,0.98,6.04,11.92,0.07,0.44,1.33,5.2,0.21,527.86,3.83,0.1,0.84,1.55,196.87,45.92,0.05,5.97,3.04,1.0,5.04,74.45,0.08,0.958,0.72,0.08,0.42,0.32,41.53,2.54,2.93,7.15,1,1,1
4021.16,6431.971,635.0,0.0025,6.52,2.34,852.01,1.15,0.13,1.64,0.11,35.99,5.21,15.3,4.94,2.5,13.9,0.09,1.8,2.83,16.38,0.6,536.45,0.38,1.79,6.58,3.31,416.7,97.5,0.01,1.7,5.85,0.5,1.67,300.9,0.57,0.025,8.33,0.19,0.88,2.25,41.55,0.72,12.82,45.57,0,0,0
4180.011,6659.249,625.0,0.018,2.35,4.7,89.16,0.39,0.05,20.01,5.34,18.83,4.06,7.52,2.65,1.2,5.59,0.025,0.78,0.86,10.55,0.26,4817.98,6.32,0.22,2.09,1.5,336.32,68.93,0.03,7.31,3.6,1.0,0.5,209.09,0.13,0.025,2.17,0.11,0.48,0.49,24.85,0.88,6.48,39.11,0,1,0
4129.443,6633.987,605.0,0.0025,6.56,1.23,1053.6,1.71,0.16,0.8,0.12,53.96,1.99,16.65,1.77,1.66,15.21,0.1,2.73,2.21,25.18,0.14,455.86,1.96,2.93,7.64,1.26,149.48,67.62,0.005,0.92,10.32,0.5,3.44,199.43,0.65,0.025,14.04,0.11,0.77,3.84,10.65,0.39,26.78,78.86,0,0,0
3940.427,6443.621,579.0,0.062,6.26,9.99,884.29,0.79,0.13,3.89,0.62,28.01,7.5,17.09,3.44,4.1,13.52,0.08,1.19,2.34,12.02,0.81,980.19,2.4,0.82,5.16,5.55,534.96,111.29,0.05,6.63,8.3,0.5,1.81,260.14,0.41,0.451,3.79,0.3,1.16,1.22,81.42,1.42,10.27,29.52,0,0,1
3943.527,6421.15,586.0,0.01,7.02,10.2,385.89,0.49,0.24,2.81,0.46,23.84,4.1,26.21,3.71,5.28,15.45,0.07,1.04,2.28,10.14,0.91,722.91,1.13,1.22,5.05,3.98,778.81,159.75,0.07,5.42,14.87,0.5,1.8,124.72,0.32,0.292,2.14,0.42,1.22,0.58,109.21,1.41,10.01,29.35,0,0,1
3932.176,6390.467,587.0,0.0025,7.94,2.48,613.62,1.31,0.12,2.1,0.19,38.69,8.49,17.36,4.86,2.79,21.79,0.09,1.84,1.58,19.03,0.87,616.07,0.3,2.81,7.15,4.59,641.38,70.35,0.01,1.21,9.04,0.5,1.68,359.67,0.56,0.025,6.72,0.28,0.52,1.97,86.16,0.9,18.32,55.7,0,0,0
3862.251,6485.861,510.0,0.028,2.4,5.74,143.31,0.37,0.05,0.64,0.43,8.73,2.7,20.91,4.05,1.05,4.32,0.025,0.63,1.0,3.7,0.2,193.13,27.16,0.17,1.53,3.34,177.62,68.41,0.02,20.63,4.4,0.5,0.4,26.59,0.09,0.025,1.0,0.11,0.53,0.29,49.65,0.99,2.99,24.89,0,0,0
3880.34,6542.436,505.0,0.0025,7.92,4.5,442.86,1.24,0.05,2.91,0.18,35.69,11.27,28.07,1.72,3.75,18.98,0.1,2.33,1.06,17.77,1.21,746.58,0.46,2.83,6.54,5.47,854.1,31.09,0.03,1.41,13.89,0.5,1.35,307.55,0.53,0.025,6.52,0.4,0.27,1.86,113.93,0.74,13.35,66.2,0,0,0
3884.067,6550.643,511.0,0.013,6.84,39.95,707.76,0.93,0.05,3.0,0.09,31.36,2.02,17.64,1.28,4.39,23.61,0.1,2.05,2.0,13.79,0.18,535.22,8.67,2.56,7.02,1.75,762.32,89.6,0.22,10.96,14.83,1.0,1.23,391.61,0.49,0.025,7.25,0.44,1.04,1.73,109.24,1.27,12.04,58.31,0,1,0
3919.959,6658.304,514.0,0.0025,6.24,3.88,780.05,1.43,0.58,0.28,0.41,53.43,1.42,5.43,2.37,1.62,16.59,0.1,1.54,3.38,24.58,0.15,610.32,1.49,1.99,5.9,1.17,119.43,137.07,0.005,0.84,9.29,0.5,1.97,64.53,0.56,0.025,13.06,0.08,1.31,2.8,15.35,0.95,18.42,47.33,0,0,0
3962.551,6742.066,493.0,0.028,7.8,6.31,617.01,0.89,0.09,2.48,1.29,35.03,9.03,27.27,2.91,3.07,14.95,0.11,1.11,2.77,13.33,0.96,920.29,1.93,2.54,5.59,11.05,856.91,142.72,0.1,5.25,16.99,0.5,1.21,247.55,0.41,0.204,2.62,0.48,1.18,0.73,119.18,2.1,12.57,34.53,0,0,1
3988.282,6697.804,516.0,0.009,5.91,5.21,513.87,0.9,0.05,1.76,0.05,31.49,4.37,18.02,7.28,2.48,13.0,0.09,1.63,2.86,18.14,0.45,436.35,0.37,0.84,5.13,2.08,646.21,169.47,0.05,9.34,11.11,0.5,1.11,95.35,0.38,0.05,6.31,0.33,0.96,1.26,69.63,2.65,11.83,69.26,0,0,1
3981.282,6312.947,637.0,0.0025,1.0,1.59,81.29,0.31,0.05,0.15,0.23,2.86,1.42,20.34,1.52,0.61,1.79,0.1,0.1,0.28,1.3,0.04,114.86,5.32,0.02,0.11,2.72,28.52,25.17,0.005,12.45,0.85,0.5,0.2,11.64,0.025,0.025,0.09,0.01,0.2,0.05,16.32,0.1,0.64,2.68,0,0,0
3450.497,6885.612,161.0,0.0025,0.78,18.22,10.0,0.22,0.05,23.17,0.08,6.61,3.18,7.26,0.08,0.93,2.03,0.05,0.42,0.005,3.35,5.8,912.55,0.2,0.01,0.66,6.12,334.82,0.21,0.005,0.79,2.06,0.5,0.21,461.94,0.025,0.025,0.59,0.05,0.01,1.82,9.99,0.3,2.58,9.05,0,0,0
3367.765,6979.527,43.0,0.071,0.72,3591.44,46.71,1.12,21.65,0.03,13.58,10.31,3.8,15.78,0.78,12.17,2.12,0.08,0.1,0.09,4.13,0.08,392.4,5.35,0.01,0.64,7.06,844.03,4.24,0.08,61.28,0.67,0.5,0.81,2.29,0.025,0.05,0.98,0.02,0.05,1.13,12.69,4.61,8.39,2.87,0,0,1
3475.379,6987.782,95.0,0.0025,1.5,28.62,18.91,0.22,0.19,0.03,0.27,13.25,8.08,28.18,1.51,2.55,3.96,0.025,0.37,0.2,6.67,0.83,186.46,0.86,0.02,3.21,16.49,179.11,10.5,0.02,3.56,2.26,0.5,0.99,4.78,0.22,0.065,2.38,0.12,0.1,0.42,15.86,0.49,2.44,4.25,0,0,1
3366.177,6982.82,43.0,0.019,0.17,384.2,10.15,0.14,241.66,0.02,1.67,4.5,0.88,21.62,0.13,1.61,0.7,0.025,0.05,0.02,1.94,0.01,148.08,1.09,0.01,0.65,2.09,97.06,0.47,0.03,31.26,0.33,0.5,0.5,1.42,0.025,0.025,0.92,0.03,0.01,0.19,3.24,2.16,1.78,1.33,0,0,0
3359.985,7087.879,0.0,0.172,1.36,3000.69,39.39,0.15,2985.01,0.04,0.72,12.93,1.91,23.31,0.56,34.32,9.31,0.25,0.21,0.36,6.84,0.03,167.98,13.19,0.01,2.4,1.94,1586.01,21.5,0.2,78.97,2.37,0.5,9.98,3.13,0.19,6.441,3.26,0.09,0.32,0.68,505.79,47.44,3.61,4.17,1,0,1
5348.0,6605.0,1119.0,0.02,3.16,24.28,170.51,0.49,1.29,0.04,0.05,12.08,1.64,22.64,3.44,2.84,7.83,0.025,1.13,1.39,5.34,0.17,70.86,29.9,0.04,1.74,3.18,326.43,81.69,0.07,5.18,5.67,0.5,0.87,9.87,0.12,0.133,2.58,0.12,0.51,0.65,49.98,2.12,3.27,37.29,0,0,1
5342.0,6604.0,1120.0,0.007,2.35,4.79,280.24,0.24,0.48,0.03,0.01,7.13,2.87,19.42,1.88,12.62,8.95,0.08,0.56,1.18,3.41,0.15,76.33,17.98,0.04,1.46,1.6,507.5,63.08,0.48,8.29,4.71,3.19,0.87,19.18,0.12,0.346,1.81,0.14,0.38,0.31,57.17,1.51,1.48,92.46,0,1,1
5337.0,6603.0,1121.0,0.302,6.39,124.96,299.45,0.63,0.32,0.05,0.01,7.65,0.51,24.09,6.66,9.06,16.51,0.07,1.38,2.72,3.51,0.38,107.51,8.86,0.05,4.18,0.76,643.78,208.8,0.1,2.64,8.45,2.05,1.45,4.75,0.3,1.481,4.36,0.26,1.05,0.98,92.79,3.96,2.49,40.77,1,1,1
5336.5,6602.0,1121.0,0.063,3.94,10.1,278.33,0.34,0.09,0.04,0.01,13.19,0.71,19.18,3.53,1.99,9.35,0.025,0.62,1.83,6.22,0.33,100.7,64.61,0.05,2.07,1.64,351.69,114.1,0.03,5.77,6.78,0.5,0.93,10.41,0.15,0.117,2.25,0.15,0.72,0.47,64.58,2.43,2.61,19.4,0,0,1
5326.0,6553.0,1154.0,0.042,4.11,42.39,314.02,0.28,0.23,0.06,0.01,22.21,0.51,25.14,4.56,1.76,9.18,0.05,1.16,1.93,9.74,0.13,69.14,45.32,0.07,2.4,1.8,363.69,126.52,0.17,7.56,8.09,0.5,0.92,18.29,0.15,0.137,2.3,0.19,0.91,0.74,67.31,3.73,4.05,68.69,0,0,1
5260.0,6527.0,1154.0,0.056,1.69,38.73,59.9,0.15,0.76,0.81,0.01,10.44,0.63,18.47,1.13,3.79,8.12,0.05,0.29,0.47,5.35,0.26,286.92,6.07,0.03,1.18,1.25,213.05,26.48,0.03,5.29,4.69,1.0,2.92,29.96,0.09,1.29,1.17,0.08,0.24,0.43,42.91,0.84,4.24,11.15,0,1,1
5341.0,6810.0,1037.0,0.011,7.75,5.12,558.5,0.96,22.09,0.03,0.08,36.37,1.08,28.33,2.93,9.44,21.19,0.1,0.93,3.61,17.21,0.45,78.5,10.73,0.14,3.56,1.06,663.84,167.16,0.1,2.28,16.34,3.14,3.05,12.44,0.24,0.947,4.57,0.28,1.26,1.14,149.73,1.75,3.91,60.99,0,1,1
5182.0,6696.0,1017.0,0.0025,7.39,0.85,531.66,1.05,0.26,4.19,0.08,31.68,11.7,9.29,1.74,4.42,22.05,0.08,0.64,1.37,13.02,1.37,803.44,0.58,2.63,5.85,3.04,903.47,36.84,0.005,0.18,9.44,0.5,0.9,561.05,0.42,0.025,4.8,0.45,0.16,1.12,115.7,0.39,10.31,10.27,0,0,0
4979.0,6726.0,985.0,0.013,3.01,31.88,122.28,0.18,0.71,0.35,0.05,17.59,0.87,17.16,2.42,5.1,11.42,0.09,1.0,2.08,9.99,0.9,433.42,2.48,0.16,3.09,1.15,381.65,167.19,0.09,4.56,8.26,1.02,1.02,38.36,0.19,1.48,2.54,0.19,1.65,1.27,71.62,1.13,4.52,21.9,0,1,1
4982.0,6735.0,984.0,0.054,6.61,150.91,302.95,0.89,0.3,3.76,0.13,27.79,10.61,31.02,4.81,2.81,17.95,0.1,0.81,1.94,12.85,1.49,700.73,0.46,0.73,4.94,8.22,745.84,109.2,1.24,3.03,16.13,0.5,1.29,174.24,0.37,1.706,3.07,0.38,1.25,0.76,142.19,2.29,14.59,32.27,0,0,1
4999.0,6744.0,974.0,0.142,2.03,1140.87,132.76,0.39,0.97,0.9,0.13,7.73,3.29,23.68,2.23,2.5,4.5,0.025,0.43,0.75,3.29,0.24,282.02,1.57,0.15,0.93,3.05,192.71,41.9,0.26,11.45,4.03,0.5,0.74,44.64,0.06,1.948,1.34,0.09,0.31,0.21,38.23,0.81,3.25,12.25,1,0,1
4978.0,6777.0,940.0,0.022,3.66,157.67,321.27,0.42,0.16,1.84,0.25,19.39,7.61,22.28,1.26,2.65,8.07,0.07,0.99,1.65,8.89,0.46,589.09,2.19,0.23,2.37,5.19,392.36,86.44,0.35,8.43,7.28,0.5,1.29,71.65,0.13,0.445,1.77,0.19,0.71,0.49,61.2,0.99,9.62,36.82,0,0,1
5022.0,6829.0,1005.0,0.025,1.97,7.27,98.27,0.15,0.44,1.66,0.05,7.73,0.85,16.56,0.62,6.43,9.23,0.08,0.27,0.52,3.05,0.25,363.49,0.96,0.06,0.93,0.96,211.13,30.32,0.09,11.6,2.53,1.02,3.63,54.08,0.07,0.714,0.67,0.09,0.24,0.19,47.63,0.72,1.98,8.29,0,1,1
3368.882,6976.376,43.0,0.02,1.73,648.11,73.02,0.75,14.53,0.02,4.87,12.4,3.15,20.54,1.48,2.66,4.41,0.05,0.1,0.5,5.08,0.19,310.91,1.66,0.01,1.61,6.57,341.91,31.42,0.16,30.79,1.2,0.5,2.32,4.43,0.15,0.025,1.95,0.05,0.24,0.83,16.22,13.94,4.88,3.2,0,0,0
3308.728,6922.639,20.0,0.006,2.68,192.95,74.03,0.75,0.2,0.03,0.85,30.82,11.17,29.4,4.34,3.36,6.53,0.08,0.27,0.66,13.72,0.07,608.76,2.65,0.01,3.84,12.18,312.56,42.38,0.01,3.52,4.92,0.5,0.92,4.43,0.27,0.025,4.77,0.16,0.38,0.95,37.57,3.79,5.19,10.07,0,0,0
3309.582,6922.716,20.0,0.005,1.89,162.75,62.45,0.55,0.25,0.01,0.38,35.81,7.54,22.11,11.02,2.69,4.44,0.07,0.41,0.48,17.77,0.05,570.34,4.34,0.01,3.95,10.97,212.98,34.51,0.01,5.47,3.32,0.5,1.31,4.48,0.25,0.057,3.46,0.14,0.36,1.06,32.88,4.8,5.78,61.78,0,0,1
3310.345,6922.672,20.0,0.019,6.83,221.9,305.38,1.35,3.33,0.02,0.35,102.06,3.35,56.99,28.47,4.85,20.74,0.18,1.95,2.54,51.1,0.27,173.25,8.98,0.03,16.76,19.11,336.86,189.26,0.01,19.61,16.0,1.0,6.17,10.95,1.24,0.069,13.92,0.61,1.18,2.52,103.2,12.68,27.45,55.93,0,1,1
3311.214,6922.763,20.0,0.0025,1.31,30.21,49.5,0.26,0.13,0.01,0.18,14.13,2.77,25.08,2.11,0.98,2.91,0.025,0.19,0.5,6.34,0.06,279.06,1.19,0.01,1.59,3.54,72.97,26.99,0.005,3.58,1.41,0.5,1.08,3.4,0.11,0.025,1.88,0.07,0.28,0.28,14.3,1.29,2.49,4.87,0,0,0
3257.0,6787.0,31.0,0.005,6.74,27.74,739.46,1.51,0.64,0.32,0.15,45.32,4.06,5.01,9.6,2.09,10.1,0.07,3.72,2.2,19.36,0.34,636.73,9.43,0.14,12.07,8.46,266.25,145.78,0.04,4.45,3.45,0.5,7.82,52.2,0.88,0.085,19.21,0.15,1.08,5.9,19.02,1.88,16.09,155.49,0,0,1
3191.0,6517.0,166.0,0.006,0.3,1.52,98.22,0.025,0.05,30.91,0.16,7.9,1.5,4.07,0.82,0.33,0.64,0.025,0.1,0.04,3.45,3.13,1390.72,1.99,0.02,0.55,2.94,93.87,4.27,0.14,0.34,2.58,1.01,0.3,2906.82,0.025,0.051,0.41,0.02,0.05,0.29,11.9,0.27,7.05,3.22,0,1,1
3220.0,6270.0,208.0,0.0025,3.53,2.28,489.91,0.75,0.05,0.7,0.01,14.44,5.28,26.3,2.79,1.93,8.65,0.06,1.31,1.46,9.01,0.39,444.8,0.32,0.17,5.57,13.82,278.76,81.99,0.005,1.96,7.13,0.5,0.61,78.58,0.33,0.025,2.56,0.21,0.68,0.39,34.8,0.32,5.69,61.75,0,0,0
3197.0,6043.0,249.0,0.007,0.54,10.6,32.59,0.26,1.38,0.03,0.35,17.32,2.97,19.41,1.32,1.23,1.32,0.05,0.1,0.12,6.1,0.11,666.09,0.49,0.01,0.42,2.52,165.37,8.18,0.01,7.88,0.71,0.5,0.32,3.46,0.025,0.122,0.49,0.01,0.15,0.19,6.76,0.21,3.82,3.24,0,0,1
7039.0,4179.0,887.0,0.015,2.3,25.05,162.67,0.39,0.16,0.14,0.09,11.33,2.41,19.44,2.14,1.27,4.41,0.025,0.41,0.61,7.57,0.19,221.88,3.83,0.37,1.45,2.03,149.23,35.8,0.01,25.38,1.98,0.5,0.63,24.09,0.14,0.062,2.1,0.06,0.38,0.66,13.04,0.48,4.97,15.44,0,0,1
7053.0,4168.0,894.0,0.018,2.56,125.73,191.46,0.25,0.83,0.43,0.11,12.14,1.65,15.87,2.09,2.8,7.86,0.05,0.58,0.87,6.97,0.18,248.7,29.36,0.17,1.81,1.34,202.79,58.31,0.04,26.47,2.39,1.0,1.48,29.28,0.15,0.424,2.37,0.08,0.55,0.78,25.17,0.86,4.66,15.01,0,1,1
6160.0,3987.0,887.0,0.0025,6.18,10.46,1119.71,0.89,0.05,0.72,0.12,46.44,4.87,8.72,5.09,1.18,13.29,0.08,0.2,4.14,25.9,0.16,157.23,0.46,1.24,2.81,4.24,101.42,115.06,0.12,0.96,2.74,0.5,0.38,213.42,0.43,0.025,18.67,0.08,1.05,5.58,12.34,0.92,10.09,3.46,0,0,0
5972.0,3917.0,883.0,0.0025,7.81,1.75,715.81,1.16,0.05,2.98,0.07,36.66,9.85,16.58,6.01,3.61,20.59,0.11,0.18,2.26,16.88,1.01,599.38,3.74,2.43,8.4,4.89,718.13,83.19,0.01,0.57,10.85,0.5,1.19,376.84,0.72,0.025,13.18,0.31,0.58,2.56,78.15,1.61,15.07,5.26,0,0,0
5882.0,3892.0,879.0,0.0025,8.27,2.56,729.6,1.08,0.05,1.94,0.06,28.74,3.82,7.11,2.28,2.35,16.98,0.06,0.22,2.67,16.89,0.51,289.65,4.73,2.85,5.34,1.19,466.37,76.25,0.01,0.38,4.02,0.5,0.68,361.64,0.57,0.025,15.9,0.19,0.39,3.45,41.14,2.65,8.32,3.65,0,0,0
5863.0,3931.0,844.0,0.0025,1.16,66.67,85.35,0.28,0.23,0.01,0.1,6.66,0.55,17.43,0.84,0.77,3.32,0.025,0.05,0.53,2.72,0.04,70.69,22.13,0.02,0.56,0.89,85.47,29.76,0.005,54.42,0.5,0.5,3.6,2.16,0.06,0.025,2.21,0.03,0.16,0.91,7.52,21.08,0.96,0.98,0,0,0
4829.0,3773.0,879.0,0.0025,5.87,6.29,521.01,2.2,0.11,0.34,0.05,65.94,0.83,22.35,14.76,1.19,13.11,0.08,2.73,4.42,35.3,0.1,177.49,0.89,1.76,11.62,0.88,76.22,236.41,0.005,2.8,2.16,0.5,2.82,94.89,1.0,0.025,26.94,0.07,1.18,6.99,4.65,1.95,21.65,66.71,0,0,0
5803.0,3901.0,871.0,0.0025,6.7,1.32,741.75,1.18,0.05,2.44,0.08,42.22,6.42,7.86,2.9,2.41,17.31,0.08,0.31,1.95,21.37,0.69,308.79,94.43,2.47,6.79,1.06,566.69,71.39,0.37,0.53,5.36,0.5,1.31,366.53,0.61,0.025,15.18,0.25,0.34,2.87,53.81,0.99,11.63,4.84,0,0,0
5861.0,3911.0,859.0,0.163,0.45,1678.64,98.97,0.17,28.83,0.01,1.22,0.99,0.67,17.07,0.32,2.03,1.4,0.025,0.31,0.17,0.61,0.01,42.15,67.12,0.005,0.29,1.06,63.03,9.58,0.05,99.61,0.44,1.0,5.87,2.08,0.025,1.486,0.23,0.01,0.05,0.19,7.59,3.44,0.47,0.25,1,1,1
5203.0,3728.0,875.0,0.0025,5.15,9.59,142.5,0.62,0.16,6.79,0.28,14.7,14.31,15.04,5.46,23.26,27.55,0.36,0.7,0.56,5.75,3.81,2521.05,31.91,0.35,3.07,8.42,631.02,47.85,0.06,1.07,14.79,0.5,2.35,114.5,0.27,0.025,2.61,0.33,0.33,0.42,219.97,2.86,17.37,38.83,0,0,0
5203.0,3730.0,877.0,0.0025,0.56,344.59,38.8,0.19,0.37,0.01,0.48,1.65,0.32,31.39,0.47,1.15,1.97,0.025,0.05,0.26,0.79,0.03,60.11,24.26,0.005,0.4,1.01,87.17,16.36,0.02,25.73,0.73,0.5,2.61,1.48,0.025,0.072,0.22,0.02,0.09,0.19,12.98,4.37,0.53,0.25,0,0,1
5246.0,4123.0,764.0,0.0025,7.15,2.13,673.5,1.25,0.16,3.03,0.14,32.48,8.56,6.33,2.43,2.8,17.39,0.11,0.38,1.98,14.52,0.88,709.22,0.65,2.67,7.21,1.54,666.93,69.29,0.01,0.43,5.74,0.5,0.82,411.87,0.58,0.025,9.33,0.32,0.37,2.03,77.1,0.54,10.03,4.95,0,0,0
4735.0,3780.0,870.0,0.0025,6.74,5.9,537.49,1.9,0.09,0.16,0.01,76.63,0.76,19.86,13.71,1.11,17.99,0.1,3.21,5.04,33.88,0.12,89.43,1.5,1.41,11.84,0.64,157.54,322.98,0.005,3.19,2.73,0.5,1.95,98.24,1.19,0.05,26.41,0.08,1.35,5.95,5.4,2.95,20.05,87.75,0,0,1
5255.0,3758.0,877.0,0.032,0.14,39.06,10.0,0.13,0.71,0.01,0.05,0.68,0.6,22.69,0.17,0.54,0.35,0.025,0.05,0.04,0.25,0.01,44.09,6.53,0.005,0.19,0.81,28.07,2.92,0.01,7.21,0.1,0.5,0.89,0.81,0.025,0.075,0.15,0.01,0.05,0.1,1.81,1.16,0.9,0.25,0,0,1
4412.266,7508.274,381.0,0.0025,9.44,18.7,63.3,0.92,0.09,1.59,0.09,50.6,40.16,185.19,1.26,6.79,24.95,0.19,1.92,0.09,25.48,4.28,1465.63,0.27,3.34,23.06,125.64,1667.48,2.08,0.03,2.22,19.7,0.5,1.92,250.64,1.37,0.025,4.52,0.93,0.06,1.32,169.07,1.2,18.19,59.13,0,0,0
4420.576,7520.641,382.0,0.0025,0.22,1.58,20.28,0.025,0.05,0.1,0.1,1.03,0.97,33.53,0.36,0.71,0.71,0.025,0.05,0.02,0.25,0.21,278.27,0.44,0.01,0.18,4.18,21.17,1.19,0.01,0.66,0.37,0.5,0.1,5.4,0.025,0.025,0.11,0.01,0.05,1.2,6.34,0.1,0.43,0.96,0,0,0
4421.501,7521.07,383.0,0.0025,1.48,6.04,63.13,0.29,0.09,0.04,0.14,2.87,3.55,41.44,0.78,0.92,3.7,0.025,0.37,0.14,1.53,1.68,248.08,0.48,0.02,2.07,8.41,40.84,7.26,0.03,2.5,1.6,0.5,0.1,16.1,0.14,0.025,1.06,0.05,0.1,1.46,42.31,0.29,1.4,12.01,0,0,0
4422.475,7521.769,384.0,0.0025,7.34,26.11,716.08,1.63,0.38,0.22,0.36,20.35,3.49,18.74,10.17,1.11,21.08,0.06,1.37,2.88,10.55,2.1,209.31,0.17,0.2,15.89,8.78,241.32,90.96,0.01,4.55,5.91,0.5,1.76,179.88,1.18,0.025,7.38,0.16,1.34,0.85,74.55,0.82,6.97,35.81,0,0,0
4418.0,7497.0,396.0,0.0025,1.05,9.7,10.14,0.36,0.05,14.19,0.15,7.79,4.51,6.94,0.35,1.01,2.15,0.05,0.4,0.01,3.98,7.9,753.63,0.3,0.02,1.17,5.23,171.18,0.42,0.04,1.13,2.26,0.5,0.1,452.61,0.06,0.025,0.83,0.07,0.05,1.55,21.44,0.49,2.86,21.46,0,0,0
4428.391,7574.709,389.0,0.0025,0.3,0.87,10.0,0.28,0.05,14.71,0.24,1.95,2.2,4.96,0.22,0.7,0.84,0.025,0.11,0.01,1.0,7.05,503.02,0.13,0.02,0.59,2.77,67.38,0.4,0.005,0.92,0.91,0.5,0.1,363.39,0.025,0.054,0.17,0.02,0.01,1.3,4.73,0.1,1.38,7.42,0,0,1
4416.0,7582.0,357.0,0.0025,0.39,5.37,10.0,0.35,0.05,21.46,0.19,3.27,1.86,2.07,0.08,0.79,0.88,0.025,0.22,0.01,1.45,9.21,1022.56,0.13,0.01,0.58,1.84,75.04,0.29,0.005,1.14,1.21,0.5,0.1,659.41,0.025,0.025,0.34,0.01,0.01,0.94,10.0,0.32,2.79,6.4,0,0,0
4420.0,7591.0,359.0,0.0025,0.05,1.29,5.0,0.09,0.005,5.19,0.12,0.18,0.62,19.02,0.11,0.58,0.28,0.025,0.05,0.005,0.25,2.73,204.28,0.18,0.01,0.11,1.56,19.76,0.22,0.005,1.34,0.4,0.5,0.1,78.7,0.025,0.025,0.05,0.0025,0.01,0.46,2.9,0.05,0.28,1.22,0,0,0
4390.621,7631.221,361.0,0.0025,5.79,1.75,279.71,0.81,0.06,0.23,0.06,40.75,10.83,19.96,17.06,2.89,13.1,0.16,2.26,1.91,19.84,1.44,360.37,0.23,0.09,9.04,10.62,702.38,104.94,0.005,1.1,8.0,2.14,1.18,57.2,0.65,0.025,6.04,0.3,0.93,2.0,194.28,0.68,15.59,149.36,0,1,0
4393.198,7633.17,361.0,0.0025,6.66,1.74,361.17,1.09,0.05,0.32,0.11,43.26,18.18,16.75,22.98,3.87,16.07,0.12,1.2,2.11,22.45,1.62,480.36,0.24,0.15,9.29,12.32,983.61,113.52,0.01,1.66,10.33,0.5,1.03,97.68,0.62,0.025,5.26,0.34,1.11,1.37,175.92,0.92,11.72,44.4,0,0,0
4394.729,7653.401,364.0,0.005,7.79,17.97,365.5,1.35,0.06,0.22,0.06,25.17,18.03,24.48,15.7,5.0,22.21,0.11,1.52,2.41,12.54,2.17,696.35,0.2,0.16,9.86,15.07,1021.79,88.65,0.01,2.15,12.8,1.04,1.15,104.16,0.69,0.025,4.22,0.45,1.2,1.27,231.84,2.42,10.45,49.51,0,1,0
4384.887,7684.654,374.0,0.02,1.79,58.99,73.87,0.29,0.08,0.02,0.38,25.58,2.34,24.75,1.46,1.16,3.26,0.05,0.64,0.92,11.86,0.08,92.68,0.78,0.03,5.03,3.18,199.37,45.6,0.01,3.52,2.27,0.5,0.88,5.14,0.35,0.025,3.36,0.19,0.42,0.54,23.6,2.05,3.27,17.35,0,0,0
4392.777,7690.321,371.0,0.0025,1.6,46.38,76.8,0.3,0.05,0.01,0.21,28.58,1.47,26.64,1.81,1.03,3.65,0.06,1.53,0.69,12.39,0.05,71.99,0.61,0.03,6.78,3.1,118.91,40.37,0.01,2.62,2.52,0.5,0.81,8.12,0.39,0.025,3.61,0.2,0.33,0.65,20.91,2.38,4.25,20.56,0,0,0
4375.362,7677.273,366.0,0.0025,2.57,39.84,67.32,0.38,0.16,0.01,0.17,28.53,1.94,22.22,2.14,1.18,5.51,0.05,0.96,1.09,12.66,0.08,57.17,1.04,0.02,4.68,3.35,116.72,55.03,0.01,2.98,3.47,0.5,2.24,6.23,0.27,0.025,2.71,0.15,0.54,0.54,30.79,1.97,4.64,21.91,0,0,0
4403.0,7712.0,356.0,0.17,0.46,17.35,18.52,0.1,0.26,0.01,0.12,19.44,1.34,22.98,0.3,0.81,1.13,0.05,0.1,0.12,10.68,0.06,128.78,0.65,0.01,1.37,2.43,96.93,6.71,0.01,2.4,0.96,0.5,0.32,2.25,0.08,0.025,0.97,0.06,0.07,0.29,8.76,0.75,2.9,2.71,1,0,0
4457.0,7673.0,363.0,0.0025,0.18,1.58,10.0,0.06,0.005,0.28,0.05,0.89,0.67,42.76,0.25,0.73,0.72,0.025,0.1,0.03,0.66,0.22,146.08,0.29,0.01,0.19,2.49,43.8,2.03,0.005,1.0,0.49,0.5,0.1,7.16,0.025,0.025,0.14,0.01,0.05,0.92,3.76,0.1,0.65,0.7,0,0,0
4458.0,7667.0,364.0,0.0025,8.46,0.88,610.52,0.71,0.08,0.82,0.13,55.31,12.47,17.56,14.7,4.25,17.99,0.12,1.28,2.13,30.03,1.39,542.25,0.55,0.24,8.46,10.8,998.2,132.84,0.01,1.54,10.08,0.5,1.09,227.28,0.59,0.025,6.75,0.33,1.0,1.43,97.81,0.67,17.61,47.69,0,0,0
4463.0,7642.0,388.0,0.0025,0.11,1.29,10.0,0.05,0.005,0.65,0.06,0.83,0.74,33.96,0.3,0.67,0.53,0.025,0.1,0.01,0.86,0.45,185.36,0.43,0.01,0.19,3.59,71.33,0.69,0.01,0.92,0.31,0.5,0.1,9.04,0.025,0.025,0.1,0.0025,0.01,1.34,3.03,0.05,0.56,2.39,0,0,0
4326.012,7648.652,334.0,0.0025,8.69,94.6,461.17,1.76,0.08,0.05,0.71,58.07,3.9,5.36,5.66,2.01,17.1,0.1,2.76,3.25,29.2,0.19,73.78,1.33,0.07,12.38,3.72,266.15,213.15,0.01,22.43,8.44,0.5,2.9,10.32,0.89,0.025,17.27,0.39,1.75,3.01,68.44,3.39,10.53,72.82,0,0,0
4513.0,7794.0,335.0,0.073,1.56,675.59,43.69,0.32,0.47,0.03,4.56,15.08,1.69,39.64,1.89,1.2,3.37,0.025,0.64,0.59,6.46,0.04,81.55,2.29,0.02,2.82,3.85,100.64,33.48,0.1,48.76,2.12,0.5,1.28,9.09,0.18,0.025,1.95,0.08,0.34,0.51,17.18,1.38,3.09,16.45,0,0,0
4508.0,7800.0,336.0,0.053,3.79,368.9,218.35,0.5,1.69,0.03,1.58,31.53,2.71,39.25,3.15,2.3,9.02,0.025,1.05,1.78,13.56,0.1,101.64,35.15,0.05,6.21,4.46,277.86,122.58,0.21,35.46,5.01,0.5,3.37,11.57,0.42,0.357,3.43,0.2,0.86,0.74,49.35,3.84,3.49,20.02,0,0,1
4500.0,7796.0,333.0,0.006,0.91,145.99,10.0,0.26,0.85,0.01,0.38,10.95,4.49,21.05,0.78,1.85,3.22,0.025,0.1,0.18,4.83,0.06,152.92,1.56,0.02,1.79,4.65,192.73,12.1,0.04,7.45,1.65,0.5,0.31,4.67,0.13,0.065,1.93,0.07,0.09,0.2,8.87,0.48,2.26,4.93,0,0,1
4522.1,7817.8,320.0,0.005,11.03,361.72,470.3,2.66,0.17,0.06,2.58,103.91,6.82,84.62,13.11,3.35,25.63,0.12,0.64,4.56,49.46,0.23,321.42,2.41,0.12,21.48,15.47,602.25,239.77,0.01,10.93,23.4,0.5,3.59,40.54,1.49,0.025,14.8,0.75,2.12,2.02,136.76,5.59,17.8,23.79,0,0,0
4523.01,7816.72,320.0,0.027,2.01,210.01,71.97,0.37,0.14,0.02,0.64,23.47,1.21,25.74,1.55,0.92,3.74,0.09,1.08,0.79,12.13,0.04,100.65,0.73,0.02,4.1,2.84,112.61,46.24,0.02,18.47,2.62,0.5,4.67,5.77,0.32,0.156,2.83,0.16,0.41,0.6,18.86,2.48,3.73,26.64,0,0,1
4524.35,7815.5,320.0,0.014,0.35,478.81,10.0,0.08,0.05,0.01,0.14,5.05,0.31,34.39,0.4,0.86,0.73,0.025,0.1,0.13,2.26,0.01,56.84,1.01,0.01,0.71,1.47,45.67,7.86,0.02,8.98,0.5,0.5,0.4,2.62,0.05,0.025,0.58,0.03,0.08,0.1,3.65,0.41,0.82,7.16,0,0,0
4525.12,7814.83,321.0,0.123,3.53,3014.29,95.4,1.14,0.74,0.04,9.63,31.17,5.59,29.83,4.47,6.22,7.03,0.025,1.08,1.49,14.57,0.1,91.78,3.91,0.04,5.73,18.36,511.0,68.6,0.06,78.95,5.54,1.03,1.75,13.93,0.44,0.05,3.99,0.22,0.76,1.0,39.97,3.07,8.22,32.77,1,1,1
4525.71,7814.43,321.0,0.02,0.95,182.98,37.65,0.43,3.78,0.01,0.32,8.93,0.83,22.13,1.14,0.89,2.17,0.025,0.32,0.37,4.19,0.02,52.84,0.75,0.03,1.42,1.95,87.82,20.97,0.02,50.76,1.09,0.5,0.63,6.59,0.09,0.153,1.08,0.05,0.19,0.3,8.38,0.73,2.15,7.19,0,0,1
4526.23,7813.82,321.0,0.015,11.09,2108.16,391.71,1.94,0.51,0.11,1.85,75.87,2.99,75.81,10.4,5.16,23.55,0.15,3.01,4.15,42.35,0.41,178.15,4.18,0.14,17.86,14.77,1840.97,216.68,0.03,21.63,23.4,1.0,3.55,43.94,1.25,0.1,13.69,0.69,2.07,2.04,116.19,4.0,19.64,116.49,0,1,1
4625.0,7887.0,310.0,0.0025,0.53,55.47,19.66,0.07,0.05,0.01,0.05,10.69,0.42,28.08,0.51,0.49,1.25,0.025,0.2,0.21,4.78,0.01,47.61,0.62,0.02,2.05,1.98,28.34,10.32,0.01,4.92,0.87,0.5,0.42,3.59,0.13,0.025,1.1,0.07,0.14,0.19,6.9,1.19,1.4,8.75,0,0,0
4651.0,7904.0,311.0,0.0025,0.11,3.55,10.0,0.06,0.05,1.94,0.06,1.31,0.63,44.22,0.31,0.58,0.36,0.025,0.05,0.03,0.75,1.66,157.2,0.51,0.01,0.27,2.03,19.24,1.26,0.01,1.61,0.4,0.5,0.2,40.45,0.025,0.025,0.19,0.01,0.05,0.69,2.81,0.19,0.53,2.23,0,0,0
4665.0,7909.0,312.0,0.005,0.42,63.32,10.38,0.06,0.05,0.01,0.01,5.31,0.5,29.78,0.44,0.83,1.02,0.025,0.1,0.13,2.89,0.01,67.5,0.69,0.01,0.72,1.55,43.76,8.17,0.01,6.96,0.53,0.5,0.32,3.07,0.05,0.025,0.65,0.03,0.1,0.19,3.14,0.44,1.05,3.1,0,0,0
4692.0,7856.0,342.0,0.0025,0.06,1.09,10.13,0.07,0.005,0.67,0.05,0.18,0.37,53.35,0.3,0.63,0.4,0.025,0.05,0.01,0.25,0.3,111.98,0.36,0.01,0.1,2.11,60.68,0.54,0.01,0.98,0.32,0.5,0.2,12.25,0.025,0.053,0.05,0.0025,0.01,0.86,2.12,0.1,0.21,0.95,0,0,1
4687.0,7919.0,313.0,0.007,9.53,128.46,493.0,2.01,0.22,0.11,0.73,87.67,1.38,57.86,8.45,2.62,20.24,0.07,0.95,3.33,45.53,0.12,47.11,0.94,0.33,18.45,4.09,319.89,154.11,0.01,15.96,17.55,0.5,3.26,100.35,1.39,0.025,10.64,0.63,1.25,1.9,93.26,2.87,7.76,31.91,0,0,0
4687.2,7917.35,314.0,0.005,0.73,32.66,18.47,0.07,0.05,0.01,0.01,6.73,0.39,29.89,0.81,0.8,1.57,0.025,0.4,0.24,3.42,0.01,53.06,4.45,0.02,1.46,1.5,42.89,11.59,0.01,16.57,0.84,0.5,0.86,3.38,0.1,0.025,1.12,0.06,0.16,0.2,6.27,0.5,1.6,12.14,0,0,0
4687.25,7916.45,314.0,0.0025,0.36,54.6,10.57,0.15,0.05,0.005,0.05,3.65,0.5,31.79,0.77,1.88,0.92,0.025,0.11,0.11,1.91,0.005,60.01,0.96,0.01,0.45,1.41,167.79,4.95,0.02,23.26,0.66,0.5,0.22,2.64,0.025,0.025,0.76,0.03,0.08,0.19,4.56,0.19,0.76,2.85,0,0,0
4687.35,7915.15,315.0,0.0025,0.79,11.37,41.39,0.08,0.05,0.01,0.01,9.21,0.39,28.05,0.65,0.61,1.51,0.025,0.1,0.29,3.89,0.01,57.56,0.46,0.03,0.85,1.97,60.88,13.96,0.02,5.67,0.74,0.5,0.27,6.87,0.05,0.025,0.84,0.04,0.33,0.22,5.36,0.38,1.71,6.42,0,0,0
4687.45,7913.95,315.0,0.005,1.62,69.64,36.92,0.19,0.13,0.01,0.05,14.39,0.42,32.04,1.31,1.05,4.03,0.025,1.04,0.55,7.34,0.02,52.6,0.89,0.03,4.32,1.76,172.45,31.37,0.04,10.02,1.67,0.5,0.85,8.56,0.35,0.025,2.98,0.15,0.46,0.55,16.39,2.3,3.03,43.14,0,0,0
4687.5,7913.05,316.0,0.0025,8.38,14.64,249.35,2.0,0.21,0.03,0.01,82.59,0.8,58.93,11.45,0.44,19.87,0.025,1.98,3.49,45.57,0.15,41.69,0.52,0.21,25.94,2.65,119.44,164.14,0.02,5.34,13.24,0.5,3.44,47.91,1.71,0.025,12.72,0.64,1.56,1.85,85.67,2.67,16.66,67.64,0,0,0
4687.6,7912.45,326.0,0.006,4.25,34.01,98.83,0.99,0.12,0.02,0.05,60.02,1.06,34.29,4.99,0.85,11.8,0.025,1.96,1.54,27.57,0.07,43.77,0.52,0.11,11.36,2.98,205.57,79.21,0.01,4.48,6.67,0.5,1.98,26.43,0.93,0.025,7.56,0.37,0.78,1.52,53.92,1.98,11.72,60.87,0,0,0
4687.65,7911.85,316.0,0.0025,2.45,21.7,43.56,0.41,0.08,0.02,0.01,25.08,0.91,28.16,3.16,1.07,5.57,0.025,0.91,0.68,13.45,0.03,39.06,0.75,0.07,5.6,2.32,106.21,31.69,0.01,3.38,3.47,0.5,0.97,25.47,0.47,0.025,4.54,0.19,0.46,0.72,22.07,1.02,6.01,47.35,0,0,0
4687.75,7910.9,316.0,0.0025,3.35,12.32,46.42,0.65,0.09,0.03,0.05,36.34,1.69,36.11,5.19,1.58,6.63,0.12,1.73,0.79,15.95,0.08,102.82,0.75,0.08,9.08,5.98,136.81,40.08,0.01,1.76,4.58,0.5,1.01,32.9,0.61,0.025,5.11,0.28,0.47,1.06,36.04,1.2,9.02,72.92,0,0,0
4687.75,7910.0,316.0,0.0025,8.38,36.69,185.14,2.49,0.31,0.22,0.37,74.09,26.87,75.74,13.18,6.52,20.14,0.16,1.87,1.85,38.74,0.34,653.43,2.71,0.2,13.44,57.35,683.77,107.39,0.02,8.3,16.38,0.5,2.55,100.14,1.06,0.098,11.2,0.6,0.97,1.19,97.06,2.48,22.04,65.69,0,0,1
4630.0,7871.0,316.0,0.01,0.85,57.81,19.53,0.11,0.05,0.01,0.05,10.66,0.54,21.54,0.65,0.58,1.95,0.025,0.63,0.26,5.93,0.02,45.1,0.7,0.02,1.82,1.68,27.92,13.25,0.01,5.72,0.83,0.5,0.41,3.62,0.13,0.025,1.22,0.06,0.21,0.18,6.04,1.03,1.39,6.09,0,0,0
4625.0,7866.0,315.0,0.0025,0.83,198.77,32.74,0.14,0.06,0.01,0.07,11.33,0.37,35.25,0.95,0.86,2.03,0.025,0.39,0.32,5.87,0.01,63.6,0.87,0.02,1.95,1.79,58.04,18.59,0.01,8.99,1.17,0.5,0.51,5.22,0.14,0.025,1.41,0.07,0.2,0.2,9.48,0.81,1.74,10.44,0,0,0
4716.0,7924.0,287.0,0.0025,0.43,28.11,19.32,0.06,0.05,0.005,0.05,6.05,0.73,22.52,0.49,0.62,1.17,0.025,0.1,0.17,3.47,0.01,46.5,0.76,0.02,0.88,1.76,39.41,8.08,0.01,2.51,0.54,0.5,0.51,2.02,0.07,0.025,0.67,0.03,0.13,0.1,3.8,0.55,0.86,6.79,0,0,0
4729.95,7936.9,275.0,0.0025,0.5,22.54,10.92,0.09,0.05,0.01,0.05,8.44,0.47,42.11,0.6,0.81,1.0,0.025,0.32,0.16,4.04,0.01,54.05,1.2,0.02,1.64,3.14,41.5,7.9,0.01,8.62,0.62,0.5,0.29,3.45,0.1,0.025,1.41,0.06,0.11,0.22,4.9,0.7,1.51,4.46,0,0,0
4730.0,7936.0,275.0,0.0025,0.76,14.23,21.61,0.1,0.05,0.01,0.01,10.01,0.41,27.61,0.86,0.48,2.0,0.025,0.19,0.29,4.98,0.01,40.95,1.03,0.03,2.06,1.41,28.17,13.65,0.01,3.67,0.77,0.5,0.52,5.58,0.13,0.025,1.4,0.07,0.17,0.21,5.48,0.56,1.78,11.54,0,0,0
4750.52,7963.7,290.0,0.0025,0.37,16.57,10.0,0.06,0.05,0.005,0.05,5.3,0.88,31.32,0.29,0.61,0.69,0.025,0.42,0.11,3.03,0.005,55.03,0.61,0.02,0.62,1.94,36.08,6.04,0.01,2.23,0.37,0.5,0.31,3.21,0.025,0.025,0.7,0.02,0.08,0.21,3.07,0.33,1.41,2.97,0,0,0
4751.85,7963.31,290.0,0.0025,0.48,17.55,10.61,0.08,0.05,0.005,0.1,9.07,1.17,31.03,0.4,0.71,0.87,0.025,0.1,0.16,4.17,0.005,53.18,0.55,0.02,0.79,2.73,43.81,7.17,0.01,1.96,0.42,0.5,0.2,3.29,0.06,0.025,0.84,0.03,0.12,0.1,4.24,0.39,1.06,6.97,0,0,0
4753.44,7963.0,290.0,0.0025,0.41,8.07,10.99,0.08,0.05,0.005,0.05,7.33,0.73,30.2,0.37,0.56,0.98,0.025,0.1,0.14,4.04,0.01,46.7,0.68,0.02,0.87,1.65,43.19,6.6,0.01,1.65,0.4,0.5,0.2,2.31,0.05,0.025,0.91,0.03,0.1,0.2,4.28,0.37,0.99,3.81,0,0,0
4749.68,7967.0,275.0,0.0025,0.6,5.56,10.0,0.1,0.05,0.01,0.05,8.33,0.47,34.36,0.71,0.54,1.3,0.025,0.45,0.23,3.98,0.01,46.84,0.53,0.02,1.48,2.07,19.2,10.47,0.02,4.22,0.56,0.5,0.28,3.58,0.1,0.025,1.08,0.06,0.14,0.27,7.05,0.52,1.46,5.33,0,0,0
4750.0,7966.4,275.0,0.0025,0.84,17.8,19.75,0.18,0.05,0.01,0.16,11.94,1.54,33.49,1.13,0.59,1.58,0.025,0.28,0.35,6.72,0.01,48.35,0.88,0.005,1.9,4.31,59.8,14.19,0.02,3.71,0.83,0.5,0.4,8.67,0.16,0.025,1.48,0.07,0.23,0.22,7.37,0.69,1.91,12.14,0,0,0
6278.0,6571.0,1343.0,0.0025,6.72,1.8,451.82,1.38,0.17,1.28,0.12,39.66,2.77,6.61,4.23,1.85,12.04,0.1,2.05,1.28,20.02,0.31,352.54,0.29,3.12,6.0,1.43,429.05,60.11,0.01,0.45,4.24,0.5,1.3,297.16,0.57,0.063,10.83,0.17,0.46,2.35,20.46,1.08,13.13,60.78,0,0,1
6201.0,6418.0,1363.0,0.0025,8.66,1.13,671.29,1.4,0.1,1.68,0.15,33.45,3.63,2.94,7.16,2.1,16.03,0.13,1.84,2.09,14.3,0.31,542.77,0.18,2.51,6.4,0.75,408.06,95.51,0.01,0.47,5.41,0.5,1.19,378.09,0.48,0.025,7.66,0.21,0.5,1.68,29.36,0.92,22.33,54.97,0,0,0
5893.0,6304.0,1320.0,0.0025,8.84,6.08,334.13,1.02,0.05,2.09,0.1,41.85,13.69,14.24,2.96,4.46,15.08,0.14,1.43,0.83,18.95,1.71,810.55,0.22,3.11,5.48,5.12,723.78,36.88,0.01,2.97,16.52,0.5,1.16,571.23,0.43,0.025,3.3,0.46,0.35,0.91,98.2,0.46,14.71,37.11,0,0,0
5918.0,6328.0,1310.0,0.005,6.03,3.3,424.81,1.0,0.14,0.9,0.22,59.24,0.87,2.04,2.05,1.26,14.46,0.13,1.84,1.65,29.87,0.11,362.08,2.58,2.68,7.02,0.37,149.14,75.1,0.02,3.13,8.08,0.5,2.69,120.81,0.75,0.14,15.1,0.07,0.66,2.86,3.76,0.42,26.59,50.78,0,0,1
5922.0,6353.0,1316.0,0.0025,9.28,2.26,554.7,0.98,0.05,2.54,0.05,45.91,14.23,14.79,4.86,4.68,17.42,0.1,1.09,1.28,21.83,1.86,886.64,0.19,2.08,6.08,5.74,887.57,61.19,0.005,2.03,17.11,0.5,1.24,480.28,0.36,0.025,4.21,0.49,0.73,1.02,136.58,0.5,16.25,40.87,0,0,0
5742.0,6194.0,1270.0,0.0025,7.57,2.84,524.02,2.02,0.05,1.65,0.13,59.85,0.52,5.94,2.5,1.5,15.54,0.07,1.69,1.51,34.98,0.09,449.77,0.53,2.77,8.01,0.43,131.71,65.06,0.005,4.21,10.6,0.5,2.17,280.08,0.74,0.025,16.54,0.09,0.71,3.12,3.86,0.3,30.29,49.84,0,0,0
5636.0,6208.0,1246.0,0.043,4.57,35.42,10.0,0.37,3.98,5.99,0.05,27.95,4.22,10.06,0.85,16.45,23.19,0.13,0.97,0.05,14.22,0.68,1316.9,1.38,0.03,3.99,0.27,440.26,3.27,0.22,10.76,7.9,2.07,7.81,183.37,0.27,3.508,3.4,0.31,0.05,1.07,99.19,2.38,12.07,20.16,0,1,1
5636.188,6207.932,1246.0,0.0025,9.82,5.04,848.97,1.27,0.05,3.9,0.05,46.35,11.71,17.74,13.62,4.07,17.94,0.13,1.87,2.78,20.93,1.87,888.19,0.39,1.68,7.39,5.43,889.77,149.11,0.02,2.15,18.36,0.5,0.78,270.57,0.47,0.025,5.26,0.58,1.17,1.21,165.11,2.35,19.05,62.33,0,0,0
5635.132,6203.076,1244.0,0.043,6.97,12.43,10.41,0.23,6.12,7.44,0.08,23.79,2.89,12.49,0.34,16.74,26.85,0.13,1.06,0.02,13.24,0.1,911.59,0.74,0.01,5.33,0.57,674.21,1.16,0.05,8.05,10.24,1.0,8.16,248.35,0.32,6.008,4.18,0.47,0.05,1.16,114.61,3.32,13.94,21.75,0,1,1
5634.161,6203.318,1244.0,0.0025,10.36,6.04,641.93,1.3,0.12,5.12,0.1,38.74,10.64,18.2,4.81,4.91,17.16,0.12,1.29,2.07,19.46,1.92,1131.71,0.23,2.1,7.48,6.26,945.55,125.23,0.1,3.07,19.2,0.5,1.19,331.6,0.45,0.083,5.08,0.56,1.14,0.99,140.11,2.23,17.75,36.65,0,0,1
5675.0,6015.0,1162.0,0.0025,9.31,6.58,566.51,1.08,0.12,2.14,0.05,47.55,13.42,16.02,10.85,4.47,16.53,0.14,0.56,1.35,23.61,1.82,1029.91,2.1,2.4,6.14,6.58,917.27,87.84,0.29,1.24,15.76,0.5,1.4,376.35,0.36,0.025,4.33,0.52,0.88,0.7,118.19,0.64,13.31,19.83,0,0,0
5699.0,5931.0,1137.0,0.0025,8.4,2.01,721.51,1.64,0.08,2.6,0.06,48.08,3.66,18.93,12.56,2.56,15.91,0.12,1.29,3.06,24.57,0.74,404.97,0.13,1.55,7.3,3.78,517.96,133.31,0.04,0.99,7.6,0.5,1.48,181.39,0.48,0.05,8.99,0.27,0.97,1.7,49.21,0.88,14.94,42.48,0,0,1
5683.0,5858.0,1097.0,0.006,8.28,69.51,458.32,1.63,0.12,1.99,0.06,72.71,2.0,9.68,7.11,1.75,19.22,0.12,2.68,4.08,31.69,0.41,199.96,3.29,0.29,10.14,1.21,370.38,236.38,0.61,4.25,6.66,0.5,1.98,64.68,0.66,0.097,17.05,0.18,1.21,2.52,16.95,1.86,19.9,105.44,0,0,1
5688.0,5839.0,1103.0,0.0025,8.72,15.51,1170.79,1.65,0.06,2.51,0.12,72.87,2.49,12.16,8.75,2.29,15.96,0.12,2.92,4.01,32.4,0.46,394.53,3.13,0.36,16.13,1.29,455.23,216.7,0.43,3.87,9.44,0.5,1.68,96.21,0.93,0.073,15.66,0.24,1.73,2.69,21.5,2.02,26.1,134.64,0,0,1
5694.0,5809.0,1097.0,0.0025,8.55,4.45,987.57,1.73,0.05,2.1,0.14,78.65,1.92,7.61,6.96,1.83,19.67,0.12,2.98,3.68,32.65,0.52,267.6,4.5,0.41,15.8,1.16,497.08,208.47,0.13,3.78,8.57,0.5,2.0,123.5,0.8,0.05,15.74,0.23,1.65,2.3,22.79,2.4,21.26,114.5,0,0,1
5830.0,6386.0,1348.0,0.085,6.45,9.95,108.56,1.63,0.21,2.78,0.05,50.01,0.96,4.82,11.96,1.37,12.14,0.08,1.81,0.5,28.11,0.2,277.85,0.45,1.08,7.1,0.55,64.55,28.19,0.01,3.41,2.31,0.5,1.87,393.1,0.76,0.969,16.59,0.05,0.22,5.53,1.01,0.66,16.39,51.4,0,0,1
5854.0,6335.0,1336.0,0.021,5.74,2.62,325.93,1.21,0.1,1.47,0.22,45.7,0.57,7.42,4.33,0.88,10.55,0.08,2.12,1.56,24.07,0.14,168.12,0.98,1.38,6.31,0.48,79.45,77.87,0.05,0.95,2.11,0.5,2.08,110.86,0.67,0.212,17.11,0.05,0.46,4.19,1.0,0.72,16.09,55.86,0,0,1
5873.0,6309.0,1318.0,0.0025,6.89,1.59,490.74,1.42,0.05,1.38,0.14,53.34,0.36,4.17,2.63,1.27,13.54,0.11,1.97,1.75,30.37,0.11,417.57,0.49,2.35,6.31,0.58,195.27,77.84,0.01,2.02,7.78,0.5,1.55,160.13,0.59,0.025,15.79,0.07,0.77,3.49,4.07,0.29,29.2,70.0,0,0,0
5858.0,6303.0,1327.0,0.006,6.48,3.92,315.95,1.28,0.08,1.33,0.22,56.54,0.67,5.29,2.3,1.28,12.98,0.11,2.26,1.07,30.2,0.13,394.71,0.7,3.01,6.91,0.68,96.26,57.88,0.01,4.03,9.03,0.5,2.34,179.34,0.59,0.11,16.19,0.08,0.52,3.5,4.06,0.43,30.69,68.48,0,0,1
5886.0,6230.0,1288.0,0.0025,7.63,1.66,670.36,1.66,0.16,2.44,0.07,44.68,4.69,10.87,4.82,2.16,15.46,0.12,1.73,3.07,26.32,0.52,646.62,0.22,1.75,8.55,2.22,533.39,142.38,0.02,1.13,5.5,0.5,1.5,165.98,0.54,0.025,10.3,0.22,0.86,2.46,33.47,1.3,14.1,62.25,0,0,0
5864.0,6231.0,1295.0,0.0025,6.84,4.02,431.19,1.73,0.12,0.67,1.03,51.81,0.9,6.15,3.79,0.9,13.56,0.09,2.75,1.72,25.01,0.09,238.33,0.87,2.52,7.19,0.95,55.7,89.17,0.005,2.09,2.44,0.5,2.89,132.22,0.84,0.025,21.22,0.04,0.49,5.89,1.01,0.94,20.0,62.24,0,0,0
5858.0,6215.0,1289.0,0.0025,7.05,4.17,473.16,1.27,0.08,1.48,0.45,61.38,0.66,5.4,3.76,1.49,15.37,0.1,1.54,1.95,27.9,0.11,479.46,0.78,2.31,7.93,1.03,103.35,91.33,0.02,2.97,10.3,0.5,2.12,164.59,0.61,0.05,14.22,0.07,0.7,3.53,3.96,0.41,30.45,58.91,0,0,1
5857.7,6231.0,1297.0,0.0025,8.88,5.31,346.41,0.94,0.05,3.84,0.11,32.97,13.89,13.07,9.35,4.7,19.4,0.11,0.91,1.2,16.39,1.64,952.19,0.1,1.44,6.77,6.84,832.12,69.49,0.07,3.29,15.63,0.5,1.18,316.57,0.36,0.025,3.75,0.51,0.68,0.9,141.75,0.93,14.84,29.98,0,0,0
5842.0,6145.0,1272.0,0.0025,9.53,7.65,414.2,1.12,0.05,4.99,0.07,33.49,11.85,18.46,9.6,4.88,17.74,0.16,1.25,1.25,21.09,1.4,808.41,0.52,1.63,6.33,6.86,894.21,64.93,0.03,3.55,16.54,1.04,1.17,369.58,0.42,0.025,4.62,0.55,0.68,0.94,133.5,1.52,18.16,39.94,0,1,0
5881.436,6165.981,1262.0,0.0025,6.7,2.58,296.64,1.15,0.05,2.34,0.07,41.88,4.06,5.27,3.41,2.23,16.41,0.08,2.24,2.82,21.6,0.32,590.53,0.17,1.94,7.53,1.0,405.27,156.25,0.14,1.95,5.65,0.5,1.77,170.71,0.62,0.025,9.28,0.2,1.12,2.23,23.68,1.6,16.88,71.43,0,0,0
5886.0,6149.0,1254.0,0.0025,5.98,2.64,2017.27,1.35,0.24,0.46,0.19,48.74,0.3,3.82,4.83,0.83,12.85,0.13,2.38,6.06,23.52,0.06,271.1,0.95,0.43,6.67,0.28,75.47,247.7,0.01,4.41,2.19,0.5,3.47,139.22,0.87,0.052,20.37,0.03,1.77,5.95,1.0,1.21,17.63,67.74,0,0,1
5886.376,6149.137,1254.0,0.0025,6.32,2.91,717.89,1.56,0.11,2.23,0.18,38.54,2.74,11.53,8.38,2.34,16.56,0.14,1.59,2.67,17.47,0.32,655.27,0.22,2.13,7.48,0.81,412.04,146.27,0.02,2.2,4.0,0.5,1.82,227.91,0.65,0.025,6.34,0.18,1.15,2.29,18.36,1.0,13.13,56.47,0,0,0
5851.0,6080.0,1252.0,0.0025,8.68,4.57,421.72,1.14,0.08,4.11,0.07,39.51,17.38,16.89,10.11,4.7,17.44,0.15,1.36,1.06,21.9,1.55,624.03,0.38,2.32,6.67,6.92,755.77,45.33,0.005,1.49,18.71,0.5,1.03,499.12,0.43,0.051,4.98,0.51,0.56,1.08,129.17,0.75,16.86,43.3,0,0,1
5866.0,6076.0,1240.0,0.0025,8.93,6.3,755.96,1.02,0.15,0.49,0.05,37.71,7.09,10.66,11.86,2.52,19.25,0.13,1.47,1.87,22.73,0.87,575.39,0.42,1.27,6.66,4.6,346.95,119.54,0.05,0.97,11.96,0.5,1.4,148.83,0.46,0.108,8.9,0.28,0.89,1.97,68.24,0.69,14.65,49.19,0,0,1
5866.906,6076.423,1240.0,0.0025,15.85,45.41,2329.58,2.28,1.01,0.01,0.01,12.71,2.31,19.25,8.62,3.5,30.04,0.1,3.37,8.39,6.53,0.5,70.02,11.14,0.2,10.82,2.24,502.18,284.77,0.55,2.1,24.95,0.5,2.85,67.37,0.77,0.178,12.9,0.49,1.24,3.09,131.23,1.19,8.98,94.72,0,0,1
5861.0,6053.0,1232.0,0.0025,9.32,2.58,566.23,1.48,0.16,1.92,0.05,40.81,5.77,17.62,10.34,2.97,18.26,0.12,1.13,1.86,21.1,0.89,746.88,0.62,2.52,6.98,4.87,591.43,118.28,0.08,0.79,13.94,0.5,1.46,239.99,0.51,0.109,8.4,0.34,0.79,1.6,75.47,1.37,17.71,41.06,0,0,1
5835.0,6038.0,1232.0,0.0025,8.99,8.13,392.29,1.12,0.06,4.53,0.08,45.98,12.71,15.37,11.71,5.04,19.88,0.14,1.45,1.23,22.31,1.33,670.23,0.33,2.59,6.89,7.13,880.98,45.04,0.01,1.99,20.1,0.5,1.22,662.0,0.45,0.025,5.37,0.54,0.69,1.27,169.99,0.79,20.69,46.35,0,0,0
5793.0,5975.0,1197.0,0.0025,10.03,5.44,385.29,1.19,0.05,4.26,0.08,41.77,12.22,17.81,12.95,4.59,19.51,0.17,1.27,0.72,20.15,1.92,926.31,0.36,2.75,7.06,7.03,879.17,35.21,0.01,1.25,17.33,1.0,1.02,545.77,0.45,0.025,4.32,0.52,0.47,1.03,139.7,0.57,18.04,34.43,0,1,0
5792.0,5937.0,1174.0,0.0025,8.85,2.38,650.03,1.62,0.13,2.7,0.06,45.71,10.68,17.87,9.54,3.5,16.63,0.15,1.18,1.57,23.76,0.97,1080.16,0.26,3.04,7.31,5.17,624.14,86.4,0.06,0.71,12.57,0.5,1.81,458.25,0.45,0.069,7.26,0.36,0.52,1.37,77.79,1.54,16.16,35.04,0,0,1
5896.0,6012.0,1207.0,0.0025,8.33,3.01,461.7,1.47,0.23,2.61,0.08,43.63,4.03,6.12,4.63,2.05,16.43,0.09,1.85,2.62,19.78,0.35,475.68,0.22,2.19,8.43,1.09,476.75,98.01,0.13,0.86,5.53,0.5,2.03,256.92,0.75,0.05,8.69,0.24,0.79,2.48,24.92,0.91,15.0,64.16,0,0,1
5823.0,5922.0,1165.0,0.0025,8.66,1.91,889.2,1.46,0.14,2.23,0.05,63.59,4.25,6.88,8.36,2.33,16.94,0.1,1.59,2.3,34.61,0.47,555.19,0.26,2.45,7.23,1.47,406.88,112.09,0.04,0.76,5.84,0.5,1.86,357.58,0.58,0.05,8.66,0.24,0.63,2.41,29.48,0.76,14.29,52.24,0,0,1
5802.0,5952.0,1185.0,0.0025,8.89,2.41,481.56,1.31,0.16,1.89,0.05,70.13,7.59,15.85,5.97,3.52,20.01,0.13,1.09,1.74,30.99,0.9,647.62,1.88,2.27,7.64,4.3,545.86,75.84,0.06,0.56,12.06,0.5,1.92,358.67,0.6,0.025,6.68,0.34,0.53,1.48,77.47,2.17,15.08,36.46,0,0,0
5387.0,6442.0,1265.0,0.0025,8.95,2.77,530.48,1.08,0.05,3.88,0.06,35.36,14.2,16.84,13.3,4.71,18.26,0.11,1.37,1.83,15.93,1.75,1089.33,0.25,2.16,7.04,6.46,781.63,80.39,0.03,2.89,17.79,0.5,1.49,448.64,0.48,0.025,5.21,0.57,0.96,1.27,142.63,1.03,16.53,41.94,0,0,0
5379.0,6455.0,1254.0,0.018,11.24,3.5,1570.0,1.1,0.42,4.93,0.1,40.55,6.8,14.65,8.23,4.56,20.34,0.13,1.48,3.34,18.56,1.12,1033.81,0.29,1.58,7.02,5.2,923.15,113.56,0.03,3.45,14.43,0.5,1.75,277.32,0.43,0.222,4.4,0.53,1.0,1.26,139.17,3.33,19.09,57.19,0,0,1
5482.0,6489.0,1245.0,0.014,10.05,16.92,702.06,1.1,0.13,2.6,0.06,35.99,20.81,14.33,10.01,3.49,17.72,0.1,1.4,2.0,15.63,1.01,625.89,3.45,3.13,6.51,6.9,921.13,106.82,0.3,1.84,15.74,0.5,2.06,273.42,0.48,0.136,4.07,0.53,1.13,0.99,128.12,2.8,13.32,41.96,0,0,1
5497.965,6489.136,1251.0,0.0025,9.58,4.59,591.16,1.02,0.05,2.19,0.05,32.34,10.05,12.84,12.66,3.31,20.78,0.11,1.3,2.71,15.5,0.97,506.45,0.3,3.19,6.41,5.92,568.08,151.76,0.06,2.13,17.23,0.5,1.98,251.25,0.45,0.025,3.33,0.52,1.4,0.86,108.32,2.91,7.17,35.91,0,0,0
5497.623,6490.076,1250.0,0.06,8.17,8.45,238.3,1.13,0.58,4.68,0.11,42.81,12.83,14.47,12.6,4.35,19.91,0.12,1.88,1.13,21.51,1.64,876.97,0.64,2.18,7.4,5.74,799.25,70.12,0.08,3.8,17.71,0.5,1.48,453.49,0.55,0.353,4.83,0.52,0.73,1.32,150.51,1.17,18.85,58.14,0,0,1
5514.8,6481.138,1259.0,0.0025,9.92,6.7,239.4,1.15,0.1,5.3,0.06,31.83,20.53,14.61,14.97,5.39,18.03,0.12,1.71,1.47,15.13,1.81,850.19,0.39,2.49,7.24,6.27,881.08,84.39,0.34,2.65,15.17,0.5,1.32,514.35,0.48,0.025,4.5,0.58,0.96,1.26,142.87,1.64,18.42,47.34,0,0,0
5519.347,6483.03,1258.0,0.0025,9.14,6.55,271.76,1.12,0.07,3.89,0.06,34.2,11.18,13.88,10.84,4.23,20.3,0.1,1.7,1.38,18.15,1.41,870.77,0.33,2.81,6.19,5.36,816.77,74.18,0.18,2.8,16.88,0.5,1.35,456.96,0.51,0.025,4.53,0.5,0.84,1.26,118.33,1.53,15.78,50.89,0,0,0
5514.904,6482.132,1258.0,0.0025,8.69,3.67,463.65,1.08,0.05,2.3,0.06,36.11,10.27,14.67,15.62,4.22,16.09,0.1,1.29,2.16,17.73,0.94,664.82,1.63,2.56,6.08,6.14,773.47,104.33,0.09,2.31,18.07,0.5,1.29,240.19,0.46,0.025,3.17,0.52,1.07,1.05,114.4,2.07,11.41,51.87,0,0,0
5362.457,6464.279,1216.0,0.0025,9.82,3.38,448.28,0.87,0.05,2.19,0.05,51.14,15.91,12.11,20.28,5.16,19.66,0.16,1.12,1.86,24.5,1.83,931.41,0.26,2.57,7.82,7.79,910.19,122.05,0.02,1.4,20.23,0.5,1.22,408.48,0.54,0.025,3.9,0.53,1.33,1.01,103.32,1.03,13.76,45.56,0,0,0
5357.543,6467.721,1216.0,0.0025,9.01,2.12,518.8,1.21,0.05,0.96,0.01,45.35,6.4,7.63,8.34,2.68,17.29,0.11,1.36,1.87,25.38,1.21,350.93,0.49,1.73,5.52,3.08,305.32,103.39,0.01,1.09,8.36,0.5,1.98,377.98,0.52,0.025,8.01,0.21,0.68,2.23,49.97,1.02,14.9,50.11,0,0,0
5297.0,6442.0,1235.0,0.005,7.92,4.51,308.44,0.9,0.74,4.65,0.09,37.5,7.61,15.14,6.51,4.25,20.47,0.13,1.5,1.73,21.65,1.26,944.55,0.41,0.77,6.66,4.32,673.53,130.76,0.24,4.09,16.11,0.5,2.52,177.01,0.47,0.41,4.94,0.42,1.34,1.33,121.53,2.05,19.96,43.04,0,0,1
5297.0,6446.0,1232.0,0.0025,8.79,2.68,845.89,1.14,0.06,0.9,0.08,48.2,7.85,9.8,17.13,2.67,20.12,0.15,2.05,2.74,21.95,1.43,422.78,0.23,1.64,7.97,3.89,623.16,135.76,0.02,1.13,12.02,0.5,1.76,200.01,0.56,0.025,8.28,0.32,0.9,2.44,60.99,1.17,19.02,61.72,0,0,0
5274.881,6429.832,1240.0,0.0025,8.47,2.33,927.51,1.54,0.08,2.85,0.05,39.29,4.88,6.61,5.33,2.44,19.02,0.08,1.75,2.4,19.58,0.61,515.18,0.32,1.82,7.46,1.72,503.92,97.99,0.23,1.2,6.47,0.5,1.35,206.22,0.62,0.025,7.66,0.24,0.85,1.85,39.69,0.9,15.28,56.36,0,0,0
5274.607,6433.085,1237.0,0.009,6.94,3.03,824.34,1.49,0.11,2.45,0.12,45.43,6.88,7.76,4.66,2.29,17.16,0.1,1.57,2.31,22.65,0.49,417.15,1.32,1.57,7.9,2.32,442.99,108.35,0.28,1.49,5.79,0.5,1.64,191.2,0.58,0.025,8.17,0.21,0.91,2.33,32.01,1.45,13.31,45.59,0,0,0
5236.634,6403.641,1236.0,0.0025,9.77,4.52,555.22,1.24,0.19,3.93,0.05,36.7,12.61,17.78,5.82,4.15,20.86,0.14,1.43,2.06,16.1,0.98,720.66,0.59,1.9,6.7,6.26,898.61,91.27,1.02,2.0,15.41,1.0,1.51,272.34,0.52,0.093,4.11,0.51,1.1,1.19,143.4,1.57,15.63,51.6,0,1,1
5221.0,6454.0,1214.0,0.0025,8.07,1.79,662.93,1.43,0.05,1.92,0.05,41.05,2.6,8.18,9.22,1.88,16.31,0.12,2.44,2.24,20.75,0.41,419.53,0.16,1.9,8.04,0.96,320.8,114.81,0.08,1.34,4.6,0.5,1.23,187.07,0.65,0.025,9.25,0.18,0.88,2.15,18.79,0.99,14.18,82.47,0,0,0
5200.0,6440.0,1203.0,0.0025,9.23,3.12,564.56,1.29,0.13,4.65,0.05,33.5,18.4,14.66,14.26,4.85,18.11,0.12,1.23,2.13,15.21,1.64,1182.73,0.6,1.09,6.97,5.51,838.73,136.59,0.62,2.46,17.76,0.5,1.51,292.1,0.51,0.025,4.23,0.5,1.84,1.39,123.67,2.68,18.44,43.7,0,0,0
5396.0,6578.0,1147.0,0.0025,8.0,1.32,797.75,1.43,0.09,2.0,0.05,50.4,3.52,9.25,8.0,1.74,18.22,0.11,2.28,2.52,23.05,0.37,588.5,0.21,2.69,7.5,0.85,392.61,95.85,0.3,0.91,4.61,0.5,1.9,339.16,0.66,0.025,11.43,0.18,0.8,2.76,15.31,1.38,14.14,76.04,0,0,0
5397.0,6603.0,1143.0,0.0025,9.14,1.82,363.23,1.27,0.09,1.78,0.11,41.45,12.93,26.88,12.09,5.04,19.28,0.14,0.7,1.52,17.41,1.61,1088.51,0.35,3.88,7.61,11.61,830.05,88.84,0.08,0.54,15.75,0.5,1.26,505.52,0.55,0.025,5.18,0.51,0.8,0.96,145.32,0.83,13.76,25.92,0,0,0
5488.0,6538.0,1217.0,0.005,8.08,23.09,413.82,1.46,0.19,1.58,0.15,47.88,5.63,4.35,11.68,2.7,16.93,0.11,2.39,2.32,20.88,0.47,525.16,0.3,2.32,7.53,2.11,453.33,117.17,0.02,2.22,6.13,0.5,1.73,178.09,0.61,0.082,10.43,0.25,0.82,2.19,33.78,2.33,17.67,77.92,0,0,1
5429.0,6508.0,1235.0,0.0025,7.77,5.31,302.25,1.0,0.08,5.3,0.13,37.54,16.92,13.41,10.57,4.3,19.48,0.14,2.09,1.17,22.19,1.61,822.5,0.9,2.35,7.6,7.11,876.48,64.24,0.03,4.14,17.49,0.5,1.34,413.44,0.47,0.025,5.06,0.47,0.64,1.41,120.34,1.35,21.22,61.25,0,0,0
5340.0,6575.0,1122.0,0.053,9.16,2.77,606.02,1.12,0.06,0.26,0.05,37.6,13.38,34.49,9.1,4.58,21.54,0.11,0.78,3.94,18.9,1.44,462.15,2.82,0.1,5.51,10.84,890.87,197.67,0.77,1.73,19.08,0.5,1.02,33.89,0.41,0.025,4.49,0.44,1.43,0.75,136.89,6.49,10.34,30.0,0,0,0
5334.0,6584.0,1125.0,0.013,5.33,11.89,247.21,0.69,0.07,1.36,0.01,21.65,5.24,23.02,6.12,2.87,11.77,0.11,0.43,1.95,10.44,0.82,296.56,118.83,0.23,2.57,5.38,453.71,134.21,0.42,5.98,8.96,0.5,0.84,45.02,0.2,0.12,2.52,0.2,0.89,0.54,97.84,2.1,6.98,9.55,0,0,1
5344.0,6559.0,1132.0,0.0025,8.6,2.28,823.89,1.49,0.07,2.52,0.05,37.68,2.85,7.55,6.1,2.45,18.19,0.1,2.36,2.46,21.17,0.37,472.37,0.35,2.14,7.0,0.62,449.25,105.02,0.4,0.74,4.29,0.5,1.66,213.35,0.66,0.025,9.03,0.2,0.85,2.18,18.07,0.86,13.89,68.93,0,0,0
5328.0,6576.0,1129.0,0.077,6.33,9.8,341.88,0.68,0.08,0.39,0.01,27.7,7.32,24.85,7.56,2.81,14.85,0.09,0.66,2.75,13.86,0.69,190.53,23.88,0.13,3.0,5.53,585.21,190.32,0.58,8.25,12.45,0.5,0.75,33.0,0.23,0.054,3.25,0.2,1.24,0.61,89.32,2.52,7.82,32.26,0,0,1
5426.0,6631.0,1134.0,0.018,8.19,13.08,688.11,1.07,0.09,2.99,0.23,42.99,8.21,27.95,6.98,4.73,18.32,0.14,0.83,2.32,19.65,1.55,966.28,0.5,1.68,6.75,9.87,911.29,112.68,1.14,1.03,17.8,0.5,1.65,228.18,0.49,0.437,4.44,0.45,1.14,1.01,136.12,2.42,16.24,32.13,0,0,1
5333.216,6546.106,1146.0,0.006,9.82,2.58,605.87,1.33,0.05,0.91,0.05,39.78,13.23,40.4,13.66,4.98,22.25,0.13,1.64,4.15,19.67,1.67,511.36,0.54,0.17,6.43,10.49,986.83,236.25,0.6,2.3,17.43,0.5,1.33,51.38,0.4,0.025,4.89,0.51,2.04,1.06,153.4,4.51,12.03,60.18,0,0,0
5334.076,6546.709,1146.0,0.013,6.66,8.75,343.37,0.84,0.17,2.63,0.05,32.69,8.77,27.88,6.63,3.58,16.96,0.12,1.18,2.01,13.35,0.92,316.3,2.54,0.4,3.36,8.87,731.33,144.49,0.85,4.38,14.32,0.5,1.09,86.07,0.26,0.1,3.29,0.32,1.05,0.75,118.17,3.2,11.44,44.92,0,0,1
5335.222,6547.512,1146.0,0.006,8.57,8.95,394.45,1.21,0.27,3.68,0.05,29.98,13.44,35.21,5.92,4.57,17.78,0.1,0.81,2.65,14.28,1.05,396.43,21.99,0.76,5.17,11.73,851.6,134.49,1.24,1.54,17.65,1.08,1.61,138.67,0.34,0.163,3.02,0.41,1.25,0.66,156.97,2.25,14.08,33.78,0,1,1
5336.513,6529.943,1181.0,0.01,7.25,2.8,348.97,1.05,0.1,0.61,0.05,45.29,2.31,4.07,16.26,1.93,13.55,0.08,2.3,2.71,21.67,0.41,306.34,3.1,1.45,7.21,0.3,371.52,163.81,0.29,2.05,4.07,0.5,1.68,93.18,0.56,0.025,9.5,0.16,1.33,2.66,16.9,1.99,13.13,80.72,0,0,0
5337.068,6535.113,1183.0,0.006,8.49,4.14,342.81,1.25,0.1,3.34,0.05,40.75,15.41,31.81,21.94,4.35,18.54,0.12,1.02,2.43,19.61,1.61,925.5,3.19,1.11,5.91,11.83,876.83,191.74,0.71,1.68,19.46,0.5,1.26,112.21,0.43,0.063,3.76,0.48,1.73,0.85,147.54,3.68,14.21,35.01,0,0,1
5337.142,6521.718,1186.0,0.005,5.62,2.41,299.08,0.98,0.3,2.27,0.05,36.3,2.13,11.0,4.83,1.99,11.05,0.07,1.9,1.89,18.14,0.22,485.31,0.34,1.55,5.28,0.99,299.41,98.21,0.14,2.43,3.02,0.5,2.1,152.0,0.46,0.025,8.1,0.13,0.74,3.72,10.78,0.82,13.95,65.72,0,0,0
5322.408,6513.717,1187.0,0.0025,8.68,4.03,630.53,0.99,0.11,3.05,0.05,41.36,24.51,24.37,12.9,4.69,16.82,0.09,1.31,2.01,18.35,1.33,859.92,0.18,2.1,7.03,5.4,771.89,103.93,0.38,1.86,16.21,1.0,2.03,283.5,0.52,0.05,5.31,0.43,1.06,1.96,131.84,2.68,19.64,40.33,0,1,1
5325.264,6509.152,1190.0,0.006,9.19,2.27,312.48,1.12,0.16,4.32,0.14,40.74,27.36,37.01,13.26,6.25,20.97,0.12,0.87,1.57,21.17,2.07,1230.18,0.45,1.7,8.05,15.25,1006.89,107.82,0.75,1.84,19.56,0.5,1.85,215.69,0.58,0.102,4.06,0.52,1.17,1.03,165.73,2.31,18.93,29.22,0,0,1
5264.026,6500.068,1171.5,0.0025,9.83,0.87,427.49,1.29,0.13,3.29,0.06,43.92,17.4,28.93,16.35,4.34,20.62,0.12,0.98,2.03,17.69,1.45,1186.83,0.74,2.23,7.93,11.12,739.56,109.12,0.01,1.42,19.52,1.05,1.11,367.95,0.5,0.108,3.79,0.57,1.25,0.92,145.15,1.39,14.32,34.15,0,1,1
5259.459,6499.908,1175.0,0.0025,7.21,0.64,1312.26,1.19,0.06,0.75,0.01,38.42,12.51,18.02,29.3,5.53,17.51,0.1,1.36,3.49,16.83,0.89,570.2,0.56,0.53,9.3,8.49,96.32,230.82,0.01,1.44,15.25,0.5,1.57,93.95,0.55,0.025,5.58,0.54,1.39,0.67,131.04,1.34,6.83,90.02,0,0,0
5195.0,6506.0,1162.0,0.006,8.32,2.35,813.74,1.24,0.18,4.89,0.05,37.41,12.92,40.17,5.75,4.35,20.19,0.16,1.56,2.11,18.83,1.54,1116.19,1.52,1.98,7.03,8.87,1046.09,79.32,0.36,2.98,20.43,1.0,1.86,418.82,0.49,0.108,4.35,0.49,0.99,1.02,164.37,1.29,17.49,62.72,0,1,1
5186.0,6509.0,1164.0,0.0025,8.94,2.07,424.28,1.05,0.05,5.27,0.05,42.02,18.1,35.44,11.47,5.14,21.44,0.16,1.61,1.64,18.15,1.77,1261.67,0.99,2.08,7.06,8.59,916.08,65.15,0.08,2.18,17.28,1.04,1.42,370.57,0.49,0.025,4.92,0.55,1.28,1.15,156.58,0.78,16.22,54.49,0,1,0
4498.715,6423.28,949.0,0.031,2.12,8.47,127.3,0.24,0.88,0.46,0.14,6.92,0.66,20.34,3.04,1.6,5.21,0.025,0.47,0.71,4.01,0.14,160.66,28.15,0.05,1.34,1.4,235.69,45.69,0.05,9.88,3.46,0.5,0.83,21.35,0.09,0.288,0.89,0.11,0.41,0.3,41.3,0.56,1.87,18.2,0,0,1
4487.885,6418.159,947.0,0.028,3.06,10.75,237.32,0.29,6.06,1.27,2.05,11.27,1.13,24.81,5.1,5.27,9.27,0.06,1.38,1.09,5.19,0.21,296.82,5.48,0.52,2.9,2.25,450.84,54.56,0.13,10.44,5.76,0.5,2.02,63.51,0.23,1.559,1.66,0.19,0.54,0.58,59.34,1.66,3.8,56.97,0,0,1
4482.802,6411.963,947.0,0.028,2.25,12.78,156.74,0.23,0.32,0.86,0.25,7.58,1.59,22.66,2.98,5.36,6.19,0.07,0.69,0.78,3.65,0.08,235.25,41.85,0.16,1.77,1.3,409.26,47.78,0.1,11.18,3.91,0.5,0.97,42.42,0.11,0.721,1.36,0.15,0.43,0.58,46.68,1.25,2.68,37.11,0,0,1
4438.089,6419.754,913.0,0.0025,6.46,2.63,1143.11,1.77,0.09,0.79,0.23,63.68,0.97,7.56,2.0,1.65,15.97,0.11,3.36,1.98,33.51,0.08,240.04,1.59,2.64,9.57,0.98,118.65,90.76,0.03,3.24,11.2,0.5,2.75,204.84,0.69,0.05,17.23,0.1,0.6,4.31,8.0,0.29,31.49,94.58,0,0,1
4380.674,6388.949,890.0,0.976,4.96,15.92,604.55,0.42,0.1,2.1,0.05,19.98,1.53,27.18,1.71,6.27,12.57,0.15,1.09,1.94,10.33,0.5,603.81,9.28,0.51,4.13,2.24,539.15,97.66,0.14,8.68,9.96,0.5,1.4,170.0,0.25,3.061,2.16,0.33,0.68,0.75,90.64,1.54,8.52,72.14,1,0,1
4413.0,6360.0,879.0,0.081,2.98,23.49,331.41,0.27,0.09,1.21,0.05,8.86,6.02,17.76,1.23,6.75,7.15,0.12,0.64,0.9,5.33,0.42,424.64,11.29,0.4,2.09,3.75,327.85,34.08,0.22,8.13,6.49,0.5,3.07,102.95,0.29,0.693,1.18,0.18,0.4,0.48,62.89,0.66,4.04,17.71,0,0,1
4372.395,6423.466,837.0,0.879,4.25,19.46,439.93,0.39,0.07,0.54,0.05,14.16,17.32,18.17,9.01,7.85,10.99,0.11,0.74,1.71,6.99,0.59,738.81,4.14,0.14,3.35,4.46,609.94,112.5,0.03,13.97,9.07,0.5,1.24,43.89,0.23,2.829,2.09,0.26,1.0,0.64,84.52,1.68,7.17,24.37,1,0,1
4369.427,6430.501,832.0,0.047,1.16,4.1,36.77,0.23,0.33,0.12,0.05,3.09,3.58,17.63,4.28,2.37,3.0,0.05,0.19,0.29,1.7,0.25,241.05,29.74,0.04,0.39,1.47,127.77,22.73,0.04,16.07,1.26,0.5,0.21,10.28,0.025,0.595,0.32,0.04,0.21,0.1,18.98,0.32,1.3,6.47,0,0,1
4365.662,6437.495,826.0,2.133,3.06,32.76,32.49,0.37,0.12,0.21,0.1,15.52,73.37,10.07,15.24,28.79,11.72,0.2,0.4,0.65,8.67,0.32,626.96,15.44,0.02,1.24,7.65,641.72,66.65,0.08,9.38,4.17,1.84,0.93,10.91,0.07,7.46,0.67,0.11,0.62,0.32,70.29,0.67,7.43,12.49,1,1,1
4429.134,6500.58,813.0,0.023,4.77,6.02,642.75,0.61,0.08,6.34,0.32,21.95,12.55,28.5,3.74,3.42,10.12,0.09,0.98,1.83,12.75,1.01,1894.97,1.88,0.37,3.52,7.19,602.88,136.07,0.07,11.49,9.88,0.5,0.46,149.59,0.22,0.34,1.76,0.27,0.86,0.46,90.88,1.36,9.77,36.54,0,0,1
4448.574,6502.089,832.0,0.463,3.98,32.23,133.85,0.39,0.2,2.88,0.39,21.71,13.77,31.87,4.72,5.73,12.96,0.13,0.7,0.92,14.18,0.73,907.53,15.15,0.46,2.18,12.48,441.64,61.3,0.12,11.55,8.13,0.5,0.67,147.94,0.13,1.901,1.06,0.2,0.55,0.32,89.07,1.11,7.91,16.94,1,0,1
4386.0,6395.0,863.0,0.079,0.68,69.62,176.88,0.17,0.05,0.21,0.05,1.23,2.26,23.99,0.74,8.76,1.55,0.08,0.44,0.29,0.66,0.04,71.29,29.48,0.24,0.76,1.82,223.55,8.87,0.57,7.14,0.77,0.5,0.41,38.79,0.07,0.025,0.4,0.06,0.22,0.2,30.9,0.3,0.84,9.17,0,0,0
4386.0,6396.0,862.0,0.086,4.34,89.96,951.69,0.43,0.05,0.71,0.1,12.69,5.08,14.61,2.2,14.63,10.41,0.15,1.96,1.53,7.45,0.28,203.88,31.61,1.48,4.76,3.49,577.64,40.76,0.58,6.03,7.47,0.5,1.62,207.81,0.37,0.053,3.0,0.45,0.54,0.92,162.2,1.46,5.5,90.28,0,0,1
4944.847,6598.249,1076.0,0.014,8.23,3.05,704.42,1.27,0.1,3.29,0.05,32.08,7.21,30.76,13.98,3.63,18.81,0.15,1.53,2.17,15.08,1.39,787.69,0.54,1.66,7.94,9.13,918.88,124.42,0.52,1.42,16.65,0.5,1.62,192.6,0.5,0.109,4.31,0.54,1.31,1.13,153.28,2.62,14.73,57.95,0,0,1
4902.379,6640.091,1064.0,0.022,5.74,30.65,401.9,0.56,0.06,1.71,0.05,21.41,5.1,25.07,4.26,2.76,12.47,0.12,1.87,1.79,10.25,0.3,358.12,9.4,0.65,4.18,5.96,499.98,162.99,0.23,10.0,11.77,0.5,0.97,95.82,0.29,0.025,4.05,0.33,1.45,1.69,97.38,0.81,10.82,67.92,0,0,0
4897.314,6639.522,1068.0,0.01,6.99,15.87,590.87,0.7,0.05,3.26,0.05,31.24,9.6,32.72,5.28,3.63,15.32,0.08,1.18,3.75,16.64,0.5,638.81,5.81,0.66,5.25,8.2,709.82,185.76,0.31,9.64,14.27,0.5,1.07,128.13,0.39,0.025,3.6,0.42,1.98,0.94,115.9,1.03,12.34,39.81,0,0,0
4921.0,6629.0,1051.0,0.007,8.56,3.05,727.54,1.27,0.08,2.72,0.11,56.52,14.96,25.06,13.56,3.86,17.46,0.21,1.39,2.09,26.18,1.25,941.47,0.15,1.49,7.4,8.6,458.96,143.34,0.06,3.55,17.0,0.5,1.4,223.72,0.43,0.025,4.89,0.43,1.54,1.09,142.91,1.49,26.57,48.34,0,0,0
4918.146,6702.394,1030.0,0.17,5.17,5.38,543.48,0.83,0.05,1.75,0.08,23.52,9.98,28.61,7.17,3.22,9.66,0.12,1.22,1.98,10.7,0.92,512.07,2.91,0.81,3.63,6.89,429.1,115.13,0.31,10.53,8.69,0.5,0.6,137.16,0.26,0.069,2.91,0.26,0.91,0.87,83.01,0.94,10.23,42.34,1,0,1
4916.943,6722.159,1021.0,0.434,4.47,8.43,298.91,0.78,0.15,0.59,0.05,17.78,3.42,28.58,9.7,2.21,11.51,0.05,1.24,1.84,10.1,0.29,144.22,49.62,0.19,2.68,3.5,474.03,116.51,0.26,16.28,9.25,0.5,0.78,57.36,0.2,0.442,2.13,0.24,0.95,0.65,93.09,2.96,8.18,38.16,1,0,1
4917.354,6722.226,1021.0,6.466,1.57,15.51,107.95,0.34,0.05,0.05,0.05,0.5,0.43,27.87,3.95,0.6,2.97,0.09,0.05,0.62,0.25,0.05,55.23,5.55,0.04,0.05,0.97,9.96,39.39,0.005,26.76,0.33,0.5,0.21,11.66,0.025,0.025,0.05,0.0025,0.35,0.05,18.87,0.05,0.18,0.25,1,0,0
4986.0,6355.0,1310.0,0.006,7.31,9.62,1031.23,0.84,0.11,7.69,0.3,29.63,15.35,24.55,0.49,4.93,27.96,0.08,1.37,0.99,13.06,0.91,862.74,1.25,1.06,4.75,6.91,725.41,21.37,0.02,4.51,15.33,0.5,1.53,663.33,0.39,0.087,3.58,0.43,0.12,1.17,150.67,0.45,14.54,36.17,0,0,1
4933.982,6270.518,1228.0,0.006,6.57,4.04,1539.21,1.56,0.09,1.54,0.05,53.07,2.06,16.01,1.57,1.58,14.15,0.09,1.38,2.19,25.45,0.19,312.17,2.05,2.96,7.8,0.82,127.33,31.81,0.04,3.4,9.4,0.5,2.44,265.55,0.66,0.025,11.11,0.11,0.29,3.21,13.89,0.27,23.97,43.06,0,0,0
4903.065,6295.829,1229.0,0.04,5.29,7.01,29.91,0.36,1.07,4.71,0.05,20.26,1.01,12.03,2.13,9.06,23.62,0.1,1.11,0.38,11.98,0.45,947.95,5.8,0.03,7.14,0.4,459.67,14.21,0.09,11.09,10.84,1.0,2.84,169.88,0.32,0.773,3.23,0.38,0.13,1.0,97.36,0.61,14.03,125.28,0,1,1
4904.0,6354.0,1254.0,0.014,6.62,30.53,40.34,0.54,0.28,6.91,0.08,29.16,16.85,18.58,1.92,5.76,20.49,0.1,0.92,0.36,18.24,0.86,1199.52,0.54,0.04,3.93,13.6,512.14,14.19,0.01,8.13,14.61,0.5,2.54,258.5,0.23,0.417,2.53,0.3,0.18,1.27,104.15,0.27,18.96,24.51,0,0,1
4896.0,6357.0,1250.0,0.006,5.67,22.83,43.35,0.28,0.19,5.41,0.06,25.11,32.0,17.3,1.21,5.39,15.99,0.1,1.32,0.42,11.89,0.9,1024.48,1.12,0.02,3.35,5.66,438.81,15.25,0.01,5.5,11.45,0.5,1.73,194.05,0.23,0.513,2.42,0.25,0.16,1.29,90.97,0.21,12.72,52.07,0,0,1
4909.606,6284.592,1227.0,0.062,1.66,31.28,108.0,0.21,1.45,0.56,0.05,5.41,20.77,13.1,2.2,12.53,9.22,0.08,0.32,0.37,2.82,0.43,297.07,5.7,0.04,1.84,1.36,285.3,15.56,0.67,4.25,4.28,1.0,1.27,36.58,0.09,1.848,0.87,0.12,0.11,0.37,68.06,0.21,2.78,8.36,0,1,1
4882.0,6347.0,1254.0,0.0025,6.35,4.61,89.07,0.24,0.16,5.98,0.14,25.7,4.98,16.94,4.26,4.89,18.31,0.06,1.02,0.6,13.84,0.89,1165.02,0.41,0.16,4.28,3.78,498.25,36.59,0.01,10.22,10.99,0.5,1.75,186.93,0.28,0.025,3.04,0.34,0.21,1.21,101.0,0.2,16.53,44.31,0,0,0
4873.81,6262.021,1196.0,0.019,7.93,30.81,362.86,0.66,1.23,3.33,0.05,48.55,59.49,18.39,12.62,13.31,26.48,0.13,1.23,2.97,23.46,1.41,907.49,5.06,0.58,7.39,4.32,1118.85,267.42,2.14,9.59,16.7,1.07,5.59,211.53,0.54,1.45,4.99,0.53,1.4,1.11,192.7,1.6,20.68,29.87,0,1,1
4749.609,6228.706,1102.0,0.351,2.5,1930.84,117.44,0.22,0.05,0.02,0.15,7.5,0.72,15.43,4.6,1.52,5.76,0.025,0.6,1.15,3.19,0.11,59.0,5.43,0.02,1.2,1.1,119.54,95.65,0.02,28.74,3.18,0.5,0.41,5.99,0.06,0.094,1.14,0.08,0.74,0.3,37.64,0.73,1.84,14.66,1,0,1
4741.763,6241.317,1092.0,1.262,1.78,11000.0,78.2,0.2,0.58,0.01,0.14,3.85,0.29,21.87,2.18,1.75,3.74,0.025,0.54,0.84,1.99,0.07,49.08,21.67,0.02,0.95,0.94,55.9,60.86,0.11,97.14,2.63,0.5,0.42,6.79,0.07,0.211,0.91,0.07,0.52,0.29,38.23,1.02,1.71,16.82,1,0,1
4696.846,6207.026,1085.0,0.067,4.04,53.7,287.21,0.53,0.28,0.19,2.09,10.39,6.72,11.03,10.46,2.22,9.16,0.025,0.31,2.29,4.59,0.33,216.46,107.69,0.06,1.15,2.29,150.03,145.08,0.01,12.75,4.18,0.5,0.4,29.65,0.07,0.42,0.81,0.09,1.35,0.19,80.01,1.07,2.07,9.26,0,0,1
4696.996,6207.026,1085.0,0.099,4.44,39.2,267.04,0.66,0.2,0.22,1.33,10.95,6.42,14.05,10.32,2.2,8.79,0.025,0.39,2.1,6.08,0.3,232.39,111.66,0.06,1.37,2.71,191.46,162.6,0.01,11.81,3.92,1.0,0.39,23.27,0.08,0.373,0.96,0.1,1.0,0.21,78.1,1.29,1.92,12.72,0,1,1
4677.064,6179.99,1087.0,0.028,6.32,10.83,664.77,0.81,0.05,1.51,0.09,33.42,12.08,25.72,21.1,4.02,13.86,0.07,1.42,2.26,16.6,0.99,738.58,0.23,1.48,5.32,10.46,699.2,143.69,0.05,1.93,12.82,0.5,1.06,149.76,0.34,0.085,3.7,0.42,1.22,1.07,97.65,1.74,16.98,59.67,0,0,1
4677.064,6180.09,1087.0,0.033,6.99,3.89,456.99,0.75,0.07,2.21,0.05,30.62,12.48,23.78,9.7,3.55,14.97,0.05,1.01,2.7,17.13,1.21,885.26,0.2,1.51,5.92,8.39,753.8,223.75,0.52,2.47,13.48,0.5,1.63,150.23,0.36,0.169,3.21,0.42,1.9,1.15,103.46,1.9,16.92,43.86,0,0,1
4717.746,6243.939,1077.0,0.754,2.99,23.55,5.0,0.46,0.09,4.0,0.61,15.84,29.51,15.06,1.69,7.34,9.59,0.09,0.65,0.02,10.26,0.27,903.09,4.56,0.02,1.62,4.33,524.81,1.59,0.06,4.02,4.62,0.5,2.48,96.26,0.12,1.115,1.47,0.12,0.12,2.24,51.45,0.43,17.51,18.16,1,0,1
4715.121,6236.843,1077.0,0.019,3.57,9.9,362.43,0.55,0.05,0.82,0.17,15.04,3.68,24.71,8.17,2.12,8.46,0.025,0.77,1.55,8.26,0.48,299.11,57.87,0.31,2.35,4.19,321.36,98.94,0.11,16.26,5.92,0.5,0.45,53.2,0.17,0.059,1.87,0.19,1.01,0.5,61.3,2.41,6.64,31.41,0,0,1
4635.889,6191.478,1039.0,0.041,5.28,6.84,579.43,0.41,0.27,2.89,0.1,17.54,2.33,15.38,4.15,3.64,16.66,0.025,1.37,1.86,8.61,0.24,461.18,190.59,0.2,3.58,2.27,520.46,87.65,0.07,8.99,8.1,0.5,3.16,116.86,0.21,0.403,2.21,0.3,0.6,0.61,93.36,1.38,5.79,27.85,0,0,1
4691.611,6233.29,1094.0,1.743,2.21,470.53,116.27,0.29,0.05,0.23,0.05,9.35,3.86,14.83,9.36,1.56,4.69,0.025,0.32,0.95,4.04,0.24,166.05,0.51,0.1,1.09,2.87,158.26,88.35,0.03,12.22,2.83,0.5,0.28,23.91,0.07,0.05,0.86,0.07,0.66,0.2,39.2,0.83,2.28,14.66,1,0,1
4698.232,6240.856,1101.0,0.029,1.75,20.12,237.2,0.27,0.1,0.29,0.05,9.33,1.89,33.02,3.27,2.04,3.79,0.025,0.47,1.18,3.57,0.28,209.52,11.7,0.09,1.6,2.51,493.29,70.76,0.17,15.86,3.44,0.5,0.41,38.49,0.09,0.148,1.24,0.1,0.66,0.9,28.28,0.88,3.66,20.48,0,0,1
4692.994,6235.841,1096.0,0.058,4.69,9.25,257.58,0.55,0.11,1.04,0.13,20.79,7.19,24.1,9.81,4.5,10.43,0.07,0.69,2.26,12.77,0.74,462.9,2.58,0.35,3.63,4.1,497.88,166.02,0.08,8.62,8.51,0.5,0.97,106.26,0.23,0.264,2.01,0.23,1.61,0.6,74.29,1.31,9.98,19.42,0,0,1
4685.526,6211.428,1080.0,0.555,8.13,3.46,31.61,0.46,0.26,5.69,0.52,13.9,3.97,15.68,3.35,15.21,25.63,0.07,0.76,0.11,6.34,0.22,867.49,4.52,0.02,2.46,1.92,339.79,2.62,0.17,2.73,7.62,0.5,18.99,193.2,0.17,0.077,2.32,0.2,0.06,0.67,141.92,2.47,6.9,18.22,1,0,1
4686.067,6211.508,1080.0,0.019,6.39,7.88,936.99,0.76,0.2,1.95,1.77,30.56,6.03,30.76,12.0,5.0,13.63,0.07,1.19,3.05,14.95,1.02,1092.9,5.87,0.61,5.68,7.79,666.19,285.55,0.12,2.48,12.75,0.5,4.71,149.72,0.38,0.164,3.79,0.45,1.78,0.83,132.53,3.14,15.63,45.33,0,0,1
4686.67,6204.417,1080.0,0.855,4.67,13.91,103.87,0.42,15.02,3.53,0.11,21.99,1.54,20.59,9.09,5.84,16.59,0.05,0.82,0.99,12.63,0.22,615.35,2.43,0.21,4.14,1.22,499.44,90.05,0.2,8.4,9.02,0.5,4.1,134.9,0.28,32.146,2.76,0.24,0.73,0.91,86.49,4.42,10.34,21.54,1,0,1
4670.455,6204.731,1066.0,0.011,7.64,1.28,357.38,1.17,0.05,1.48,0.12,42.85,11.03,36.72,26.76,4.31,18.92,0.08,0.76,2.73,18.44,1.79,747.4,0.12,1.71,5.72,12.75,962.61,260.25,0.02,1.71,15.96,0.5,0.95,181.18,0.39,0.025,3.23,0.44,2.44,0.93,149.54,1.68,14.54,27.2,0,0,0
4647.522,6205.076,1053.0,0.0025,9.82,4.36,785.31,0.84,0.08,0.38,0.09,36.75,9.73,32.33,40.11,5.52,23.62,0.07,0.98,4.84,19.17,1.27,697.19,0.43,0.25,7.13,8.91,710.34,378.15,0.16,3.25,20.76,0.5,1.63,55.36,0.44,0.057,4.06,0.59,2.69,1.81,241.09,1.93,12.61,41.59,0,0,1
4633.032,6145.424,1032.0,0.017,2.55,83.08,107.47,0.15,0.22,0.76,0.01,17.12,0.98,13.27,9.97,7.33,10.31,0.06,0.64,1.05,10.32,0.46,408.95,0.48,0.35,3.18,0.73,201.57,103.29,0.19,2.73,7.04,0.5,1.3,51.72,0.21,0.411,1.73,0.24,0.89,0.41,60.06,0.72,3.44,16.4,0,0,1
4630.442,6102.064,1039.0,0.05,2.55,1.14,21.05,0.33,25.17,2.38,0.13,11.64,131.46,8.45,0.98,33.37,10.78,0.24,0.64,0.13,6.52,0.64,590.34,3.61,0.23,1.93,6.67,213.15,11.37,11.0,0.8,5.1,1.81,2.63,54.38,0.14,19.285,1.89,0.13,0.18,0.61,47.99,11.38,6.71,14.37,0,1,1
4632.452,6103.056,1039.0,0.011,8.66,1.76,90.24,0.97,1.89,5.44,0.14,44.97,5.6,28.29,27.64,12.9,28.06,0.11,1.75,0.63,26.6,1.66,1039.23,1.79,0.57,7.56,4.07,973.61,59.29,0.74,3.44,13.62,0.5,5.4,141.37,0.58,1.26,8.84,0.54,0.46,2.03,154.47,6.64,15.41,62.74,0,0,1
4565.0,6230.0,972.0,0.018,6.28,10.03,10.34,0.62,0.18,6.96,0.05,23.25,7.87,20.42,2.67,9.86,25.63,0.06,1.04,0.16,11.01,0.73,1364.55,5.56,0.02,3.66,4.19,434.61,12.79,0.04,11.91,7.31,0.5,2.83,207.86,0.21,0.432,2.61,0.3,0.12,0.75,133.56,1.46,8.43,50.96,0,0,1
4723.448,6225.89,1105.0,0.238,4.41,41.96,53.47,0.42,0.22,4.53,0.05,23.04,9.19,19.04,3.54,6.65,17.27,0.1,1.15,0.43,13.69,0.4,844.38,4.85,0.14,2.8,3.09,406.31,42.76,0.09,10.39,8.6,1.03,4.63,82.09,0.21,1.276,2.5,0.21,0.36,0.63,68.02,1.38,9.51,48.34,1,1,1
4726.049,6254.175,1092.0,4.093,2.05,5757.63,108.23,0.28,0.11,0.39,1.73,15.52,6.05,20.97,4.37,1.56,4.71,0.025,0.55,1.02,8.51,0.15,137.42,3.26,0.21,1.1,3.87,153.45,71.11,0.77,50.98,3.26,0.5,0.21,31.24,0.08,12.258,0.95,0.08,0.73,0.33,34.81,0.88,2.9,49.13,1,0,1
4734.633,6238.41,1096.0,0.045,1.53,7.84,98.06,0.23,0.05,0.22,0.05,6.17,3.53,19.24,5.69,1.28,3.15,0.025,0.3,0.77,2.95,0.24,190.77,11.58,0.08,1.09,2.8,120.94,59.02,0.04,18.3,2.63,0.5,0.1,18.4,0.07,0.067,0.79,0.08,0.54,0.28,27.01,0.65,2.61,10.05,0,0,1
4587.0,6403.0,1007.0,0.119,9.85,20.96,281.18,1.37,0.05,7.88,0.11,30.87,19.18,32.84,3.34,6.0,25.5,0.1,1.71,1.94,14.81,1.69,1902.41,0.85,1.28,5.93,16.46,948.55,108.29,0.03,6.06,17.25,0.5,1.65,232.05,0.46,0.178,4.15,0.54,1.35,1.28,153.19,1.01,14.69,60.49,1,0,1
4681.005,6257.046,1088.0,13.957,2.35,227.61,31.44,0.21,67.37,2.36,2.07,16.67,1.12,17.6,2.86,5.88,8.6,0.06,0.51,0.21,10.38,0.1,268.18,16.23,0.06,1.8,1.27,387.33,18.2,0.1,10.21,4.4,0.5,3.22,68.39,0.14,96.426,1.82,0.13,0.3,0.53,63.53,1.93,5.79,16.3,1,0,1
4697.819,6262.421,1090.0,0.403,5.29,15.65,30.26,0.74,0.88,6.93,0.79,21.86,11.83,18.29,1.79,6.17,23.43,0.1,1.14,0.2,10.21,0.67,1348.7,2.12,0.08,2.43,5.94,488.35,18.88,0.04,5.12,7.98,1.0,2.72,174.56,0.23,0.544,2.21,0.19,0.18,1.35,77.08,0.53,12.39,56.08,1,1,1
4620.0,6407.0,998.0,0.047,5.89,15.48,90.53,0.46,0.25,4.49,2.41,32.48,19.87,26.25,1.98,9.48,18.83,0.1,1.79,0.52,15.95,2.08,2783.68,4.21,0.35,5.23,30.4,626.25,39.07,0.17,8.58,13.17,0.5,2.27,118.8,0.35,0.511,3.76,0.41,0.45,1.29,128.49,2.13,12.86,79.19,0,0,1
4688.76,6297.202,1068.0,0.209,1.56,188.78,87.26,0.18,0.14,0.29,0.6,6.56,1.05,18.89,3.75,1.23,3.63,0.025,0.52,0.81,3.66,0.09,102.16,0.4,0.11,0.76,1.11,121.6,52.07,0.07,6.71,2.49,0.5,0.2,23.04,0.06,1.413,0.78,0.07,0.49,0.2,28.77,0.78,1.67,9.16,1,0,1
4649.203,6287.79,1064.0,0.026,6.79,12.88,471.93,0.5,0.05,1.92,0.05,26.0,8.43,27.5,5.99,5.3,16.68,0.07,1.53,2.77,16.34,1.82,873.76,4.53,0.56,3.86,3.2,638.77,217.13,0.43,5.01,18.56,0.5,1.22,167.77,0.29,0.784,2.87,0.41,2.03,0.66,133.11,1.39,10.61,66.0,0,0,1
4650.153,6304.18,1061.0,0.255,6.74,7.21,30.93,0.69,0.08,6.52,0.49,22.11,13.84,10.08,3.67,7.39,28.93,0.17,1.43,0.23,12.37,0.63,875.9,7.49,0.07,3.04,4.1,484.14,19.88,0.44,16.19,9.45,0.5,1.31,69.0,0.25,0.587,2.85,0.28,0.21,0.64,77.86,1.14,9.9,54.02,1,0,1
4632.068,6302.892,1037.3,0.266,3.36,11.59,10.0,0.71,0.08,3.66,0.15,9.82,6.56,17.1,0.76,2.59,10.69,0.05,0.58,0.03,5.78,0.11,329.13,8.79,0.01,0.99,2.9,235.25,2.32,0.04,10.15,3.38,0.5,0.47,22.34,0.09,0.314,0.95,0.08,0.05,0.29,43.79,0.64,4.11,15.3,1,0,1
4622.267,6284.322,1009.39,0.076,4.18,16.58,10.43,0.88,0.12,4.68,0.49,18.49,24.75,12.56,6.99,6.48,16.15,0.09,0.65,0.2,10.52,0.85,1576.93,6.82,0.06,1.81,7.34,310.72,22.14,0.23,7.03,5.13,0.5,1.18,57.05,0.14,0.3,1.37,0.16,0.22,0.53,66.92,0.71,9.65,25.52,0,0,1
4656.668,6316.063,1063.0,0.519,3.2,4.88,696.96,0.24,0.28,0.67,34.69,8.95,1.76,25.14,5.74,3.31,5.61,0.06,0.82,2.19,4.75,0.08,121.25,146.06,0.25,1.78,0.74,293.44,153.17,0.37,20.31,5.15,1.07,0.54,49.17,0.13,1.861,1.49,0.15,1.39,0.3,31.7,0.96,3.69,35.58,1,1,1
4653.335,6315.891,1063.0,0.246,2.59,11.44,474.78,0.27,0.15,0.31,25.54,6.52,1.24,12.33,4.07,2.1,4.91,0.025,0.61,1.85,3.9,0.13,105.23,51.36,0.12,0.96,0.92,190.43,108.61,0.23,29.26,3.25,1.0,0.28,36.07,0.07,1.847,0.76,0.07,1.04,0.21,32.77,1.1,1.96,20.85,1,1,1
4627.629,6320.873,1030.0,0.073,1.62,8.86,29.71,0.18,0.09,1.21,6.72,6.58,0.76,18.37,2.05,3.05,6.44,0.05,0.39,0.23,3.61,0.11,216.74,24.12,0.1,1.15,0.91,162.3,15.13,0.11,13.71,3.09,0.5,0.29,27.92,0.12,0.422,0.93,0.09,0.15,0.22,65.95,0.55,2.54,17.68,0,0,1
4641.015,6340.459,1016.7,0.023,3.09,3.52,206.14,0.41,0.05,1.25,0.22,13.08,2.62,13.21,6.28,1.19,7.87,0.05,0.96,1.12,7.83,0.16,187.43,7.04,0.25,1.69,3.21,277.92,71.67,0.04,15.23,5.23,0.5,0.2,39.55,0.12,0.08,1.47,0.15,0.59,0.4,55.34,0.55,5.66,28.49,0,0,1
4615.867,6342.23,1039.0,0.034,3.05,10.27,166.0,0.49,0.27,1.64,1.1,16.89,4.46,17.57,6.09,2.16,7.24,0.07,0.87,0.77,8.21,0.45,362.94,57.5,0.26,1.7,3.35,278.75,59.4,0.07,20.87,5.77,0.5,0.4,44.93,0.13,0.44,1.42,0.14,0.48,0.39,63.99,1.72,5.93,43.99,0,0,1
4616.461,6342.215,1039.0,0.013,7.91,132.4,104.5,0.77,0.54,5.9,11.25,32.75,14.66,15.9,10.28,9.81,22.82,0.13,1.8,0.69,17.8,1.22,1642.57,37.21,0.37,5.94,7.89,726.82,62.65,0.04,13.04,16.24,0.5,2.26,124.48,0.35,0.475,4.17,0.44,0.65,1.29,154.03,4.13,15.62,64.78,0,0,1
4617.052,6342.172,1039.0,0.045,5.83,94.47,41.12,0.33,0.7,5.96,1.91,28.48,2.97,17.44,3.05,7.2,16.91,0.09,2.08,0.46,14.88,0.51,957.88,85.09,0.15,4.19,1.35,523.78,42.98,0.04,13.11,12.54,0.5,1.68,108.36,0.31,1.796,3.54,0.37,0.42,0.95,200.52,2.99,12.56,67.11,0,0,1
4610.451,6339.269,1037.0,0.021,5.63,35.24,10.75,0.75,0.31,5.12,4.59,21.71,13.33,19.67,3.27,7.19,16.95,0.11,0.95,0.04,11.25,1.16,1440.32,26.32,0.03,2.49,5.83,393.08,2.76,0.07,10.49,8.12,1.96,1.5,68.0,0.2,0.372,1.96,0.24,0.05,0.54,92.07,2.32,9.33,37.3,0,1,1
4619.826,6358.339,1022.22,0.38,2.88,9.56,157.38,0.41,0.05,0.29,0.92,7.39,1.64,17.16,9.65,1.17,6.01,0.025,0.75,1.28,3.84,0.14,114.5,58.31,0.12,1.42,2.72,191.47,83.18,0.03,22.19,3.71,0.5,0.2,19.74,0.08,0.199,0.93,0.11,0.6,0.27,50.58,0.92,3.23,22.62,1,0,1
4620.526,6358.339,1022.22,0.135,1.71,3.0,97.4,0.24,0.05,0.5,0.51,8.59,1.65,23.78,3.85,0.8,2.72,0.025,0.2,0.58,4.6,0.06,156.07,22.44,0.06,0.47,1.73,93.13,46.6,0.02,19.97,1.97,0.5,0.22,19.16,0.025,0.167,0.41,0.04,0.39,0.1,21.73,0.42,2.0,5.82,1,0,1
4601.089,6364.632,1021.28,2.873,1.13,16.57,10.99,0.18,4.71,1.0,0.2,6.98,0.84,8.11,0.97,10.32,5.05,0.08,0.3,0.07,3.78,0.02,136.89,52.31,0.01,0.84,0.43,227.48,5.61,0.13,16.69,1.58,1.98,0.64,25.81,0.06,8.727,0.55,0.08,0.05,0.22,29.44,3.22,3.41,10.68,1,1,1
4995.594,8197.018,413.0,0.006,9.49,103.23,525.09,1.74,0.06,0.2,2.24,33.61,13.45,71.61,8.72,5.5,22.26,0.12,1.6,3.55,15.59,1.12,2546.89,5.06,0.1,7.77,17.32,1072.47,193.6,0.1,29.47,16.56,0.5,8.17,20.47,0.64,0.065,5.06,0.53,2.82,1.32,144.79,5.24,12.32,61.18,0,0,1
4995.068,8197.667,413.0,0.0025,0.56,13.97,28.4,0.12,0.05,0.01,0.61,4.63,1.74,27.1,0.6,0.82,1.32,0.025,0.31,0.22,2.51,0.05,657.39,0.55,0.01,1.84,3.69,106.79,14.43,0.01,3.76,0.95,0.5,3.15,3.7,0.13,0.025,1.52,0.07,0.14,0.2,11.39,1.42,1.63,5.93,0,0,0
4994.65,8198.165,413.0,0.0025,0.26,0.2,10.9,0.06,0.005,0.01,0.01,0.005,0.05,21.94,0.025,0.52,0.025,0.025,0.05,0.1,0.25,0.01,46.93,0.025,0.01,0.05,0.1,49.99,0.05,0.01,0.025,0.05,0.5,0.1,0.1,0.025,0.025,0.005,0.05,0.01,0.05,3.71,0.05,0.05,0.25,0,0,0
4994.261,8198.576,413.0,0.0025,0.28,12.83,10.92,0.06,0.05,0.01,0.05,9.3,0.58,15.42,0.41,0.56,0.72,0.025,0.1,0.12,4.31,0.01,49.29,0.89,0.01,1.3,1.02,48.62,6.63,0.01,2.44,0.31,0.5,1.32,1.94,0.06,0.025,1.3,0.05,0.1,0.2,3.94,1.09,1.24,5.66,0,0,0
4993.825,8199.003,413.0,0.0025,1.0,15.41,36.78,0.16,0.05,0.01,0.06,17.39,0.69,14.41,0.62,0.59,2.41,0.025,0.52,0.43,8.02,0.02,80.9,0.82,0.01,3.31,1.53,79.27,18.34,0.01,2.16,1.34,0.5,2.59,3.37,0.2,0.025,2.26,0.11,0.27,0.41,16.39,2.07,2.42,20.8,0,0,0
4993.402,8199.455,413.0,0.0025,6.62,0.29,668.22,1.18,0.005,0.03,0.01,0.05,0.05,1.9,0.025,1.13,0.025,0.025,0.05,3.12,0.25,0.11,150.4,0.025,0.07,0.05,0.1,141.32,0.05,0.01,0.025,0.05,0.5,0.1,0.1,0.025,0.025,0.05,0.08,0.01,0.05,4.21,0.05,0.05,0.25,0,0,0
4995.0,8213.0,382.0,0.01,1.77,0.2,83.9,0.45,0.005,0.01,0.01,0.005,0.05,18.16,0.025,0.92,0.025,0.025,0.05,0.7,0.25,0.03,50.89,0.025,0.03,0.05,0.1,111.08,0.05,0.01,0.05,0.05,0.5,0.1,0.1,0.025,0.025,0.005,0.09,0.01,0.05,22.61,0.05,0.05,0.25,0,0,0
4994.42,8197.143,410.0,0.005,1.48,20.47,98.93,0.3,0.09,0.01,0.12,17.21,0.85,21.13,1.79,0.7,3.92,0.025,0.79,0.71,9.63,0.05,56.54,1.0,0.02,2.99,1.74,93.61,34.06,0.02,3.97,2.49,0.5,1.3,4.4,0.22,0.025,2.33,0.11,0.47,0.63,22.52,0.81,3.34,19.81,0,0,0
4987.099,8192.271,400.0,0.01,6.65,214.27,308.88,0.64,0.1,0.05,0.16,37.95,0.32,2.87,3.98,1.71,11.25,0.1,2.77,2.99,21.94,0.16,145.59,3.57,0.13,5.44,0.68,223.97,159.06,0.02,6.72,2.23,0.5,3.3,16.92,0.58,0.025,18.17,0.07,1.83,4.17,3.65,0.58,9.49,91.89,0,0,0
4986.764,8192.549,400.0,0.25,5.53,570.49,340.17,0.97,0.15,0.03,8.82,42.93,7.32,23.14,5.46,7.29,13.19,0.15,1.4,2.81,25.92,0.15,2180.75,5.27,0.1,6.56,14.04,783.64,176.36,0.09,12.08,8.26,1.07,9.86,19.95,0.54,0.05,9.43,0.22,2.65,2.35,47.54,1.96,14.34,48.14,1,1,1
4986.355,8192.968,400.0,0.019,8.9,165.64,481.36,1.28,0.21,0.04,1.11,44.77,8.82,63.44,10.95,5.21,20.99,0.1,1.91,3.87,20.2,0.33,1277.78,2.98,0.1,9.1,8.71,980.74,223.16,0.03,8.39,20.12,1.02,6.74,11.1,0.64,0.061,6.96,0.52,2.41,1.36,128.73,4.0,9.32,57.4,0,1,1
4985.997,8193.225,400.0,0.007,8.0,123.1,443.0,1.33,0.14,0.05,2.22,46.3,11.67,56.85,11.32,5.4,18.94,0.11,1.62,3.37,20.99,0.46,2343.31,3.17,0.12,8.48,19.8,927.57,211.94,0.02,12.27,15.46,1.03,7.31,14.44,0.54,0.025,7.13,0.45,2.83,1.65,113.31,3.85,13.09,59.84,0,1,0
4985.642,8193.464,400.0,0.0025,5.92,114.74,663.58,1.08,0.05,0.02,0.33,41.99,0.55,3.94,3.52,1.91,12.92,0.05,2.76,2.73,23.41,0.1,283.23,2.53,0.14,6.4,0.88,186.99,163.34,0.01,10.08,2.2,0.5,6.71,10.72,0.71,0.025,18.11,0.07,1.85,4.01,5.03,2.94,9.25,91.51,0,0,0
4922.31,8130.262,340.0,0.0025,0.96,60.41,47.77,0.72,0.05,0.11,0.05,3.71,0.37,34.03,3.85,0.85,2.57,0.15,0.22,0.4,2.59,0.04,82.38,0.6,0.03,0.18,1.75,303.35,28.75,0.02,391.77,0.29,0.5,0.2,17.97,0.025,0.025,0.78,0.04,4.1,1.1,4.69,0.21,0.86,10.62,0,0,0
4922.559,8130.166,340.0,0.0025,1.51,351.65,64.35,1.13,0.05,0.04,0.07,4.58,0.55,23.27,5.86,4.34,3.84,0.16,0.31,0.39,2.54,0.05,54.81,4.63,0.03,0.3,1.67,812.51,30.78,0.02,1045.6,1.14,0.5,0.2,15.51,0.025,0.025,1.48,0.08,11.03,0.98,35.89,0.1,1.41,20.57,0,0,0
4843.648,8047.978,320.0,0.0025,0.88,262.9,153.07,1.27,0.05,0.05,0.05,2.99,1.46,22.89,6.32,2.9,1.97,0.06,0.37,0.04,1.6,0.03,76.62,1.32,0.02,0.71,2.63,223.51,4.63,0.01,96.54,1.08,0.5,0.27,21.68,0.025,0.025,0.82,0.05,0.31,1.06,19.47,4.1,1.08,15.76,0,0,0
4845.475,8046.445,320.0,0.0025,0.27,6.57,41.49,0.2,0.005,0.06,0.01,1.84,0.91,22.65,0.75,0.59,0.98,0.025,0.1,0.02,0.86,0.15,50.12,0.39,0.01,1.75,2.03,49.75,1.74,0.005,10.41,0.19,0.5,0.2,11.0,0.025,0.025,0.14,0.01,0.05,0.82,8.57,0.29,0.68,4.96,0,0,0
5218.0,8313.0,372.0,0.009,8.55,32.29,175.92,1.0,0.21,0.64,0.05,40.58,20.29,39.18,20.57,6.47,18.31,0.08,1.53,2.08,17.69,0.7,299.41,61.43,2.48,13.32,38.97,1376.31,156.29,5.28,4.37,13.06,0.5,1.02,112.46,0.78,0.054,4.56,0.53,1.13,1.26,155.57,4.24,12.66,93.58,0,0,1
5218.0,8311.0,370.0,0.0025,7.58,88.76,500.48,1.19,0.09,1.31,0.05,35.04,14.25,45.91,12.37,4.82,15.97,0.07,2.85,1.81,17.63,0.72,384.43,10.5,1.98,12.64,32.3,1229.31,110.66,2.29,7.79,14.64,0.5,0.87,156.74,0.62,0.025,5.96,0.51,0.84,1.84,117.03,3.5,12.16,116.55,0,0,0
5106.15,8330.0,355.0,1.14,1.13,11000.0,72.56,0.23,0.05,0.26,0.87,7.39,0.58,12.88,2.15,2.62,2.01,0.025,0.32,0.45,4.18,0.03,94.97,1.5,0.02,0.93,1.54,214.89,27.86,0.29,155.57,0.98,0.5,1.49,30.32,0.09,0.025,2.48,0.02,0.32,0.87,5.7,0.42,2.06,13.16,1,0,0
5106.18,8329.73,355.0,0.113,5.54,1730.29,324.01,0.87,0.11,0.05,1.63,32.16,0.47,4.64,6.02,1.3,10.19,0.025,1.91,2.34,18.41,0.1,115.0,2.24,0.09,4.64,1.26,68.3,130.58,0.62,101.28,1.93,0.5,3.53,13.13,0.48,0.025,11.12,0.07,1.44,2.8,6.48,0.79,5.95,70.74,1,0,0
5106.28,8329.074,355.0,0.027,5.91,1797.57,498.08,1.17,0.21,0.04,7.28,44.17,1.28,3.73,7.71,1.22,15.5,0.025,2.9,2.65,26.61,0.15,114.45,3.79,0.09,4.35,1.06,86.13,198.37,0.86,134.99,3.02,0.5,3.51,25.95,0.44,0.025,13.5,0.07,1.89,3.38,11.35,0.94,7.71,98.26,0,0,0
5106.36,8328.474,355.0,0.051,6.46,1554.14,647.7,1.13,0.5,0.05,0.24,39.27,0.46,6.51,5.45,1.41,12.31,0.025,2.03,2.98,23.74,0.17,136.86,2.4,0.1,4.09,0.91,108.8,158.28,0.3,54.66,3.14,0.5,1.45,22.44,0.43,0.025,14.11,0.09,1.64,3.44,21.52,1.02,8.09,69.1,0,0,0
5106.5,8327.524,355.0,0.0025,6.24,490.47,572.44,1.81,0.49,0.08,0.07,41.14,0.38,3.11,8.28,0.72,11.56,0.025,2.45,2.4,24.44,0.13,97.46,2.45,0.1,4.72,0.55,87.89,154.43,0.05,11.69,3.04,0.5,1.1,21.27,0.56,0.025,17.85,0.08,1.33,3.53,15.47,1.08,8.72,88.85,0,0,0
5105.85,8323.0,360.0,0.006,5.82,63.86,287.51,1.82,0.17,0.41,2.1,33.38,14.42,19.59,22.08,3.58,12.91,0.07,1.86,0.73,18.77,8.27,3437.36,3.4,0.02,5.81,15.91,632.96,50.41,0.02,15.83,8.82,0.5,0.8,28.75,0.31,0.117,4.44,0.25,0.62,2.09,87.35,2.18,16.79,70.17,0,0,1
5105.83,8322.0,360.0,0.0025,3.94,20.3,30.64,0.53,0.13,6.97,0.2,17.52,5.87,7.08,2.92,1.62,9.89,0.025,0.65,0.01,9.87,8.84,606.71,0.28,0.01,3.9,7.26,796.68,2.38,0.06,5.81,3.67,0.5,0.68,251.07,0.25,0.05,2.6,0.15,0.05,1.39,32.77,1.17,4.84,27.36,0,0,1
5105.85,8321.0,360.0,0.0025,0.7,2.22,10.21,0.5,0.09,20.0,0.18,5.73,1.8,1.0,0.8,0.47,1.97,0.05,0.32,0.01,2.6,10.35,1068.31,0.21,0.01,1.83,0.9,4268.94,0.58,0.005,1.32,0.63,0.5,0.21,578.13,0.07,0.073,0.95,0.02,0.05,3.65,10.67,0.43,3.32,13.92,0,0,1
5107.2,8320.5,361.0,0.0025,1.54,7.59,31.96,0.24,0.05,1.17,0.05,5.78,2.35,14.34,0.91,1.09,3.79,0.025,0.31,0.03,2.87,1.68,244.46,0.67,0.01,1.59,2.87,108.71,1.93,0.13,2.68,1.49,0.5,0.31,20.54,0.11,0.025,0.71,0.06,0.05,2.26,63.99,0.5,1.46,14.83,0,0,0
5107.22,8320.15,361.0,0.006,0.87,2.23,118.2,0.71,0.05,23.77,0.08,7.95,1.82,1.96,1.67,0.61,2.58,0.05,0.27,0.02,4.86,5.66,1943.06,0.16,0.01,1.31,1.12,1700.93,1.86,0.01,5.91,0.88,0.5,0.27,611.97,0.07,0.025,0.77,0.03,0.01,1.43,8.12,1.0,3.41,11.06,0,0,0
5107.25,8319.5,361.0,0.087,5.01,5.11,28.65,0.69,0.08,6.24,0.05,20.55,8.04,13.01,3.64,2.26,8.93,0.09,1.5,0.01,9.45,7.39,470.82,0.16,0.01,4.87,10.22,337.09,0.76,0.05,2.03,5.97,0.5,0.71,304.42,0.33,0.025,3.6,0.23,0.01,0.83,28.33,1.06,4.79,54.35,0,0,0
5107.28,8318.73,361.0,0.0025,3.8,6.82,38.12,0.73,0.05,6.77,0.15,23.18,6.64,16.61,3.56,1.99,9.27,0.025,1.51,0.01,12.01,7.12,881.26,0.18,0.01,3.36,12.09,663.97,0.79,0.03,1.44,6.45,0.5,0.58,295.64,0.28,0.025,2.61,0.26,0.01,0.9,26.57,0.6,7.61,49.03,0,0,0
5107.31,8318.08,362.0,0.0025,6.12,6.84,402.9,0.86,0.1,1.88,0.05,26.59,10.11,15.74,10.25,2.73,11.86,0.06,2.17,0.42,12.84,6.53,351.59,0.2,0.01,6.81,12.52,212.68,23.02,0.34,1.98,9.3,0.5,0.87,113.24,0.47,0.025,4.81,0.32,0.2,1.08,44.32,0.95,7.05,82.83,0,0,0
5107.35,8317.33,362.0,0.005,0.58,3.35,59.39,0.16,0.05,7.02,0.08,2.0,1.49,9.38,0.8,0.85,1.99,0.025,0.1,0.04,2.17,2.4,473.8,0.97,0.01,0.64,2.0,232.97,1.89,0.1,4.19,0.54,0.5,0.2,178.66,0.025,0.025,0.17,0.01,0.05,1.75,34.7,0.11,3.03,5.84,0,0,0
5647.0,6771.0,1134.0,0.025,4.94,52.18,276.65,0.66,0.05,0.18,0.05,25.67,6.88,20.21,6.77,2.49,11.24,0.06,1.29,2.24,11.3,0.65,311.79,1.59,0.04,3.13,3.8,521.36,140.2,0.01,7.15,8.71,0.5,0.76,10.86,0.22,0.025,2.64,0.22,1.12,1.02,72.26,5.32,7.49,48.67,0,0,0
5107.65,8316.28,362.0,0.0025,1.13,3.82,27.55,0.41,0.05,11.55,0.17,6.72,4.67,10.32,0.97,1.32,2.79,0.025,0.28,0.02,4.08,3.03,1361.43,0.88,0.01,1.65,5.2,897.55,1.63,0.09,1.95,1.5,0.5,0.27,274.0,0.08,0.025,0.84,0.05,0.01,1.47,52.52,0.38,3.94,16.23,0,0,0
5107.69,8315.03,362.0,0.009,8.62,24.2,563.61,1.95,0.15,1.2,0.05,44.78,10.32,29.76,18.71,4.07,17.89,0.08,1.34,2.75,18.44,2.58,614.17,0.26,0.04,12.67,18.39,867.15,125.46,0.58,2.52,11.33,0.5,1.2,51.38,0.65,0.025,5.26,0.57,1.02,0.65,135.86,3.56,10.18,55.06,0,0,0
5516.238,6887.632,1040.0,0.119,3.97,174.34,169.69,0.83,0.05,0.43,0.53,21.54,9.35,16.72,7.79,2.68,9.72,0.025,1.13,1.47,6.54,0.49,926.81,8.92,0.07,2.33,5.45,489.33,113.15,0.15,17.34,6.98,0.5,0.68,41.63,0.18,0.058,3.02,0.18,1.0,1.25,74.25,3.02,7.0,50.91,1,0,1
5515.665,6887.556,1040.0,0.056,2.24,1296.67,93.94,0.59,0.05,0.09,0.46,24.54,2.42,18.61,3.26,1.5,3.89,0.025,0.82,0.83,13.02,0.21,283.56,6.99,0.02,1.02,1.74,207.76,55.89,0.07,17.69,3.33,0.5,0.43,11.78,0.08,0.025,1.15,0.1,0.44,0.55,37.77,1.38,4.23,28.77,0,0,0
5730.094,6776.153,1121.78,0.867,1.5,23.72,68.78,0.38,0.05,0.02,0.15,3.69,1.67,26.99,2.99,1.2,2.99,0.025,0.33,0.55,1.87,0.06,93.54,7.4,0.02,0.66,3.6,82.36,42.58,0.005,23.28,1.52,0.5,0.3,8.17,0.025,0.025,0.5,0.04,0.34,0.31,21.78,0.58,1.42,12.73,1,0,0
6076.893,7066.71,1156.0,0.009,6.4,2.92,321.49,1.9,0.05,1.27,0.8,58.98,0.64,3.14,3.65,1.56,15.0,0.08,2.77,2.0,33.24,0.11,568.34,1.82,1.79,7.52,0.5,127.39,106.61,0.02,1.59,9.15,0.5,2.66,61.79,0.81,0.025,16.58,0.08,0.92,3.84,3.83,0.31,17.53,94.14,0,0,0
5653.383,7201.3,1056.0,0.0025,7.98,6.16,538.89,1.14,0.05,3.74,0.09,29.87,15.37,35.07,2.94,4.79,18.98,0.08,2.23,1.28,17.0,2.0,854.46,1.21,2.57,6.1,10.11,971.7,28.56,0.005,1.63,17.57,0.5,1.15,491.71,0.43,0.025,4.14,0.48,0.27,1.2,141.05,0.69,16.47,77.32,0,0,0
5716.123,7160.875,1038.02,0.438,1.42,26.88,77.94,0.31,0.005,0.03,0.05,2.77,1.02,16.41,2.5,1.05,3.02,0.025,0.21,0.61,1.35,0.09,83.53,3.45,0.02,0.39,1.36,88.83,40.83,0.005,17.82,1.22,0.5,0.2,9.27,0.025,0.025,0.43,0.03,0.27,0.47,29.01,0.3,0.88,7.7,1,0,0
5619.311,7058.962,1013.18,0.0025,6.22,4.48,1118.45,1.85,0.17,1.87,0.25,49.3,0.75,13.09,1.96,2.02,16.87,0.08,2.87,3.94,26.07,0.09,373.3,3.12,1.71,7.55,0.73,103.37,130.64,0.005,2.66,8.94,0.5,2.66,340.21,0.73,0.025,11.16,0.09,0.81,3.36,5.65,0.7,28.81,75.69,0,0,0
5560.612,6970.5,1002.42,0.0025,7.29,4.77,261.93,0.87,0.05,3.18,0.36,32.6,16.78,29.47,3.67,4.59,18.69,0.05,1.64,0.9,18.44,1.69,859.39,0.27,2.09,5.14,11.45,832.5,55.51,0.005,4.68,13.66,0.5,1.34,354.93,0.4,0.025,3.85,0.46,0.36,1.92,143.43,0.66,16.92,49.16,0,0,0
5508.585,6987.065,969.0,0.0025,8.46,2.24,818.42,0.98,0.05,2.29,0.11,32.67,17.53,31.92,5.43,5.27,16.23,0.12,1.38,2.14,17.65,1.76,947.15,0.3,2.85,5.5,7.51,741.22,105.25,0.005,1.39,21.54,0.5,1.07,228.63,0.41,0.025,3.65,0.45,1.17,1.04,146.17,1.67,16.95,48.36,0,0,0
5536.363,7110.256,970.0,0.0025,7.54,2.83,363.15,0.89,0.05,2.42,0.21,36.9,16.71,30.26,7.08,5.41,16.53,0.1,1.74,1.41,17.89,2.13,1085.09,0.22,2.55,6.57,10.28,687.38,89.16,0.01,2.19,16.19,0.5,1.19,209.47,0.41,0.025,3.77,0.47,0.61,1.12,179.87,0.47,13.17,58.96,0,0,0
5497.022,7200.974,956.0,0.0025,6.98,3.67,796.3,1.06,0.17,0.24,0.1,57.89,4.06,9.02,8.67,2.42,22.4,0.09,1.73,3.09,35.14,0.48,368.55,0.4,0.39,6.62,2.35,204.27,184.89,0.01,2.16,10.63,0.5,2.91,29.65,0.57,0.025,13.3,0.15,1.26,2.7,31.81,0.78,15.17,59.34,0,0,0
5244.806,7153.649,839.0,0.02,2.24,64.03,108.54,0.27,0.1,0.06,1.97,44.31,4.8,21.86,1.99,2.51,5.69,0.08,0.52,0.64,25.03,0.24,508.1,0.51,0.08,0.88,3.94,276.13,51.6,0.03,9.63,3.98,0.5,1.13,6.54,0.06,0.063,0.83,0.08,0.49,0.21,51.57,0.3,3.37,17.18,0,0,1
5356.395,7056.879,907.18,0.0025,8.69,12.26,589.45,0.98,0.11,2.65,0.14,29.48,17.38,31.46,2.61,5.65,17.42,0.08,1.63,1.04,13.76,2.53,874.05,1.14,2.89,6.03,8.63,751.8,31.46,0.02,1.97,18.89,0.5,1.03,512.57,0.38,0.025,2.4,0.5,0.51,0.84,157.34,0.93,15.62,42.2,0,0,0
5243.787,7153.792,839.0,0.041,3.26,84.92,127.0,0.35,0.15,0.08,2.75,44.86,5.89,29.16,2.45,3.39,7.65,0.06,0.62,0.95,27.01,0.52,561.38,0.53,0.15,1.5,5.46,380.0,60.51,0.02,10.39,5.55,0.5,1.52,9.63,0.09,0.064,1.01,0.13,0.7,0.32,100.55,0.72,3.71,24.9,0,0,1
6221.44,7041.817,1277.0,0.0025,7.01,2.19,489.8,1.43,0.09,1.42,0.06,56.55,2.75,5.28,12.89,2.01,15.5,0.1,2.2,2.19,24.21,0.28,538.86,0.26,2.64,8.53,0.92,402.62,116.65,0.01,2.2,4.16,0.5,1.84,176.93,0.65,0.025,10.19,0.16,0.76,2.87,16.46,2.03,14.5,66.35,0,0,0
6222.612,7041.92,1277.0,0.0025,7.23,2.38,495.31,1.41,0.1,0.63,0.08,42.21,2.85,5.29,11.2,1.9,15.35,0.08,2.34,2.46,25.18,0.32,489.08,0.3,2.31,7.5,0.81,351.38,134.05,0.01,1.77,4.27,0.5,1.81,156.81,0.61,0.025,9.98,0.19,0.94,2.59,16.02,2.65,12.33,71.16,0,0,0
4313.229,7637.361,297.83,0.0025,8.67,91.39,505.88,1.12,0.05,0.04,0.94,44.89,4.79,3.73,8.39,2.15,16.13,0.05,2.02,3.51,26.41,0.23,682.91,1.74,0.08,8.47,4.82,231.11,237.54,0.005,4.09,5.97,0.5,2.44,9.89,0.84,0.025,16.57,0.21,1.84,3.14,39.02,2.0,11.31,48.09,0,0,0
4289.216,7630.576,272.04,0.0025,2.23,90.57,72.9,0.41,0.07,0.03,0.45,14.51,30.05,21.38,1.26,2.77,4.97,0.025,0.33,0.31,5.23,0.71,1252.12,1.54,0.02,2.14,21.01,283.43,21.0,0.005,3.94,2.13,0.5,0.6,3.25,0.18,0.025,2.03,0.09,0.16,0.54,24.74,1.53,3.14,4.83,0,0,0
4307.072,7605.748,277.55,0.0025,0.05,2.14,10.0,0.09,0.05,1.31,0.05,0.24,0.51,23.67,0.12,0.59,0.33,0.025,0.05,0.01,0.25,1.53,199.65,0.44,0.01,0.1,1.82,10.3,0.29,0.005,1.03,0.05,0.5,0.1,24.07,0.025,0.025,0.05,0.0025,0.01,1.28,3.11,0.05,0.48,0.25,0,0,0
4181.874,7636.848,196.69,0.013,7.31,591.69,627.29,1.07,0.05,0.05,2.0,38.66,2.4,6.74,4.54,2.32,14.08,0.07,1.2,3.21,19.29,0.17,1684.99,1.85,0.07,5.53,3.13,293.65,174.01,0.01,8.28,4.84,0.5,3.27,10.86,0.63,0.025,11.76,0.17,1.39,2.96,33.08,1.46,10.47,22.99,0,0,0
4182.324,7636.848,196.69,0.031,6.81,1713.5,573.56,0.88,0.05,0.04,1.3,16.83,1.04,7.11,3.8,3.5,12.21,0.025,1.16,2.93,9.18,0.17,275.26,1.8,0.07,5.28,1.3,269.65,171.53,0.05,12.18,3.87,0.5,4.59,10.62,0.59,0.052,11.69,0.16,1.33,1.65,32.09,1.4,4.91,17.76,0,0,1
4183.024,7636.848,196.69,0.018,8.02,844.16,708.13,1.25,0.05,0.05,1.07,55.85,3.07,6.81,4.24,2.05,14.28,0.09,1.08,3.86,31.27,0.2,210.46,2.15,0.07,7.89,1.73,358.47,204.62,0.01,8.73,4.73,0.5,1.58,6.52,0.81,0.025,14.81,0.19,1.66,2.18,35.21,1.22,11.89,28.61,0,0,0
4183.924,7636.848,196.69,0.018,8.13,869.79,649.03,1.14,0.05,0.05,1.97,57.93,4.32,10.12,5.24,2.19,15.25,0.06,1.48,3.92,27.91,0.2,1063.27,2.19,0.07,7.09,8.5,332.44,206.16,0.01,9.05,4.48,0.5,1.81,12.3,0.77,0.054,16.15,0.19,1.79,2.61,35.82,1.3,13.75,31.28,0,0,1
4136.389,7618.941,183.79,0.005,1.28,36.36,29.99,0.19,0.15,0.02,0.14,10.0,4.94,20.74,0.85,1.57,3.29,0.025,0.11,0.25,3.97,0.29,252.84,1.86,0.01,2.0,8.98,124.1,16.24,0.005,2.13,1.55,0.5,0.46,3.93,0.12,0.025,1.47,0.07,0.11,0.32,16.29,0.88,1.69,2.38,0,0,0
4031.027,7508.127,221.33,0.005,0.14,3.21,28.29,0.31,0.05,10.47,0.08,0.77,1.06,8.62,0.28,0.57,0.51,0.025,0.1,0.02,0.25,4.27,234.68,0.28,0.01,0.28,2.3,91.46,0.82,0.005,2.13,0.21,0.5,0.1,266.62,0.025,0.025,0.1,0.01,0.01,2.06,1.85,0.1,0.51,6.15,0,0,0
4004.911,7451.452,206.06,0.0025,2.2,15.28,10.0,0.5,0.05,20.04,0.97,17.37,29.61,5.51,1.41,2.42,4.6,0.05,0.71,0.06,7.0,5.27,3423.73,0.15,0.01,2.45,19.25,571.99,3.67,0.2,0.69,4.34,1.04,0.32,592.15,0.22,0.025,1.58,0.13,0.05,1.32,65.69,0.33,4.57,29.98,0,1,0
4005.061,7451.452,206.06,0.005,2.87,31.92,183.37,0.67,0.05,24.5,0.36,24.77,33.07,8.63,1.87,1.75,6.37,0.05,1.05,0.35,13.85,3.63,3173.43,0.35,0.02,3.1,19.57,658.78,22.03,0.05,1.25,6.06,1.09,0.43,598.26,0.22,0.05,2.23,0.16,0.13,1.17,47.97,0.42,10.07,53.12,0,1,1
3948.927,7387.505,226.81,0.006,0.07,2.88,10.0,0.06,0.005,5.8,0.12,0.48,0.62,9.93,0.13,0.5,0.53,0.025,0.05,0.005,0.25,1.51,564.46,0.21,0.01,0.1,1.85,20.64,0.18,0.005,1.67,0.11,0.5,0.1,75.42,0.025,0.025,0.05,0.0025,0.01,1.71,3.85,0.05,1.15,1.03,0,0,0
3937.027,7387.505,214.8,0.005,8.33,7.61,1208.7,1.33,0.32,0.83,0.1,43.1,4.18,17.11,8.5,0.88,18.74,0.11,1.68,1.46,27.91,1.22,185.01,0.2,0.28,13.69,11.71,355.72,91.52,0.005,2.0,7.23,0.5,1.49,409.16,1.25,0.073,8.76,0.2,0.88,1.39,129.62,1.71,8.37,44.15,0,0,1
3936.527,7387.505,214.3,0.0025,0.27,2.13,20.13,0.05,0.05,1.06,0.09,1.52,1.09,21.31,0.26,0.51,0.82,0.06,0.05,0.01,0.87,0.25,388.02,0.35,0.01,0.2,2.19,19.99,0.83,0.01,1.39,0.22,0.5,0.1,20.45,0.025,0.025,0.13,0.0025,0.05,2.04,8.09,0.1,0.84,2.58,0,0,0
3936.127,7387.505,214.0,0.006,1.28,5.02,10.0,1.02,0.05,20.27,0.61,5.07,3.76,2.2,0.27,0.78,2.24,0.025,0.51,0.01,2.94,8.32,1077.48,0.2,0.01,1.49,4.63,45.04,0.28,0.005,1.8,1.69,1.07,0.42,464.3,0.13,0.025,0.96,0.05,0.01,2.48,36.85,0.78,2.78,15.35,0,1,0
3935.627,7373.154,213.61,0.0025,8.59,28.28,315.65,2.57,0.33,0.42,0.19,110.5,19.63,82.59,12.48,5.56,21.61,0.15,3.17,2.05,57.72,1.44,411.66,0.77,0.3,23.17,43.94,764.66,149.32,0.005,6.83,24.98,0.5,2.81,173.8,1.62,0.109,16.23,0.7,0.92,3.95,131.36,2.52,35.04,105.71,0,0,1
3880.602,7340.998,137.0,0.0025,0.63,8.75,10.62,0.16,0.5,0.04,3.46,13.25,3.23,23.48,0.23,1.83,1.86,0.05,0.29,0.05,4.92,0.46,627.28,0.46,0.01,1.2,4.05,63.84,2.69,0.33,1.09,0.55,1.09,0.78,1.28,0.08,0.025,1.33,0.07,0.05,0.18,6.59,1.04,2.71,1.1,0,1,0
3880.602,7340.948,137.3,0.015,4.6,195.71,65.47,1.16,6.09,0.18,182.71,122.46,47.36,38.76,3.7,29.03,11.57,0.29,0.76,0.18,63.85,2.68,10187.9,8.65,0.01,10.99,80.81,844.25,12.46,0.34,57.59,7.25,2.91,7.82,13.73,0.77,0.322,12.64,0.39,0.24,2.04,62.83,12.86,48.49,10.9,0,1,1
3880.602,7340.938,137.65,0.0025,1.47,10.11,40.85,0.17,0.35,0.02,0.76,6.32,1.48,25.17,0.66,2.89,4.39,0.07,0.19,0.25,3.06,0.72,1188.07,1.56,0.01,3.62,3.02,114.6,18.49,0.04,4.03,2.65,1.0,1.76,2.12,0.25,0.057,3.48,0.16,0.12,0.37,19.6,2.48,3.36,6.14,0,1,1
3887.125,7344.043,138.0,0.0025,1.64,1.27,19.35,0.2,0.31,21.06,7.55,41.27,1.93,12.74,0.92,3.3,4.65,0.06,0.21,0.12,20.36,1.36,9879.15,0.33,0.01,3.32,3.48,110.17,9.06,0.05,2.44,2.4,0.5,1.89,176.68,0.23,0.025,3.59,0.14,0.09,0.48,20.21,1.84,12.73,5.48,0,0,0
3885.334,7347.289,138.0,0.0025,7.82,72.66,335.64,2.37,1.44,0.07,21.04,61.47,16.14,63.84,10.98,7.83,15.05,0.14,0.91,2.85,33.57,0.81,1804.57,3.1,0.06,16.98,22.29,740.58,151.69,0.03,10.69,12.63,0.5,5.38,29.53,1.07,0.055,9.37,0.54,1.06,1.55,94.08,5.99,14.8,22.06,0,0,1
3885.334,7347.179,138.0,0.008,7.0,132.95,10.0,0.32,12.72,0.17,32.42,92.4,21.83,15.16,1.61,14.76,22.71,0.18,0.85,0.06,40.9,3.47,9730.0,3.66,0.01,5.61,20.23,1002.38,3.48,0.21,97.88,6.1,1.88,4.8,10.42,0.42,0.237,4.31,0.21,0.05,2.08,84.83,12.62,21.06,16.7,0,1,1
3885.334,7347.029,138.0,0.005,2.91,5.89,45.87,0.19,0.39,25.17,49.69,50.55,3.66,13.54,0.81,5.22,8.6,0.08,0.29,0.03,21.52,2.01,12630.96,0.64,0.01,7.65,8.12,154.59,2.03,0.01,3.25,3.7,1.07,3.0,129.94,0.47,0.025,5.76,0.26,0.05,0.54,30.79,4.71,16.3,8.68,0,1,0
3885.334,7346.629,138.0,0.0025,2.69,5.88,18.89,0.24,0.5,0.1,8.23,23.96,2.26,24.41,1.08,4.59,7.12,0.09,0.21,0.18,11.92,1.49,2694.44,0.36,0.01,5.85,8.35,186.67,10.44,0.02,2.05,3.8,0.5,1.94,2.65,0.39,0.025,4.8,0.22,0.1,0.55,25.21,3.08,6.04,6.58,0,0,0
3883.004,7343.405,138.0,0.0025,0.55,5.11,5.0,0.06,0.09,0.05,2.48,4.91,1.66,21.47,0.12,1.21,1.63,0.025,0.05,0.03,2.19,0.24,439.53,0.43,0.01,0.82,2.45,72.04,1.49,0.03,1.63,0.39,0.5,0.55,1.24,0.025,0.025,0.71,0.03,0.05,0.19,5.18,1.09,0.84,0.82,0,0,0
3883.004,7343.405,137.65,0.04,2.41,142.86,10.0,0.45,0.34,0.09,199.07,73.02,24.36,5.43,1.32,16.24,14.91,0.13,0.1,0.05,33.79,0.92,15225.28,4.39,0.01,1.18,15.34,346.76,3.75,0.04,33.53,3.61,6.4,0.93,1.98,0.11,0.025,2.09,0.05,0.09,1.43,34.08,6.56,31.87,2.59,0,1,0
8251.755,8310.912,881.0,0.0025,6.22,16.04,344.96,1.72,0.13,2.12,0.19,53.46,16.24,40.65,9.64,3.72,15.03,0.15,2.18,1.78,25.75,0.79,720.88,0.45,0.63,14.47,19.5,721.17,88.3,0.02,2.28,14.55,0.5,1.54,105.01,0.75,0.025,7.48,0.4,0.47,2.0,94.06,1.48,28.12,104.48,0,0,0
8260.229,8339.02,890.0,0.0025,7.87,11.17,649.94,0.43,0.005,3.44,0.1,15.99,20.09,74.93,21.94,5.99,17.26,0.11,1.5,3.8,7.85,2.22,1609.0,0.38,0.23,3.03,5.91,661.88,126.49,0.01,0.58,27.6,0.5,0.86,84.49,0.17,0.025,1.55,0.42,0.65,0.52,146.85,0.3,20.7,49.61,0,0,0
8283.833,8336.032,900.0,0.0025,8.96,0.97,219.14,0.69,0.05,5.62,0.14,16.02,24.33,94.83,1.47,5.35,16.69,0.15,1.81,0.5,8.75,3.03,1157.98,0.74,1.72,2.99,12.42,801.74,3.64,0.01,0.32,29.19,0.5,0.77,497.44,0.22,0.025,2.0,0.51,0.05,0.72,228.3,0.21,21.12,67.98,0,0,0
8118.083,8580.602,933.22,0.0025,8.91,1.87,18.05,0.54,0.05,2.44,0.09,26.09,17.41,37.24,18.04,5.49,16.07,0.11,2.34,0.03,13.33,0.99,1118.82,0.66,4.12,3.37,16.08,1144.48,1.45,0.02,0.81,24.67,0.5,0.98,225.1,0.26,0.025,3.05,0.48,0.01,0.76,87.92,0.33,21.43,88.23,0,0,0
8119.451,8580.064,926.0,0.0025,7.96,2.63,451.7,0.73,0.05,6.0,0.13,31.46,19.58,40.32,2.04,5.87,21.49,0.2,2.54,0.94,12.41,1.91,1167.38,0.45,2.04,4.27,13.19,857.17,11.74,0.005,1.84,27.6,0.5,1.0,732.94,0.28,0.025,3.48,0.48,0.12,0.91,176.18,0.29,30.02,100.98,0,0,0
8247.33,8642.427,1007.0,0.191,8.19,2052.31,408.46,1.4,0.21,0.17,0.47,45.51,15.04,32.98,17.14,3.69,17.16,0.15,1.69,2.99,25.68,0.23,582.65,6.03,0.09,7.31,4.46,442.72,174.52,0.005,2291.4,13.33,1.03,1.85,35.8,0.5,0.055,5.04,0.38,1.85,1.4,108.45,7.62,13.16,67.79,1,1,1
8247.712,8643.854,1008.0,0.176,8.51,1579.4,426.1,1.28,0.12,0.18,0.52,46.11,11.4,35.81,17.84,5.67,16.4,0.17,2.55,2.3,31.59,0.21,421.6,5.39,0.06,6.63,4.8,299.07,130.44,0.005,4397.2,12.21,1.0,1.5,32.78,0.41,0.025,5.45,0.48,1.58,3.19,262.6,3.35,14.78,99.61,1,1,0
7634.055,9150.665,936.0,0.0025,7.82,8.71,346.08,0.76,0.06,3.28,0.1,30.28,20.82,49.83,9.3,6.16,17.07,0.18,2.65,1.68,15.06,2.15,1119.11,0.39,2.04,4.07,15.56,1059.16,97.1,0.005,4.74,26.49,1.0,0.9,470.28,0.24,0.025,3.77,0.46,0.63,0.64,103.49,0.62,28.64,90.84,0,1,0
7613.912,9173.874,961.0,0.0025,8.36,3.69,129.25,0.82,0.05,6.08,0.12,26.91,20.13,41.28,2.64,5.02,17.27,0.13,1.86,0.2,12.28,2.18,1244.94,0.57,1.85,4.73,14.91,850.48,2.42,0.005,1.75,21.51,1.05,0.94,501.96,0.28,0.025,2.61,0.44,0.05,0.72,205.23,0.29,21.65,56.19,0,1,0
7413.037,9176.006,930.3,0.005,10.56,47.52,284.11,0.57,0.06,0.29,0.21,22.84,23.97,71.67,3.63,5.86,19.87,0.07,1.78,0.78,8.36,0.14,739.6,11.07,0.87,3.72,14.95,961.64,25.88,0.01,10.98,26.4,0.5,0.83,81.99,0.23,0.025,2.74,0.5,0.28,0.66,271.98,2.9,16.05,54.15,0,0,0
7342.329,9283.829,938.0,0.0025,7.11,0.97,998.73,1.88,0.05,0.91,0.64,55.69,0.66,6.06,1.81,1.36,15.27,0.05,3.15,2.8,28.26,0.08,547.35,0.82,2.71,8.56,0.63,78.05,102.69,0.005,3.52,7.34,0.5,2.51,155.51,0.77,0.025,15.17,0.08,0.98,3.59,3.87,0.49,31.46,74.47,0,0,0
7311.601,9215.031,946.0,0.0025,7.99,3.2,511.52,0.71,0.05,5.67,0.17,26.31,18.19,52.05,1.11,5.48,17.11,0.2,2.3,0.45,12.6,2.52,1345.75,0.59,2.1,3.77,12.39,906.32,6.45,0.005,5.0,24.98,0.5,0.86,708.87,0.27,0.025,2.66,0.54,0.16,0.83,211.74,0.4,27.16,80.77,0,0,0
7310.607,9216.457,947.0,0.0025,7.09,1.77,1186.45,1.83,0.05,0.69,0.32,56.07,1.06,17.33,1.56,1.74,16.81,0.07,3.33,3.51,31.5,0.11,723.18,0.64,2.34,8.82,0.76,112.16,129.13,0.005,3.67,7.82,0.5,2.78,199.93,0.69,0.025,14.89,0.08,1.3,3.97,7.87,1.21,30.57,96.34,0,0,0
7360.476,9291.407,938.0,0.0025,6.48,1.19,1004.3,2.01,0.05,0.63,0.98,57.1,0.54,6.5,1.78,1.6,16.14,0.08,2.55,2.86,29.2,0.06,610.56,0.64,2.48,8.47,0.79,99.95,109.28,0.005,3.68,8.01,0.5,2.48,141.55,0.72,0.025,16.94,0.07,0.99,3.35,4.67,0.38,23.62,73.34,0,0,0
7652.489,9380.671,1004.9,0.005,9.84,430.32,457.21,1.11,0.08,0.08,0.06,38.83,4.44,20.14,12.88,4.26,22.25,0.09,2.52,3.31,20.04,0.23,310.71,1.69,0.07,7.28,0.9,732.65,195.07,0.005,41.93,16.46,0.5,1.76,9.92,0.5,0.025,6.58,0.41,3.21,1.38,119.17,1.82,11.04,98.68,0,0,0
7777.329,9421.947,1001.08,0.0025,6.56,16.56,340.3,1.33,0.08,0.03,0.12,53.11,0.3,2.77,5.41,0.99,15.9,0.025,3.97,2.24,22.0,0.08,69.19,2.88,0.08,6.76,0.62,107.58,101.23,0.005,15.05,8.87,0.5,3.2,7.95,0.61,0.025,13.9,0.08,1.01,3.58,4.92,1.07,19.63,116.39,0,0,0
7777.029,9421.947,1001.08,0.047,1.43,55.45,136.35,0.32,1.38,0.02,0.33,7.83,0.57,30.73,1.59,1.05,6.14,0.025,0.38,0.5,4.14,0.03,68.15,35.45,0.02,1.23,1.53,109.8,24.41,0.005,77.9,1.08,0.5,4.74,7.46,0.12,0.121,1.91,0.03,0.25,0.54,7.23,0.39,2.54,28.55,0,0,1
7646.665,9257.735,960.0,0.011,1.96,166.83,120.08,0.32,0.29,0.06,0.17,18.49,1.19,22.94,2.48,0.93,3.77,0.025,1.06,0.67,11.11,0.05,138.27,3.49,0.05,2.0,1.3,116.86,31.38,0.005,47.51,2.94,0.5,0.82,10.97,0.16,0.025,2.98,0.1,0.3,0.89,24.05,0.54,5.26,36.52,0,0,0
7969.405,9071.236,1033.0,0.0025,7.96,7.95,612.08,1.77,0.3,1.28,0.45,38.83,12.54,22.74,7.93,4.64,19.03,0.1,3.3,1.81,20.13,0.97,588.67,0.26,0.77,6.48,6.44,1178.46,108.86,0.02,1.73,14.07,0.5,1.63,90.75,0.43,0.025,8.42,0.34,0.71,1.82,105.02,1.19,21.49,123.53,0,0,0
7969.636,9072.241,1034.0,0.0025,5.96,1.68,491.02,1.73,0.05,2.16,0.17,36.17,0.57,4.22,5.97,1.41,21.04,0.06,3.52,2.01,16.71,0.05,440.3,4.35,1.87,7.43,0.51,96.27,72.2,0.01,4.15,8.14,0.5,2.12,181.02,0.66,0.025,9.74,0.07,0.73,2.87,4.09,1.02,20.78,135.43,0,0,0
7983.101,9073.868,1036.0,0.0025,6.38,3.94,297.13,2.29,0.05,0.11,0.48,66.4,0.6,1.91,5.62,1.43,18.86,0.05,4.07,1.84,26.7,0.05,266.12,0.45,2.31,7.12,0.5,96.58,89.88,0.005,1.84,9.03,0.5,1.85,86.98,0.65,0.025,15.4,0.07,0.65,3.66,4.39,0.57,20.52,132.93,0,0,0
7830.852,9255.068,1008.92,0.0025,7.66,2.17,555.58,1.59,0.19,3.06,3.22,53.3,6.47,12.55,8.68,4.47,17.73,0.19,2.23,1.13,51.77,1.05,614.07,0.47,1.28,7.29,18.03,571.78,52.03,0.005,0.61,4.62,0.5,2.3,193.11,0.61,0.025,10.81,0.2,0.47,3.29,94.94,0.67,53.61,63.62,0,0,0
7837.047,9323.753,1021.0,0.0025,8.26,27.6,516.41,1.47,0.05,0.49,2.76,59.18,8.23,22.42,16.92,3.72,19.32,0.11,2.76,2.64,24.46,0.12,730.08,3.78,0.41,9.31,4.43,964.63,102.93,0.01,13.65,11.4,0.5,1.55,151.89,0.64,0.025,11.99,0.47,1.09,2.32,102.12,1.48,19.27,114.5,0,0,0
7118.649,9357.443,984.0,0.0025,10.03,0.8,305.45,0.84,0.05,5.7,0.14,23.54,19.2,48.62,0.9,5.15,16.29,0.12,2.0,0.81,8.97,2.96,1163.21,0.84,1.91,3.64,14.18,951.55,4.82,0.01,0.66,23.83,0.5,0.89,573.24,0.24,0.025,2.02,0.49,0.05,0.55,171.68,0.21,19.93,72.28,0,0,0
7498.381,9379.659,1057.0,0.0025,2.02,506.78,452.69,0.37,0.05,0.04,0.51,12.94,9.02,17.19,5.23,4.41,4.46,0.025,0.53,0.66,4.84,0.07,2460.29,1.54,0.04,1.33,2.39,457.59,32.07,0.01,84.6,3.6,0.5,0.43,10.42,0.1,0.025,0.96,0.11,0.49,0.65,41.56,0.42,4.41,16.2,0,0,0
7114.945,9343.175,979.0,0.0025,7.75,14.73,823.16,0.72,0.05,3.35,0.2,22.73,18.71,44.11,21.63,5.53,14.52,0.08,1.75,2.04,8.65,1.74,954.14,0.23,1.76,2.98,11.15,838.22,62.02,0.005,2.88,20.58,0.5,0.87,496.53,0.2,0.025,1.66,0.44,0.28,0.5,105.76,0.2,20.31,51.33,0,0,0
6949.532,9387.872,916.0,0.0025,7.18,1.38,593.0,1.61,0.05,1.63,0.15,72.15,11.35,6.88,8.04,5.27,16.18,0.11,1.83,2.13,32.58,0.65,798.73,0.15,1.64,10.02,3.28,1022.57,81.06,0.01,1.56,12.34,0.5,1.86,158.2,0.7,0.025,5.24,0.5,0.32,0.93,55.69,0.85,31.53,94.19,0,0,0
7791.561,9130.511,1028.72,0.0025,10.85,3.57,1110.98,1.48,0.06,3.33,0.16,55.49,12.69,31.94,6.68,5.6,24.64,0.09,3.37,1.41,22.1,1.6,825.0,0.22,2.76,7.4,4.17,910.93,48.17,0.005,0.67,15.9,0.5,1.92,452.65,0.52,0.025,5.75,0.45,0.37,1.92,125.02,0.85,21.1,114.83,0,0,0
7474.984,9394.083,1040.08,0.0025,1.97,7.49,215.33,0.45,0.05,0.39,0.1,19.22,2.75,18.67,3.3,8.65,6.55,0.05,0.39,0.45,11.25,0.36,479.74,2.06,0.18,1.02,1.75,1155.05,27.71,0.005,4.23,2.52,0.5,0.4,21.02,0.05,0.025,0.72,0.04,0.13,2.38,232.41,3.52,9.32,16.61,0,0,0
7185.679,9242.846,909.93,0.009,8.31,2.54,119.9,0.77,0.05,10.31,0.46,21.74,13.76,26.74,7.55,4.1,20.64,0.06,1.41,0.12,8.51,1.78,1520.36,0.63,1.67,2.33,7.66,583.72,2.45,0.01,4.28,13.41,0.5,0.57,602.52,0.14,0.025,1.6,0.29,0.05,0.48,215.1,0.54,20.22,48.0,0,0,0
7303.975,9180.48,885.98,0.0025,6.29,6.64,356.18,1.47,0.05,1.63,0.24,52.85,6.24,4.01,3.58,3.86,16.3,0.11,2.88,1.35,22.11,0.24,443.52,0.64,3.84,9.26,0.52,1097.49,52.32,0.005,1.75,17.37,0.5,0.92,253.23,0.62,0.025,6.17,0.5,0.29,1.89,74.21,0.8,22.56,90.85,0,0,0
7313.698,9144.563,880.19,0.0025,5.01,4.2,483.34,1.55,0.21,1.39,0.07,46.78,3.53,12.08,8.4,2.59,11.37,0.06,3.13,1.45,19.73,1.01,352.95,0.42,1.01,14.12,3.24,86.11,69.03,0.005,7.33,6.91,0.5,1.69,124.23,0.65,0.071,5.68,0.45,0.38,1.65,43.26,0.93,17.35,100.12,0,0,1
7313.698,9144.563,881.19,0.01,8.32,1.62,217.12,1.71,0.05,1.37,0.14,73.07,7.1,2.13,1.74,3.99,20.35,0.1,3.17,0.52,33.16,1.51,1061.05,0.29,5.09,8.83,1.42,1432.86,22.25,0.005,2.25,19.02,0.5,1.91,324.61,0.71,0.025,6.9,0.66,0.16,2.26,115.41,0.75,23.29,105.78,0,0,0
6941.902,9320.45,876.0,0.0025,8.37,0.74,234.65,1.01,0.07,1.93,0.07,39.41,13.59,3.01,3.23,5.08,14.58,0.07,1.36,0.56,19.65,1.62,895.66,0.17,3.22,8.81,3.66,801.9,33.92,0.005,1.86,9.92,0.5,1.52,318.93,0.54,0.025,3.78,0.5,0.21,1.21,82.13,0.94,20.68,61.55,0,0,0
6945.164,9331.82,879.0,0.0025,9.25,0.95,515.11,1.29,0.05,1.89,0.08,49.79,16.43,12.3,7.19,4.7,16.77,0.06,1.73,1.63,23.04,1.04,755.51,0.19,3.3,8.36,7.46,1007.1,75.29,0.005,1.61,12.47,0.5,1.4,330.92,0.66,0.025,4.75,0.49,0.52,1.49,102.11,1.07,17.08,72.09,0,0,0
7982.963,8490.224,851.0,0.015,4.69,142.02,376.16,1.0,0.18,0.04,0.43,48.99,4.07,9.29,8.0,2.0,8.48,0.05,2.61,1.88,19.31,0.16,605.61,5.3,0.07,4.96,1.58,358.01,98.16,0.005,106.68,5.9,0.5,1.3,17.35,0.35,0.025,5.26,0.14,0.74,0.94,32.26,0.95,14.38,102.64,0,0,0
9739.973,6295.477,1498.0,0.188,0.77,9.25,29.42,0.2,0.05,0.04,2.12,2.04,1.85,20.13,2.47,0.85,1.74,0.08,0.1,0.18,0.97,0.17,225.42,0.31,0.03,0.22,1.79,53.14,15.14,0.02,12.0,1.2,0.5,0.31,13.39,0.025,0.025,0.3,0.02,0.12,0.1,13.57,0.1,1.09,5.55,1,0,0
9799.325,6367.975,1475.0,0.093,1.36,19.93,235.74,0.28,0.05,0.29,21.71,5.81,3.89,18.31,3.93,0.9,3.0,0.07,0.4,0.7,2.59,0.17,439.4,11.78,0.14,0.79,2.28,131.69,43.03,0.1,49.97,1.78,0.5,0.3,33.51,0.05,0.025,0.66,0.06,0.49,0.33,20.42,0.32,2.25,14.48,0,0,0
9897.863,6508.022,1455.0,0.029,4.38,524.93,145.68,0.61,0.05,0.2,0.09,6.26,14.14,17.49,4.09,10.83,10.98,0.08,2.18,0.84,3.36,0.14,47.44,44.5,2.0,4.91,18.43,740.41,41.24,0.6,20.34,10.08,1.0,1.68,326.14,0.35,0.025,3.16,0.36,7.53,0.95,147.97,0.55,4.54,74.7,0,1,0
9898.519,6509.823,1454.0,0.023,6.3,298.77,153.09,0.74,0.05,0.33,0.2,9.34,11.62,17.66,5.02,9.17,14.39,0.11,2.3,0.91,4.41,0.6,199.2,38.05,2.32,5.9,19.16,665.87,54.35,0.54,21.32,12.97,1.02,1.95,397.31,0.34,0.025,3.88,0.36,3.04,1.12,121.11,0.69,7.0,92.21,0,1,0
9900.955,6524.649,1456.0,0.024,3.91,169.83,205.75,0.65,0.24,0.16,0.59,12.49,19.87,18.4,6.67,6.95,8.99,0.08,1.7,1.03,6.66,0.59,436.91,27.61,0.81,2.88,19.39,446.07,61.59,1.95,6.11,11.45,1.01,16.91,118.73,0.21,0.025,2.35,0.23,1.32,0.94,150.29,0.63,6.43,66.86,0,1,0
9900.994,6526.062,1456.0,0.037,2.86,147.18,209.73,0.55,0.29,0.12,0.7,8.47,15.25,16.23,3.81,7.15,8.47,0.09,1.56,0.84,4.75,0.34,216.86,37.22,0.8,2.73,12.29,437.26,47.44,1.48,7.98,9.56,2.86,25.64,112.99,0.19,0.025,2.09,0.23,1.66,1.01,146.37,0.54,5.27,64.45,0,1,0
9908.209,6530.959,1455.0,0.016,4.25,98.8,332.64,0.5,0.12,0.17,0.34,9.19,13.56,20.56,4.76,5.29,8.91,0.06,1.74,1.15,4.4,0.35,209.64,9.19,1.23,3.18,10.72,474.32,61.82,0.57,5.36,10.19,1.09,7.86,159.36,0.23,0.025,2.36,0.24,0.85,1.1,99.72,0.36,4.97,59.0,0,1,0
9909.227,6531.789,1455.0,0.021,3.97,99.99,198.17,0.59,0.15,0.21,0.52,12.67,21.68,20.3,4.04,6.19,9.22,0.08,1.6,0.76,5.23,0.56,293.25,10.68,1.22,3.0,14.07,425.75,49.42,1.08,6.42,11.48,1.9,12.08,152.83,0.21,0.025,2.6,0.22,1.16,1.03,167.03,0.52,5.38,73.6,0,1,0
9915.388,6636.172,1453.0,0.0025,8.7,5.64,469.04,1.05,0.05,4.87,0.14,32.8,19.2,26.01,3.34,4.82,19.33,0.14,3.52,1.4,16.71,1.76,875.31,1.8,1.92,7.11,9.38,970.42,30.68,0.04,1.78,17.88,0.5,1.52,434.33,0.53,0.025,4.47,0.51,0.29,1.57,147.99,0.71,20.28,147.62,0,0,0
9944.644,6620.537,1462.0,0.0025,7.33,8.05,230.25,1.01,0.05,5.06,0.14,39.7,20.96,22.49,6.5,4.74,16.15,0.13,3.32,1.32,18.55,1.94,1033.57,0.35,2.04,6.48,12.33,844.73,82.5,0.02,0.92,15.48,0.5,1.37,295.82,0.39,0.025,5.06,0.43,0.74,1.44,147.08,0.5,18.29,136.4,0,0,0
9962.632,6620.384,1473.0,0.0025,8.84,5.39,518.46,1.16,0.05,5.68,0.15,36.87,17.46,27.29,3.37,5.02,22.2,0.13,3.61,1.12,16.55,1.61,899.05,1.56,2.22,8.52,10.47,955.88,34.69,0.05,3.14,18.32,0.5,1.46,446.66,0.44,0.025,5.3,0.55,0.31,1.39,152.26,0.75,17.75,141.09,0,0,0
9757.765,6577.131,1416.75,0.019,5.58,45.0,494.64,0.68,0.05,0.79,0.32,26.81,16.78,22.95,8.49,3.29,11.22,0.11,2.12,2.09,11.55,1.09,931.45,2.52,0.78,4.36,8.65,560.75,134.13,0.07,21.43,10.09,0.5,1.25,148.27,0.26,0.025,3.37,0.28,1.5,1.25,98.12,1.36,11.19,81.26,0,0,0
9784.293,6633.692,1408.6,0.01,3.27,21.16,137.69,0.48,0.05,2.61,0.23,11.71,7.97,21.26,4.56,2.94,7.87,0.09,1.05,0.43,6.02,1.45,1513.5,2.66,0.59,2.31,4.85,313.36,29.5,0.05,9.27,5.23,0.5,0.65,106.81,0.15,0.025,1.59,0.16,0.29,0.53,58.18,0.49,6.24,37.76,0,0,0
9782.049,6637.738,1408.01,0.018,1.56,19.66,101.82,0.32,0.05,0.23,1.43,7.58,4.6,20.65,3.65,1.73,3.99,0.14,0.5,0.35,3.53,0.53,723.38,0.73,0.22,0.65,3.14,129.54,22.08,0.02,54.0,2.77,0.5,0.42,31.44,0.025,0.025,0.86,0.07,0.24,0.18,26.68,0.19,2.99,14.95,0,0,0
9892.451,6741.54,1405.1,0.006,0.84,6.62,30.6,0.17,0.005,29.98,0.2,19.6,2.21,5.49,1.94,1.15,2.51,0.025,0.21,0.15,11.84,0.26,5386.17,2.62,0.06,0.31,1.55,56.03,10.78,0.03,10.17,2.52,0.5,0.2,303.97,0.025,0.025,0.27,0.02,0.12,0.1,19.92,0.21,16.58,7.02,0,0,0
9890.076,6738.958,1404.28,0.005,3.19,8.93,157.4,0.62,0.05,0.52,5.55,17.3,6.37,17.72,8.45,3.88,8.16,0.09,1.27,0.67,10.05,1.12,2483.59,1.52,0.37,2.42,4.6,462.37,48.79,0.02,52.6,6.9,0.5,0.64,74.64,0.18,0.025,2.24,0.17,0.5,0.65,62.21,1.15,9.44,71.45,0,0,0
9687.255,7199.058,1285.0,0.024,1.51,76.34,98.64,0.26,0.05,0.05,0.07,4.16,6.66,21.16,3.02,2.7,4.21,0.025,0.46,0.35,2.92,0.68,411.37,16.08,0.02,0.98,4.86,338.65,20.16,0.02,31.32,2.69,0.5,0.39,15.26,0.05,0.025,0.74,0.07,0.35,0.86,38.56,0.38,2.26,18.74,0,0,0
9748.088,7293.679,1274.99,0.165,0.73,2.63,36.43,0.44,0.05,0.04,0.01,0.79,0.48,12.73,3.37,0.76,1.35,0.025,0.05,0.05,0.54,0.09,144.96,0.23,0.03,0.1,1.27,73.78,4.23,0.01,14.09,0.64,0.5,0.1,26.7,0.025,0.025,0.13,0.01,0.05,0.1,6.0,0.05,0.41,1.56,1,0,0
10038.807,6374.509,1516.88,0.008,0.63,35.07,30.1,0.17,0.05,13.55,0.16,2.6,3.67,7.55,1.31,1.59,2.16,0.025,0.2,0.04,1.54,0.43,2659.98,0.53,0.01,0.31,1.33,76.08,3.15,0.02,15.2,1.76,0.5,0.32,125.13,0.025,0.025,0.26,0.02,0.11,0.4,13.73,0.29,3.76,8.05,0,0,0
10033.823,6380.144,1518.7,0.007,1.62,17.01,100.09,0.36,0.05,3.6,0.63,7.9,3.0,17.3,5.12,1.81,3.76,0.06,0.47,0.42,3.94,0.5,629.38,0.71,0.03,0.92,2.21,207.08,30.88,0.02,55.97,3.14,0.5,0.43,51.38,0.07,0.025,0.82,0.1,0.27,0.32,30.21,0.66,3.7,19.7,0,0,0
10035.323,6380.144,1518.7,0.015,1.45,60.62,74.39,0.33,0.05,5.3,0.23,6.79,4.67,20.11,6.51,2.08,3.33,0.06,0.39,0.23,3.27,0.6,1002.03,1.25,0.05,0.64,2.33,120.22,16.29,0.07,70.04,2.27,0.5,0.27,78.58,0.05,0.025,0.55,0.06,0.19,0.31,25.09,0.42,2.79,14.25,0,0,0
10058.066,6382.384,1549.0,0.096,1.26,131.48,46.04,0.46,0.05,0.04,0.87,3.27,9.46,15.67,4.88,3.13,4.72,0.025,0.1,0.08,1.97,0.12,551.52,2.6,0.02,0.05,4.63,60.19,6.45,0.01,43.41,1.54,0.5,0.1,22.29,0.025,0.025,0.11,0.01,0.15,0.33,36.98,0.1,1.46,6.03,0,0,0
10061.589,6373.738,1530.51,0.005,9.83,23.26,397.63,1.15,0.05,0.48,0.2,28.4,15.46,25.38,25.71,4.58,21.21,0.09,2.55,2.97,13.24,0.53,1350.71,0.66,0.05,7.77,10.48,1005.13,141.19,0.01,6.47,18.15,0.5,1.58,37.1,0.5,0.025,3.26,0.51,1.43,1.41,164.32,3.55,14.26,98.94,0,0,0
10041.788,6370.285,1529.95,0.005,1.21,9.97,55.21,0.2,0.005,26.11,0.06,9.18,2.56,5.4,2.89,1.31,2.69,0.025,0.39,0.24,5.24,0.36,3461.28,0.23,0.01,0.92,0.29,129.13,14.99,0.04,12.72,2.24,0.5,0.3,354.8,0.06,0.025,0.71,0.06,0.13,0.19,20.16,0.75,5.42,57.85,0,0,0
10056.202,6374.427,1527.38,0.035,0.97,106.36,81.76,0.2,0.05,14.17,0.39,4.28,6.32,10.99,3.1,2.08,3.67,0.025,0.21,0.12,2.13,0.47,2169.05,1.85,0.03,0.39,2.82,87.53,9.29,0.15,18.36,1.59,0.5,0.22,133.32,0.025,0.025,0.25,0.03,0.17,0.41,29.31,0.57,2.6,9.13,0,0,0
10055.108,6385.345,1541.0,0.005,7.84,25.53,309.97,1.05,0.05,4.79,0.1,31.49,14.54,25.24,20.86,4.43,20.0,0.09,2.71,2.22,13.66,0.33,1147.89,0.55,0.06,6.13,6.65,816.04,100.67,0.02,6.75,17.75,0.5,1.19,33.7,0.43,0.025,3.54,0.49,0.96,1.21,139.08,2.03,15.12,99.49,0,0,0
10163.711,6252.092,1530.0,0.024,5.02,113.99,228.07,0.55,0.05,10.57,0.19,23.87,17.61,12.78,17.26,4.54,12.04,0.06,2.38,1.35,12.87,1.27,2223.89,8.99,0.41,4.31,8.07,561.6,102.26,0.02,9.36,11.31,0.5,0.91,157.74,0.26,0.025,3.18,0.26,0.71,1.32,96.11,1.53,15.11,83.91,0,0,0
10160.057,6251.813,1537.0,0.0025,6.77,27.28,74.78,0.78,0.05,9.99,0.1,35.75,16.79,18.68,3.07,3.86,15.01,0.1,2.66,0.2,17.74,0.11,2285.25,5.29,0.01,5.37,7.72,692.78,11.74,0.02,5.2,13.97,0.5,0.96,36.83,0.42,0.025,4.65,0.38,0.33,1.44,114.76,2.49,21.6,106.82,0,0,0
10293.22,6104.378,1471.83,0.008,0.64,12.67,32.75,0.18,0.005,7.81,0.05,4.31,2.23,15.52,2.41,1.18,2.08,0.11,0.21,0.12,2.79,0.29,1835.39,0.31,0.03,0.21,1.29,49.44,8.92,0.02,26.32,1.53,0.5,0.2,103.63,0.025,0.025,0.27,0.03,0.08,0.1,15.13,0.1,3.15,5.64,0,0,0
10299.045,6102.594,1500.0,0.014,1.29,46.21,42.84,0.27,0.05,8.31,0.15,8.82,4.13,14.83,3.5,2.0,2.95,0.025,0.41,0.28,4.58,0.47,1610.46,2.01,0.03,0.74,5.14,129.59,18.05,0.04,34.34,2.44,0.5,0.31,89.83,0.05,0.025,0.68,0.05,0.24,0.32,25.74,0.48,3.73,20.13,0,0,0
10305.26,6105.792,1479.71,0.011,1.66,24.02,56.77,0.29,0.05,21.87,0.09,12.57,5.43,5.79,5.51,1.71,3.91,0.05,0.65,0.52,7.43,0.25,4282.77,0.98,0.01,1.03,2.53,168.59,32.02,0.02,20.7,3.42,0.5,0.37,188.21,0.07,0.025,0.87,0.08,0.3,0.28,29.75,0.48,7.25,19.53,0,0,0
10305.31,6105.992,1479.71,0.011,9.55,23.87,395.86,1.14,0.05,5.63,0.09,32.2,15.48,20.08,21.54,3.9,19.47,0.1,2.14,3.17,13.74,0.78,1262.01,0.31,0.05,6.82,8.55,879.91,132.43,0.02,8.22,15.25,0.5,1.71,56.23,0.41,0.025,3.77,0.45,1.36,1.08,153.68,1.7,13.98,79.97,0,0,0
10305.331,6101.508,1476.73,0.012,1.03,27.27,47.1,0.22,0.05,15.35,0.18,7.27,3.23,14.42,2.84,1.32,2.42,0.05,0.29,0.34,4.2,0.22,3066.74,0.77,0.02,0.64,1.87,111.13,25.74,0.02,28.25,2.33,0.5,0.6,161.04,0.05,0.025,0.6,0.05,0.21,0.19,26.33,0.2,4.68,10.37,0,0,0
10406.749,6048.345,1482.0,0.0025,8.66,18.39,289.53,0.79,0.06,3.74,0.16,24.68,15.45,29.54,9.42,4.62,18.05,0.07,1.5,1.02,12.45,3.15,1225.85,2.27,2.0,4.6,10.87,699.79,44.09,0.22,3.27,14.37,0.5,0.96,528.04,0.34,0.025,2.46,0.45,0.91,0.71,146.34,0.42,12.75,58.17,0,0,0
10405.918,6048.194,1483.0,0.008,5.9,34.07,235.02,0.78,0.11,9.61,0.24,25.48,14.27,15.98,19.16,3.71,11.44,0.06,1.72,1.4,15.37,3.02,3091.85,3.05,0.27,3.26,8.11,1244.0,103.88,0.24,5.62,9.74,0.5,0.86,180.32,0.25,0.025,2.71,0.3,1.31,1.2,77.09,0.46,12.57,71.2,0,0,0
10404.521,6048.041,1484.0,0.005,0.2,26.42,10.34,0.08,0.05,27.77,0.1,1.74,1.91,1.09,0.45,0.64,0.66,0.025,0.05,0.01,1.3,1.83,4085.56,6.3,0.01,0.11,1.58,437.53,0.65,0.06,3.7,0.29,1.08,0.1,332.65,0.025,0.025,0.06,0.01,0.41,1.38,19.85,0.21,0.98,1.3,0,1,0
10403.693,6047.974,1485.0,0.0025,8.01,15.58,331.53,0.94,0.05,3.29,0.07,32.44,20.01,22.45,18.02,4.89,21.42,0.1,1.9,2.35,14.7,1.91,982.72,0.39,1.97,6.43,18.74,887.12,110.49,0.36,8.13,16.45,0.5,1.19,218.07,0.39,0.025,3.46,0.49,1.83,0.92,136.78,0.57,15.67,76.44,0,0,0
7424.562,8619.624,632.81,0.024,1.49,13.19,129.57,0.41,0.15,0.06,0.07,8.1,5.91,18.21,2.84,1.17,3.25,0.025,0.75,0.52,2.92,0.09,367.52,34.33,0.02,1.39,2.18,134.9,32.95,0.02,25.95,2.03,0.5,0.39,7.35,0.09,0.025,1.04,0.08,0.32,0.19,16.78,0.41,2.61,23.5,0,0,0
7399.22,8631.432,642.17,0.0025,7.81,3.76,195.9,0.97,0.1,1.32,0.06,52.36,5.27,6.09,5.79,3.29,16.2,0.11,2.2,1.75,22.96,0.46,1833.1,2.22,2.01,7.91,2.21,426.48,83.82,0.05,4.51,10.5,0.5,10.68,115.85,0.59,0.025,9.09,0.23,0.85,2.28,33.1,1.45,17.82,78.19,0,0,0
7365.083,8645.858,635.17,0.0025,8.52,19.17,487.98,1.47,0.05,0.22,0.26,53.36,12.67,3.01,33.17,4.38,21.04,0.24,3.17,3.39,26.75,0.21,2750.11,2.07,0.07,11.8,2.41,676.67,261.69,0.01,757.72,9.51,0.5,1.92,17.75,0.85,0.025,7.51,0.43,2.18,2.17,70.28,2.93,18.15,112.43,0,0,0
7359.267,8649.93,635.17,0.0025,9.27,39.1,582.12,1.53,0.05,0.36,0.23,56.81,15.44,3.93,61.91,4.78,20.6,0.15,5.06,3.64,25.33,0.23,1729.47,3.78,0.09,12.32,3.3,769.8,228.02,0.02,80.14,11.92,0.5,1.97,37.95,0.82,0.025,9.31,0.42,1.92,3.04,95.79,2.68,29.39,218.56,0,0,0
6267.186,9103.737,593.68,0.0025,3.14,0.84,138.82,0.35,0.05,0.19,0.17,15.22,18.71,113.81,3.0,3.99,8.81,0.05,1.1,0.47,6.52,1.57,652.34,0.41,0.04,8.53,60.54,318.79,27.02,0.02,9.75,7.73,0.5,0.7,34.19,0.42,0.025,1.79,0.38,0.26,0.4,60.34,2.38,4.17,54.22,0,0,0
6335.46,9129.624,635.0,0.007,3.19,1.91,29.39,0.24,0.05,17.08,0.38,20.1,13.34,70.23,0.42,2.66,8.93,0.05,0.87,0.02,10.17,1.43,2212.67,0.46,0.25,2.08,51.84,399.99,1.18,0.02,4.51,8.78,0.5,0.92,535.72,0.13,0.025,1.07,0.19,0.01,0.32,69.98,1.58,11.66,24.06,0,0,0
6365.987,9165.388,646.4,0.0025,1.54,0.6,18.68,0.16,0.005,19.15,0.31,8.48,24.55,44.65,0.31,4.01,3.56,0.025,0.54,0.01,3.44,2.54,2201.88,0.45,0.01,1.34,56.94,195.31,0.3,0.07,1.92,4.78,0.5,0.58,357.04,0.08,0.025,0.43,0.1,0.01,0.18,33.94,1.2,8.6,11.23,0,0,0
6466.191,9148.689,663.15,0.0025,6.42,2.05,494.49,1.63,0.08,0.1,0.05,50.83,0.53,4.36,2.86,0.84,10.64,0.07,2.89,1.76,29.31,0.06,262.37,0.36,1.83,7.43,0.65,123.86,102.4,0.02,1.37,1.37,0.5,1.49,104.12,0.93,0.025,22.4,0.04,0.9,5.94,1.92,0.27,10.59,73.51,0,0,0
6775.243,9176.615,699.85,0.0025,8.0,2.96,219.11,0.86,0.55,2.96,0.11,36.21,16.67,17.11,1.66,4.78,17.62,0.09,1.61,0.43,15.41,1.43,820.75,0.28,2.47,6.0,8.57,881.75,27.14,0.01,4.69,16.78,0.5,1.93,382.62,0.36,0.05,3.81,0.53,0.29,1.88,168.45,1.74,18.42,51.25,0,0,1
6934.998,9138.164,715.3,0.0025,6.27,1.87,576.41,1.29,0.11,0.09,0.05,42.71,0.56,6.57,5.98,0.96,10.95,0.05,2.38,2.53,20.74,0.09,238.23,1.75,0.16,5.93,0.82,57.12,130.3,0.01,8.57,1.21,0.5,1.78,16.43,0.72,0.025,16.67,0.05,1.36,3.57,3.06,0.41,7.81,60.95,0,0,0
6896.213,8964.498,616.0,0.0025,6.68,1.62,225.92,0.92,0.17,2.01,0.09,45.26,10.98,13.6,5.89,3.88,18.55,0.12,2.52,1.6,22.41,1.24,1027.46,0.12,0.12,5.88,5.27,1189.98,119.7,0.02,5.96,13.38,0.5,1.28,120.51,0.39,0.025,4.74,0.43,0.76,1.94,93.47,2.11,22.26,118.61,0,0,0
6866.761,8979.233,634.0,0.0025,8.5,1.08,631.94,1.51,0.19,1.48,0.13,25.23,13.31,11.59,26.2,6.94,21.18,0.1,3.16,2.3,16.07,0.94,753.09,0.24,0.27,5.64,7.99,816.16,153.82,0.02,3.38,19.4,0.5,1.36,117.7,0.33,0.025,2.89,0.53,1.16,0.63,108.22,0.85,19.91,117.19,0,0,0
6312.578,9072.216,596.0,0.0025,5.06,0.93,342.35,1.01,0.07,0.44,0.22,24.54,14.54,39.5,19.65,3.86,11.54,0.07,1.84,1.63,10.65,1.85,563.39,0.36,0.06,6.71,32.49,200.41,91.3,0.01,9.48,10.81,0.5,0.98,39.26,0.42,0.025,3.34,0.4,0.63,1.05,69.96,1.56,11.31,66.15,0,0,0
6117.019,9021.901,574.0,0.0025,5.64,1.5,295.58,1.02,0.05,7.36,0.22,26.06,25.99,124.44,8.91,3.86,11.43,0.07,1.8,0.8,12.88,2.08,1595.44,0.42,0.24,7.35,59.93,845.3,40.44,0.01,1.75,16.41,0.5,0.78,245.67,0.41,0.025,2.31,0.41,0.25,0.54,101.98,0.33,14.36,68.42,0,0,0
6090.277,9033.208,574.0,0.026,1.54,0.37,75.69,0.15,0.05,2.78,0.13,9.95,8.95,34.17,0.91,1.87,3.57,0.025,0.1,0.09,4.96,1.03,778.14,0.31,0.01,0.83,22.4,366.49,3.66,0.01,2.71,4.53,0.5,0.28,43.95,0.07,0.025,0.43,0.05,0.05,0.19,41.27,0.19,4.22,4.26,0,0,0
6273.473,9078.348,593.0,0.0025,7.11,2.36,432.38,1.1,0.34,0.33,0.08,35.99,4.27,5.27,22.18,1.4,15.98,0.06,1.7,2.2,16.88,0.99,313.34,0.24,0.28,7.86,6.39,539.3,111.63,0.01,14.59,3.16,0.5,2.45,155.1,1.18,0.025,10.99,0.1,1.18,6.15,10.03,1.38,11.96,41.47,0,0,0
6274.946,9078.549,595.0,0.0025,8.67,2.99,522.61,0.69,0.53,1.22,0.34,48.19,18.59,54.1,22.77,3.79,19.81,0.11,1.74,1.98,30.62,1.69,990.35,0.39,0.25,11.03,24.86,3847.8,110.23,0.01,9.11,14.06,0.5,1.17,218.49,0.7,0.025,6.75,0.51,1.14,4.96,96.81,0.77,21.01,88.06,0,0,0
6276.2,9078.549,596.0,0.0025,6.7,2.99,380.73,0.96,0.46,0.78,0.3,35.97,15.24,41.79,18.22,4.88,15.21,0.08,2.08,1.7,21.41,1.65,620.24,0.45,0.18,10.21,21.63,2900.67,96.98,0.01,11.28,9.63,0.5,1.31,171.02,0.59,0.025,6.24,0.43,1.01,3.66,97.76,1.4,15.9,79.32,0,0,0
6277.332,9078.652,596.0,0.0025,1.39,7.01,75.01,0.2,0.38,0.08,0.09,24.77,3.89,21.8,3.27,3.03,2.45,0.025,0.59,0.27,10.68,0.27,200.52,0.59,0.09,3.19,4.93,184.13,12.82,0.02,16.07,2.1,0.5,0.66,31.75,0.18,0.025,3.65,0.13,0.16,0.54,29.24,0.85,3.13,31.51,0,0,0
6292.924,9084.253,609.0,0.0025,3.5,0.98,211.59,0.51,0.05,0.47,0.42,14.17,17.07,92.2,5.34,3.67,7.02,0.05,1.59,0.63,6.29,1.32,623.73,0.55,0.04,7.0,51.71,666.7,34.1,0.01,2.77,7.12,0.5,0.55,44.87,0.31,0.025,1.64,0.31,0.29,0.59,74.29,0.4,7.8,62.77,0,0,0
6456.45,9044.413,610.0,0.0025,7.19,0.95,619.06,1.66,0.08,0.22,0.18,49.32,1.14,3.76,4.62,1.43,14.21,0.05,3.74,2.09,24.83,0.14,368.02,0.69,2.62,5.54,1.19,150.97,88.76,0.01,2.6,2.68,0.5,1.65,179.13,0.7,0.025,18.99,0.06,0.69,6.03,7.14,0.79,14.72,101.99,0,0,0
6598.299,9015.171,624.0,0.0025,6.08,3.18,567.44,1.32,0.05,0.47,0.16,44.37,1.42,4.57,7.29,1.12,9.74,0.07,2.19,2.8,32.25,0.16,525.94,0.69,0.31,5.95,0.94,103.4,126.37,0.02,3.14,1.68,0.5,2.38,33.04,0.73,0.025,20.08,0.06,1.28,4.03,8.65,0.82,20.39,62.77,0,0,0
9250.801,7427.507,1239.39,0.0025,7.86,7.69,725.88,1.2,0.05,4.19,0.3,42.03,20.65,22.99,5.12,4.75,17.39,0.11,3.6,1.81,20.12,2.21,993.79,1.54,2.09,10.4,16.45,911.58,52.67,0.05,2.25,19.07,0.5,1.68,535.77,0.65,0.025,7.76,0.56,0.47,1.93,160.5,0.78,22.1,155.07,0,0,0
9416.112,7499.893,1209.93,0.0025,8.27,7.39,489.59,1.18,0.16,2.68,0.18,28.85,11.7,19.52,7.51,4.05,19.87,0.09,2.45,1.18,14.89,1.15,784.94,0.39,2.67,6.15,6.02,815.0,29.84,0.05,0.95,12.34,0.5,1.63,443.14,0.46,0.066,5.22,0.4,0.35,1.56,98.66,0.64,14.31,90.09,0,0,1
9570.979,7583.363,1204.78,0.0025,5.51,3.35,648.8,1.46,0.09,1.14,0.09,65.78,1.24,4.31,5.32,1.07,12.59,0.025,4.1,1.87,32.97,0.17,247.56,3.79,1.34,11.29,0.76,169.43,88.68,0.01,8.42,3.5,0.5,2.76,209.5,0.99,0.025,22.9,0.08,0.56,6.53,3.0,1.78,24.62,143.31,0,0,0
9751.766,7554.263,1177.4,0.0025,6.85,0.1,458.78,2.09,0.05,1.78,0.14,86.92,1.35,1.9,11.85,1.25,15.8,0.07,4.66,2.25,34.83,0.12,524.91,1.05,1.43,12.96,0.65,153.14,129.35,0.01,1.48,3.95,0.5,2.79,199.9,1.09,0.025,29.49,0.11,0.71,5.67,4.53,2.41,27.85,160.64,0,0,0
9730.406,7705.351,1128.98,0.0025,9.45,7.51,661.53,1.18,0.38,3.12,0.18,38.71,12.12,18.82,49.95,4.36,20.66,0.11,2.87,1.36,18.07,1.47,741.33,0.7,2.11,6.6,8.84,742.82,60.27,0.03,0.8,15.49,0.5,1.67,434.22,0.46,0.102,6.56,0.41,0.48,1.98,116.56,0.67,20.36,103.06,0,0,1
6872.263,8977.7,624.0,0.0025,7.14,2.13,43.17,0.34,0.33,6.84,0.46,49.19,19.04,16.44,4.49,5.2,21.24,0.17,2.05,0.17,27.3,2.18,2067.96,0.25,0.07,5.42,8.27,598.97,12.04,0.06,13.95,14.73,0.5,1.19,498.56,0.39,0.025,3.95,0.34,0.11,1.73,90.58,0.7,30.21,90.28,0,0,0
6935.59,8947.851,632.0,0.0025,7.55,2.31,328.16,0.77,0.81,3.29,0.1,44.41,18.62,25.81,21.43,6.23,20.56,0.16,2.16,1.1,18.13,1.38,1090.54,0.17,0.25,6.66,13.98,1124.7,65.28,0.01,5.27,14.12,0.5,1.75,307.76,0.42,0.065,5.21,0.41,0.66,1.07,96.58,1.48,21.8,86.4,0,0,1
6951.182,8939.598,628.0,0.0025,10.04,4.1,213.47,0.86,1.17,4.23,0.11,37.63,26.74,22.11,1.73,7.48,22.3,0.17,2.22,0.32,14.93,1.4,1873.45,0.26,2.21,6.05,7.32,976.53,26.11,0.41,6.09,32.06,0.5,2.19,509.96,0.36,0.213,3.23,0.67,0.19,0.9,210.2,0.84,24.37,112.13,0,0,1
7032.841,8908.628,658.0,0.005,0.28,0.1,198.23,0.1,0.05,35.03,0.35,56.94,4.82,0.5,1.02,1.01,1.46,0.06,0.1,0.05,28.19,0.17,12274.54,0.31,0.01,0.19,0.1,38.04,3.24,0.02,0.95,1.9,0.5,0.1,697.87,0.025,0.025,0.22,0.01,0.05,0.1,5.33,0.19,26.84,2.58,0,0,0
7090.549,8873.495,656.0,0.0025,7.38,1.68,325.86,1.21,0.05,2.73,0.06,51.78,16.17,32.17,8.73,4.21,15.0,0.12,3.23,1.22,24.82,1.64,1556.19,0.28,2.49,7.1,14.45,967.02,86.51,0.01,4.0,15.6,0.5,1.13,267.05,0.51,0.025,9.34,0.41,0.57,1.93,86.28,1.1,18.65,128.31,0,0,0
7136.525,8878.642,641.0,0.0025,8.79,1.26,568.81,1.79,0.16,1.85,0.16,63.44,17.19,28.98,17.9,4.62,17.24,0.14,3.06,2.03,28.26,1.17,2947.47,1.71,2.64,8.67,15.58,1304.89,139.41,0.01,7.65,17.06,0.5,13.08,245.83,0.62,0.025,7.07,0.49,1.09,2.28,155.48,2.91,19.91,87.74,0,0,0
7138.644,8878.503,642.0,0.0025,6.98,0.73,213.3,1.33,0.05,0.65,0.05,60.96,1.06,1.92,8.01,1.57,16.73,0.05,2.69,1.9,32.33,0.09,970.99,2.22,1.75,6.23,0.63,95.5,100.23,0.01,2.98,9.42,0.5,2.03,34.93,0.67,0.025,14.92,0.07,1.04,4.63,3.84,0.3,18.26,68.32,0,0,0
7346.043,8769.035,678.0,0.0025,10.56,23.35,670.91,1.89,0.05,0.26,0.24,49.42,23.23,35.72,27.21,6.67,23.66,0.15,3.59,3.87,20.25,0.46,1549.93,0.76,1.09,8.37,8.96,977.29,270.34,0.01,13.16,26.62,0.5,1.22,103.57,0.56,0.025,7.63,0.57,1.85,1.43,153.29,1.54,17.77,152.47,0,0,0
7352.003,8779.044,681.0,0.0025,9.9,30.28,629.21,1.74,0.07,0.29,0.12,52.46,19.72,33.63,22.61,5.26,21.54,0.14,3.41,3.38,21.22,0.26,1749.33,0.38,1.15,8.57,10.07,938.83,277.99,0.01,29.93,22.41,0.5,1.35,129.23,0.56,0.065,8.62,0.59,2.17,1.55,182.0,2.0,18.5,130.96,0,0,1
7405.778,8845.406,719.0,0.006,5.0,204.49,457.85,0.72,0.05,5.53,0.29,34.77,11.99,4.23,8.85,5.41,11.83,0.14,2.1,2.24,14.86,0.5,2161.8,0.7,0.09,6.45,3.27,644.66,122.47,0.46,15.64,7.04,0.5,0.94,59.84,0.42,0.025,5.87,0.27,1.15,1.83,55.4,0.9,15.63,86.53,0,0,0
7406.545,8845.414,719.0,0.016,4.73,1236.69,484.25,0.73,0.05,3.79,0.18,34.35,9.93,5.44,7.6,3.45,9.89,0.09,1.76,1.62,17.7,0.58,1778.55,1.9,0.29,5.44,3.36,579.97,103.68,0.5,22.39,6.46,0.5,0.97,81.4,0.36,0.025,4.98,0.22,0.89,1.19,49.41,0.76,13.24,73.87,0,0,0
7407.153,8845.411,719.0,0.007,6.41,241.11,856.49,1.03,0.05,2.46,0.14,44.63,7.38,6.1,12.81,2.75,17.26,0.11,3.68,3.19,21.62,0.32,1170.07,1.24,0.09,9.48,2.42,862.95,183.03,0.79,24.04,10.41,0.5,1.31,34.29,0.66,0.025,11.34,0.37,1.76,2.71,70.21,1.36,21.13,155.37,0,0,0
6977.414,8982.512,654.68,0.0025,8.7,1.83,498.08,1.25,0.05,2.95,0.17,52.86,17.08,39.74,15.32,4.23,16.11,0.13,2.92,1.51,24.36,2.05,844.54,0.36,2.17,7.87,20.03,859.65,98.09,0.01,1.96,15.68,0.5,1.23,307.49,0.5,0.025,10.0,0.45,0.71,1.9,116.7,1.09,21.47,139.24,0,0,0
7128.681,8945.348,672.58,0.0025,9.83,68.46,538.22,1.33,0.15,0.16,4.31,48.0,19.48,32.57,15.85,4.95,20.65,0.22,3.26,2.47,23.82,0.56,3542.01,1.27,1.01,10.59,16.44,1057.87,156.47,0.01,17.64,20.01,0.5,1.63,68.54,0.61,0.025,7.73,0.48,1.79,2.19,134.37,3.07,19.32,151.78,0,0,0
7173.952,8898.108,666.35,0.098,6.0,1328.97,311.2,0.96,0.05,0.04,1.7,40.6,0.22,3.83,5.53,0.86,11.19,0.025,1.86,2.31,22.7,0.09,145.24,2.77,0.06,5.67,0.64,87.23,127.84,0.05,253.4,1.18,0.5,1.2,6.43,0.71,0.025,17.77,0.04,1.76,3.05,1.06,0.41,4.96,48.1,0,0,0
7288.013,8908.907,685.0,0.0025,10.29,3.18,1068.27,1.37,0.05,2.32,0.7,58.23,16.77,40.14,18.96,4.36,19.19,0.19,3.83,1.87,30.44,0.85,824.97,1.31,3.19,9.43,17.19,1152.5,111.65,0.01,3.41,17.56,0.5,1.43,611.2,0.66,0.025,12.82,0.48,0.65,2.42,120.47,0.87,20.62,160.44,0,0,0
7387.851,8826.55,672.85,0.0025,6.57,185.37,697.91,1.43,0.05,0.93,0.23,50.36,6.66,3.95,27.41,4.07,16.53,0.15,3.19,2.75,23.94,0.23,1066.27,3.87,0.12,8.78,2.16,811.68,142.48,0.02,53.25,8.27,0.5,1.43,68.03,0.64,0.025,7.65,0.33,2.18,1.9,63.23,2.37,22.98,139.92,0,0,0
7388.151,8826.55,672.85,0.0025,3.43,1268.88,347.68,0.7,0.05,0.5,0.34,38.22,3.81,5.83,17.71,7.92,7.73,0.21,1.88,1.4,20.11,0.16,437.81,12.07,0.04,4.58,1.83,536.7,76.65,0.05,166.99,4.75,0.5,0.76,27.32,0.32,0.025,3.95,0.15,1.86,1.52,33.77,1.28,12.86,71.98,0,0,0
7388.521,8826.55,672.85,0.0025,7.75,118.65,581.19,1.35,0.05,0.35,0.25,48.64,7.54,5.24,21.19,2.81,16.32,0.09,3.68,2.89,21.16,0.23,925.37,6.95,0.1,9.71,2.67,695.14,166.03,0.03,25.4,7.66,0.5,1.68,47.37,0.72,0.025,8.34,0.3,1.68,2.54,48.14,2.7,18.87,158.3,0,0,0
7412.519,8835.057,677.0,0.0025,8.0,31.86,665.7,1.48,0.05,1.5,0.16,45.66,8.83,5.14,16.57,3.37,17.21,0.1,3.67,2.86,20.41,0.39,979.41,0.76,1.35,9.95,3.39,875.72,160.1,0.38,4.45,9.92,0.5,1.64,76.57,0.67,0.025,8.93,0.38,0.95,2.6,122.85,1.76,20.82,166.52,0,0,0
7485.566,8743.402,680.21,0.0025,8.28,2.93,601.99,1.67,0.05,1.38,0.06,55.82,4.47,4.21,9.69,2.48,15.87,0.06,4.0,1.94,25.95,0.25,1871.28,0.6,2.96,11.56,0.2,746.44,98.69,0.01,0.84,8.83,0.5,1.56,188.15,0.73,0.025,9.93,0.28,0.59,2.6,51.87,2.07,25.32,136.14,0,0,0
7539.822,8752.368,615.0,0.0025,7.9,1.39,735.29,1.46,0.05,1.92,0.07,57.0,4.62,3.19,12.67,3.08,17.89,0.11,4.02,2.41,29.28,0.16,1195.25,0.73,2.06,10.5,1.14,799.33,157.86,0.01,3.11,10.61,0.5,2.22,143.6,0.78,0.025,11.25,0.26,1.03,2.48,18.93,1.72,27.9,124.76,0,0,0
7588.664,8765.428,753.0,0.0025,7.84,0.87,630.8,1.0,0.05,2.89,0.05,43.53,10.32,8.68,13.57,3.47,16.41,0.09,3.15,1.69,19.6,1.05,676.03,0.29,1.73,7.25,4.51,758.02,105.17,0.01,1.47,10.25,0.5,1.2,135.34,0.6,0.025,7.71,0.39,0.63,2.03,78.47,0.7,18.62,144.03,0,0,0
7591.791,8775.412,755.0,0.0025,5.88,0.62,271.39,0.87,0.06,1.68,2.33,27.47,14.78,12.82,7.71,4.11,15.14,0.12,2.12,0.95,11.06,0.8,639.32,7.82,0.81,6.51,9.11,475.66,51.54,0.01,1.35,10.86,0.5,0.96,78.61,0.35,0.025,3.64,0.3,0.36,0.95,81.36,0.43,12.26,89.05,0,0,0
7593.904,8778.542,756.0,0.0025,10.79,1.35,216.49,1.13,0.05,3.25,0.11,46.0,20.83,30.71,8.62,6.1,20.9,0.21,3.86,0.68,21.08,1.41,1170.06,0.45,4.29,10.78,20.78,1623.74,39.17,0.01,1.93,17.87,0.5,1.42,475.66,0.61,0.025,4.46,0.63,0.22,1.42,127.3,0.83,24.68,142.29,0,0,0
7390.36,8812.382,690.0,0.01,4.93,181.26,208.37,0.78,0.08,4.92,0.52,32.55,7.76,3.77,15.45,4.32,9.67,0.08,2.03,1.79,14.73,0.81,1683.37,0.27,0.06,7.13,2.58,457.41,120.27,0.54,64.29,4.57,0.5,1.34,63.72,0.43,0.025,5.4,0.23,1.71,0.96,40.45,0.86,15.22,71.93,0,0,0
7391.054,8812.927,689.0,0.0025,7.19,49.29,417.07,1.05,0.05,0.78,0.08,45.51,7.04,5.21,26.33,2.95,15.48,0.08,2.28,2.68,21.23,0.3,648.38,0.4,1.01,8.98,2.64,855.14,170.03,0.02,11.78,9.35,0.5,3.3,91.24,0.6,0.025,6.83,0.4,1.69,1.32,73.65,1.48,21.55,85.59,0,0,0
7387.408,8806.318,681.0,0.03,5.44,1704.7,340.01,0.97,0.05,0.09,0.28,34.77,6.29,5.03,8.31,3.09,10.54,0.05,2.22,1.97,17.82,0.12,1036.66,0.6,0.06,7.17,2.27,439.4,100.77,0.01,34.77,6.18,0.5,1.38,27.0,0.44,0.025,5.1,0.19,1.3,1.42,31.61,1.09,13.46,77.2,0,0,0
7378.042,8799.857,683.0,0.0025,6.49,3.02,568.63,1.46,0.05,0.65,0.12,52.57,4.04,4.25,15.68,2.98,15.58,0.07,3.66,2.48,31.67,0.15,271.29,0.77,1.58,10.92,2.03,743.42,108.79,0.005,4.3,8.35,0.5,4.06,140.64,0.75,0.025,8.29,0.26,1.16,2.2,33.69,0.8,29.79,126.45,0,0,0
7343.085,8828.71,697.0,0.033,6.85,259.22,474.54,1.37,0.05,0.04,0.22,50.84,4.43,1.99,28.08,2.83,11.01,0.05,2.82,2.69,17.32,0.19,1033.37,1.14,0.05,6.68,0.82,370.49,132.15,0.01,6.66,7.65,0.5,1.71,10.81,0.48,0.025,6.13,0.22,1.32,1.03,24.7,0.67,20.77,102.44,0,0,0
7371.567,8851.021,717.0,0.0025,7.72,39.25,678.41,1.45,0.05,0.18,0.13,47.56,4.97,4.23,17.33,2.87,15.62,0.09,2.98,3.11,25.72,0.15,598.17,0.54,0.09,8.5,1.35,820.17,118.72,0.005,9.08,10.48,0.5,1.81,38.34,0.61,0.025,6.9,0.3,1.07,2.16,51.15,1.55,25.76,105.49,0,0,0
7386.669,8862.305,736.0,0.0025,8.76,47.21,768.99,1.06,0.05,0.31,0.16,45.34,12.18,22.81,15.78,4.14,18.58,0.07,2.73,2.55,19.28,0.2,1097.08,0.67,2.09,7.95,4.01,818.52,125.27,0.005,7.0,18.45,0.5,1.47,150.62,0.49,0.025,5.6,0.5,1.05,2.17,116.29,1.85,20.69,90.58,0,0,0
7595.851,8804.479,799.0,0.0025,3.99,2.97,277.63,0.96,0.05,12.19,0.4,30.46,32.18,8.37,6.46,8.52,9.74,0.09,2.01,1.69,13.41,0.83,3973.84,0.22,0.04,4.91,11.89,407.41,90.77,0.005,9.67,7.79,1.01,0.9,117.97,0.31,0.025,2.22,0.29,0.87,0.56,65.47,1.02,16.81,64.49,0,1,0
7755.485,8594.815,823.0,0.0025,8.65,22.58,438.95,1.49,0.22,1.87,0.28,37.85,21.79,21.1,7.13,5.68,20.09,0.1,2.79,1.73,19.28,1.27,910.11,0.58,3.2,11.01,17.32,1250.05,60.78,0.24,2.82,14.46,0.5,1.96,331.99,0.74,0.025,3.84,0.66,0.65,1.27,116.24,1.75,18.53,75.39,0,0,0
7755.732,8593.776,824.0,0.0025,6.82,44.02,354.98,1.27,0.05,0.04,0.07,50.14,0.46,1.83,4.87,0.83,11.1,0.025,2.77,2.49,28.04,0.07,163.98,1.16,0.52,6.41,0.67,61.66,94.27,0.02,2.84,1.15,0.5,0.92,36.01,0.85,0.025,21.74,0.04,0.9,5.43,2.0,0.52,7.64,71.06,0,0,0
9698.348,6299.905,1498.0,0.071,1.05,92.5,19.21,0.19,0.05,0.04,1.46,2.83,4.58,13.17,1.9,2.3,3.47,0.025,0.3,0.2,1.49,0.38,289.45,6.92,0.02,0.54,3.44,107.16,20.52,0.01,18.81,2.41,0.5,1.47,7.03,0.025,0.025,0.45,0.04,0.17,0.37,34.58,0.1,2.07,9.32,0,0,0
9779.314,6311.982,1494.0,0.0025,1.38,37.48,30.9,0.18,0.05,0.03,0.17,2.61,6.47,17.52,2.0,2.51,4.55,0.025,0.11,0.1,0.94,0.81,719.58,5.11,0.03,0.21,3.94,96.24,7.62,0.02,21.2,1.6,0.5,0.38,12.43,0.025,0.025,0.22,0.01,0.1,0.22,30.19,0.1,0.86,4.54,0,0,0
10663.0,5821.0,1457.0,0.017,1.62,23.57,19.32,0.51,0.44,2.69,9.0,6.53,14.39,18.7,0.99,4.93,5.37,0.025,0.42,0.04,3.41,1.1,1585.15,56.71,0.05,0.97,5.95,174.66,3.06,0.26,28.06,3.21,0.5,0.49,50.05,0.06,0.025,0.67,0.07,0.2,0.48,42.97,0.3,4.58,16.31,0,0,0
10736.495,5788.955,1512.0,0.005,7.63,27.33,156.53,0.49,0.41,4.17,31.33,33.85,25.25,21.26,2.98,11.01,18.86,0.3,1.78,0.96,15.82,1.93,2603.21,7.9,0.12,5.64,6.52,756.67,66.48,0.04,12.45,14.51,1.84,4.36,139.54,0.36,0.025,3.91,0.35,0.58,1.25,117.97,2.11,16.74,86.65,0,1,0
10746.435,5781.052,1519.0,0.0025,5.24,19.68,76.19,0.8,0.26,3.01,1.86,24.21,5.87,15.57,3.2,4.09,11.2,0.09,1.34,0.45,13.18,1.01,2388.9,0.41,0.05,3.59,3.77,454.04,27.94,0.01,14.78,9.7,0.5,1.07,86.52,0.23,0.025,2.63,0.29,0.32,0.82,84.86,1.66,12.43,58.38,0,0,0
10760.233,5765.308,1540.0,0.05,2.98,38.29,154.98,0.38,1.21,0.16,1.33,11.98,7.1,16.36,4.13,6.22,10.2,0.13,0.87,0.82,4.75,0.42,819.73,5.96,0.02,2.26,2.88,335.96,51.25,0.02,16.05,5.59,0.5,1.97,9.19,0.16,1.361,1.64,0.19,0.49,0.7,61.48,1.17,5.2,25.83,0,0,1
10756.416,5702.925,1545.18,0.0025,6.26,4.98,618.75,0.81,0.28,1.93,0.2,33.09,6.72,25.32,6.41,2.11,14.69,0.1,1.5,1.74,13.19,0.92,1036.0,1.61,0.66,4.49,8.24,562.25,95.81,0.06,17.57,13.12,0.5,1.45,144.57,0.34,0.085,3.68,0.32,0.91,1.2,107.61,3.06,15.07,70.25,0,0,1
10756.416,5703.675,1545.18,0.024,4.19,39.38,104.41,0.49,5.4,1.13,0.24,20.52,25.59,15.0,3.52,10.01,14.68,0.21,0.81,0.72,7.75,1.53,2336.89,3.93,0.04,2.55,8.11,395.18,48.41,0.03,9.5,7.65,0.5,5.77,50.37,0.18,4.153,2.19,0.18,0.5,0.84,86.3,1.29,9.95,21.92,0,0,1
10777.316,5702.359,1551.11,0.135,2.55,28.47,70.16,0.36,2.7,0.42,2.39,9.77,14.28,16.96,4.43,4.34,8.8,0.1,0.65,0.47,4.66,0.57,826.49,14.24,0.02,1.48,4.72,373.67,29.43,0.01,37.24,3.77,0.5,2.48,22.95,0.1,1.636,1.31,0.11,0.35,0.61,61.01,0.63,5.81,20.46,1,0,1
10781.239,5714.179,1554.56,0.318,3.6,56.37,76.21,0.36,27.3,0.05,0.06,6.6,2.11,15.89,3.54,6.8,11.35,0.12,0.96,0.85,2.77,0.09,196.43,12.43,0.02,2.59,1.32,399.42,61.59,0.03,20.3,6.96,1.07,4.27,6.27,0.18,20.764,2.01,0.2,0.8,0.67,70.66,5.9,6.67,31.2,1,1,1
10781.339,5714.579,1554.56,0.014,3.41,96.33,27.25,0.52,17.11,0.04,0.11,7.69,1.92,18.03,5.42,5.18,12.2,0.12,0.81,0.24,5.05,0.04,215.63,2.54,0.01,2.36,1.51,576.56,22.85,0.02,25.73,8.31,0.5,4.33,10.32,0.17,9.465,1.92,0.19,0.42,0.72,64.64,5.1,4.24,26.56,0,0,1
10796.085,5752.192,1533.93,0.013,6.38,1347.04,20.01,0.93,0.33,0.08,0.06,32.12,13.24,25.43,8.25,14.48,18.32,0.37,1.74,0.19,12.72,0.05,531.69,6.18,0.01,4.73,8.28,1190.8,23.39,0.02,143.0,16.05,1.06,1.28,18.44,0.36,0.244,3.43,0.36,1.25,1.21,146.19,5.18,15.08,50.59,0,1,1
10795.755,5751.862,1533.93,0.0025,11.46,57.09,40.67,1.31,0.27,0.14,0.05,103.05,9.19,24.65,19.27,1.88,22.7,0.14,1.84,0.46,43.41,0.09,69.61,1.29,0.02,7.63,18.35,575.17,59.88,0.01,10.67,24.04,0.5,1.7,17.48,0.56,0.051,4.95,0.59,1.25,1.67,158.79,7.32,33.84,83.11,0,0,1
10795.355,5751.462,1533.93,0.014,4.11,225.86,10.84,0.68,0.7,0.08,0.05,8.27,5.99,15.26,6.57,10.14,11.16,0.19,1.05,0.14,4.53,0.03,69.48,5.14,0.01,2.79,6.89,1156.47,14.5,0.02,64.12,7.5,0.5,1.12,6.57,0.2,0.567,2.39,0.22,0.51,0.73,96.03,1.65,8.58,28.65,0,0,1
10785.805,5765.804,1558.0,0.019,3.03,68.24,27.29,0.47,0.33,0.06,0.01,5.82,7.75,15.12,4.83,6.76,8.08,0.14,1.26,0.25,2.74,0.04,129.39,1.81,0.01,2.56,1.83,450.25,23.37,0.01,43.6,5.48,0.5,1.15,8.15,0.15,0.471,1.6,0.19,0.41,0.52,52.7,1.92,5.27,42.41,0,0,1
10822.434,5812.74,1528.48,0.009,10.93,144.8,111.62,1.22,0.27,0.61,9.55,45.07,18.68,41.77,14.16,8.34,23.2,0.22,2.48,0.96,24.58,0.28,5047.44,1.66,0.04,7.45,18.98,1296.69,70.79,0.03,12.39,20.28,0.5,2.35,25.82,0.47,0.025,4.71,0.5,1.13,1.3,185.17,3.86,28.24,97.25,0,0,0
10822.434,5814.74,1528.48,0.0025,6.01,12.71,21.41,0.88,0.49,8.08,2.27,24.29,6.98,20.36,3.58,6.28,16.2,0.19,1.64,0.2,11.54,3.61,6084.73,1.33,0.04,4.14,8.04,780.17,14.57,0.2,14.03,12.31,0.5,1.9,212.92,0.24,0.025,2.84,0.3,0.22,1.04,92.4,0.87,10.71,54.55,0,0,0
10820.694,5822.978,1528.93,0.054,0.21,48.13,5.0,0.18,1.77,0.3,16.58,1.67,21.39,9.77,0.16,9.88,1.41,0.22,0.1,0.01,0.79,0.19,596.01,6.23,0.01,0.2,2.3,504.16,0.58,0.21,2.96,0.51,4.26,0.1,2.24,0.025,0.308,0.12,0.01,0.01,0.29,41.11,0.1,1.76,3.75,0,1,1
10890.816,5852.129,1531.8,0.0025,8.86,15.86,75.87,1.12,0.21,4.42,0.29,32.13,17.63,19.29,17.31,3.85,16.15,0.06,1.46,0.55,16.41,1.11,1237.85,2.06,0.34,6.68,9.89,794.15,23.77,0.4,5.88,16.36,0.5,1.34,119.17,0.39,0.05,3.88,0.51,0.49,1.32,139.19,1.01,16.17,60.08,0,0,1
10888.49,5866.683,1530.07,0.02,2.54,7.27,21.51,0.39,1.4,1.97,15.59,12.42,36.15,13.79,0.67,6.99,8.24,0.14,0.79,0.02,6.53,0.5,1225.37,5.1,0.01,2.16,3.6,332.26,1.54,0.04,13.39,6.2,1.03,1.29,73.75,0.15,0.461,1.91,0.15,0.1,0.72,61.51,0.79,7.8,25.13,0,1,1
10961.628,5933.863,1531.18,0.01,4.79,37.17,27.11,0.63,0.33,1.07,1.2,17.34,54.13,20.9,4.57,8.81,15.03,0.18,1.18,0.32,9.96,2.16,2043.47,0.98,0.01,2.91,11.66,509.17,24.27,0.04,12.24,8.41,0.5,0.95,33.21,0.2,0.057,2.18,0.21,0.25,0.69,102.51,1.33,8.71,57.67,0,0,1
10730.866,5868.33,1497.0,0.0025,2.91,14.91,52.32,0.38,0.34,0.94,1.32,12.65,11.95,25.44,2.12,3.91,8.24,0.06,0.82,0.35,5.56,1.45,1503.5,0.76,0.02,2.09,7.68,342.5,17.25,0.17,25.44,6.14,0.5,0.64,26.66,0.15,0.025,1.47,0.17,0.18,0.4,74.1,1.54,5.87,23.07,0,0,0
10728.797,5871.829,1491.0,0.0025,9.12,12.68,695.44,1.13,0.06,5.17,0.22,46.61,17.87,36.45,2.96,5.11,17.86,0.15,2.13,0.9,18.6,1.52,2009.97,0.41,1.69,7.34,17.86,1038.69,33.29,0.09,3.77,18.56,0.5,1.07,427.6,0.49,0.025,4.53,0.51,0.32,1.19,141.71,0.93,19.86,77.65,0,0,0
10791.762,5947.719,1493.0,0.0025,7.87,19.36,608.55,0.92,0.18,3.29,2.68,30.19,16.83,34.75,2.8,5.1,19.07,0.08,1.28,1.36,14.94,1.58,1808.81,0.43,1.28,6.27,13.27,966.71,51.97,0.04,6.32,17.56,0.5,1.01,227.76,0.38,0.025,2.9,0.48,0.61,0.66,151.25,1.28,14.46,36.77,0,0,0
10809.965,5979.418,1512.0,0.0025,1.84,2.85,108.66,0.32,0.37,1.52,0.61,8.13,5.15,24.68,3.97,2.27,5.4,0.025,0.36,0.23,4.6,1.11,1071.09,0.26,0.04,1.23,4.59,209.05,17.53,0.01,18.85,3.9,0.5,0.51,35.26,0.08,0.025,0.76,0.09,0.15,0.29,30.11,0.18,4.67,12.0,0,0,0
10797.556,5978.833,1509.0,0.0025,4.06,4.12,90.9,0.57,0.09,1.89,0.53,19.66,10.59,24.31,5.71,2.88,8.66,0.05,0.82,0.64,9.46,1.62,1438.27,0.33,0.33,2.97,6.93,482.23,50.52,0.01,32.34,8.48,0.5,0.75,51.51,0.19,0.025,1.96,0.22,0.31,0.49,63.54,1.07,8.94,23.45,0,0,0
10827.774,5969.127,1502.0,0.0025,5.48,16.62,574.53,0.61,0.06,1.19,0.22,23.04,16.71,43.74,12.98,3.58,11.2,0.06,1.18,1.2,10.85,0.75,774.85,0.39,0.96,3.97,9.5,566.4,57.06,0.12,18.64,9.6,0.5,1.74,79.43,0.26,0.025,2.39,0.29,0.5,0.65,77.76,0.5,8.62,73.5,0,0,0
10828.719,5975.07,1500.0,0.0025,3.75,11.63,178.93,0.49,0.07,0.79,0.27,14.91,12.98,32.18,6.1,3.43,9.22,0.05,0.84,0.79,7.62,0.66,952.97,0.27,0.54,2.66,7.21,434.7,41.8,0.05,24.64,8.55,0.5,1.09,43.25,0.17,0.025,1.55,0.21,0.34,0.42,65.15,0.43,5.91,48.22,0,0,0
10847.687,5985.819,1505.0,0.0025,4.74,12.54,208.33,0.42,0.24,3.5,0.89,22.58,7.64,28.17,1.46,4.41,11.81,0.11,1.64,0.5,11.81,1.37,1614.54,0.23,0.3,3.78,7.44,408.0,23.35,0.01,21.1,10.92,0.5,0.79,164.16,0.25,0.025,2.65,0.29,0.26,0.71,76.76,0.73,9.51,62.85,0,0,0
10896.122,5998.548,1514.0,0.0025,5.76,16.71,83.04,0.48,0.19,3.54,0.35,24.44,12.5,25.81,1.44,5.75,14.82,0.14,1.3,0.45,10.41,2.85,2103.32,0.36,0.14,4.42,10.16,426.7,22.03,0.02,11.08,10.98,0.5,0.97,148.48,0.27,0.025,3.1,0.32,0.29,0.77,105.17,0.91,8.28,35.31,0,0,0
10924.817,6010.615,1523.0,0.0025,3.14,13.74,69.75,0.35,0.22,1.63,0.26,14.86,12.67,18.0,3.92,3.94,10.27,0.1,0.66,0.21,7.7,1.88,1296.29,0.7,0.12,1.78,7.8,310.38,14.45,0.02,18.07,5.19,0.5,0.61,74.02,0.11,0.025,1.12,0.13,0.16,0.47,64.12,0.58,5.99,32.04,0,0,0
10942.979,6014.762,1528.0,0.017,2.69,42.78,18.5,0.28,0.52,0.94,0.18,7.03,34.21,11.36,2.54,5.91,9.62,0.1,0.3,0.04,3.3,1.59,1038.31,11.17,0.02,0.63,6.83,173.27,3.42,0.1,22.16,2.65,0.5,0.49,29.54,0.025,0.107,0.36,0.04,0.06,0.19,41.44,0.1,2.55,6.74,0,0,1
10960.114,6020.15,1530.0,0.007,5.36,38.23,169.71,0.61,0.27,2.76,0.46,19.22,34.37,26.38,6.69,5.17,12.78,0.11,1.33,0.41,8.46,1.1,1066.32,1.98,0.04,4.3,9.86,348.1,25.68,0.02,28.38,8.95,0.5,1.08,101.73,0.26,0.05,2.49,0.3,0.29,1.09,84.76,0.75,9.12,49.54,0,0,1
11028.813,6041.332,1544.0,0.0025,3.26,10.08,45.64,0.59,0.06,1.96,0.38,12.0,7.39,17.12,1.36,4.19,8.32,0.09,0.73,0.18,6.46,1.54,1640.19,0.28,0.08,2.63,5.53,361.41,10.26,0.01,16.33,5.64,0.5,0.64,77.74,0.16,0.025,1.48,0.17,0.15,0.65,57.99,0.8,7.33,22.73,0,0,0
10875.946,6040.388,1480.46,0.0025,4.88,22.81,101.49,0.65,0.05,2.74,0.46,18.89,22.4,24.67,1.2,5.72,12.89,0.12,1.08,0.31,10.24,2.25,2499.53,0.89,0.05,3.14,10.67,458.33,18.16,0.03,9.27,8.44,0.5,0.72,117.1,0.21,0.025,2.03,0.23,0.23,0.69,88.5,0.88,10.39,17.4,0,0,0
10811.606,6137.087,1467.77,0.007,2.37,20.78,51.22,0.37,0.05,2.42,0.06,7.81,5.87,23.63,4.44,2.82,6.12,0.05,0.57,0.35,3.54,1.11,1059.2,1.24,0.11,1.27,5.33,229.11,30.06,0.21,22.71,4.32,0.5,0.51,49.71,0.11,0.025,0.97,0.11,0.27,0.29,42.17,0.37,4.55,19.88,0,0,0
10798.596,6155.73,1473.0,0.005,5.06,18.91,110.13,0.58,0.05,5.98,0.16,19.35,14.93,26.9,9.49,5.37,9.92,0.13,1.52,1.16,10.39,1.27,1400.5,3.89,0.81,3.54,11.13,558.17,65.74,1.85,13.28,8.91,0.5,1.46,142.26,0.24,0.025,2.26,0.24,0.61,0.86,86.42,0.65,8.78,59.1,0,0,0
10817.573,6198.023,1468.48,0.026,1.27,83.13,148.88,0.24,0.05,1.21,0.96,4.94,6.81,17.51,1.72,2.45,3.7,0.06,0.33,0.23,2.04,0.65,425.71,1.48,0.2,0.62,4.29,153.52,11.12,0.33,26.77,2.52,0.5,0.84,44.93,0.025,0.025,0.41,0.05,0.16,0.3,30.04,0.1,2.61,12.29,0,0,0
10865.939,6284.559,1508.86,0.006,1.76,16.78,32.17,0.21,0.05,20.24,0.28,9.99,9.46,12.01,2.35,4.59,5.08,0.13,0.38,0.21,5.25,1.06,3510.07,14.0,0.3,1.08,6.56,171.37,13.75,1.68,8.72,3.9,1.04,0.84,319.73,0.06,0.025,0.76,0.07,0.46,0.36,29.68,0.37,4.94,16.33,0,1,0
10975.592,6390.034,1497.3,0.0025,1.66,8.2,92.08,0.36,0.05,1.55,0.14,9.45,5.02,19.42,2.9,2.5,4.34,0.06,0.46,0.25,5.5,0.77,1536.32,1.06,0.22,1.09,3.81,201.42,10.85,0.05,20.01,3.58,0.5,0.29,81.76,0.06,0.025,0.77,0.06,0.12,0.19,36.06,0.18,6.02,15.94,0,0,0
10791.388,6067.744,1466.0,0.0025,2.93,13.5,81.23,0.46,0.005,4.71,0.05,11.98,5.86,18.75,6.87,2.91,7.25,0.06,0.83,0.52,6.05,1.55,823.72,0.26,0.09,2.27,5.09,344.0,32.89,0.03,32.23,4.85,0.5,0.45,72.48,0.13,0.025,1.28,0.18,0.31,0.41,57.46,0.74,4.94,41.42,0,0,0
10782.41,6115.233,1459.0,0.007,3.43,15.4,62.34,0.45,0.05,2.17,0.12,15.29,8.49,20.29,4.24,2.53,8.7,0.07,0.85,0.28,8.91,0.5,1378.47,1.94,0.03,2.06,7.5,321.51,17.86,0.05,5.16,6.07,0.5,0.46,38.62,0.15,0.025,1.46,0.15,0.22,0.44,70.19,0.62,10.27,28.57,0,0,0
10766.031,6153.87,1460.0,0.006,0.9,25.68,29.51,0.19,0.05,9.71,0.12,6.53,3.79,15.31,2.47,2.97,2.71,0.06,0.21,0.08,3.39,0.54,1726.62,2.14,0.06,0.41,2.47,63.06,6.5,0.7,24.96,1.97,0.5,0.2,158.04,0.025,0.025,0.28,0.03,0.12,0.1,17.13,0.1,3.61,6.19,0,0,0
10760.0,6173.0,1454.0,0.009,4.16,20.01,81.05,0.54,0.05,1.3,0.16,18.97,10.39,28.51,9.04,9.34,9.9,0.16,1.3,0.8,8.75,1.33,872.59,3.48,1.08,2.97,9.86,453.98,49.5,5.46,15.5,8.66,0.5,0.99,124.3,0.24,0.025,1.97,0.25,0.68,0.57,84.17,0.5,9.23,52.1,0,0,0
10779.0,6287.0,1453.0,0.005,2.1,14.85,61.79,0.29,0.05,0.52,0.26,15.3,9.45,15.84,1.49,4.01,6.59,0.07,0.38,0.1,6.57,1.73,2097.94,1.28,0.24,0.88,7.24,203.77,4.64,0.12,7.85,3.65,0.5,0.42,47.63,0.06,0.025,0.61,0.07,0.24,0.29,58.15,0.19,9.16,14.92,0,0,0
10920.0,6418.0,1487.0,0.0025,2.22,5.44,77.6,0.37,0.05,0.16,0.07,9.14,4.44,20.32,3.22,3.37,6.79,0.06,0.52,0.15,4.33,2.0,624.12,2.77,0.28,1.08,4.82,184.6,9.96,0.03,36.12,3.77,0.5,0.29,38.79,0.07,0.025,0.76,0.08,0.1,0.27,46.43,0.2,4.59,16.48,0,0,0
10718.315,6190.842,1442.0,0.0025,3.14,5.58,65.01,0.37,0.05,4.47,0.13,13.39,7.06,24.01,3.85,3.36,7.83,0.07,0.86,0.44,6.4,1.13,1556.16,0.74,0.7,2.08,5.6,355.12,30.36,0.55,4.87,5.56,0.5,0.36,142.53,0.15,0.025,1.19,0.15,0.24,0.54,56.33,0.63,6.43,61.43,0,0,0
10713.582,6204.9,1445.0,0.009,5.17,30.56,64.88,0.49,0.05,0.21,0.19,17.1,11.22,33.13,5.05,8.04,10.62,0.15,1.75,0.54,7.22,1.9,1072.46,9.01,1.31,3.58,9.35,599.66,35.38,3.36,3.65,9.67,0.5,0.73,53.75,0.26,0.025,2.19,0.25,0.52,0.82,79.9,0.47,8.43,71.72,0,0,0
10716.626,6355.484,1437.0,0.0025,3.03,11.45,206.86,0.51,0.05,0.46,0.1,11.99,8.93,25.19,1.77,3.28,6.89,0.07,0.91,0.49,6.24,1.37,683.45,2.16,0.79,1.75,5.98,299.53,20.04,0.03,8.55,5.58,0.5,0.56,100.46,0.12,0.025,1.4,0.15,0.14,0.36,64.22,0.18,5.79,30.93,0,0,0
10726.726,6353.396,1422.0,0.0025,9.52,3.74,468.45,1.23,0.05,4.45,0.12,29.99,18.54,37.67,2.47,4.46,22.21,0.12,3.1,1.35,12.42,1.82,781.59,0.86,2.65,6.93,13.84,910.64,30.01,0.03,1.11,14.59,0.5,1.15,449.75,0.47,0.025,3.27,0.48,0.23,1.02,163.98,0.47,13.51,118.92,0,0,0
10810.606,6402.749,1447.88,0.0025,1.83,8.8,97.64,0.4,0.05,0.8,0.08,9.06,4.29,22.69,1.99,2.76,5.14,0.07,0.43,0.2,4.09,1.0,861.98,1.1,0.24,0.91,4.01,142.68,10.13,0.05,6.79,3.02,0.5,0.27,52.34,0.08,0.025,0.61,0.06,0.13,0.19,40.47,0.1,4.13,13.86,0,0,0
10893.451,6468.323,1430.0,0.005,0.93,12.9,18.45,0.4,0.05,0.18,0.05,4.15,1.96,20.04,2.58,1.59,2.8,0.07,0.1,0.06,2.18,0.5,757.79,0.54,0.06,0.32,1.84,64.9,6.03,0.05,39.45,1.09,0.5,0.2,19.4,0.025,0.025,0.17,0.01,0.06,0.1,18.13,0.1,2.98,3.15,0,0,0
10943.0,6540.0,1446.0,0.006,0.16,0.1,5.0,0.06,0.005,35.07,0.08,15.67,1.9,1.89,0.16,0.53,1.04,0.025,0.05,0.01,11.08,0.16,8324.64,0.07,0.01,0.1,0.1,20.09,0.98,0.03,0.97,1.1,1.08,0.1,387.62,0.025,0.025,0.05,0.0025,0.01,0.05,4.36,0.1,6.72,0.9,0,1,0
10934.55,6544.0,1443.0,0.0025,3.34,5.49,165.42,0.54,0.05,7.96,0.05,18.29,4.7,18.63,5.94,2.73,6.52,0.07,1.15,0.8,8.16,1.04,2723.68,0.67,0.39,2.14,3.41,381.89,52.9,0.02,35.51,6.63,0.5,0.51,133.45,0.15,0.025,1.49,0.2,0.53,0.5,58.02,0.85,9.73,46.57,0,0,0
10874.845,6988.61,1376.58,0.006,0.81,7.75,58.0,0.24,1.23,0.17,0.11,33.04,0.66,54.58,1.25,0.69,1.69,0.05,1.35,0.2,16.94,0.04,118.06,1.46,0.02,7.01,1.25,360.49,8.58,0.02,13.59,2.84,1.0,8.06,20.45,0.51,0.186,8.16,0.45,0.13,1.8,33.51,2.28,4.08,38.07,0,1,1
10838.0,6970.0,1379.0,0.0025,6.42,1.91,458.12,1.95,0.05,1.66,0.11,68.47,1.01,4.39,8.08,1.22,12.99,0.1,5.16,2.0,32.52,0.15,256.28,0.32,1.2,11.6,0.4,102.19,128.93,0.02,2.03,3.1,0.5,2.63,99.0,1.12,0.025,19.38,0.1,0.89,5.38,3.9,1.05,26.86,146.51,0,0,0
10194.0,7588.0,1212.0,0.0025,5.85,1.82,424.29,1.92,0.05,0.92,0.14,62.33,0.79,3.21,12.23,0.82,13.36,0.1,4.11,2.48,36.18,0.19,240.09,0.97,0.65,10.83,0.57,112.42,157.39,0.02,8.82,3.04,0.5,2.87,68.04,0.99,0.025,20.68,0.1,0.84,4.8,5.0,2.13,25.96,145.61,0,0,0
10985.236,6465.938,1476.65,0.0025,0.99,9.61,40.68,0.37,0.05,0.12,0.06,6.02,3.36,19.55,1.8,1.67,2.57,0.05,0.2,0.13,2.33,0.51,1512.48,2.94,0.12,0.47,2.22,126.88,5.8,0.03,20.73,2.06,0.5,0.31,28.49,0.025,0.025,0.45,0.04,0.11,0.2,20.54,0.32,3.18,7.34,0,0,0
11027.012,6514.599,1485.18,0.009,5.21,18.9,464.63,0.81,0.05,0.32,0.05,19.76,9.79,31.4,6.62,5.84,10.97,0.11,1.81,1.17,8.99,2.34,1059.51,0.26,0.57,3.39,6.86,514.31,65.93,0.02,26.31,9.43,0.5,0.71,90.59,0.24,0.025,2.56,0.26,0.65,0.87,95.98,1.2,11.06,78.68,0,0,0
11060.061,6529.653,1513.0,0.007,2.64,6.93,36.27,0.37,0.05,22.93,0.11,22.89,8.57,11.62,3.11,3.72,6.71,0.05,1.07,0.24,14.23,1.59,3886.34,0.84,0.15,1.93,5.15,289.66,22.36,0.06,8.72,6.09,1.0,0.43,260.47,0.12,0.025,1.41,0.13,0.26,0.4,45.34,0.58,10.9,40.48,0,1,0
11050.14,6507.386,1496.27,0.026,8.23,144.53,269.9,1.01,0.05,0.16,0.24,51.37,18.08,40.31,40.73,4.65,22.01,0.08,2.13,3.2,19.97,0.39,1648.4,1.49,0.04,6.92,13.34,548.8,243.73,0.02,22.41,17.55,0.5,2.32,27.54,0.41,0.025,3.43,0.47,2.44,1.0,182.35,2.06,10.3,73.23,0,0,0
11013.126,6555.424,1469.53,0.0025,7.09,5.98,955.88,1.39,0.22,2.27,0.21,55.36,4.34,6.56,12.4,2.54,13.56,0.07,3.89,3.03,24.23,0.46,739.97,1.01,2.29,12.98,5.56,404.7,129.58,0.02,7.55,5.26,0.5,2.41,144.57,0.82,0.05,12.69,0.17,1.15,3.27,26.42,1.78,20.37,157.0,0,0,1
11008.37,6690.639,1475.0,0.01,4.37,40.48,394.42,0.47,0.05,14.38,0.08,31.53,7.06,7.82,7.13,4.38,8.29,0.07,2.44,1.5,15.68,0.28,2521.67,1.07,0.03,5.71,5.37,573.03,97.96,0.01,4.11,8.35,1.0,1.2,48.52,0.38,0.025,3.88,0.25,0.99,1.24,61.19,0.45,18.49,85.78,0,1,0
10884.151,6855.847,1420.0,0.0025,4.05,13.2,344.84,0.91,0.12,0.14,0.24,36.5,7.26,18.65,10.22,3.85,8.15,0.09,1.35,0.56,19.84,0.91,5070.44,2.63,0.07,2.06,6.58,429.51,41.25,0.02,56.2,7.01,0.5,0.68,59.49,0.18,0.025,2.83,0.16,0.46,0.93,71.0,1.06,19.08,54.46,0,0,0
10748.0,7228.556,1345.99,0.0025,8.32,111.05,259.91,0.16,12.7,0.03,0.06,49.69,0.32,24.94,0.54,13.47,8.62,0.25,1.38,0.1,26.14,0.01,31.0,2.13,0.09,4.48,0.2,2698.29,2.51,0.22,5.85,7.39,9.67,7.13,353.57,0.37,3.754,7.89,0.27,0.74,1.22,102.6,0.5,3.99,39.98,0,1,1
10811.044,7179.966,1360.29,0.0025,0.39,10.71,19.24,0.19,0.4,0.03,0.05,5.19,0.38,27.64,0.25,0.44,1.04,0.025,0.58,0.02,2.22,0.02,56.38,0.46,0.01,4.22,0.79,46.35,1.58,0.01,3.78,0.72,0.5,6.05,9.94,0.16,0.332,2.02,0.34,0.14,0.85,16.28,0.64,1.88,38.52,0,0,1
10810.244,7179.166,1360.29,0.0025,0.35,11.74,18.4,0.16,0.24,0.03,0.06,4.23,0.28,34.5,0.23,0.43,1.02,0.025,0.96,0.02,1.76,0.04,41.7,0.95,0.01,5.0,0.97,65.62,1.1,0.01,4.36,0.91,0.5,7.85,6.39,0.22,0.224,2.13,0.36,0.18,0.96,15.66,0.91,2.14,22.68,0,0,1
10792.955,7196.518,1359.29,0.0025,0.47,17.91,19.09,0.08,0.31,0.06,0.05,5.88,0.4,58.08,0.24,0.77,1.18,0.025,0.6,0.02,2.0,0.01,67.15,2.12,0.01,4.14,2.06,45.34,0.82,0.02,4.04,0.64,0.5,9.41,4.93,0.17,0.383,1.49,0.29,0.09,0.85,14.61,0.81,3.33,19.95,0,0,1
10793.805,7197.368,1359.29,0.0025,0.77,18.76,31.99,0.15,0.54,0.02,0.05,6.14,0.27,51.51,0.37,0.67,1.71,0.025,1.1,0.04,3.62,0.03,55.9,1.96,0.02,4.52,1.63,89.7,1.84,0.01,5.47,1.27,0.5,8.07,22.36,0.21,0.272,2.23,0.35,0.18,1.24,18.52,1.25,2.7,54.39,0,0,1
10768.307,7215.64,1354.0,0.015,0.33,10.8,43.84,0.14,1.43,0.03,0.13,24.82,0.42,64.16,0.44,0.63,0.96,0.025,1.28,0.03,13.12,0.03,59.13,2.43,0.02,5.7,1.26,150.72,1.54,0.05,11.9,1.63,5.06,16.84,18.52,0.35,1.172,6.18,0.43,0.14,1.91,52.83,3.04,2.36,43.44,0,1,1
10768.307,7211.44,1354.0,0.0025,0.78,39.57,59.93,0.31,4.25,0.02,0.01,13.5,1.61,44.4,0.64,1.46,2.03,0.025,1.92,0.08,8.35,0.02,49.39,2.13,0.06,4.65,1.74,91.17,2.92,0.41,10.63,2.73,2.81,8.25,36.66,0.27,1.694,6.06,0.24,1.33,1.17,16.21,0.41,5.53,80.58,0,1,1
10768.307,7210.64,1354.6,0.0025,2.53,143.99,153.33,0.37,4.73,0.04,0.05,28.75,0.4,18.06,4.42,11.1,6.45,0.19,1.33,0.29,15.63,0.09,36.82,2.24,0.2,3.01,0.62,1009.73,15.12,0.12,6.93,3.77,9.28,2.67,69.98,0.22,4.474,9.2,0.16,1.26,0.8,32.01,0.22,4.94,61.34,0,1,1
10751.655,7228.413,1349.56,0.006,1.0,38.62,37.12,0.14,1.31,0.01,0.05,3.69,0.38,44.12,0.67,4.02,2.28,0.025,0.65,0.06,1.61,0.08,59.05,10.47,0.03,1.41,1.21,1722.35,3.4,0.04,5.54,1.64,1.0,3.69,16.11,0.06,0.756,2.26,0.11,0.22,0.86,44.88,0.51,1.87,40.67,0,1,1
8188.116,5693.62,1451.0,0.017,5.91,36.7,540.07,0.97,0.07,0.01,0.05,49.18,0.22,3.09,14.05,1.17,14.05,0.025,4.35,2.96,25.15,0.22,67.9,3.66,0.04,9.7,0.52,94.49,165.79,0.04,5.84,4.15,0.5,2.09,8.41,0.76,0.025,15.67,0.08,1.57,3.44,2.18,0.74,19.56,145.85,0,0,0
8185.938,5699.085,1450.0,0.005,6.99,18.93,467.23,0.83,0.06,0.01,0.01,52.25,0.18,4.01,9.32,1.04,13.01,0.025,3.87,2.79,27.51,0.21,67.35,2.55,0.03,9.98,0.54,114.1,170.5,0.02,7.28,4.5,0.5,2.3,6.8,0.82,0.025,16.05,0.1,1.78,3.56,1.0,0.99,19.23,159.32,0,0,0
8187.557,5576.832,1467.0,0.0025,9.41,2.86,1033.97,1.12,0.05,4.39,0.08,29.68,20.83,34.93,11.28,4.61,20.84,0.07,3.65,1.56,13.96,1.83,964.37,1.34,2.09,8.18,17.32,998.68,39.08,0.04,2.89,18.32,0.5,1.16,415.92,0.45,0.025,3.51,0.53,0.65,1.14,170.95,0.93,17.16,125.19,0,0,0
8119.246,5576.896,1491.0,0.0025,7.2,7.95,1143.11,1.38,0.09,1.36,0.05,59.22,2.83,5.49,12.87,1.89,12.64,0.05,2.11,3.4,30.39,0.32,566.2,1.28,1.41,8.68,0.86,327.58,166.27,0.06,2.37,4.66,0.5,2.12,152.01,0.88,0.025,17.78,0.16,1.68,3.93,21.94,1.36,19.97,53.84,0,0,0
8122.615,5580.841,1490.0,0.0025,8.18,6.06,661.65,1.57,0.18,4.65,0.06,30.46,20.23,44.12,25.68,5.17,19.59,0.1,3.2,2.5,15.02,1.35,1147.66,0.71,1.42,7.2,14.2,945.95,94.06,0.13,3.07,18.23,0.5,1.19,321.49,0.44,0.025,4.15,0.49,1.04,1.24,161.9,1.61,17.17,123.93,0,0,0
8038.942,5594.018,1485.94,0.007,3.84,19.22,259.8,0.54,0.05,4.82,0.05,18.27,7.63,22.71,10.02,2.01,8.77,0.025,1.04,1.17,8.15,0.56,718.95,0.48,0.04,2.45,6.73,349.56,73.89,0.09,10.35,6.78,0.5,0.52,58.73,0.19,0.025,1.87,0.19,0.74,0.65,51.42,1.79,7.34,85.94,0,0,0
8037.84,5634.98,1473.75,0.02,2.36,47.23,147.85,0.45,0.05,3.41,0.05,12.22,3.13,19.45,8.16,1.38,4.79,0.025,0.77,0.95,6.09,0.3,691.67,0.35,0.02,1.61,3.91,254.14,71.51,0.03,20.9,4.03,0.5,0.37,34.18,0.12,0.025,1.2,0.11,0.57,0.43,33.43,3.6,4.04,33.63,0,0,0
7960.116,5487.462,1483.98,0.263,3.72,21.45,189.2,0.48,0.05,10.63,0.13,28.69,8.85,14.68,7.67,2.02,8.31,0.025,0.93,1.25,12.48,0.55,1067.54,2.39,0.76,2.73,5.39,364.54,97.23,0.31,26.1,6.87,0.5,0.38,167.34,0.19,0.025,1.91,0.21,0.6,0.5,72.22,1.08,10.44,24.02,1,0,0
7868.927,5392.414,1461.0,0.011,5.26,13.3,418.75,0.6,0.05,8.43,0.07,27.77,10.16,21.98,7.19,2.58,10.05,0.025,1.77,1.59,15.04,0.95,827.81,0.79,0.27,4.08,8.17,468.97,85.66,0.16,1.82,9.45,0.5,0.66,104.7,0.25,0.025,2.89,0.27,0.63,0.67,83.45,1.0,9.1,74.01,0,0,0
7841.34,5381.136,1450.0,0.007,2.05,5.94,102.54,0.28,0.05,6.11,0.18,14.42,5.44,19.55,3.5,1.6,4.16,0.025,0.62,0.63,6.78,0.45,925.89,0.55,0.21,1.3,4.45,214.46,43.73,0.11,23.58,3.54,0.5,0.32,68.99,0.08,0.025,0.91,0.09,0.34,0.3,30.0,0.53,4.72,21.67,0,0,0
7837.401,5371.365,1448.0,0.077,2.62,14.16,318.56,0.37,0.15,0.63,55.0,9.74,3.43,30.22,9.58,1.38,6.28,0.025,0.85,1.2,4.43,0.24,237.16,19.02,0.07,1.75,5.33,283.01,85.29,1.24,33.78,4.85,4.25,0.57,43.14,0.13,0.025,1.21,0.13,0.77,0.42,51.67,0.76,3.73,30.71,0,1,0
8402.877,4944.364,1182.22,0.02,4.39,1179.68,246.18,0.64,0.05,0.01,0.05,24.62,0.21,10.64,6.92,0.96,7.01,0.025,1.16,2.11,15.38,0.15,80.66,1.54,0.03,4.77,0.64,165.12,107.47,0.07,11.26,2.52,0.5,0.91,5.34,0.45,0.025,8.03,0.1,0.95,1.71,13.33,0.99,6.02,30.05,0,0,0
8463.307,4830.322,1141.09,0.0025,7.93,11.94,404.3,1.33,0.17,2.47,0.24,36.94,10.43,19.12,12.52,3.35,15.97,0.07,2.33,2.0,17.91,1.03,691.26,0.87,2.27,7.45,9.23,659.49,73.17,0.06,2.97,10.56,0.5,1.6,209.61,0.5,0.088,6.88,0.35,0.7,1.84,88.44,0.99,14.96,87.28,0,0,1
8067.281,5575.402,1503.0,0.037,0.48,140.49,65.84,0.33,0.05,0.05,0.06,1.07,3.04,33.26,1.8,3.38,2.83,0.025,0.11,0.06,0.53,0.06,157.45,14.29,0.02,0.64,3.46,104.83,4.7,0.07,14.32,1.38,0.5,0.1,9.84,0.025,0.025,0.14,0.02,0.09,0.21,21.81,0.82,0.79,8.58,0,0,0
7993.0,5462.0,1490.0,0.029,3.63,23.51,156.97,0.39,0.05,5.59,0.13,16.16,5.64,19.36,3.61,1.93,6.77,0.025,0.73,0.94,8.03,0.43,744.11,0.22,0.79,2.3,3.97,383.01,65.57,0.07,31.65,7.01,0.5,0.4,96.52,0.16,0.025,1.4,0.21,0.5,0.32,67.37,1.49,8.56,29.42,0,0,0
7985.52,5480.849,1514.0,0.096,3.2,35.83,189.97,0.43,0.05,12.64,0.14,30.78,8.46,14.61,6.17,1.99,6.6,0.025,0.4,0.84,18.2,0.48,1182.96,1.45,0.59,2.39,4.27,381.45,71.61,0.31,21.37,7.67,1.06,0.2,125.13,0.15,0.025,1.34,0.18,0.46,0.28,53.92,2.29,8.85,16.7,0,1,0
7834.0,5424.0,1436.0,0.005,2.85,8.79,182.66,0.32,0.07,10.16,0.24,39.81,7.79,16.02,3.64,1.97,6.42,0.14,0.98,0.82,22.64,0.56,1300.81,1.12,0.11,2.26,5.09,293.35,50.75,0.23,14.24,5.79,0.5,0.58,110.17,0.16,0.025,1.43,0.14,0.47,0.47,44.73,0.81,7.85,44.97,0,0,0
7644.533,5312.194,1449.0,0.011,1.92,39.45,122.61,0.3,0.05,0.03,0.12,7.95,3.45,18.37,3.81,1.45,4.49,0.06,0.59,0.76,4.73,0.14,168.01,20.74,0.02,1.19,1.83,153.11,56.57,0.02,27.24,3.52,0.5,0.51,8.13,0.09,0.154,0.81,0.09,0.52,0.38,44.23,1.11,2.3,23.56,0,0,1
8456.0,4768.0,1110.0,0.005,4.14,7.07,247.53,0.63,0.48,0.13,0.08,21.01,3.43,14.42,5.6,1.44,8.36,0.08,1.18,1.0,9.87,0.31,297.99,1.93,0.9,2.99,2.08,262.15,68.05,0.02,4.71,3.94,0.5,0.95,45.37,0.27,0.111,3.61,0.12,0.62,1.3,23.4,3.31,8.32,38.23,0,0,1
7552.0,5299.0,1399.0,0.0025,9.67,3.93,627.84,1.04,0.05,3.47,0.06,33.12,17.43,23.9,1.97,4.88,18.94,0.13,2.23,2.09,12.17,1.85,931.46,0.56,1.65,7.26,9.75,921.8,48.26,0.03,3.43,15.27,0.5,1.28,466.56,0.47,0.054,3.48,0.43,0.89,1.02,166.36,1.16,15.87,73.47,0,0,1
7316.0,5338.0,1373.0,0.0025,9.7,10.92,240.68,0.88,0.14,3.76,0.14,26.37,15.81,13.18,3.02,5.48,17.59,0.13,1.98,0.51,11.34,2.13,1208.04,0.53,2.87,6.91,6.05,997.9,15.49,0.01,2.67,16.19,0.5,2.6,538.44,0.45,0.025,2.63,0.43,0.2,0.95,149.12,0.65,14.59,61.82,0,0,0
7254.0,5305.0,1371.0,0.0025,9.8,14.75,468.97,1.06,0.05,3.44,0.17,36.3,16.16,32.97,2.09,4.57,21.35,0.17,2.04,1.12,13.6,2.35,890.96,0.37,2.31,7.36,8.46,931.15,30.01,0.01,10.9,17.39,0.5,1.37,628.66,0.45,0.025,2.7,0.48,0.51,1.1,153.29,1.0,16.94,57.52,0,0,0
7271.0,5300.0,1346.0,0.0025,8.46,8.73,454.83,1.02,0.07,2.75,0.12,33.1,18.93,25.21,6.61,4.87,15.39,0.08,1.86,1.19,13.8,2.19,797.07,0.45,2.67,5.96,8.69,1017.37,70.67,0.01,3.64,16.71,0.5,1.17,532.86,0.37,0.025,2.96,0.49,0.68,0.87,122.08,1.08,13.85,54.12,0,0,0
7174.0,5235.0,1368.0,0.0025,8.27,3.94,567.94,1.23,0.2,3.92,0.09,35.67,18.23,23.97,1.91,5.33,22.85,0.15,2.43,1.45,13.14,2.06,903.5,0.77,2.4,7.67,10.84,870.15,36.6,0.02,1.97,16.73,0.5,1.32,510.05,0.45,0.025,3.92,0.49,0.54,0.98,146.06,1.21,18.78,79.37,0,0,0
7214.0,5275.0,1365.0,0.0025,9.08,8.92,251.35,1.08,0.21,2.63,0.07,29.96,18.28,29.61,4.22,5.85,16.8,0.09,1.73,0.8,14.37,2.76,788.97,0.45,3.58,5.36,7.92,921.96,31.51,0.02,2.83,21.54,0.5,1.86,463.45,0.35,0.025,2.24,0.52,0.37,0.85,175.34,1.25,14.85,47.65,0,0,0
7121.0,5311.0,1351.0,0.0025,6.71,36.61,943.95,1.88,0.14,0.32,0.06,60.12,0.46,10.74,6.68,0.92,17.77,0.11,2.63,4.8,33.9,0.07,189.27,1.48,1.17,7.47,1.23,63.93,237.48,0.02,2.27,2.67,0.5,3.72,375.25,1.03,0.025,20.55,0.04,2.02,7.34,1.0,0.68,21.28,72.72,0,0,0
7085.0,5361.0,1307.0,0.026,2.03,12.12,286.45,0.25,0.09,0.07,0.08,6.69,3.3,19.51,1.1,1.58,4.37,0.07,0.63,0.84,2.91,0.51,314.65,0.27,0.25,1.24,3.86,245.47,37.39,0.01,19.6,3.78,0.5,0.43,28.58,0.09,0.072,0.78,0.1,0.36,0.32,32.46,0.53,2.84,25.66,0,0,1
7085.137,5361.376,1307.0,0.029,5.37,14.64,1076.26,0.66,0.05,1.41,0.13,23.53,13.77,30.97,2.22,3.4,10.94,0.13,2.2,2.2,11.15,1.46,785.03,0.23,1.03,3.93,9.33,589.39,96.07,0.02,11.75,10.83,0.5,1.01,127.61,0.27,0.025,2.79,0.32,1.04,0.84,98.15,1.75,11.01,80.36,0,0,0
7088.0,5445.0,1267.0,0.0025,9.2,5.79,549.59,0.97,0.05,3.14,0.08,33.47,17.98,35.99,4.69,4.86,20.47,0.16,1.86,1.52,12.53,1.79,940.79,0.35,2.99,7.38,11.71,932.93,54.65,0.02,2.17,17.66,0.5,1.2,437.78,0.45,0.025,2.26,0.53,0.71,0.95,149.76,1.0,13.81,54.67,0,0,0
7000.0,5421.0,1220.0,0.0025,9.05,10.49,254.72,1.21,0.05,5.11,0.09,30.04,20.93,42.03,3.59,5.0,20.74,0.15,1.71,1.69,12.64,1.82,998.48,0.52,2.15,8.03,12.89,980.0,58.95,0.02,5.17,17.04,0.5,1.25,414.55,0.47,0.025,2.94,0.52,1.09,0.71,150.89,1.26,14.18,50.99,0,0,0
6140.26,3753.21,1002.98,0.0025,5.56,2.67,774.23,0.62,0.11,0.29,0.05,39.76,4.43,6.26,4.38,0.86,10.62,0.16,0.18,4.77,17.31,0.04,84.3,3.15,1.06,2.99,1.17,71.36,178.14,0.08,0.48,2.12,0.5,0.65,101.84,0.35,0.025,12.46,0.04,0.93,2.62,3.93,4.39,5.33,3.54,0,0,0
6074.296,3725.401,992.74,0.0025,6.04,6.64,680.97,0.66,0.75,0.33,0.01,45.99,3.71,5.92,3.09,0.88,12.63,0.13,0.22,5.58,19.68,0.06,65.45,1.69,1.11,3.74,2.44,86.08,176.98,0.04,0.76,2.5,0.5,0.75,131.23,0.41,0.025,14.58,0.04,0.86,3.87,6.12,3.12,8.94,4.16,0,0,0
5951.538,3707.239,993.34,0.532,0.75,1107.38,46.23,0.21,3566.14,0.01,0.94,2.48,0.9,16.27,0.45,4.16,3.04,0.09,0.05,0.29,1.37,0.02,56.62,75.56,0.01,0.28,1.01,279.89,16.4,0.05,142.37,0.43,7.49,19.39,1.73,0.025,120.683,0.61,0.01,0.08,0.67,24.4,20.65,0.36,0.5,1,1,1
5939.501,3655.298,1025.64,0.103,0.21,782.87,21.92,0.12,123.85,0.01,0.81,1.02,0.48,19.56,0.2,1.73,1.1,0.07,0.05,0.09,0.55,0.01,43.79,8.72,0.01,0.1,0.71,125.04,4.39,0.05,175.29,0.11,1.05,6.33,1.76,0.025,8.904,0.19,0.01,0.05,0.55,8.43,7.7,0.52,0.25,1,1,1
5740.198,3719.372,979.56,0.0025,0.79,27.47,137.02,0.16,1.54,0.01,0.57,1.72,0.79,20.53,0.94,0.62,1.89,0.06,0.05,0.5,1.06,0.01,107.07,1.57,0.06,0.42,0.91,18.78,17.68,0.03,1.96,0.22,0.5,0.92,12.88,0.025,0.082,0.77,0.01,0.15,0.4,2.94,3.06,0.98,0.25,0,0,1
5745.785,3734.941,977.0,0.0025,4.58,21.15,992.76,0.48,4.69,0.07,0.42,25.31,3.85,8.3,2.54,1.52,9.35,0.08,0.1,3.75,12.88,0.08,249.65,19.9,0.38,2.61,1.15,168.08,121.79,0.02,1.98,1.29,0.5,4.23,107.91,0.31,0.214,6.2,0.06,0.77,2.59,35.2,20.4,4.82,1.64,0,0,1
5747.557,3743.596,962.22,0.076,0.94,46.77,224.22,0.22,1.75,0.01,2.25,4.18,2.2,17.86,1.23,2.64,2.68,0.08,0.05,0.59,2.08,0.01,99.63,7.95,0.08,0.46,1.1,68.91,24.97,0.65,1.91,0.29,1.82,4.63,14.36,0.05,0.326,1.48,0.01,0.16,0.67,4.54,13.22,0.81,0.65,0,1,1
5707.779,3745.325,968.7,0.01,0.23,152.1,51.68,0.1,0.55,0.01,0.13,0.41,1.04,22.74,0.24,0.87,0.79,0.025,0.05,0.16,0.25,0.01,61.01,7.32,0.01,0.1,1.0,21.0,6.25,0.21,9.95,0.11,0.5,0.52,5.14,0.025,0.091,0.18,0.0025,0.07,0.22,1.83,1.3,0.18,0.25,0,0,1
5682.075,3747.497,969.12,0.012,1.13,205.39,132.85,0.28,0.95,0.01,0.78,2.74,1.62,20.7,1.33,2.32,3.81,0.07,0.05,0.6,1.49,0.03,80.74,44.24,0.03,0.88,1.08,113.66,34.83,0.03,9.29,0.59,2.09,2.71,8.21,0.09,0.165,2.7,0.02,0.21,0.94,10.74,10.84,0.9,1.36,0,1,1
7374.0,5248.0,1316.0,0.0025,9.14,2.27,534.93,1.14,0.08,4.15,0.12,31.5,19.46,28.77,2.95,5.09,19.35,0.1,3.45,1.29,15.59,1.78,840.07,1.14,2.01,7.3,8.02,915.62,36.56,0.02,2.31,16.32,0.5,1.03,400.87,0.46,0.025,4.11,0.45,0.45,1.33,160.24,0.85,17.31,124.62,0,0,0
7388.0,5177.0,1308.0,0.0025,10.32,18.66,724.9,0.99,0.36,1.51,0.05,25.17,20.06,38.7,2.59,5.49,18.98,0.18,1.09,2.61,12.14,2.52,1224.94,0.15,2.13,6.29,16.9,1009.9,95.18,0.08,3.76,17.66,0.5,1.11,248.64,0.46,0.05,2.19,0.52,1.34,0.68,124.78,1.97,13.3,37.07,0,0,1
7537.0,5166.0,1320.0,0.0025,8.2,1.44,366.76,1.06,0.17,4.45,0.1,30.86,13.2,25.49,5.33,4.43,16.45,0.18,1.89,1.07,13.87,1.97,770.43,0.26,2.45,6.14,8.23,800.16,60.3,0.02,1.73,12.89,0.5,1.41,496.11,0.38,0.025,2.41,0.45,0.66,0.8,128.11,0.75,14.13,73.03,0,0,0
7555.0,5115.0,1373.0,0.0025,8.09,2.32,860.51,0.94,0.07,2.23,0.05,30.87,19.92,41.53,10.19,5.35,17.46,0.17,1.57,1.95,13.89,1.79,1003.26,0.19,2.48,7.0,17.25,851.82,83.55,0.02,2.36,16.91,0.5,1.0,269.9,0.43,0.025,2.2,0.48,1.11,0.75,137.05,1.32,11.95,50.82,0,0,0
7596.0,5163.0,1381.0,0.0025,7.01,1.55,240.67,0.8,0.06,4.06,0.15,35.27,16.32,30.5,8.36,4.73,17.15,0.15,3.22,1.19,15.03,2.3,1437.58,0.36,1.88,6.14,12.1,862.67,72.76,0.02,2.65,15.89,0.5,1.32,222.71,0.39,0.025,3.41,0.45,0.67,1.03,148.45,1.41,17.88,112.58,0,0,0
7765.0,5021.0,1284.0,0.0025,8.82,1.62,466.46,1.07,0.05,4.65,0.08,30.06,17.27,29.19,2.51,4.57,20.81,0.15,2.72,1.26,12.53,1.55,823.41,1.34,2.19,7.65,10.68,878.72,23.24,0.01,2.03,15.49,1.0,1.16,437.02,0.46,0.025,3.14,0.47,0.27,1.02,148.07,0.65,15.65,98.74,0,1,0
7823.0,4907.0,1274.0,0.0025,12.66,3.18,772.63,1.39,0.05,3.46,0.12,30.76,22.28,47.55,6.05,5.98,22.81,0.14,2.51,1.49,10.3,2.25,1307.45,0.3,2.59,8.76,19.96,1297.77,34.13,0.01,3.73,18.34,0.5,1.65,729.55,0.52,0.075,1.87,0.57,0.8,0.88,166.49,0.64,14.86,63.75,0,0,1
7942.0,4860.0,1215.0,0.0025,10.67,17.12,450.54,1.16,0.05,4.49,0.24,33.28,20.38,46.56,2.16,5.0,22.09,0.17,2.54,1.26,14.21,1.96,989.9,1.21,2.14,8.26,18.25,1097.17,22.1,0.05,3.13,18.36,0.5,1.53,480.94,0.54,0.025,2.48,0.58,0.48,1.06,160.28,0.56,17.13,93.45,0,0,0
7886.0,4822.0,1195.0,0.0025,9.63,7.97,629.79,1.1,0.05,3.68,0.2,29.18,21.81,51.8,3.08,4.88,21.53,0.13,2.49,1.35,14.36,2.08,882.78,1.32,2.03,7.31,16.83,990.66,25.97,0.21,2.09,20.05,0.5,1.43,518.24,0.5,0.025,2.31,0.59,0.58,0.82,166.32,0.76,15.76,81.63,0,0,0
8009.0,4723.0,1132.0,0.0025,5.84,7.2,336.24,0.47,0.22,0.23,0.01,24.52,0.94,49.95,11.35,2.07,16.43,0.07,2.19,0.79,16.89,2.03,335.55,5.51,0.14,4.75,0.91,738.46,45.05,0.57,4.93,11.55,1.05,1.09,158.49,0.36,0.556,5.61,0.43,0.36,1.48,174.43,0.83,5.69,89.2,0,1,1
7437.008,5468.047,1372.0,0.0025,9.88,6.52,568.58,1.3,0.05,4.27,0.08,36.93,17.97,36.07,4.54,4.59,23.01,0.13,2.37,1.35,14.43,1.51,906.28,1.53,1.89,8.08,12.41,898.75,41.74,0.01,2.57,14.29,0.5,1.29,418.6,0.61,0.025,4.77,0.53,0.74,1.18,165.76,0.83,12.69,69.09,0,0,0
7537.487,5489.147,1370.0,0.035,2.03,25.94,306.33,0.34,0.05,5.83,0.31,8.92,5.43,12.88,3.39,1.61,5.19,0.07,0.41,1.0,3.79,0.36,664.81,4.26,0.25,1.24,2.74,170.1,51.54,0.05,19.02,3.47,0.5,0.61,142.6,0.08,0.025,1.01,0.09,0.51,0.32,38.79,0.85,3.84,23.7,0,0,0
7450.437,5620.751,1286.0,0.0025,8.19,4.06,456.19,1.09,0.05,2.83,0.07,34.31,20.4,34.9,6.57,5.09,17.92,0.14,1.51,1.49,14.98,2.09,1044.11,0.42,1.77,6.13,15.18,803.11,75.34,0.15,1.77,16.48,0.5,1.26,346.21,0.51,0.025,3.13,0.45,0.77,0.99,133.37,0.54,13.09,55.97,0,0,0
7513.254,5653.021,1293.0,0.0025,7.68,6.38,303.73,0.94,0.06,2.59,0.07,30.97,16.19,34.27,7.16,5.38,17.35,0.16,2.87,1.22,15.33,1.99,949.42,1.17,1.41,5.51,11.58,752.22,92.79,0.26,2.47,16.61,0.5,1.18,162.04,0.44,0.051,3.85,0.37,0.89,1.23,133.22,0.8,12.71,102.33,0,0,1
7518.399,5690.262,1286.0,0.005,6.04,2.31,243.69,0.72,0.07,2.86,0.07,24.69,19.46,39.07,4.33,4.75,13.98,0.13,2.2,0.91,11.38,2.0,848.7,0.8,1.29,3.86,14.9,498.87,67.83,0.15,1.56,15.86,0.5,0.95,146.51,0.3,0.025,3.23,0.37,0.66,0.82,124.68,0.69,10.91,73.81,0,0,0
7392.36,5724.571,1235.0,0.005,1.56,9.96,85.94,0.3,0.08,2.92,2.06,15.72,3.18,11.91,1.7,1.73,4.17,0.08,0.29,0.41,9.32,0.58,1055.58,0.33,0.02,0.65,2.36,104.04,25.1,0.03,29.11,2.16,0.5,0.77,33.85,0.025,0.025,0.42,0.04,0.23,0.1,32.93,0.46,2.02,8.08,0,0,0
7306.977,5770.591,1186.0,0.007,3.27,12.9,170.37,0.46,0.05,4.94,0.08,15.43,8.8,24.22,4.03,2.42,6.85,0.025,1.16,0.85,8.62,0.77,1016.38,0.37,0.63,2.41,6.71,376.95,59.5,0.3,7.69,8.27,1.0,0.74,73.17,0.19,0.025,1.79,0.18,0.44,0.46,64.42,1.19,7.32,39.45,0,1,0
7295.639,5755.038,1187.0,0.0025,10.97,4.06,738.87,1.33,0.05,3.31,0.09,30.69,23.01,50.15,3.74,4.9,19.91,0.12,2.0,1.63,12.82,2.19,879.08,0.2,3.15,7.53,16.13,1133.59,45.66,0.01,7.08,16.34,0.5,1.35,640.39,0.5,0.025,2.24,0.49,0.91,1.0,172.38,0.62,12.3,48.48,0,0,0
7299.823,5787.374,1183.0,0.0025,8.49,1.17,354.54,0.92,0.05,3.06,0.05,31.36,18.73,38.93,7.33,4.83,16.45,0.12,1.0,1.25,14.43,2.49,1054.42,0.12,2.51,5.76,18.85,884.87,61.61,0.01,1.36,20.35,0.5,1.4,279.06,0.42,0.025,2.48,0.51,0.72,0.62,141.51,0.84,13.35,41.03,0,0,0
5843.894,3519.717,1088.55,0.012,1.57,445.3,280.67,0.18,2.92,0.01,0.15,14.43,0.75,20.82,0.71,1.54,4.01,0.06,0.05,0.76,8.87,0.06,74.55,71.81,0.03,0.74,1.27,74.7,37.09,0.03,11.02,0.94,0.5,5.52,2.88,0.07,0.471,4.84,0.03,0.19,3.7,18.17,11.06,3.11,1.16,0,0,1
5772.328,3350.648,1143.47,0.171,0.66,1602.6,67.52,0.13,5.53,0.01,0.57,9.09,0.48,22.19,0.36,1.91,2.07,0.025,0.05,0.28,4.45,0.02,55.78,7.51,0.01,0.19,1.58,121.4,13.37,0.05,221.3,0.75,1.0,15.83,8.53,0.025,0.717,0.56,0.01,0.07,0.87,15.75,31.82,1.1,0.25,1,1,1
5756.057,3348.502,1143.0,0.054,0.67,1319.9,92.61,0.14,74.06,0.02,0.17,6.52,0.65,15.18,0.43,1.48,1.82,0.025,0.05,0.36,3.17,0.04,45.87,21.44,0.01,0.21,1.03,49.82,14.84,0.1,93.47,0.59,0.5,3.32,2.73,0.025,2.727,0.46,0.01,0.1,0.42,13.6,3.48,1.0,0.25,0,0,1
5734.634,3345.364,1143.99,0.23,0.69,2040.48,53.51,0.15,327.01,0.005,0.31,4.39,0.31,17.83,0.34,1.53,2.12,0.025,0.05,0.31,2.17,0.03,55.07,13.87,0.01,0.19,0.95,79.98,13.84,0.05,346.44,0.62,1.0,6.01,3.64,0.025,11.231,0.6,0.01,0.1,0.28,17.57,2.97,0.54,0.25,1,1,1
5730.086,3349.171,1143.25,0.102,0.4,1477.38,51.09,0.12,820.74,0.005,0.4,2.28,0.72,21.35,0.2,3.22,1.24,0.025,0.05,0.2,0.93,0.01,43.92,19.29,0.01,0.1,1.03,89.5,8.06,0.05,69.33,0.38,2.16,10.14,1.02,0.025,35.554,0.34,0.01,0.05,0.4,13.46,1.84,0.47,0.25,1,1,1
5705.875,3342.532,1138.08,0.309,0.38,1766.77,171.3,0.09,758.95,0.005,1.17,2.39,0.29,22.78,0.25,2.26,1.38,0.025,0.05,0.16,1.18,0.01,53.92,23.5,0.01,0.1,0.87,57.46,8.95,0.1,605.11,0.42,1.0,4.34,1.18,0.025,13.105,0.22,0.01,0.05,0.3,9.41,1.36,0.6,0.25,1,1,1
5674.576,3343.853,1130.0,0.256,1.03,1994.59,76.23,0.2,669.63,0.005,1.19,17.15,2.64,15.37,1.58,4.05,4.2,0.07,0.05,0.5,7.89,0.03,48.93,80.18,0.02,0.3,1.15,180.63,22.09,0.25,130.9,1.32,3.05,20.34,2.49,0.025,20.235,0.81,0.02,0.14,0.98,50.35,8.48,3.17,0.25,1,1,1
5635.487,3346.942,1112.64,0.204,0.61,654.56,60.23,0.11,10.76,0.005,2.06,11.48,1.07,15.82,0.34,3.91,2.41,0.05,0.05,0.26,5.05,0.02,50.93,91.9,0.01,0.21,0.76,73.26,11.44,1.24,28.87,1.2,1.88,22.12,2.15,0.025,0.92,0.26,0.01,0.09,0.78,27.56,2.88,1.29,0.25,1,1,1
5315.348,3201.014,1126.48,0.286,1.12,80.85,99.01,0.3,308.54,0.01,0.2,4.95,0.93,20.86,0.64,4.52,3.55,0.025,0.05,0.51,2.16,0.05,51.49,6.92,0.02,0.53,0.85,238.78,21.36,0.07,19.14,1.04,1.95,22.56,2.33,0.025,37.015,1.11,0.02,0.16,0.38,12.61,25.78,0.61,0.25,1,1,1
5245.175,3347.409,1051.68,0.0025,5.89,10.8,369.95,2.18,0.44,0.79,0.1,68.15,0.88,31.02,17.9,1.56,11.78,0.1,1.54,3.7,33.38,0.07,792.66,1.53,1.94,9.74,1.19,102.2,232.72,0.01,5.51,2.53,0.5,1.63,100.0,1.04,0.025,26.71,0.07,0.83,4.3,3.77,2.4,26.08,44.8,0,0,0
9016.0,5096.0,1190.0,0.0025,8.43,10.41,515.79,1.31,0.07,3.42,0.09,31.76,9.89,13.68,16.57,3.39,18.29,0.1,1.92,2.27,12.36,0.98,642.98,1.0,1.44,6.59,4.5,866.16,98.17,0.09,3.29,11.16,0.5,1.36,295.84,0.41,0.025,5.23,0.34,1.08,1.25,78.51,0.87,11.04,52.22,0,0,0
8949.0,4946.0,1198.0,0.0025,7.96,2.25,350.98,1.26,0.19,2.15,0.05,30.78,13.55,18.48,4.34,3.93,18.92,0.09,2.92,0.69,16.93,1.14,682.71,0.2,3.63,7.39,8.74,875.27,22.69,0.01,1.76,11.9,0.5,1.06,549.95,0.49,0.025,4.24,0.43,0.22,1.53,82.6,0.54,8.52,78.09,0,0,0
8937.0,5192.0,1170.0,0.0025,3.71,8.48,183.31,0.8,0.17,4.63,0.06,15.07,7.42,11.94,6.29,2.28,7.4,0.06,1.26,0.68,6.64,1.96,1052.68,1.2,0.05,2.16,5.81,504.05,37.46,0.02,3.07,6.15,0.5,3.94,108.82,0.15,0.025,2.87,0.11,0.3,2.0,56.64,0.65,7.18,39.03,0,0,0
8940.0,5296.0,1174.0,0.0025,7.98,6.78,638.83,1.3,0.05,3.44,0.09,30.58,8.63,12.44,11.35,3.54,18.96,0.1,1.24,1.72,13.72,0.86,666.14,0.75,2.28,5.74,4.06,752.59,53.8,0.05,0.78,9.9,0.5,1.26,373.06,0.49,0.025,5.01,0.25,0.55,1.22,73.41,0.75,12.55,39.77,0,0,0
8780.0,5308.0,1220.0,0.0025,8.0,7.91,608.56,1.61,0.08,1.48,0.08,45.96,12.76,16.18,1.66,3.63,21.47,0.13,3.37,0.93,19.08,0.96,851.51,1.38,3.87,8.11,3.63,918.41,36.82,0.02,1.04,17.41,0.5,1.45,572.68,0.57,0.025,7.2,0.43,0.4,2.28,121.84,0.77,19.23,103.77,0,0,0
8571.0,5252.0,1239.0,0.0025,7.8,1.31,721.55,1.38,0.05,3.12,0.11,32.51,13.3,11.24,6.16,4.22,19.63,0.1,3.25,2.02,12.84,0.88,767.37,0.24,3.1,8.7,3.04,860.76,61.82,0.05,1.55,15.66,0.5,1.54,405.64,0.58,0.025,6.26,0.46,0.56,1.85,124.31,0.84,13.35,125.79,0,0,0
8439.0,5192.0,1254.0,0.0025,9.34,6.65,535.51,1.16,0.05,2.25,0.11,32.24,17.58,18.84,3.16,5.22,21.37,0.12,1.2,1.14,13.9,1.57,793.6,2.92,2.87,6.45,12.92,860.9,45.94,0.72,1.27,15.34,1.07,1.45,528.46,0.5,0.075,4.41,0.46,0.52,1.1,118.84,1.13,11.64,34.91,0,1,1
8409.0,5162.0,1250.0,0.0025,7.65,6.6,1376.05,1.48,0.14,0.13,0.23,68.4,1.31,2.04,7.07,1.54,15.61,0.13,5.34,2.5,31.75,0.2,377.72,3.67,3.08,12.23,1.14,210.54,123.77,0.01,2.97,4.72,0.5,3.06,245.52,0.92,0.025,18.89,0.11,1.16,5.21,3.04,0.76,25.22,184.77,0,0,0
8400.0,5163.0,1248.0,0.156,10.54,153.63,639.85,1.43,0.05,0.05,0.12,30.28,8.18,21.06,14.63,5.23,20.12,0.12,1.18,4.16,16.41,0.29,758.96,6.57,0.15,7.19,4.91,785.78,208.56,0.04,22.22,17.89,1.0,1.26,24.33,0.48,0.072,4.83,0.46,2.3,1.28,147.71,1.46,10.99,34.34,1,1,1
8227.0,4879.0,1167.0,0.0025,8.48,1.13,375.53,0.77,0.05,4.51,0.09,29.1,22.77,74.62,6.31,5.78,20.21,0.11,1.37,0.74,13.08,1.85,1247.05,0.65,3.09,5.36,28.32,880.4,29.93,0.42,0.7,20.09,0.5,0.72,327.53,0.34,0.025,2.84,0.62,0.33,0.66,184.8,0.54,11.28,37.93,0,0,0
8224.0,4869.0,1157.0,0.0025,7.88,7.57,561.97,1.01,0.59,0.91,0.23,38.41,17.36,23.66,9.69,4.91,20.49,0.11,1.84,1.24,18.02,1.59,719.3,0.8,1.98,6.67,10.38,892.67,48.41,0.26,1.4,14.28,1.0,2.24,236.39,0.49,0.301,5.27,0.47,0.52,1.58,115.62,0.71,16.74,64.71,0,1,1
8013.0,4689.0,1114.0,0.007,0.53,63.64,30.33,0.27,1.8,0.04,0.05,19.78,0.37,47.8,0.82,2.49,1.89,0.06,1.11,0.08,10.26,0.03,51.8,1.66,0.03,3.4,0.88,470.05,4.02,0.04,4.02,3.89,5.71,1.35,18.14,0.14,3.333,3.87,0.35,0.17,0.86,19.8,0.41,4.21,42.0,0,1,1
7969.0,4654.0,1109.0,0.0025,0.52,8.06,28.97,0.19,1.46,0.05,0.05,3.23,0.51,70.91,0.22,1.05,0.71,0.025,1.98,0.02,1.47,0.01,63.44,2.26,0.04,6.24,1.52,69.77,0.65,0.06,1.81,3.04,2.03,4.5,34.33,0.37,0.113,2.85,0.46,0.06,1.05,17.6,0.72,3.56,72.79,0,1,1
7939.0,4564.0,1058.0,0.0025,7.15,18.47,511.6,1.31,0.13,2.25,0.14,35.16,5.56,9.05,8.14,2.26,19.1,0.08,2.04,1.63,15.49,0.74,588.95,0.92,1.73,6.27,3.14,545.81,77.67,0.03,6.12,9.05,0.5,1.8,210.28,0.55,0.025,7.42,0.22,0.81,1.65,47.4,0.84,11.89,60.79,0,0,0
4830.908,3029.586,1298.34,0.0025,6.14,6.24,493.8,2.47,0.24,0.65,0.05,72.11,1.09,19.61,10.58,1.43,13.86,0.06,2.64,4.1,34.94,0.16,259.65,0.58,1.91,8.74,6.1,70.89,232.81,0.01,3.21,2.1,0.5,4.04,115.35,0.91,0.025,28.42,0.06,1.72,6.17,5.31,1.38,22.4,80.02,0,0,0
4845.839,2874.287,1312.0,0.0025,7.09,6.08,425.29,2.07,0.11,0.26,0.06,73.78,0.74,19.93,13.94,1.12,15.25,0.11,3.51,5.03,33.98,0.1,179.86,0.83,2.25,11.06,0.81,79.66,226.44,0.01,2.7,2.39,0.5,2.87,93.81,1.27,0.025,28.99,0.08,1.29,7.76,3.73,1.86,20.1,98.56,0,0,0
4857.822,2887.272,1325.0,0.0025,7.2,6.71,557.02,1.78,0.13,0.15,0.05,79.92,0.59,23.11,11.29,1.09,15.19,0.14,3.23,5.15,39.44,0.05,108.74,1.37,1.87,13.33,0.93,74.99,310.27,0.01,3.94,2.44,0.5,1.63,80.85,1.17,0.025,30.88,0.08,1.01,5.23,4.13,2.11,19.25,97.7,0,0,0
4766.736,2771.936,1333.0,0.0025,5.9,6.87,360.41,2.49,0.13,0.76,1.08,66.92,0.84,35.02,15.23,1.25,18.21,0.11,2.79,3.69,33.31,0.09,404.86,0.93,1.95,12.74,1.1,56.22,220.5,0.01,3.15,1.96,0.5,4.03,89.59,1.15,0.025,26.64,0.07,1.13,5.41,5.97,2.49,19.27,67.71,0,0,0
4837.258,2969.117,1315.0,0.0025,6.29,3.8,534.29,2.58,0.32,0.54,0.22,74.99,0.94,9.22,10.29,1.3,16.75,0.16,4.04,5.9,37.34,0.13,340.21,0.46,1.44,14.54,0.63,74.53,291.15,0.01,2.78,2.16,0.5,2.79,108.97,1.24,0.025,32.45,0.08,1.91,9.12,6.41,1.75,20.07,93.17,0,0,0
5771.154,3427.561,1136.18,0.008,0.51,156.4,40.43,0.16,110.38,0.01,0.34,16.81,2.06,20.35,0.3,1.72,1.55,0.07,0.05,0.24,7.73,0.02,92.71,17.1,0.02,0.2,0.94,158.48,10.96,0.08,12.38,0.42,0.5,2.79,1.6,0.09,6.517,1.54,0.01,0.07,1.42,13.6,4.54,3.1,0.65,0,0,1
8398.0,5926.0,1416.0,0.0025,5.41,2.97,135.34,0.84,0.25,3.25,0.16,36.46,13.09,22.07,2.43,4.46,12.03,0.1,3.51,0.48,18.01,1.98,738.35,1.64,1.85,7.17,7.88,547.8,29.21,0.06,5.61,16.01,1.0,1.17,277.36,0.5,0.025,5.37,0.51,0.25,1.6,114.0,0.68,16.38,141.13,0,1,0
8346.0,5624.0,1396.0,0.0025,9.07,5.83,301.4,0.87,0.18,3.04,0.07,31.6,21.04,37.85,12.52,4.82,16.43,0.14,1.53,0.97,15.77,2.52,1116.24,0.31,3.31,6.32,13.14,1152.34,45.71,0.12,4.63,18.27,0.5,0.97,414.51,0.42,0.025,2.76,0.56,0.5,0.85,171.49,1.39,14.73,54.42,0,0,0
8358.0,5483.0,1364.0,0.0025,10.86,5.95,507.11,1.23,0.12,2.79,0.1,27.08,14.53,21.67,9.3,4.34,17.96,0.11,2.37,1.08,13.02,1.59,969.37,0.48,2.85,5.1,7.39,852.78,34.67,0.27,1.38,17.79,0.5,1.03,462.98,0.39,0.025,3.65,0.47,0.34,1.04,107.55,0.51,13.3,74.18,0,0,0
8332.0,5475.0,1374.0,0.0025,8.26,18.28,337.44,0.82,0.12,0.53,0.13,33.68,5.72,11.34,4.97,2.86,15.4,0.06,1.85,0.94,16.15,0.81,546.99,1.12,3.87,4.71,3.29,590.94,49.71,0.14,3.26,8.69,0.5,1.62,494.89,0.4,0.025,5.2,0.28,0.43,1.47,60.7,1.81,14.36,66.16,0,0,0
8257.0,5550.0,1426.0,0.0025,9.7,5.58,946.6,1.1,0.07,3.48,0.51,32.4,18.87,36.95,8.15,5.11,17.8,0.12,3.0,1.67,13.14,2.32,1412.43,1.24,1.96,6.35,14.34,1030.34,39.3,0.05,4.05,17.82,0.5,1.07,398.97,0.41,0.025,3.21,0.51,0.66,1.07,135.69,1.35,16.93,101.94,0,0,0
8189.0,5453.0,1423.0,0.0025,8.31,5.19,457.89,1.53,0.11,0.81,0.11,55.25,3.4,4.23,15.48,1.99,13.86,0.06,2.39,2.62,33.13,0.32,612.9,0.64,1.87,10.98,1.08,500.58,120.47,0.02,2.79,4.18,0.5,3.26,159.36,0.82,0.025,18.66,0.16,0.98,4.46,21.22,1.41,21.33,63.83,0,0,0
8309.0,5243.0,1325.0,0.0025,7.01,11.24,883.91,1.28,0.05,0.2,0.06,52.23,2.72,5.19,11.11,1.87,13.54,0.05,2.1,2.65,29.33,0.24,518.61,0.7,1.94,9.91,1.42,383.11,151.38,0.02,1.4,3.95,0.5,1.36,156.46,0.87,0.025,17.52,0.15,1.53,3.9,19.77,1.19,19.05,60.61,0,0,0
8240.0,5118.0,1298.0,0.0025,10.43,2.38,489.19,1.37,0.05,4.53,0.27,30.67,18.76,49.39,1.99,4.9,18.33,0.16,3.05,1.17,15.42,1.89,930.84,1.45,1.78,6.74,19.65,1054.73,16.03,0.12,2.22,20.01,1.0,1.23,487.24,0.41,0.025,3.63,0.56,0.33,1.09,174.65,0.5,16.73,117.4,0,1,0
8423.0,5114.0,1244.0,0.0025,7.73,1.51,387.23,1.88,0.05,0.56,0.06,59.39,0.96,2.0,5.49,1.67,16.47,0.05,4.66,2.29,32.4,0.14,382.54,0.36,2.48,10.69,0.84,147.18,110.61,0.03,2.53,4.57,0.5,2.15,112.03,0.83,0.025,15.84,0.09,0.67,3.68,1.04,0.69,19.65,165.74,0,0,0
8565.0,5005.0,1159.0,0.0025,7.78,6.72,497.66,1.17,0.14,3.01,0.09,28.86,6.65,11.83,12.22,2.97,15.53,0.07,1.83,1.66,14.11,0.77,674.85,0.73,1.89,5.58,4.29,593.27,70.99,0.05,1.46,8.06,0.5,1.31,254.75,0.45,0.025,5.68,0.28,0.68,1.51,66.67,0.91,15.19,73.92,0,0,0
8485.0,4846.0,1141.0,0.0025,8.06,0.2,316.54,1.02,0.05,3.83,0.05,32.44,12.88,17.23,14.92,5.01,18.14,0.14,1.3,0.9,16.23,2.14,1037.25,0.68,2.15,5.37,12.36,927.93,41.92,0.02,0.8,14.66,0.5,1.09,345.08,0.44,0.025,3.87,0.48,0.3,0.74,136.29,0.56,10.72,44.25,0,0,0
8460.0,4754.0,1137.0,0.0025,6.26,3.18,802.39,1.58,0.2,0.06,0.05,41.8,0.53,4.98,6.02,1.4,13.88,0.025,3.44,2.76,21.93,0.07,235.69,1.65,2.0,7.39,1.75,138.92,140.95,0.02,1.29,2.9,0.5,2.07,116.96,0.67,0.025,16.16,0.07,1.08,4.06,1.08,1.0,13.51,124.51,0,0,0
8478.0,4706.0,1119.0,0.005,8.41,1.02,755.79,2.03,0.09,2.32,0.05,56.81,9.9,3.22,6.89,4.46,17.95,0.16,3.77,2.77,30.41,0.9,1014.23,1.4,2.44,13.59,0.63,1274.57,132.85,0.03,2.71,15.6,0.5,2.23,347.55,0.94,0.025,10.63,0.53,1.06,2.63,95.35,2.91,26.06,135.73,0,0,0
6876.91,4935.207,1075.0,0.019,7.27,8.73,876.43,0.77,0.58,3.92,0.2,33.1,10.21,37.25,1.16,4.62,14.46,0.16,1.04,2.58,15.22,1.41,1415.67,3.15,1.62,5.45,10.55,985.83,69.68,1.93,2.94,14.93,1.04,1.69,233.39,0.34,0.346,2.66,0.43,0.59,0.64,137.82,2.63,17.28,30.98,0,1,1
6973.099,4908.679,1117.0,0.401,6.76,105.06,488.44,0.76,1.29,2.31,18.81,29.6,12.91,43.82,5.22,7.22,16.62,0.2,1.62,1.83,13.73,1.13,1239.96,4.16,1.5,5.44,9.76,820.8,102.64,2.14,25.12,16.17,3.24,4.45,173.59,0.35,7.092,3.2,0.43,1.4,0.96,124.52,3.67,16.44,51.14,1,1,1
7077.164,4740.719,1070.0,0.019,7.13,36.48,1097.25,1.33,0.19,1.82,0.16,38.1,7.04,13.18,7.06,2.33,16.06,0.07,1.45,2.77,19.64,1.23,682.74,1.57,1.65,5.32,3.68,420.13,126.77,0.24,2.64,7.35,0.5,1.82,198.73,0.42,0.279,6.32,0.19,1.03,1.56,51.26,0.92,16.38,43.52,0,0,1
7130.849,4715.697,1055.0,0.015,9.07,35.33,400.6,1.19,0.36,0.25,1.85,38.66,18.83,15.29,6.82,4.98,18.33,0.12,1.32,1.59,17.25,1.04,2521.38,1.6,0.71,7.56,15.73,473.45,98.52,0.03,11.83,13.85,1.0,1.97,80.33,0.53,1.437,4.94,0.38,1.09,1.48,97.0,2.29,17.66,37.86,0,1,1
7095.31,4683.005,1051.0,0.0025,10.66,19.36,361.83,1.14,0.05,3.53,0.17,30.7,7.57,16.43,10.58,3.78,19.22,0.11,1.06,1.83,12.75,1.25,1470.99,0.76,3.02,6.35,4.76,658.53,110.49,0.23,1.41,12.35,0.5,1.16,317.66,0.46,0.08,3.73,0.38,1.43,0.96,82.15,1.51,14.01,33.53,0,0,1
6933.387,4491.697,959.0,0.0025,8.88,5.25,1306.23,1.33,0.17,1.84,0.7,39.45,6.18,13.22,4.57,3.12,18.61,0.08,0.91,2.59,20.65,0.71,904.85,2.48,2.98,6.52,4.06,477.64,103.48,0.07,3.31,8.77,0.5,1.92,312.57,0.52,0.025,7.17,0.25,1.21,1.96,55.06,1.28,16.17,32.23,0,0,0
7232.238,4423.497,923.0,0.0025,7.96,5.03,513.35,1.29,0.29,2.51,0.89,44.46,5.8,13.37,3.68,2.9,15.76,0.08,1.41,1.38,20.16,0.69,960.18,2.32,2.85,6.97,3.77,464.07,88.08,0.14,4.63,9.99,0.5,1.66,263.63,0.51,0.05,6.58,0.23,0.68,1.92,63.53,1.21,17.36,40.03,0,0,1
7216.168,4546.768,970.0,0.0025,7.92,5.16,666.9,1.32,0.16,3.21,0.12,41.55,5.93,20.93,3.17,3.22,15.85,0.09,1.35,2.04,18.09,0.69,1029.46,3.07,2.16,6.72,3.45,503.4,72.89,0.42,1.72,7.48,0.5,2.26,261.06,0.51,0.131,6.88,0.24,0.67,1.86,48.66,1.04,17.11,43.54,0,0,1
7274.379,4589.765,1006.0,0.0025,6.74,2.63,319.48,2.22,0.09,1.14,0.09,45.45,0.57,17.91,4.59,0.92,14.3,0.025,2.6,2.47,25.97,0.16,148.25,1.72,1.19,7.21,3.54,73.32,117.46,0.12,3.91,2.33,0.5,2.32,94.51,1.14,0.025,23.51,0.03,0.67,7.06,1.04,0.53,13.95,62.26,0,0,0
7321.26,4585.761,1024.0,0.007,7.96,2.85,729.78,1.52,0.09,2.16,0.09,43.55,5.09,16.41,5.42,2.67,16.71,0.09,1.38,2.06,18.56,0.6,664.97,3.74,2.16,5.92,3.57,515.99,109.68,0.25,1.63,7.85,0.5,1.71,184.82,0.53,0.079,7.21,0.21,0.89,1.91,54.95,0.82,17.42,43.41,0,0,1
7549.156,4548.131,1069.0,0.0025,11.74,20.11,650.01,1.15,0.05,2.73,0.01,24.42,11.67,54.27,9.69,6.24,19.86,0.15,0.63,1.86,12.49,1.36,571.31,1.82,2.57,4.74,16.73,831.62,74.63,3.81,5.05,21.83,1.03,0.48,335.75,0.33,0.054,2.05,0.56,0.68,0.64,151.7,1.18,12.09,17.07,0,1,1
7664.31,4557.415,1072.0,0.0025,12.77,34.66,489.82,1.06,0.14,3.04,0.05,25.87,18.73,50.67,1.13,5.67,17.18,0.16,1.32,0.98,12.53,1.9,984.99,1.87,2.83,4.79,17.16,897.58,27.79,0.21,5.44,14.74,1.02,1.12,515.15,0.39,0.108,1.86,0.59,0.33,0.64,194.78,1.11,10.46,30.78,0,1,1
7928.936,4532.386,1060.0,0.0025,7.41,5.93,609.54,1.5,0.1,2.11,0.14,39.85,5.66,7.52,13.1,2.92,17.34,0.07,2.23,2.11,21.28,0.7,559.59,1.14,1.95,6.23,3.99,529.16,79.49,0.12,1.41,7.54,0.5,1.78,216.33,0.52,0.025,7.72,0.22,0.71,2.57,52.37,0.93,16.06,77.53,0,0,0
7683.43,4469.841,1036.0,0.0025,8.79,3.76,574.4,1.35,0.18,2.58,0.13,32.55,6.09,9.08,11.65,2.83,16.11,0.06,1.83,2.19,18.97,0.69,549.82,0.72,2.21,6.49,3.01,477.77,94.42,0.06,0.81,8.55,0.5,1.99,229.02,0.6,0.025,7.84,0.23,0.73,1.72,53.31,1.06,16.58,69.56,0,0,0
7436.362,4377.58,944.0,0.0025,9.03,5.56,447.76,1.46,0.12,2.33,0.09,40.24,5.33,19.71,3.34,2.66,17.5,0.11,1.74,1.82,18.85,0.78,731.06,1.61,2.55,7.32,4.4,555.68,91.21,0.23,1.88,8.35,0.5,1.91,263.41,0.57,0.065,7.28,0.28,0.88,1.81,69.58,1.18,17.46,50.9,0,0,1
8526.9,5998.63,1409.48,0.0025,6.92,2.94,320.87,1.45,0.05,1.99,0.09,43.72,1.97,2.08,7.81,1.63,13.83,0.05,3.26,2.54,23.16,0.16,540.1,1.14,1.44,10.68,1.15,244.91,127.12,0.02,1.28,3.55,0.5,1.31,243.31,0.99,0.025,18.58,0.13,1.1,3.62,11.81,1.22,16.01,111.19,0,0,0
8527.44,5936.09,1379.58,0.029,6.1,561.64,1238.22,0.72,0.2,0.02,0.05,61.83,0.18,3.99,5.07,0.93,11.59,0.025,3.4,4.12,35.44,0.09,46.8,1.9,1.04,7.99,0.71,65.25,163.85,0.03,10.66,3.01,0.5,3.23,55.73,0.77,0.025,20.52,0.05,1.67,4.15,1.0,0.6,17.84,91.94,0,0,0
8475.19,5865.56,1353.28,0.0025,10.7,2.17,456.33,1.22,0.05,5.17,0.07,34.15,14.66,27.44,1.87,5.07,16.71,0.16,3.16,1.31,15.71,1.75,1036.68,1.36,2.1,5.81,8.19,846.11,28.66,0.01,1.44,18.34,1.0,1.07,376.18,0.42,0.025,4.19,0.46,0.26,1.19,143.71,0.84,17.72,121.73,0,1,0
8400.96,5594.5,1351.58,0.0025,9.65,30.51,311.05,0.82,0.05,2.72,0.05,27.79,19.65,52.37,5.01,4.47,19.67,0.05,1.05,1.22,14.1,1.87,559.73,0.18,3.48,6.6,20.8,1097.22,39.65,0.14,1.95,13.78,0.5,0.61,224.42,0.42,0.025,2.55,0.53,0.39,0.65,151.88,1.48,9.1,33.72,0,0,0
8687.14,5293.29,1194.68,0.0025,6.08,22.69,699.77,1.21,0.15,2.67,0.54,44.8,4.7,12.94,13.98,1.78,13.21,0.06,2.53,2.65,25.8,0.34,1287.56,2.67,1.38,7.5,3.22,272.49,129.33,0.18,6.05,5.65,0.5,2.39,143.42,0.72,0.025,12.56,0.15,1.34,3.36,34.79,1.36,18.39,84.27,0,0,0
8435.15,5558.05,1340.28,0.0025,9.96,2.4,255.02,1.0,0.05,4.11,0.05,24.42,19.32,53.63,4.9,4.7,17.24,0.05,2.0,0.32,12.56,2.99,934.84,0.23,2.8,4.72,19.25,647.11,2.79,0.01,0.79,16.08,1.02,1.1,479.31,0.32,0.025,3.76,0.56,0.08,1.11,179.63,0.47,12.6,84.05,0,1,0
8594.05,6007.62,1433.3,0.0025,8.9,11.91,444.81,1.18,0.3,2.92,0.15,39.34,11.44,17.15,10.77,3.95,17.23,0.07,2.41,2.12,20.85,1.32,687.21,1.45,1.95,6.67,5.51,660.31,94.98,1.4,4.56,12.55,1.0,1.67,243.91,0.55,0.161,7.19,0.38,0.97,2.03,97.76,0.82,17.11,103.82,0,1,1
8595.7,5999.6,1428.0,0.0025,8.61,1.08,577.8,1.46,0.05,2.93,0.1,44.52,1.93,1.92,11.95,1.5,14.76,0.07,3.39,3.0,20.84,0.36,633.84,1.68,0.88,9.81,0.59,280.1,105.03,0.03,2.47,3.14,0.5,1.38,200.38,0.85,0.025,15.86,0.13,1.17,5.41,11.81,1.11,16.66,132.0,0,0,0
8618.49,5946.74,1429.29,0.0025,8.39,2.28,887.7,1.13,0.05,1.92,0.05,28.47,15.71,34.82,1.86,4.61,18.78,0.07,1.67,2.27,13.93,2.05,975.54,0.19,3.16,5.07,10.2,939.22,57.38,0.01,2.04,14.81,0.5,0.8,384.57,0.37,0.025,2.49,0.44,0.61,0.96,130.8,0.95,15.98,53.69,0,0,0
8742.03,5767.08,1420.41,0.0025,11.35,7.03,580.13,1.14,0.05,5.21,0.12,31.06,14.64,27.73,0.69,5.1,20.59,0.07,2.72,1.25,16.61,2.06,952.32,1.25,1.97,6.09,6.1,1017.41,20.57,0.005,2.86,16.91,0.5,1.37,636.45,0.42,0.025,3.76,0.56,0.3,1.29,168.44,0.66,16.18,87.38,0,0,0
8630.2,5842.56,1396.0,0.02,0.47,102.33,29.91,0.15,0.05,0.06,0.05,1.73,2.58,36.9,0.66,4.44,3.11,0.025,0.11,0.11,0.5,0.11,465.43,3.03,0.02,0.19,1.63,93.33,4.44,0.55,8.15,0.68,0.5,0.1,6.12,0.025,0.025,0.13,0.01,0.1,0.29,18.32,0.36,0.77,3.4,0,0,0
8556.85,5870.64,1368.65,0.043,5.49,3971.63,797.73,1.35,0.05,0.39,0.07,43.4,0.46,4.37,4.26,0.81,11.38,0.025,2.29,3.87,25.8,0.08,355.71,0.76,0.08,5.11,0.62,81.43,169.03,0.13,11.29,1.04,0.5,1.78,51.49,0.8,0.025,16.67,0.04,1.62,4.39,1.0,0.76,11.52,61.52,0,0,0
8557.7,5871.49,1368.65,0.005,1.61,35.24,120.42,0.62,0.05,8.04,0.11,4.4,2.41,14.87,2.76,0.97,4.69,0.025,0.32,0.74,2.22,0.09,1369.08,0.29,0.03,0.55,1.77,156.26,39.94,0.07,19.6,2.31,1.07,0.2,113.39,0.025,0.025,0.4,0.06,0.36,0.19,42.93,0.87,2.71,7.02,0,1,0
8548.67,5806.69,1341.28,0.0025,7.92,5.85,214.81,0.87,0.05,3.73,0.05,37.91,19.42,36.13,4.81,4.7,15.54,0.16,1.65,1.08,16.7,1.97,967.05,0.15,3.52,6.45,12.42,930.21,51.03,0.06,2.56,18.95,0.5,2.09,388.6,0.44,0.025,2.67,0.55,0.47,0.65,122.91,1.4,13.19,53.83,0,0,0
8524.72,5764.64,1333.57,0.0025,8.99,2.7,972.35,0.89,0.05,3.44,0.06,31.15,18.39,31.18,6.88,5.18,19.54,0.15,1.07,1.66,15.35,2.26,877.54,0.14,2.81,5.63,10.94,865.32,72.29,0.04,2.31,17.52,0.5,3.23,399.13,0.42,0.025,2.34,0.54,0.65,0.42,138.68,1.47,14.89,31.5,0,0,0
8579.84,5678.53,1304.19,0.006,5.9,258.89,443.0,1.26,0.05,0.01,0.01,43.43,0.39,1.89,6.9,0.91,13.05,0.07,2.83,2.75,25.2,0.12,183.09,1.4,0.08,6.85,0.38,56.02,112.18,0.01,8.63,2.26,0.5,1.47,7.57,0.66,0.025,17.08,0.05,1.01,3.31,1.0,0.5,13.11,76.37,0,0,0
8567.52,5620.21,1297.17,0.0025,7.82,5.39,615.66,1.27,0.16,3.09,0.13,40.15,7.1,8.9,10.07,2.81,17.31,0.12,1.89,1.99,21.03,0.68,736.01,2.04,1.63,6.59,3.61,477.44,127.53,0.05,2.01,7.77,0.5,1.98,90.04,0.48,0.025,8.61,0.2,0.96,1.99,55.84,1.23,16.38,68.37,0,0,0
8605.53,5590.24,1286.7,0.005,3.11,19.93,177.32,0.52,0.12,2.1,3.37,16.22,3.67,13.18,4.1,1.5,6.31,0.07,0.84,1.01,7.35,0.33,686.34,2.58,0.67,2.87,3.14,318.82,70.27,0.1,5.81,4.12,0.5,0.81,55.33,0.22,0.025,3.17,0.13,0.62,0.74,36.37,0.96,6.8,33.34,0,0,0
8730.17,5566.78,1299.12,0.006,1.19,15.97,106.66,0.39,0.05,9.85,5.91,5.48,2.82,14.97,1.98,1.04,2.37,0.025,0.18,0.53,2.44,0.13,1329.28,2.59,0.05,0.76,2.74,128.51,25.7,0.15,39.48,2.11,1.0,1.57,211.99,0.05,0.066,0.51,0.06,0.3,0.2,17.17,0.73,2.13,10.37,0,1,1
8756.96,5544.4,1312.57,0.056,4.91,84.25,552.28,0.99,0.07,1.26,123.08,20.79,11.28,18.18,13.72,3.54,9.69,0.05,1.32,2.54,8.34,0.51,1871.25,9.08,0.06,3.52,4.74,621.81,130.93,0.81,82.2,7.69,3.04,0.67,36.52,0.25,0.112,2.49,0.3,1.38,0.67,92.42,5.89,8.29,59.91,0,1,1
8769.0,5532.67,1306.81,0.0025,1.0,29.05,223.74,0.35,0.05,1.95,0.4,3.08,1.78,23.89,2.06,0.75,1.92,0.08,0.21,0.54,1.59,0.09,1071.67,1.38,0.02,0.54,1.81,92.03,32.14,0.03,35.14,1.66,0.5,0.31,23.63,0.025,0.025,0.34,0.04,0.33,0.11,17.16,0.63,2.04,5.09,0,0,0
8843.59,5477.65,1277.49,0.0025,5.11,27.86,1375.98,0.88,0.05,0.02,0.06,35.17,0.61,4.37,3.9,0.78,8.93,0.05,2.05,4.71,23.61,0.09,79.53,1.26,0.15,5.11,0.5,59.97,182.05,0.005,2.47,1.1,0.5,1.75,35.59,0.75,0.025,15.63,0.05,2.84,3.11,3.09,0.58,8.03,60.37,0,0,0
8895.97,5503.07,1276.82,0.09,8.46,3.12,525.15,1.17,0.05,4.54,0.11,32.72,15.2,25.36,1.38,5.17,19.13,0.06,2.17,1.27,14.98,1.79,908.04,1.0,2.44,5.34,9.99,904.01,27.34,0.005,4.03,16.14,0.5,1.34,461.58,0.39,0.025,4.01,0.51,0.36,1.52,154.56,0.69,16.97,91.86,0,0,0
9047.21,5033.1,1213.31,0.0025,8.64,1.91,668.1,1.1,0.05,2.57,0.07,37.71,12.29,29.29,15.77,3.85,18.04,0.08,1.99,1.66,17.67,1.43,568.1,0.74,2.9,5.1,11.28,873.55,52.66,0.005,1.69,9.26,0.5,0.92,369.43,0.48,0.025,4.59,0.4,0.62,1.63,95.56,0.83,9.91,68.24,0,0,0
13420.369,7979.213,1461.0,0.008,8.33,3.75,580.54,1.27,0.06,3.09,0.08,37.84,11.08,12.49,9.21,4.14,18.98,0.14,0.93,1.98,17.74,1.36,433.22,1.31,2.53,7.34,4.68,701.4,90.65,0.24,2.0,13.39,0.5,1.44,313.74,0.54,0.064,10.49,0.39,0.65,2.3,91.75,0.82,18.29,30.34,0,0,1
13423.401,7979.578,962.0,0.011,9.35,2.79,620.15,2.07,0.05,5.48,0.1,66.93,16.89,45.06,11.55,4.49,21.79,0.18,0.96,2.33,33.11,1.9,727.49,4.5,1.15,16.62,26.4,851.6,82.53,0.89,1.58,15.65,1.0,1.51,377.3,1.07,0.097,9.38,0.53,0.79,2.08,128.68,1.06,27.14,22.68,0,1,1
13401.108,7930.185,1451.0,0.015,9.8,1.57,596.87,2.38,0.05,5.28,0.33,65.23,16.78,59.68,12.9,5.8,25.06,0.17,0.74,2.48,26.09,1.24,576.26,12.34,0.69,15.39,30.67,926.97,93.34,0.39,0.79,19.39,1.08,1.1,410.9,0.96,0.05,9.77,0.49,0.96,2.54,152.69,1.7,22.61,21.54,0,1,1
13415.978,7867.289,1457.0,0.071,8.46,2.19,150.77,0.99,0.34,2.78,0.1,62.4,1.97,18.72,7.69,2.18,16.53,0.2,0.77,1.24,34.46,0.87,379.24,0.66,2.54,9.52,8.28,476.13,87.2,0.02,4.24,9.84,0.5,1.76,158.38,0.69,0.251,8.25,0.35,0.99,1.54,91.97,1.02,25.65,19.21,0,0,1
13481.987,7834.53,1461.28,0.093,2.71,262.29,102.2,0.51,0.76,6.86,14.21,38.28,1.63,16.18,5.53,2.62,6.03,0.11,0.37,0.81,19.81,0.18,771.53,1.34,0.04,2.42,3.3,165.18,57.79,0.24,60.6,8.98,3.0,2.78,33.11,0.17,0.742,2.64,0.11,0.66,0.7,42.32,0.79,20.48,7.49,0,1,1
13481.737,7834.28,1461.28,0.01,5.99,55.74,183.02,1.04,3.2,1.69,1.29,16.51,1.46,31.25,7.43,1.48,13.69,0.07,0.54,1.63,7.72,0.53,335.23,0.8,0.16,7.98,5.47,550.75,105.99,0.05,8.74,8.49,0.5,3.98,24.84,0.55,2.246,6.25,0.34,0.98,1.06,96.83,1.64,15.94,13.41,0,0,1
13432.143,7643.936,1456.0,0.0025,8.05,2.68,219.04,1.07,0.05,5.02,0.12,25.66,21.66,15.45,14.39,5.79,19.01,0.09,2.9,0.72,12.53,1.96,1072.77,1.39,2.63,7.31,7.1,1046.88,24.5,0.19,3.72,25.19,1.06,1.4,449.39,0.38,0.025,2.79,0.62,0.28,0.88,197.26,0.59,18.88,96.9,0,1,0
13292.89,7617.222,1431.0,0.0025,6.49,10.65,304.44,1.81,0.06,2.3,0.45,41.6,6.57,13.17,8.78,2.5,16.51,0.07,1.77,2.09,21.75,0.49,882.23,0.68,1.73,7.86,8.32,485.69,106.53,0.01,4.48,6.43,0.5,2.8,141.54,0.63,0.025,9.91,0.19,0.9,2.18,41.84,1.09,15.34,49.52,0,0,0
13162.24,7721.219,1399.0,0.132,5.22,3269.17,376.67,0.92,0.11,0.03,0.5,22.15,5.36,19.59,9.77,2.68,11.36,0.025,1.09,1.57,11.22,0.29,358.09,7.01,0.1,4.74,4.69,258.13,88.87,0.27,120.47,10.73,0.5,0.84,16.03,0.3,0.025,4.49,0.21,0.98,0.81,68.48,1.65,6.16,35.87,1,0,0
13093.248,7644.019,1383.0,0.0025,7.39,32.25,362.4,1.12,0.05,2.97,0.23,61.69,17.7,28.36,10.95,4.05,16.95,0.11,2.05,1.69,29.72,0.7,749.13,0.62,1.5,10.09,9.09,856.09,80.46,0.03,14.88,15.95,0.5,2.34,105.52,0.64,0.025,7.77,0.48,0.69,1.69,112.39,1.67,19.86,67.21,0,0,0
13082.933,7638.933,1385.0,8.391,6.05,4470.81,146.92,1.1,147.36,0.66,12.19,38.08,2643.08,57.38,2.21,5.07,17.71,0.08,1.21,0.36,17.42,1.01,428.69,4.21,0.42,10.06,21.06,667.12,17.62,0.75,135.66,13.03,5.42,9.72,110.29,0.68,21.726,7.4,0.37,0.2,0.85,99.95,1.05,13.42,34.53,1,1,1
13083.354,7638.403,1385.0,16.681,5.53,4980.71,172.42,1.01,149.7,0.87,99.28,29.64,2619.75,40.25,6.88,11.92,18.76,0.15,1.33,0.86,14.96,0.78,749.2,4.78,0.18,5.33,40.75,580.01,48.16,7.4,546.78,12.11,10.64,19.07,60.78,0.32,21.999,4.6,0.29,0.81,0.75,94.1,1.19,9.88,68.99,1,1,1
13082.343,7639.524,1385.0,0.039,7.06,227.16,556.22,1.23,0.1,2.03,3.54,50.42,12.6,29.14,14.2,3.23,14.42,0.12,2.17,2.46,25.57,0.47,516.59,2.22,0.44,6.64,5.88,775.68,125.28,0.21,26.15,14.48,0.5,5.03,47.82,0.51,0.053,7.1,0.46,1.25,1.44,99.77,1.72,10.81,69.01,0,0,1
12229.128,7710.341,1386.0,0.0025,7.6,2.73,501.67,1.34,0.07,3.44,0.09,32.04,17.08,13.51,6.91,4.72,18.68,0.08,2.66,1.6,16.08,1.27,1171.49,1.06,3.06,7.77,4.83,863.91,62.74,0.01,2.28,12.97,0.5,1.49,350.65,0.64,0.025,7.29,0.44,0.41,1.93,124.9,0.65,16.35,111.05,0,0,0
12105.873,7738.184,1388.0,0.005,7.88,2.26,382.98,1.03,0.05,3.6,0.05,34.25,24.99,41.96,3.22,5.65,19.67,0.09,2.65,0.48,14.4,1.99,760.99,0.34,2.76,7.57,12.99,954.94,13.22,0.01,2.08,13.27,0.5,1.34,241.33,0.42,0.025,3.4,0.52,0.18,0.91,147.67,0.58,11.95,102.71,0,0,0
12729.132,7543.819,1356.0,0.0025,6.7,1.72,686.41,1.75,0.05,2.39,0.06,58.5,9.45,32.75,12.5,3.22,18.05,0.1,2.6,1.97,28.65,0.42,501.16,0.86,1.64,9.44,5.67,481.48,76.16,0.02,11.37,16.14,0.5,1.86,169.7,0.53,0.025,9.22,0.32,0.52,2.26,73.04,0.76,19.86,74.95,0,0,0
11986.986,7930.563,1364.0,0.0025,9.09,7.67,4631.6,0.9,0.05,0.67,0.14,54.79,7.0,4.21,10.5,3.62,19.95,0.11,2.22,1.81,35.44,0.1,535.91,1.36,3.47,7.39,1.31,1476.0,84.74,0.13,2.57,6.44,0.5,1.51,167.31,0.49,0.025,4.06,0.28,0.58,0.96,30.5,0.75,31.67,77.85,0,0,0
11927.252,8062.049,1349.0,0.0025,8.31,1.73,577.8,1.14,0.05,4.75,0.05,29.04,17.94,34.97,9.12,4.96,25.59,0.1,2.63,1.08,14.33,1.59,716.11,0.59,2.85,7.27,8.91,1078.13,20.21,0.04,1.15,16.45,0.5,1.38,530.51,0.41,0.025,2.61,0.56,0.27,0.81,171.69,0.53,14.87,85.48,0,0,0
11905.722,8212.004,1269.0,0.0025,8.79,3.73,548.16,1.13,0.05,4.44,0.18,30.35,16.29,28.36,9.93,5.46,23.24,0.12,2.82,0.88,14.18,1.71,926.79,0.94,2.92,8.42,9.04,956.22,24.46,0.01,1.67,18.41,0.5,1.62,647.78,0.46,0.025,2.38,0.49,0.36,0.86,160.02,0.47,15.74,86.85,0,0,0
13273.551,7773.733,1386.92,0.0025,7.11,16.68,207.12,1.62,0.42,2.85,0.19,34.28,7.05,11.65,12.16,3.28,18.1,0.06,1.39,1.86,12.82,0.28,527.74,1.0,1.08,7.01,6.06,519.86,66.4,0.04,5.82,5.68,0.5,2.45,96.97,0.55,0.111,7.47,0.19,0.71,1.75,43.4,0.99,10.02,39.91,0,0,1
13273.051,7774.233,1386.92,0.211,5.52,495.9,64.31,1.07,356.22,0.23,0.72,37.29,2.89,111.89,5.0,3.52,19.41,0.07,1.16,0.65,18.13,0.66,147.83,2.75,0.35,9.94,21.12,603.8,39.69,0.35,161.53,10.03,3.23,7.27,52.1,0.58,59.998,7.25,0.31,0.46,1.35,68.95,2.27,14.54,39.75,1,1,1
13272.551,7774.733,1386.92,0.005,6.23,14.9,160.76,1.39,0.73,3.7,4.46,27.88,5.74,9.58,10.47,2.58,16.71,0.05,1.29,1.36,13.44,0.26,577.19,1.34,0.93,6.44,5.9,460.64,47.25,0.02,6.03,4.08,0.5,2.46,93.93,0.5,0.151,6.23,0.16,0.62,1.64,30.45,0.64,11.35,39.76,0,0,1
13208.56,7703.28,1397.28,0.136,3.86,1185.86,236.01,0.83,0.62,0.08,0.44,21.59,1.16,19.03,7.94,1.33,9.28,0.025,0.63,1.31,10.56,0.17,81.65,7.2,0.07,3.93,3.53,262.89,62.07,0.02,54.5,3.04,0.5,1.59,19.94,0.27,0.16,4.62,0.11,0.55,0.98,23.27,0.65,6.31,23.64,1,0,1
12626.487,7964.014,1250.32,0.009,7.82,74.32,394.9,1.28,0.84,2.86,8.77,52.79,29.29,62.11,5.24,4.28,20.57,0.14,1.41,1.64,29.99,1.02,749.04,0.86,2.8,10.24,15.71,961.97,80.19,0.07,64.71,19.03,4.18,2.47,231.0,0.56,0.077,8.49,0.58,0.6,1.16,174.21,4.61,24.12,46.46,0,1,1
12269.916,8235.052,1215.39,0.0025,8.5,4.34,347.04,1.1,0.05,2.59,0.08,47.36,18.93,17.29,7.78,3.85,18.29,0.13,1.95,1.14,27.01,0.59,818.6,0.61,3.52,7.06,8.07,764.74,49.18,0.06,4.23,14.33,0.5,6.67,255.59,0.56,0.025,6.46,0.37,0.59,1.31,115.69,1.8,19.33,81.44,0,0,0
11929.28,8279.309,1212.58,0.0025,5.65,226.81,192.7,1.31,0.05,0.04,0.06,33.63,0.22,3.78,9.2,0.63,11.88,0.06,3.4,2.68,23.49,0.12,59.72,1.85,0.04,6.42,0.4,73.4,154.49,0.005,26.04,2.01,0.5,1.52,3.94,0.73,0.025,16.83,0.07,1.53,3.64,1.85,1.37,9.38,91.32,0,0,0
9938.961,7979.888,1098.0,0.0025,8.33,4.14,200.45,1.0,0.05,1.63,0.1,33.26,10.92,4.64,3.92,4.24,15.7,0.1,2.63,0.55,15.15,1.48,869.2,0.66,3.55,7.64,1.46,1212.99,23.35,0.03,9.96,12.7,0.5,1.27,248.37,0.56,0.025,4.22,0.42,0.33,1.16,91.98,0.76,20.87,124.44,0,0,0
10024.459,7725.949,1171.0,0.0025,8.33,4.68,655.63,1.01,0.32,1.76,0.16,36.92,14.26,18.74,6.73,3.8,20.77,0.11,2.51,1.36,18.34,1.29,847.32,0.57,3.29,6.96,7.58,862.47,61.59,0.03,1.56,13.33,0.5,1.75,297.99,0.53,0.113,5.04,0.39,0.71,1.78,99.66,0.72,14.41,83.19,0,0,1
10081.898,7779.689,1124.1,0.0025,5.85,1.73,360.32,1.41,0.2,1.17,0.27,53.72,0.95,6.39,5.53,1.23,12.03,0.11,4.32,1.43,29.76,0.15,341.68,1.26,1.51,9.65,0.67,73.96,64.3,0.005,3.34,3.18,0.5,3.13,253.9,1.04,0.025,18.44,0.08,0.51,5.1,1.02,1.58,26.75,134.24,0,0,0
10176.204,7722.378,1176.0,0.0025,7.06,3.69,268.07,1.02,0.05,1.79,0.06,33.75,14.83,11.85,6.11,4.64,15.78,0.1,3.16,1.13,16.69,1.86,674.05,0.46,2.68,6.52,5.24,786.61,55.54,0.04,1.61,13.48,0.5,1.22,199.64,0.6,0.025,9.35,0.41,0.28,2.44,100.94,0.75,18.34,111.39,0,0,0
10722.304,7925.479,1305.0,0.0025,7.15,4.7,779.56,1.61,0.25,1.44,0.15,63.7,6.02,11.95,11.55,2.7,15.35,0.13,5.62,2.88,31.85,0.55,546.25,1.1,1.6,11.16,3.27,393.46,126.79,0.02,2.64,9.05,0.5,3.04,177.28,1.04,0.025,18.48,0.22,0.99,5.73,45.14,1.28,26.77,180.29,0,0,0
10960.155,7735.912,1336.0,0.0025,7.98,57.43,250.25,1.04,3.43,0.04,0.05,43.97,0.36,12.21,15.38,2.13,14.43,0.12,3.6,2.73,20.59,0.3,47.39,8.07,0.06,8.9,1.48,279.52,171.6,0.02,15.41,10.11,2.76,3.75,29.59,0.78,0.779,13.74,0.28,1.44,3.73,74.83,2.84,18.08,122.31,0,1,1
10975.154,7744.34,1346.0,0.0025,6.16,8.07,724.88,1.5,0.17,5.68,0.4,60.2,1.45,4.27,11.97,1.53,14.13,0.11,4.72,2.35,35.69,0.32,563.5,5.79,0.18,10.76,0.33,100.14,135.72,0.09,4.15,2.86,0.5,4.32,82.31,0.94,0.025,20.86,0.08,0.85,5.69,4.95,3.3,25.98,122.93,0,0,0
10977.125,7720.589,1344.0,0.0025,8.95,3.33,277.91,1.16,0.05,3.41,0.08,42.54,12.24,9.37,18.24,4.29,17.94,0.11,4.81,0.61,21.55,1.73,771.26,0.51,2.99,7.96,3.68,853.02,24.0,0.02,1.45,15.39,0.5,1.84,430.4,0.65,0.025,10.29,0.41,0.3,3.68,109.74,0.9,21.37,177.74,0,0,0
11057.485,7814.044,1351.0,0.0025,7.32,0.83,1228.14,2.15,0.06,0.5,0.05,78.79,1.38,9.72,6.16,1.66,17.14,0.14,4.34,4.5,34.89,0.1,349.02,5.35,2.16,12.88,1.02,113.65,213.32,0.01,1.18,3.55,0.5,3.84,153.66,1.27,0.025,23.87,0.1,1.18,6.31,5.85,2.45,23.64,151.11,0,0,0
11032.974,7844.365,1359.0,0.0025,7.87,4.91,861.28,1.96,0.09,1.54,0.23,54.84,5.35,10.01,10.07,2.39,17.06,0.13,4.59,3.24,29.24,0.45,475.35,1.59,2.49,9.82,3.13,402.73,144.85,0.01,6.01,7.44,0.5,3.08,155.98,0.95,0.025,15.9,0.21,0.92,5.29,40.96,2.14,27.98,145.23,0,0,0
11178.51,7648.406,1289.0,0.0025,6.29,2.03,758.12,1.67,0.05,1.43,0.17,70.86,1.6,23.75,7.69,1.32,14.9,0.12,4.05,3.34,39.15,0.11,542.25,3.15,1.33,11.61,2.98,130.32,186.94,0.01,4.15,3.59,0.5,2.67,90.56,1.13,0.025,22.86,0.11,1.23,6.4,5.96,2.2,23.4,133.87,0,0,0
11613.932,7840.834,1303.0,0.0025,5.97,1.26,3632.42,1.87,0.21,1.33,0.11,68.06,0.91,3.71,9.94,1.35,16.29,0.13,6.11,4.1,40.38,0.19,336.91,1.14,0.21,12.39,0.45,84.68,160.51,0.05,1.66,3.5,0.5,3.79,89.26,1.15,0.025,24.74,0.1,1.27,7.8,2.19,0.98,31.68,141.04,0,0,0
11612.946,7838.838,1303.0,0.0025,7.22,13.26,652.58,1.1,0.05,2.61,0.16,38.14,14.58,14.43,5.46,3.01,15.35,0.11,2.44,1.62,17.21,0.97,835.76,3.84,3.14,7.57,6.24,748.93,56.09,0.04,4.1,11.79,0.5,1.41,256.91,0.6,0.025,6.77,0.37,0.47,2.47,90.39,0.85,18.44,92.39,0,0,0
10349.502,7840.799,1133.68,0.0025,6.88,1.32,681.3,0.99,0.005,2.21,0.05,30.26,11.06,5.45,6.02,4.14,15.18,0.1,1.98,1.59,13.01,1.3,753.69,0.43,2.25,5.85,2.3,597.53,54.12,0.01,2.47,11.38,0.5,1.43,262.31,0.56,0.025,7.98,0.31,0.39,2.06,92.37,0.97,15.38,65.17,0,0,0
10374.323,7964.097,1158.44,0.0025,6.65,2.26,824.33,1.91,0.08,0.4,0.07,72.71,1.07,12.5,4.26,1.83,16.0,0.14,4.91,4.18,40.02,0.05,349.61,3.72,2.86,12.33,1.35,75.01,216.15,0.01,3.33,3.0,0.5,3.62,117.18,1.39,0.025,21.48,0.08,1.06,7.59,1.9,1.86,25.96,144.46,0,0,0
10432.228,8005.492,1206.58,0.0025,6.67,2.17,947.39,2.04,0.15,0.27,0.08,62.11,1.07,6.38,4.82,1.32,15.67,0.14,5.91,3.77,36.85,0.04,355.12,3.62,2.85,11.48,0.77,73.81,181.18,0.01,3.86,3.59,0.5,4.01,85.73,1.11,0.025,22.57,0.08,1.1,6.88,1.99,1.3,26.42,161.89,0,0,0
10496.96,7999.158,1253.83,0.034,4.39,131.84,188.01,1.57,0.58,0.01,0.08,51.68,0.7,4.74,9.21,3.32,11.19,0.09,4.07,1.99,29.44,0.08,165.86,51.66,0.04,8.04,0.83,108.64,122.15,0.01,33.21,2.31,0.5,2.82,4.77,0.84,0.025,17.36,0.06,2.54,7.26,2.06,4.11,15.91,110.7,0,0,0
10628.872,7928.656,1257.61,0.0025,5.89,34.72,141.14,1.67,0.05,2.02,0.11,64.59,0.97,2.86,11.19,1.16,15.11,0.11,5.42,2.86,37.43,0.09,484.41,0.95,0.03,12.63,0.36,65.54,171.73,0.005,12.38,3.42,0.5,2.95,25.39,1.27,0.025,25.62,0.09,1.12,5.63,2.17,2.17,32.22,148.42,0,0,0
10736.057,8016.064,1271.95,0.0025,8.13,4.16,493.47,1.17,0.05,4.6,0.09,37.74,19.67,40.66,6.7,5.38,20.03,0.11,3.85,1.47,15.18,1.88,972.52,1.09,2.64,6.94,9.44,894.72,39.41,0.03,3.55,20.39,0.5,1.47,400.15,0.49,0.025,5.47,0.5,0.33,1.46,156.47,0.86,19.46,141.13,0,0,0
10918.725,7958.742,1309.56,0.0025,6.7,2.16,1063.55,2.06,0.15,0.19,0.09,75.91,1.36,3.79,2.97,1.64,15.01,0.14,6.87,4.35,38.82,0.09,332.99,2.26,2.57,14.11,0.76,122.04,208.89,0.005,2.36,3.95,0.5,3.83,86.29,1.33,0.025,23.97,0.11,0.89,7.75,5.34,1.68,33.66,210.26,0,0,0
11193.267,7771.686,1286.77,0.0025,8.33,7.77,1352.62,1.33,0.05,1.99,0.12,61.39,5.23,4.74,9.79,3.29,15.47,0.19,3.83,3.15,28.47,0.4,740.76,0.83,2.78,12.38,1.27,725.78,134.54,0.02,14.56,8.08,0.5,1.21,148.81,0.82,0.025,9.58,0.27,0.53,2.2,21.82,1.08,21.11,129.45,0,0,0
11263.732,7832.584,1230.37,0.0025,7.75,2.33,1408.32,1.42,0.05,2.49,0.11,50.84,4.61,4.15,5.87,2.6,18.47,0.11,3.21,2.88,24.78,0.33,912.05,1.51,3.19,12.52,0.95,794.15,108.17,0.02,4.07,8.29,0.5,3.25,153.39,0.89,0.025,6.94,0.26,0.65,1.81,31.29,1.57,16.19,108.56,0,0,0
11252.733,7997.779,1209.82,0.0025,7.95,2.52,106.25,1.12,0.05,4.94,0.05,28.18,15.84,25.72,0.86,4.93,19.6,0.09,2.47,0.31,14.69,1.34,816.53,0.69,3.17,6.49,12.64,727.74,6.69,0.005,1.5,13.93,0.5,1.22,320.03,0.64,0.025,5.62,0.44,0.13,1.88,130.48,0.92,13.83,82.63,0,0,0
10543.592,7645.832,1239.0,0.0025,8.28,0.52,816.33,1.11,0.005,2.71,0.05,30.5,5.48,4.89,18.08,3.49,18.01,0.09,2.31,2.44,16.37,0.96,1290.65,0.37,2.17,5.91,1.31,604.65,98.0,0.01,4.48,11.41,0.5,0.39,305.91,0.62,0.025,8.56,0.32,0.86,2.34,49.82,1.0,18.91,83.71,0,0,0
10469.84,7559.584,1233.0,0.0025,7.51,2.19,382.13,1.07,0.2,3.02,0.15,40.54,9.56,16.13,9.88,3.62,19.38,0.11,2.61,1.11,21.62,1.48,802.25,0.41,2.56,6.31,5.07,748.35,55.6,0.02,0.84,13.08,0.5,1.74,418.56,0.54,0.025,7.54,0.35,0.6,2.31,81.76,0.79,19.82,97.4,0,0,0
10784.418,7619.256,1283.0,0.0025,7.22,6.44,690.47,1.0,0.05,4.66,0.11,27.16,14.53,9.68,7.73,4.47,18.42,0.09,3.24,1.32,11.47,1.66,1089.64,1.35,2.14,6.98,4.52,832.56,22.42,0.05,1.13,13.74,0.5,1.36,342.46,0.59,0.025,4.68,0.42,0.44,2.07,133.51,0.8,15.69,107.59,0,0,0
11329.408,7444.62,1286.0,0.0025,6.14,2.62,538.75,0.96,0.07,3.08,0.06,27.3,17.22,9.39,4.48,5.1,15.84,0.1,2.76,0.65,12.49,1.46,1230.28,1.23,1.95,5.12,5.15,620.73,33.28,0.06,3.58,12.96,0.5,1.28,342.29,0.46,0.025,5.06,0.37,0.39,1.7,121.64,0.68,20.02,108.46,0,0,0
11665.294,7865.684,1314.0,0.0025,0.23,2.35,10.22,0.29,0.05,15.72,0.05,1.99,1.42,1.93,1.43,0.52,0.65,0.025,0.1,0.04,1.0,6.86,5340.69,0.19,0.01,0.18,0.22,650.15,1.93,0.02,2.8,0.45,0.5,0.27,238.16,0.025,0.025,0.33,0.01,0.05,0.1,9.62,0.1,2.37,3.57,0,0,0
11812.595,7970.995,1357.0,0.0025,8.32,1.53,1470.03,1.43,0.05,2.64,0.12,32.04,11.92,10.22,15.28,4.67,19.96,0.1,2.65,3.46,14.2,0.83,1152.11,0.33,2.63,8.07,3.01,1299.79,69.65,0.02,0.86,9.07,0.5,2.08,395.61,0.53,0.025,2.95,0.45,0.76,1.18,76.18,0.95,17.8,99.78,0,0,0
13637.0,7880.0,1442.0,0.0025,8.63,9.36,740.51,2.01,0.12,0.73,0.19,59.93,16.01,35.04,6.56,4.76,20.7,0.11,1.78,1.83,34.33,0.87,742.22,0.42,2.54,10.94,10.98,713.92,100.53,0.04,3.82,17.63,1.0,2.06,214.16,0.71,0.025,6.37,0.62,0.67,1.33,120.65,0.89,25.45,65.82,0,1,0
13563.0,7802.0,1468.0,0.0025,8.09,3.17,668.38,1.8,0.21,3.56,0.21,64.54,16.96,38.28,11.72,5.97,21.85,0.14,1.0,0.91,29.62,2.11,441.99,1.61,2.56,12.45,17.27,1053.18,41.47,1.31,5.65,16.65,3.19,2.25,476.4,0.73,0.096,6.14,0.5,0.55,0.95,98.96,1.17,27.27,55.11,0,1,1
13568.183,7743.042,1492.0,0.143,0.28,92.99,10.4,0.14,1.92,1.46,23.69,1.53,1.0,17.05,1.58,1.01,1.91,0.22,0.05,0.06,0.82,0.02,305.02,0.53,0.02,0.05,1.51,69.2,3.97,0.04,27.62,0.21,1.0,0.84,17.9,0.025,0.975,0.09,0.0025,0.05,0.18,3.15,0.05,1.08,0.25,1,1,1
13542.711,7621.113,1484.0,0.0025,8.33,5.02,471.24,1.65,0.12,12.22,0.14,66.75,12.74,34.33,13.95,4.2,18.69,0.19,2.7,0.98,26.92,1.33,1376.61,1.39,0.98,11.95,21.03,1241.21,43.85,0.64,12.59,14.56,2.0,11.15,371.92,0.77,0.025,9.81,0.37,0.22,2.32,104.22,0.66,25.17,102.7,0,1,0
13493.0,7316.0,1405.0,0.0025,8.76,2.82,376.05,1.01,0.05,3.59,0.2,29.47,18.32,3.88,18.02,6.68,17.03,0.1,1.85,0.58,13.21,2.06,1359.26,0.33,3.84,4.79,1.23,947.18,33.11,0.02,5.51,20.29,0.5,0.92,262.72,0.32,0.025,2.34,0.55,0.31,0.79,196.58,1.78,21.07,44.81,0,0,0
13474.491,7297.585,1471.0,0.005,7.72,312.72,392.69,2.26,0.15,0.05,0.05,47.95,11.76,43.61,10.38,9.01,16.75,0.13,3.62,2.24,20.4,0.16,201.12,1.09,0.05,9.98,6.98,1486.49,135.7,0.02,33.31,17.25,1.08,1.83,11.5,0.55,0.025,7.13,0.56,1.74,2.39,125.18,11.75,16.66,125.66,0,1,0
13113.21,6580.892,1538.0,0.0025,8.12,13.52,449.45,1.38,0.05,1.38,0.18,54.36,12.31,26.3,13.88,4.08,19.56,0.08,3.8,1.91,27.64,0.63,671.37,0.73,2.07,9.58,10.83,888.43,104.13,0.1,16.33,18.85,0.5,1.58,165.29,0.68,0.025,7.7,0.49,0.85,2.08,119.99,1.53,24.55,125.22,0,0,0
13113.204,6579.749,1538.0,0.022,5.98,138.15,260.96,1.01,0.39,3.21,0.3,50.46,17.21,26.97,10.3,4.1,13.57,0.09,2.03,1.86,27.35,0.59,1523.26,2.91,0.08,9.68,13.61,699.2,101.44,0.35,26.38,10.6,0.5,2.95,72.63,0.63,0.111,8.31,0.33,1.03,2.15,69.96,10.24,16.28,125.82,0,0,1
13113.231,6578.797,1538.0,0.021,9.73,71.02,546.36,1.54,0.12,0.32,0.17,56.38,16.71,27.48,24.27,4.6,19.33,0.09,4.14,2.45,26.61,0.23,1594.02,1.98,0.06,10.96,10.63,910.34,142.13,0.03,39.29,17.24,1.08,2.25,27.96,0.83,0.025,8.7,0.53,1.33,2.74,114.64,6.36,31.32,160.71,0,1,0
13113.212,6577.722,1538.0,0.0025,7.69,1.46,751.31,1.27,0.05,2.48,0.11,51.21,11.64,29.88,16.82,4.12,17.26,0.11,3.24,1.71,25.37,0.76,673.87,0.61,3.28,10.03,10.37,893.26,85.12,0.02,4.93,16.21,0.5,1.77,250.12,0.65,0.025,6.7,0.54,0.74,2.09,127.59,0.97,22.03,127.13,0,0,0
12971.0,6609.0,1524.0,0.005,4.08,10.81,328.1,0.88,0.11,4.53,0.58,23.36,3.72,18.8,14.57,1.01,8.6,0.08,1.91,1.65,13.41,0.08,649.7,8.01,0.07,3.75,2.22,432.17,77.77,0.04,57.02,7.93,0.5,1.22,51.01,0.27,0.025,4.31,0.22,0.79,1.5,60.59,1.38,15.52,63.87,0,0,0
12850.0,6553.0,1516.0,0.0025,8.07,1.72,492.08,1.27,0.05,3.33,0.06,32.95,16.78,17.99,9.41,5.62,16.84,0.11,2.67,1.43,16.06,1.5,891.94,0.26,3.05,6.67,4.57,898.4,88.88,0.02,3.13,18.23,0.5,1.6,499.91,0.46,0.025,4.41,0.56,0.77,1.61,148.22,0.79,17.86,87.77,0,0,0
12767.646,6507.378,1557.0,0.0025,7.68,45.61,250.38,1.09,0.31,2.1,1.49,57.23,10.57,30.66,4.94,2.36,15.58,0.14,1.92,1.29,27.65,0.24,783.69,0.99,0.05,10.2,12.97,656.58,69.62,0.02,5.54,10.26,0.5,2.61,27.03,0.75,0.082,9.39,0.36,0.67,2.09,67.72,3.04,22.96,53.11,0,0,1
12418.742,6312.14,1511.66,0.372,4.79,2298.92,278.13,0.54,0.2,0.07,2.61,16.56,6.94,23.76,6.12,6.47,10.67,0.08,1.8,2.41,8.01,0.25,2700.22,1.65,0.04,3.37,1.69,470.76,118.68,0.13,233.74,8.0,1.0,12.94,12.01,0.26,0.074,3.69,0.26,1.21,1.01,76.12,1.04,5.79,74.61,1,1,1
12369.0,6246.0,1488.0,0.0025,8.65,2.98,737.86,1.16,0.05,2.37,0.11,28.93,10.64,25.75,5.63,4.53,13.82,0.08,2.13,1.87,14.4,2.07,670.98,0.25,2.99,4.87,5.29,730.95,50.19,0.03,1.96,10.86,0.5,1.35,397.29,0.39,0.025,3.77,0.44,0.57,1.12,115.78,0.65,11.73,73.82,0,0,0
12363.0,6098.0,1477.0,0.0025,7.59,13.49,250.81,1.25,0.05,2.36,0.05,41.18,15.87,19.56,12.6,5.27,18.08,0.12,2.51,0.9,19.87,2.2,736.94,0.3,3.44,7.54,5.8,959.53,47.12,0.05,2.99,15.25,1.0,1.72,387.17,0.51,0.025,4.21,0.5,0.35,1.12,128.03,0.98,13.89,75.32,0,1,0
12346.345,6084.521,1512.0,0.445,2.86,1824.6,191.2,0.48,0.05,0.05,0.32,11.76,2.53,8.05,8.58,16.16,5.95,0.17,1.15,1.07,5.64,0.11,188.15,22.62,0.03,1.84,0.89,921.73,68.21,0.86,311.47,5.43,2.16,0.72,9.29,0.16,0.025,2.17,0.12,6.9,1.23,38.74,0.88,4.66,63.38,1,1,0
12245.056,6314.937,1438.0,0.0025,7.99,1.78,349.48,1.23,0.05,2.63,0.05,43.68,10.39,13.06,12.55,4.49,16.44,0.14,2.31,2.21,20.09,1.43,553.07,0.72,3.05,8.43,4.01,1142.98,109.48,0.02,2.07,11.43,0.5,1.53,305.45,0.54,0.025,3.71,0.32,0.44,0.91,77.48,0.68,17.2,91.54,0,0,0
12250.688,6333.912,1448.0,0.0025,7.78,1.61,1419.13,1.39,0.05,3.66,0.09,43.82,17.86,22.68,20.54,5.06,20.85,0.13,2.94,2.13,21.56,1.27,582.81,0.49,2.68,9.3,6.86,1167.34,79.69,0.02,2.59,15.01,0.5,1.39,625.84,0.57,0.025,4.47,0.48,0.61,1.42,150.35,0.83,16.1,112.19,0,0,0
12174.954,6368.078,1402.0,0.0025,8.67,5.87,228.62,0.97,0.13,3.27,0.1,35.95,20.31,41.23,4.12,5.56,20.24,0.1,2.07,0.74,17.4,2.07,797.71,0.74,3.73,7.89,11.61,1049.69,23.52,0.27,3.34,18.38,0.5,1.58,340.76,0.5,0.054,3.09,0.58,0.26,0.92,190.75,0.98,15.07,68.61,0,0,1
12099.47,6411.755,1376.0,0.0025,8.38,6.08,462.56,1.39,0.005,2.23,0.3,33.25,9.88,6.26,9.89,4.03,17.88,0.09,1.29,1.85,15.58,1.01,886.67,188.08,2.6,8.06,1.74,1080.17,57.23,0.17,10.18,8.46,0.5,0.94,217.44,0.52,0.025,2.51,0.35,1.3,0.61,66.63,1.09,16.81,40.54,0,0,0
12066.249,6446.937,1374.0,0.0025,8.43,1.71,614.88,1.37,0.05,4.59,0.05,37.87,9.13,6.57,7.3,4.87,20.72,0.1,3.22,1.25,14.6,0.98,788.82,1.07,2.55,9.89,2.05,1106.42,31.71,0.02,3.13,8.85,0.5,1.86,526.4,0.51,0.025,3.34,0.34,0.54,1.07,78.3,0.87,19.49,116.57,0,0,0
11961.156,6512.366,1367.0,0.0025,8.77,0.96,436.57,1.56,0.11,2.56,0.12,46.88,8.85,6.39,10.9,4.56,22.81,0.11,2.18,1.26,19.05,0.95,725.64,0.46,4.04,10.59,1.64,1034.1,66.46,0.02,2.35,12.99,0.5,1.95,508.55,0.64,0.025,3.56,0.49,0.38,1.04,84.77,0.65,20.48,80.4,0,0,0
11579.528,6845.732,1355.0,0.0025,0.06,2.07,10.0,0.06,0.05,14.57,0.06,0.8,0.73,5.79,0.12,0.49,0.32,0.05,0.05,0.01,0.25,4.73,2316.6,1.55,0.01,0.1,0.55,244.83,0.29,0.02,0.58,0.21,0.5,0.1,94.14,0.025,0.025,0.07,0.0025,0.05,0.3,2.96,0.1,0.9,1.02,0,0,0
11573.009,7065.976,1309.0,0.0025,10.05,3.68,477.66,1.25,0.05,3.85,0.22,29.04,21.9,36.59,1.12,5.4,22.36,0.15,1.72,0.62,12.91,2.19,978.64,0.78,2.67,7.58,11.6,1113.66,9.86,0.03,1.09,15.75,0.5,1.48,541.51,0.48,0.025,2.41,0.62,0.17,0.7,159.64,0.75,14.68,60.45,0,0,0
11568.974,7096.43,1308.0,0.0025,8.08,1.49,520.49,1.16,0.05,4.62,0.11,29.65,19.59,37.96,2.57,6.03,21.83,0.09,1.59,0.68,15.81,1.94,947.53,0.41,2.51,6.69,9.64,1022.75,16.71,0.03,0.54,15.75,0.5,1.42,576.02,0.44,0.025,2.38,0.52,0.18,0.67,152.5,0.63,16.22,56.85,0,0,0
13560.6,7726.182,1468.89,0.0025,8.67,10.33,800.95,1.3,0.05,3.71,0.05,43.86,15.12,28.7,10.84,5.15,21.62,0.12,1.36,1.31,18.02,2.12,688.76,2.25,2.9,7.18,12.88,871.22,49.32,0.3,4.69,16.84,1.06,1.18,470.46,0.53,0.062,6.92,0.45,0.49,1.46,125.16,0.83,20.32,34.54,0,1,1
13564.38,7700.069,1464.32,0.0025,9.19,17.65,282.76,2.41,0.1,3.27,0.11,56.88,14.42,42.31,10.67,5.28,25.97,0.12,1.09,0.67,28.51,2.71,756.5,12.19,1.73,12.79,23.04,631.85,17.32,0.46,4.63,19.46,1.04,1.56,480.35,0.85,0.123,8.81,0.39,0.35,1.98,121.36,1.19,20.32,42.22,0,1,1
13566.359,7659.223,1461.89,0.0025,9.14,3.32,214.49,1.03,0.19,5.08,0.05,22.96,15.26,3.91,4.62,5.32,19.88,0.11,1.21,0.12,10.81,1.78,1058.43,1.13,2.96,5.36,1.36,924.59,1.46,0.72,1.19,17.82,1.0,1.93,553.74,0.31,0.143,1.83,0.53,0.05,0.51,143.08,0.49,19.45,37.34,0,1,1
13551.816,7643.218,1460.51,0.0025,7.45,21.33,485.02,1.84,0.16,0.45,0.05,70.64,11.95,48.06,8.53,4.64,19.04,0.17,3.19,2.73,35.95,0.84,459.54,0.88,0.12,19.58,23.19,696.31,147.23,0.01,8.28,15.41,1.02,2.45,48.5,1.26,0.094,12.93,0.54,1.15,2.92,106.4,1.37,30.07,132.38,0,1,1
13529.16,7590.352,1458.09,0.0025,7.21,3.85,377.56,1.38,0.05,1.25,2.91,81.5,7.66,43.82,6.62,3.57,20.45,0.16,2.82,2.21,34.38,0.8,786.27,0.17,0.15,20.37,20.98,523.62,130.92,0.01,4.61,14.66,0.5,1.82,49.54,1.19,0.053,10.88,0.5,0.97,2.04,96.39,1.32,29.36,88.65,0,0,1
13489.193,7404.77,1452.45,0.0025,6.96,12.16,402.28,1.54,0.22,2.08,0.25,39.12,5.07,12.56,11.21,2.13,17.13,0.13,2.1,1.73,21.03,0.38,607.95,0.55,1.75,7.55,6.54,438.08,77.93,0.04,3.88,5.76,0.5,3.14,219.63,0.61,0.025,8.94,0.15,0.62,2.55,33.71,1.2,12.32,52.9,0,0,0
13458.64,7240.536,1443.95,0.0025,8.55,4.27,431.61,0.93,0.06,3.53,0.1,25.77,16.98,3.14,26.3,6.66,20.27,0.13,2.52,0.59,11.21,2.16,1243.07,0.81,3.1,5.88,1.01,1037.34,19.16,0.01,4.57,24.86,0.5,1.13,475.72,0.34,0.025,2.76,0.55,0.32,0.79,185.74,0.4,20.84,74.41,0,0,0
13419.12,7082.566,1453.09,0.0025,6.47,14.88,900.3,1.48,0.05,2.17,0.05,57.19,6.6,18.29,14.43,3.19,17.38,0.12,3.69,2.26,22.54,0.27,333.2,0.83,0.83,8.6,4.55,333.41,87.38,0.03,6.61,17.25,0.5,3.31,69.37,0.67,0.025,9.0,0.28,0.77,2.37,64.42,0.91,24.12,91.73,0,0,0
13368.477,7064.41,1456.61,0.0025,8.38,3.25,382.32,1.02,0.05,4.95,0.05,23.03,18.33,4.65,20.21,5.62,21.16,0.12,2.25,0.74,9.7,1.86,1173.73,1.16,2.84,5.24,1.8,835.78,27.14,0.02,5.17,18.62,0.5,1.16,433.46,0.3,0.025,2.38,0.46,0.36,0.86,148.73,0.47,18.93,57.76,0,0,0
13009.704,6619.15,1544.27,0.0025,8.86,2.52,353.94,0.86,0.05,4.01,0.11,24.04,15.03,4.81,17.32,5.64,21.31,0.12,2.16,0.55,11.19,1.81,1418.92,0.81,3.53,4.86,2.53,895.91,19.49,0.02,2.36,19.94,0.5,1.34,561.51,0.35,0.053,2.93,0.53,0.24,0.87,154.73,0.43,19.9,78.0,0,0,1
12989.375,6612.729,1539.38,0.073,4.9,55.11,418.29,0.73,0.1,0.04,0.05,29.1,1.99,19.83,15.57,3.04,12.64,0.12,2.68,2.17,13.91,0.14,108.93,21.76,0.06,5.38,2.39,569.73,104.6,0.05,63.65,10.22,0.5,1.27,11.41,0.39,0.025,6.11,0.28,1.19,1.45,84.92,2.41,8.33,119.67,0,0,0
12929.12,6593.801,1523.09,0.0025,8.16,1.45,573.08,1.06,0.05,3.3,0.12,33.65,14.77,11.74,11.61,5.36,16.01,0.11,2.63,1.2,12.37,1.22,810.63,2.18,3.27,6.06,3.9,857.35,46.29,0.02,6.11,17.06,0.5,1.25,594.19,0.52,0.025,3.91,0.5,0.42,1.35,144.68,1.11,18.09,87.97,0,0,0
12831.31,6542.322,1529.17,0.0025,7.47,12.19,501.45,1.06,0.05,2.03,0.21,29.86,16.42,11.04,3.6,7.66,19.25,0.13,2.74,0.75,13.31,1.83,1562.58,8.67,2.49,6.02,4.07,883.97,37.47,0.05,1.25,17.12,0.5,1.53,349.97,0.47,0.025,4.87,0.41,0.38,1.53,138.83,1.02,17.8,80.92,0,0,0
12600.041,6529.809,1557.14,0.0025,8.36,4.16,654.76,1.35,0.05,3.33,0.08,33.01,15.82,13.02,2.0,4.94,18.73,0.15,3.41,2.03,15.53,1.57,1037.17,0.48,3.1,7.29,4.02,814.02,58.09,0.02,0.79,17.87,0.5,1.81,438.62,0.53,0.025,5.3,0.43,0.43,2.09,137.43,0.74,19.05,104.52,0,0,0
12405.711,6599.967,1571.49,0.0025,8.15,3.48,902.33,1.51,0.05,2.98,0.08,34.44,10.85,12.61,9.71,4.32,19.63,0.15,4.19,2.16,15.86,1.14,1018.11,0.93,3.01,7.79,2.7,940.22,68.36,0.02,2.21,14.73,0.5,1.92,506.85,0.57,0.025,5.53,0.44,0.51,1.87,116.65,1.03,19.17,146.67,0,0,0
12358.239,6165.869,1493.21,0.069,3.93,33.37,542.25,0.93,0.06,0.02,0.08,39.42,0.21,6.56,8.4,0.77,8.3,0.11,2.14,1.76,17.82,0.09,63.12,32.37,0.05,7.27,0.7,29.37,75.54,0.02,39.83,1.17,0.5,2.07,6.85,0.85,0.025,15.81,0.03,0.59,3.7,1.85,1.09,11.83,51.79,0,0,0
12318.48,6071.788,1493.43,0.005,7.17,21.85,400.56,1.29,0.05,5.01,0.53,41.2,12.46,10.89,3.87,4.0,17.91,0.12,1.77,3.01,15.59,1.18,1618.64,0.58,0.07,7.4,2.75,759.32,131.77,0.25,4.23,13.14,1.02,2.17,66.59,0.5,0.025,4.11,0.37,1.82,1.29,119.17,1.4,15.36,48.25,0,1,0
12175.563,6025.04,1493.97,0.0025,8.19,10.67,738.72,1.41,0.05,3.29,1.37,38.02,11.14,12.59,3.21,5.03,16.29,0.13,1.65,1.51,17.2,1.55,2404.62,0.37,2.14,8.03,2.45,1009.43,44.61,1.04,5.37,13.98,0.5,4.21,381.28,0.52,0.025,3.45,0.47,0.81,1.29,105.83,0.75,16.56,54.26,0,0,0
12148.866,6036.253,1490.58,0.0025,9.28,4.95,485.01,1.16,0.05,4.18,0.4,32.39,13.36,12.48,1.54,4.95,19.5,0.11,1.36,1.13,15.14,1.49,2681.29,1.78,1.62,8.29,2.48,1065.1,39.67,0.49,2.5,14.41,0.5,3.04,380.36,0.54,0.025,4.13,0.47,0.97,1.01,116.1,1.35,22.14,47.79,0,0,0
11844.238,6031.247,1478.17,0.005,9.16,9.86,567.71,0.95,0.76,2.33,0.45,36.04,15.15,11.41,11.44,6.6,20.77,0.12,0.54,1.38,14.5,1.77,1056.39,0.85,1.84,5.54,2.43,804.48,57.29,2.12,4.14,20.41,1.0,1.51,320.6,0.42,0.459,3.55,0.49,0.82,0.67,171.85,0.54,17.04,21.61,0,1,1
11813.631,6042.868,1490.58,0.0025,7.88,5.18,279.73,0.96,0.36,5.41,0.58,32.04,21.63,41.38,0.99,4.76,23.06,0.12,1.07,0.73,14.94,2.11,2145.63,1.79,2.11,8.28,18.01,1159.58,17.34,0.72,4.45,19.46,0.5,1.84,483.08,0.46,0.149,2.59,0.58,0.85,0.74,159.52,1.48,14.42,35.67,0,0,1
11283.884,6384.383,1465.95,0.0025,9.12,28.03,448.31,1.05,0.05,5.24,0.21,35.63,19.58,39.03,6.17,5.24,19.15,0.14,3.48,1.13,15.15,2.02,839.95,1.48,1.98,7.82,17.66,1027.48,20.39,0.07,3.88,19.35,0.5,1.64,461.63,0.45,0.025,3.58,0.51,0.41,1.03,144.55,0.56,16.67,127.34,0,0,0
11124.085,6882.425,1385.65,0.005,6.96,25.04,143.29,0.12,7.72,0.11,0.05,27.98,0.29,11.54,0.11,0.89,10.72,0.1,0.86,0.01,15.17,0.01,22.49,4.62,0.07,6.64,0.83,1256.15,0.55,0.15,9.04,5.32,2.11,35.79,967.75,0.48,1.106,7.61,0.44,0.07,1.31,84.69,1.79,3.16,25.7,0,1,1
10936.135,7160.599,1357.46,0.0025,8.35,31.55,441.44,0.71,1.09,0.03,0.05,40.93,0.98,14.0,17.24,0.87,22.13,0.12,2.06,2.36,18.8,0.47,19.87,6.08,0.28,7.37,1.97,94.34,115.3,0.43,6.54,14.07,1.92,12.93,46.74,0.51,0.751,9.52,0.4,3.46,2.35,109.08,1.87,14.35,59.88,0,1,1
12593.212,9322.593,1287.22,0.042,7.39,989.91,244.32,1.18,0.38,0.23,1.14,73.2,3.67,43.19,12.74,2.77,22.65,0.18,0.36,3.03,33.45,0.56,128.11,2.11,0.29,15.52,5.16,578.85,202.32,0.1,17.19,14.99,2.05,12.47,55.63,0.92,0.16,12.01,0.46,3.26,1.13,96.35,7.06,11.33,12.13,0,1,1
12565.265,9342.622,1297.56,0.048,8.87,11000.0,174.77,3.07,0.78,0.22,5.31,29.48,33.11,14.51,7.07,9.39,14.91,0.15,0.44,0.9,10.61,0.46,127.25,4.76,0.25,5.25,23.84,1291.06,55.92,2.3,59.32,12.8,4.86,11.14,103.66,0.48,0.224,8.82,0.22,0.76,4.31,79.67,1.45,25.91,9.62,0,1,1
12506.71,9377.052,1326.0,0.079,6.23,1846.57,70.16,1.2,0.79,0.34,1.95,16.21,3.12,26.64,2.47,4.06,14.43,0.11,0.29,0.45,6.64,1.38,160.02,2.15,0.51,6.15,3.29,341.26,27.3,0.15,49.35,13.75,3.67,32.45,135.54,0.41,0.052,6.05,0.26,0.5,1.08,114.48,4.46,11.85,8.6,0,1,1
12517.115,9391.492,1330.0,0.022,5.18,561.25,41.87,0.82,0.1,0.24,0.05,11.16,0.66,21.1,0.62,2.49,11.47,0.05,1.72,0.18,4.81,0.94,213.81,1.08,0.43,3.82,3.2,327.65,10.4,0.02,19.79,6.81,0.5,11.96,70.18,0.38,0.025,16.26,0.14,0.11,3.17,46.02,1.05,5.63,42.12,0,0,0
12478.309,9381.667,1336.14,0.0025,8.48,20.1,432.17,0.96,0.44,0.1,0.01,9.07,1.09,18.61,1.78,4.06,16.23,0.11,2.44,2.41,4.44,0.71,72.22,3.13,0.31,2.92,3.02,441.99,79.74,0.05,6.42,11.46,3.01,32.59,37.42,0.3,0.175,15.77,0.16,0.63,2.95,100.16,2.8,5.22,78.12,0,1,1
12479.768,9390.582,1367.0,0.882,4.35,11000.0,106.81,1.22,23.05,0.11,9.05,39.68,3.91,21.04,3.03,28.54,10.95,0.61,0.49,0.32,18.7,0.46,90.42,7.72,0.25,3.68,1.8,873.82,17.75,0.24,370.17,11.29,45.18,30.29,55.36,0.18,6.82,4.4,0.19,0.33,1.33,73.71,8.09,26.84,5.22,1,1,1
12459.734,9409.679,1351.56,0.065,0.32,814.98,19.63,0.14,17.54,0.01,0.17,1.74,0.32,21.92,0.65,2.3,1.06,0.13,0.05,0.07,0.87,0.01,94.02,2.38,0.01,0.1,1.83,153.59,2.82,0.05,93.9,0.37,4.57,34.98,3.42,0.025,0.125,0.42,0.0025,0.05,0.1,2.79,0.2,0.47,0.25,0,1,1
12449.398,9397.661,1351.71,0.009,6.83,95.19,147.28,1.97,2.12,0.42,0.01,31.29,2.91,36.49,1.1,6.3,14.03,0.21,0.82,0.34,12.52,1.73,116.32,7.82,0.45,6.14,5.68,358.38,21.45,0.05,39.62,14.41,10.34,34.15,70.58,0.47,0.324,7.7,0.22,0.2,1.4,90.11,2.34,22.95,10.73,0,1,1
12478.483,9389.735,1367.0,0.034,8.46,301.22,302.65,1.18,1.71,0.04,0.41,82.71,0.75,32.88,59.8,3.91,20.89,0.15,1.36,2.37,38.27,0.25,46.28,8.67,0.08,11.25,1.96,643.36,141.04,0.24,27.31,10.13,3.07,16.89,61.12,0.77,0.231,16.48,0.43,1.92,2.75,108.21,7.36,14.27,36.93,0,1,1
12428.873,9420.568,1367.92,0.006,6.57,100.0,1361.74,1.34,1.31,0.22,0.32,12.51,3.46,28.77,8.18,5.25,18.05,0.11,0.98,1.6,5.3,1.03,297.0,9.5,0.36,6.31,7.4,507.13,94.49,0.1,190.38,11.89,2.76,57.38,66.58,0.52,0.1,9.9,0.27,1.01,1.56,68.44,3.8,13.76,15.2,0,1,1
12425.317,9432.147,1369.02,0.071,1.6,2669.03,89.95,0.32,2.31,0.07,0.01,3.15,1.32,25.46,0.4,2.54,4.46,0.07,0.11,0.07,1.21,0.24,77.93,2.19,0.15,1.58,1.57,176.58,2.18,0.07,84.63,2.99,1.83,15.5,33.35,0.11,0.237,1.51,0.09,0.05,0.21,24.95,3.91,2.02,3.83,0,1,1
12444.785,9426.588,1361.35,0.052,0.25,1343.06,92.7,0.16,3.44,0.02,0.06,5.91,0.43,25.89,0.58,2.07,0.67,0.09,0.1,0.05,2.89,0.01,100.16,0.84,0.01,0.1,1.81,432.62,2.38,0.05,65.39,0.75,1.09,3.0,9.65,0.025,0.064,0.77,0.01,0.05,0.18,10.34,0.37,3.02,0.68,0,1,1
12403.73,9449.517,1389.59,0.033,6.41,600.19,209.84,1.24,0.84,0.19,0.01,6.33,0.78,44.76,5.22,2.85,19.42,0.08,0.6,1.8,2.64,0.78,149.16,13.86,0.32,13.64,5.54,188.17,99.47,0.04,75.13,15.0,1.84,39.38,56.86,0.81,0.025,7.55,0.36,1.45,0.92,109.48,5.79,8.57,14.77,0,1,0
12353.194,9530.005,1391.44,0.019,7.84,86.15,494.93,0.71,0.38,0.06,0.16,5.4,0.32,34.63,2.64,6.18,14.2,0.13,1.78,2.61,2.46,0.4,77.53,2.13,0.21,5.82,1.5,166.13,112.23,0.05,6.94,12.68,3.9,175.75,23.66,0.52,0.198,5.78,0.31,0.95,1.65,99.48,74.06,6.28,46.45,0,1,1
12184.714,9619.928,1349.43,0.236,5.96,8528.63,231.31,1.3,2.5,0.23,0.01,36.15,1.05,39.41,3.16,5.22,16.4,0.08,0.48,0.72,15.4,0.87,133.17,6.42,0.39,11.32,4.97,488.69,40.87,0.02,257.95,10.4,2.78,98.73,80.7,0.79,0.791,8.2,0.32,0.52,1.04,75.89,15.47,11.18,10.75,1,1,1
12235.003,9655.366,1353.57,0.184,5.15,5357.28,43.46,0.96,19.58,0.32,1.56,15.66,2.27,54.28,0.27,4.99,12.49,0.12,1.16,0.06,6.46,0.82,158.67,1.49,0.38,6.46,5.74,451.36,1.89,0.13,1742.07,15.92,4.35,25.14,103.92,0.59,1.341,11.71,0.27,0.05,2.63,88.77,15.78,12.52,29.35,1,1,1
12227.806,9830.008,1333.33,0.005,6.38,33.89,479.87,1.0,0.94,1.6,0.07,62.73,7.11,34.44,10.52,3.93,12.56,0.18,0.7,2.41,35.59,0.57,734.65,1.54,0.1,11.85,12.81,535.22,148.94,1.21,4.16,7.94,1.99,2.94,28.51,0.81,0.398,6.67,0.34,1.92,1.27,70.95,1.63,19.97,26.18,0,1,1
12185.944,9866.588,1324.53,0.006,8.75,18.95,639.78,2.02,0.39,1.56,0.08,76.38,22.74,54.0,14.78,5.36,20.77,0.22,0.82,2.94,30.32,0.99,537.46,4.95,1.25,16.51,29.67,719.7,165.33,0.5,22.33,16.81,1.0,1.28,170.63,1.06,0.05,11.97,0.48,1.63,1.69,122.06,1.1,16.55,26.65,0,1,1
11973.089,10040.492,1363.75,0.01,7.75,228.89,147.05,1.5,4.07,0.25,0.39,110.76,4.83,47.63,3.4,4.7,16.73,0.22,0.98,1.45,66.09,1.05,127.75,5.16,0.32,12.78,10.61,506.94,85.69,0.03,30.81,13.57,4.22,16.54,70.74,0.94,0.419,8.07,0.4,0.82,1.42,103.52,4.59,13.1,27.12,0,1,1
11952.674,10040.002,1362.64,0.006,6.77,18.6,162.27,1.84,3.92,0.76,38.93,44.14,0.74,29.9,3.18,3.59,14.51,0.16,0.99,0.92,18.36,1.29,1247.24,0.66,0.38,6.46,85.01,911.82,51.27,0.02,12.58,12.69,1.06,8.05,76.41,0.5,0.081,11.48,0.25,0.66,1.97,127.03,1.28,55.85,27.32,0,1,1
11899.552,10003.919,1357.18,0.0025,9.84,8.61,82.21,2.11,0.42,5.33,0.23,49.22,6.95,44.76,3.1,1.91,23.09,0.19,1.08,0.12,23.9,1.66,340.2,1.05,4.17,13.53,17.22,1053.42,2.83,0.04,3.64,18.46,0.5,3.06,516.86,0.98,0.061,10.21,0.53,0.05,1.96,106.19,0.69,35.87,24.2,0,0,1
11861.497,9973.41,1360.34,0.016,8.04,3.97,221.31,1.58,0.08,7.15,0.08,47.41,17.96,28.93,14.84,5.57,16.08,0.21,1.41,0.55,18.69,4.66,838.07,8.22,1.73,9.73,13.72,838.02,40.02,0.04,6.44,18.53,0.5,3.08,398.94,0.8,0.025,9.32,0.37,0.52,2.22,101.76,0.51,24.87,70.51,0,0,0
11801.243,9925.7,1367.0,0.035,6.77,138.87,126.58,1.36,0.42,0.21,0.01,7.75,0.82,16.32,3.59,4.18,13.6,0.12,0.65,1.41,3.9,0.88,121.43,15.17,0.29,3.18,2.44,270.68,88.08,0.03,11.3,9.52,3.24,97.39,46.79,0.31,0.025,12.73,0.14,0.97,1.41,75.99,2.92,4.81,15.76,0,1,0
11718.693,9882.244,1377.61,0.005,5.72,3.36,185.64,1.47,0.19,0.25,0.92,7.14,2.85,27.87,3.3,1.28,11.35,0.09,0.66,1.58,2.97,0.55,310.57,0.3,0.26,4.28,10.69,400.7,74.34,0.01,2.2,9.39,0.5,5.98,28.64,0.3,0.025,7.84,0.19,0.91,1.04,65.11,0.93,10.78,29.68,0,0,0
11635.881,9834.686,1395.03,0.021,8.21,151.01,234.1,0.98,0.18,0.62,0.46,32.44,5.74,22.31,7.14,2.21,19.04,0.06,2.42,1.76,14.29,0.96,350.39,1.67,1.57,6.0,6.35,497.27,96.91,0.01,9.56,9.37,1.04,4.65,41.33,0.76,0.064,19.81,0.26,0.79,5.19,61.74,3.84,10.32,78.3,0,1,1
11548.95,9832.829,1412.9,0.012,4.81,428.85,85.66,1.2,3.83,0.13,0.1,4.88,6.13,44.79,2.68,4.24,18.66,0.06,2.03,0.79,2.31,0.82,106.85,3.53,0.27,10.19,5.85,299.3,35.9,0.01,46.22,13.01,2.73,5.05,35.72,0.69,0.323,6.79,0.33,0.67,4.52,87.37,12.47,10.73,81.06,0,1,1
11212.275,9755.951,1390.67,0.007,4.77,3.37,149.51,0.67,0.11,0.09,0.46,28.79,11.78,18.35,2.04,2.71,11.06,0.05,1.04,0.66,9.48,0.27,428.12,0.55,1.6,6.99,10.63,332.43,34.62,0.01,0.74,4.48,0.5,1.19,43.41,0.46,0.025,4.31,0.23,0.23,1.09,32.08,1.14,10.28,158.3,0,0,0
11096.631,9642.112,1388.58,0.009,9.24,5.54,725.19,1.6,0.05,2.34,0.12,45.04,7.33,5.09,9.42,3.98,19.82,0.13,4.35,1.96,24.1,0.69,1611.3,1.51,3.11,8.85,1.9,1114.79,106.49,0.02,7.32,7.9,0.5,1.63,455.7,0.66,0.025,6.86,0.39,1.08,1.84,52.81,0.82,22.65,188.65,0,0,0
11429.841,8653.792,1116.01,0.008,9.19,2.89,574.28,1.28,0.05,2.48,0.5,41.78,15.36,53.81,1.83,4.47,23.03,0.11,2.51,1.9,19.41,0.98,1195.32,0.36,3.25,6.33,15.9,835.71,56.31,0.005,1.74,15.7,0.5,1.2,263.19,0.61,0.025,8.07,0.42,0.35,2.91,120.15,1.14,18.41,75.03,0,0,0
12372.0,9466.0,1400.0,0.026,5.85,771.46,38.17,0.98,0.3,0.21,0.01,7.01,1.21,38.76,1.03,3.15,12.33,0.025,0.66,0.32,2.28,0.9,163.37,0.94,0.42,6.53,3.66,105.2,17.61,0.03,66.25,8.75,1.01,41.16,64.97,0.55,0.025,4.78,0.37,0.25,0.84,85.83,19.9,7.52,17.94,0,1,0
12571.0,9326.0,1258.0,0.114,7.28,6882.1,149.95,0.68,6.76,0.26,0.57,32.96,4.93,19.8,5.36,4.59,17.78,0.13,0.41,1.38,12.11,0.77,136.63,1.6,0.3,6.15,1.97,268.36,97.72,0.07,55.54,10.92,8.79,21.46,95.55,0.55,0.509,6.58,0.27,1.27,0.74,70.7,8.34,5.59,8.63,1,1,1
12485.0,9297.0,1266.0,0.013,6.11,185.26,27.19,1.32,0.43,0.26,0.05,20.8,1.96,34.48,0.38,3.24,17.79,0.06,0.54,0.1,8.44,1.25,200.05,3.65,0.51,6.86,3.05,197.35,3.14,0.01,21.08,11.21,1.05,46.62,76.2,0.6,0.025,10.82,0.25,0.07,1.59,87.03,17.91,9.11,14.24,0,1,0
12484.0,9294.0,1297.0,0.019,7.92,268.81,109.83,1.14,0.98,0.28,0.07,14.45,1.48,35.95,2.8,6.07,20.22,0.07,0.76,1.04,5.56,1.19,113.51,8.36,0.46,7.88,2.03,431.86,50.59,0.06,25.35,13.78,6.11,50.98,68.51,0.62,0.151,12.31,0.31,0.77,1.76,104.41,4.25,9.78,18.41,0,1,1
12325.0,9308.0,1336.0,0.013,7.24,572.6,57.29,1.42,1.9,0.36,0.09,11.66,3.14,36.2,1.46,3.63,19.1,0.05,0.45,0.54,4.55,1.22,267.28,2.16,0.45,7.49,4.31,247.92,27.4,0.01,14.43,12.6,1.05,42.02,125.01,0.64,0.272,10.11,0.29,0.47,1.75,95.39,5.66,3.95,15.29,0,1,1
12333.0,9378.0,1370.0,0.02,6.42,1557.7,84.6,0.82,11.27,0.34,0.15,4.48,1.3,25.17,0.67,3.84,16.38,0.025,0.96,0.22,2.14,1.05,170.15,1.18,0.46,2.99,2.26,427.94,12.52,0.02,38.95,9.27,0.5,41.8,106.86,0.39,0.05,11.93,0.18,0.19,3.13,71.76,6.41,6.6,25.69,0,0,1
12421.0,9484.0,1365.0,0.014,6.46,69.45,37.85,1.09,0.16,0.32,0.17,50.19,2.47,49.6,0.24,5.18,15.67,0.1,0.75,0.06,23.92,0.87,151.5,0.78,0.51,15.41,19.92,226.53,2.7,0.005,15.25,12.07,0.5,122.3,136.69,1.19,0.025,8.36,0.52,0.05,0.82,75.69,5.71,11.21,16.09,0,0,0
12398.056,9596.601,1406.0,0.008,8.02,43.12,286.09,1.86,1.04,1.53,0.15,90.14,22.07,45.25,9.77,5.14,25.55,0.09,1.31,1.03,48.91,2.55,1073.2,0.59,3.15,16.17,24.6,935.4,45.29,0.63,13.63,16.35,1.0,4.11,528.2,1.06,0.085,9.84,0.48,0.91,1.38,130.61,0.61,18.13,38.99,0,1,1
12426.408,9765.04,1399.0,0.012,7.0,190.09,151.89,1.2,0.41,0.28,1.41,14.56,2.81,10.84,2.78,2.13,16.17,0.025,0.85,1.25,7.43,1.03,273.88,0.79,0.32,3.92,4.82,379.94,70.24,0.01,21.89,7.0,1.0,10.66,51.99,0.51,0.148,15.59,0.15,0.75,2.85,51.24,1.33,14.11,18.12,0,1,1
12406.572,9767.952,1396.0,0.014,8.17,9.77,342.44,1.04,0.63,4.1,0.14,29.05,10.91,18.81,2.83,5.83,18.1,0.08,0.54,2.16,16.05,1.92,540.63,1.78,2.38,6.16,5.64,832.54,63.68,0.07,10.13,18.12,0.5,4.79,422.3,0.44,0.025,4.35,0.42,0.97,0.85,135.47,0.37,15.95,12.75,0,0,0
12283.92,9911.181,1378.0,0.01,5.89,118.32,226.75,1.14,2.15,0.17,0.05,3.62,1.49,43.21,4.34,2.4,15.43,0.025,0.69,1.64,1.31,0.84,120.97,2.13,0.3,13.58,5.84,378.84,87.28,0.04,10.14,10.81,1.97,23.94,46.44,0.91,0.389,4.87,0.35,1.38,0.78,102.8,5.42,5.02,19.79,0,1,1
12265.0,9946.0,1349.0,0.012,7.51,71.29,235.58,1.29,2.06,0.24,0.01,3.76,1.98,35.55,3.37,4.08,14.74,0.05,0.78,1.17,1.52,1.51,120.29,4.42,0.46,8.82,4.7,224.81,48.79,0.55,8.07,13.78,5.48,18.09,65.87,0.61,0.199,4.41,0.33,0.97,0.74,135.3,4.45,7.74,26.33,0,1,1
12175.346,10011.087,1386.0,0.011,8.97,80.91,212.24,1.52,5.83,0.27,2.39,56.55,9.75,31.75,8.21,9.3,19.19,0.17,1.68,2.76,28.25,0.75,2529.27,2.24,0.14,9.97,10.93,793.21,133.19,0.4,6.12,15.78,1.81,40.07,27.46,0.67,0.088,10.04,0.36,1.54,1.59,100.27,15.46,14.79,96.17,0,1,1
12070.821,9999.697,1367.0,0.005,6.93,3.29,393.39,1.56,1.27,2.24,0.07,37.5,7.55,41.27,15.13,3.14,15.19,0.06,1.13,1.52,19.85,0.91,674.75,2.71,1.82,16.86,19.87,699.78,63.47,0.78,3.48,13.11,0.5,1.74,166.28,1.14,0.083,9.83,0.53,0.94,1.59,96.9,3.91,16.79,34.67,0,0,1
10751.67,9714.179,1408.0,0.006,8.13,1.4,697.08,0.85,0.05,4.31,0.09,22.39,20.79,22.25,4.47,5.05,19.01,0.05,3.02,0.56,12.21,2.26,881.03,0.7,3.0,5.67,11.65,1082.13,5.99,0.01,4.14,17.27,0.5,0.97,597.95,0.37,0.025,2.59,0.59,0.19,0.74,163.6,0.33,11.55,99.36,0,0,0
10759.075,9711.097,1407.0,0.007,8.95,130.28,532.53,0.97,6.4,0.09,0.28,37.84,1.69,7.88,15.83,5.88,18.53,0.09,3.69,2.58,24.62,0.7,361.77,4.73,0.06,6.4,1.62,602.46,135.81,0.07,9.16,16.6,3.19,2.06,24.77,0.55,1.708,8.58,0.41,2.23,1.88,154.09,1.65,11.9,123.61,0,1,1
10774.114,9705.094,1406.0,0.005,1.48,14.0,20.91,0.31,0.14,22.79,3.12,12.51,2.9,6.43,1.67,1.52,4.34,0.025,0.65,0.01,6.04,2.22,4642.54,1.61,0.01,1.13,2.92,1118.19,0.63,0.11,10.01,2.27,1.0,0.57,366.41,0.11,0.065,1.67,0.04,0.05,0.47,18.14,0.31,6.6,21.38,0,1,1
10783.487,9699.401,1406.0,0.005,8.51,0.57,576.01,0.85,0.05,4.91,0.09,26.52,21.15,24.77,9.54,5.66,21.32,0.08,3.35,0.85,11.2,2.65,796.33,0.89,2.32,5.29,12.48,1085.16,14.14,0.01,2.68,16.69,0.5,0.98,523.71,0.41,0.025,2.94,0.56,0.25,0.88,177.57,0.42,11.9,131.35,0,0,0
10776.619,9725.142,1409.0,0.005,8.16,2.05,1210.77,0.81,0.05,4.83,0.13,25.4,21.85,19.49,7.45,5.14,21.91,0.08,3.17,0.59,11.87,1.65,1145.67,0.78,2.94,5.73,10.42,924.89,10.27,0.02,8.07,20.23,0.5,1.07,708.84,0.37,0.025,3.01,0.57,0.23,0.73,156.8,0.4,13.12,111.68,0,0,0
10803.614,9687.717,1408.0,0.005,9.54,4.65,467.65,0.88,0.05,5.71,0.14,27.79,20.91,35.32,1.98,5.72,22.98,0.07,3.59,0.94,13.98,2.16,797.53,1.3,2.69,6.57,15.32,1164.04,15.81,0.005,4.86,20.88,0.5,1.04,580.44,0.4,0.025,2.87,0.63,0.13,0.82,178.49,0.38,14.02,128.39,0,0,0
10810.88,9670.947,1406.0,0.013,7.23,490.99,2583.1,1.19,0.05,0.66,482.55,34.11,8.42,11.64,15.53,3.84,15.95,0.1,3.55,2.18,25.66,0.18,2372.71,2.93,0.13,5.77,7.87,646.07,85.45,0.14,205.47,10.86,1.0,1.19,24.61,0.48,0.025,5.35,0.41,1.93,1.67,105.53,2.44,24.07,115.75,0,1,0
10847.003,9608.365,1404.0,0.006,10.07,76.61,370.28,1.32,0.06,0.19,32.88,32.61,13.71,23.73,10.38,4.99,22.67,0.08,3.59,1.77,16.61,0.24,1851.67,1.45,0.19,8.44,6.8,757.21,106.18,0.01,13.46,15.79,0.5,1.64,15.78,0.63,0.025,9.78,0.5,1.33,2.72,125.29,1.14,19.99,151.41,0,0,0
10848.709,9609.613,1406.0,0.01,8.81,150.65,380.37,1.11,0.09,0.04,8.84,33.73,6.07,12.54,12.39,6.79,17.91,0.12,4.09,2.6,30.76,0.2,1119.52,10.35,0.04,6.5,3.32,845.18,112.99,0.02,23.17,14.81,0.5,1.7,10.2,0.51,0.025,7.48,0.38,1.79,2.07,94.77,1.44,33.75,162.03,0,0,0
10892.864,9520.108,1412.0,0.005,7.27,1.9,350.45,0.96,0.05,2.99,0.33,27.84,12.93,10.14,7.14,4.07,17.7,0.06,3.76,1.19,13.59,1.94,2727.39,0.59,2.35,8.01,2.86,798.16,39.48,0.01,6.42,14.41,0.5,1.78,79.05,0.51,0.025,5.32,0.41,0.94,1.87,117.44,1.05,15.78,155.78,0,0,0
10748.904,9560.958,1370.0,0.005,6.23,13.43,6874.34,1.15,0.05,0.28,6.2,28.96,3.64,10.65,10.77,1.6,15.71,0.05,3.46,2.03,16.53,0.4,665.84,0.28,0.96,6.63,1.86,815.55,89.87,0.23,13.78,5.33,0.5,1.34,659.74,0.47,0.025,4.33,0.25,0.89,1.24,35.1,0.71,12.59,128.14,0,0,0
10718.47,9555.548,1369.0,0.016,8.38,236.68,192.92,1.07,0.05,2.71,5.3,35.53,6.47,9.41,9.87,3.66,18.98,0.07,3.27,1.71,19.23,0.89,1739.05,3.93,2.49,8.47,3.67,1060.58,61.53,0.04,14.86,7.8,0.5,1.72,71.2,0.55,0.025,5.34,0.3,0.84,1.19,50.58,0.93,18.13,130.93,0,0,0
10681.661,9460.156,1331.0,0.007,6.07,12.24,220.03,1.05,0.05,5.14,0.65,32.01,10.35,18.66,8.89,3.47,12.5,0.07,3.11,1.29,17.7,1.01,2558.15,2.8,1.89,5.81,3.67,763.15,54.74,0.03,12.0,11.02,0.5,1.2,148.38,0.44,0.025,5.64,0.27,0.81,1.87,89.37,0.67,17.41,98.17,0,0,0
10535.913,9327.418,1321.0,0.005,10.42,124.94,633.35,0.9,0.61,0.14,1.76,25.91,2.57,12.29,23.5,5.38,20.82,0.06,3.84,1.33,16.95,0.8,768.17,0.68,1.88,8.32,0.7,550.86,52.91,0.01,28.04,18.33,2.9,1.43,206.38,0.72,0.303,9.08,0.47,1.09,2.47,102.9,0.84,12.42,125.75,0,1,1
10508.997,9305.912,1307.0,0.0025,0.58,5.87,31.07,0.1,0.12,0.03,0.27,5.98,1.75,27.64,2.1,1.34,1.67,0.025,0.11,0.13,3.03,0.11,320.53,0.52,0.02,1.36,2.28,65.71,8.12,0.005,2.16,0.97,0.5,0.32,6.76,0.11,0.05,1.19,0.08,0.17,0.1,13.78,0.33,1.92,4.13,0,0,1
10484.254,9252.733,1298.0,0.005,8.28,239.77,507.06,0.78,3.5,0.03,0.2,24.95,0.86,8.29,10.0,6.89,18.67,0.08,4.17,2.59,17.6,0.7,916.11,0.32,0.85,7.5,1.4,684.16,138.44,0.07,8.11,16.51,3.12,5.44,24.08,0.65,0.796,9.67,0.41,2.4,2.3,116.08,0.6,16.85,154.97,0,1,1
10460.726,9162.846,1276.0,0.0025,8.64,41.64,250.5,1.01,0.72,0.9,0.63,29.72,9.82,5.86,9.84,4.43,18.46,0.05,2.88,0.52,12.09,2.52,3640.87,0.46,2.92,6.37,3.5,809.3,15.0,0.03,23.5,15.14,0.5,2.3,192.92,0.59,0.025,5.9,0.4,1.12,1.71,124.69,0.74,19.21,104.07,0,0,0
10336.166,9037.969,1222.0,0.005,8.93,1.58,434.98,0.88,0.05,6.27,0.09,22.89,22.06,22.55,3.23,5.45,21.45,0.15,3.13,0.77,10.5,1.91,778.85,0.84,2.14,6.06,11.19,978.49,15.32,0.005,14.67,17.73,0.5,1.04,607.31,0.4,0.025,2.96,0.64,0.31,0.83,168.93,0.41,13.11,118.0,0,0,0
10175.674,8736.307,1089.0,0.005,9.8,2.15,652.71,0.93,0.05,4.52,0.14,28.92,24.05,22.38,4.03,5.61,22.32,0.08,3.52,1.4,14.19,2.32,990.72,0.91,2.49,6.63,13.34,1006.68,25.62,0.005,19.15,20.48,0.5,0.87,581.0,0.46,0.025,2.83,0.64,0.63,0.83,189.82,0.39,12.86,121.17,0,0,0
10186.511,8728.796,1107.0,0.0025,8.07,5.67,796.21,1.11,0.05,1.87,0.1,36.88,21.13,58.15,5.89,6.07,21.24,0.1,4.25,1.53,16.62,2.6,5321.46,0.25,2.94,7.64,13.89,920.88,34.58,0.01,23.91,19.22,0.5,1.41,216.67,0.57,0.025,4.43,0.6,0.91,1.2,179.44,0.89,14.27,160.7,0,0,0
12291.151,9344.202,1358.05,0.017,6.86,2051.51,108.66,1.07,5.55,0.31,0.29,31.34,9.93,21.31,4.65,4.48,18.51,0.05,0.81,1.32,15.49,1.0,210.07,2.97,0.41,4.64,3.05,467.9,85.74,0.03,18.85,9.79,2.07,48.69,96.74,0.57,0.531,17.94,0.26,1.15,3.28,75.34,6.7,5.38,25.43,0,1,1
11897.495,8893.909,1196.9,0.0025,7.29,4.68,430.15,1.78,0.08,1.69,1.93,46.23,5.15,13.88,7.08,2.24,18.95,0.07,2.39,2.26,26.29,0.42,671.84,0.33,2.17,7.52,6.23,516.83,76.98,0.01,2.87,6.85,0.5,1.29,144.12,0.73,0.025,10.22,0.21,0.86,2.45,43.02,0.82,14.26,65.61,0,0,0
12283.669,9423.82,1371.49,0.009,8.27,10.86,770.17,1.23,0.13,3.0,0.22,33.59,8.01,21.42,6.13,3.33,18.97,0.07,0.57,2.61,21.95,1.07,360.36,2.37,2.66,6.31,4.63,515.02,81.79,0.03,4.7,10.34,0.5,2.29,300.61,0.71,0.025,16.05,0.32,0.61,3.74,78.66,0.85,15.05,15.24,0,0,0
12182.615,9451.037,1345.29,0.0025,8.89,30.62,446.08,0.92,1.25,1.53,1.33,39.71,7.39,102.4,10.14,7.13,18.36,0.07,0.93,1.47,17.83,2.39,805.67,0.79,1.92,4.78,33.13,839.74,49.82,0.22,3.79,20.67,2.05,30.8,270.84,0.42,0.14,4.77,0.56,1.42,1.72,173.22,1.58,14.86,25.36,0,1,1
12091.205,9306.671,1322.09,0.005,10.1,8.39,243.43,1.83,0.23,4.22,0.05,51.92,36.14,48.9,5.17,5.59,25.35,0.08,0.3,0.59,24.09,1.01,503.84,1.35,1.57,13.52,37.64,576.13,19.33,0.84,1.99,22.56,1.05,0.94,413.48,1.01,0.069,11.03,0.46,0.33,2.15,118.68,0.22,17.23,11.42,0,1,1
11989.433,9247.174,1307.57,0.0025,9.96,4.92,762.45,2.91,0.05,0.31,0.06,87.37,9.34,57.2,4.49,4.56,24.67,0.1,0.39,3.75,41.54,0.92,460.29,0.18,0.61,18.64,26.87,502.52,161.7,0.01,1.6,16.18,0.5,1.48,56.8,1.27,0.025,14.88,0.5,0.82,1.45,118.24,0.47,33.76,9.71,0,0,0
11969.984,9250.353,1304.83,0.0025,10.99,4.35,843.79,2.58,0.05,0.23,0.15,105.39,12.22,68.23,6.15,5.34,25.08,0.13,0.48,3.88,48.92,1.12,528.91,0.22,0.31,21.82,35.8,732.75,183.54,0.005,1.87,20.16,0.5,1.94,46.19,1.43,0.025,15.78,0.6,0.96,2.19,132.72,1.08,45.91,17.06,0,0,0
11929.604,9407.668,1288.72,0.0025,8.08,3.58,1338.73,1.9,0.11,7.46,0.17,65.09,9.98,28.85,1.09,4.89,22.19,0.1,0.65,2.19,30.45,1.96,975.77,0.63,1.15,12.12,16.31,1539.88,37.7,0.03,0.82,23.69,0.5,0.74,567.36,0.77,0.051,9.64,0.42,0.33,1.62,109.17,0.21,29.56,17.52,0,0,1
11856.873,9268.942,1288.82,0.0025,6.8,0.79,173.44,1.59,0.09,1.63,0.28,7.8,1.61,42.39,4.94,1.44,13.34,0.025,0.65,0.86,4.06,0.76,312.0,0.28,2.1,15.71,12.05,527.64,49.04,0.005,0.57,9.35,0.5,3.95,145.83,0.92,0.025,7.44,0.44,0.66,0.98,79.62,2.71,12.87,22.34,0,0,0
11795.463,9115.365,1276.28,0.0025,12.61,0.1,254.92,1.64,0.05,2.38,0.11,38.85,2.23,45.95,2.84,2.01,19.52,0.06,3.41,1.42,17.47,1.24,250.57,0.12,3.96,16.48,18.27,748.37,84.55,0.005,0.81,19.9,0.5,1.38,212.03,1.03,0.025,13.72,0.58,0.59,2.34,138.22,1.97,29.02,136.89,0,0,0
11691.29,8953.909,1226.3,0.0025,6.32,21.43,289.5,1.54,0.05,0.54,0.54,43.95,1.02,3.06,10.15,1.1,13.91,0.06,2.76,2.27,29.92,0.1,650.19,1.09,1.41,6.67,1.09,111.11,104.57,0.005,6.33,2.04,0.5,1.46,47.76,0.79,0.025,20.03,0.06,0.9,4.43,1.81,0.91,21.19,85.72,0,0,0
11615.695,8856.134,1193.41,0.0025,8.98,5.66,531.24,1.25,0.05,4.37,0.33,27.05,21.91,38.16,2.27,5.09,21.21,0.09,1.38,1.24,12.7,1.87,1189.04,0.66,2.32,6.9,12.2,1038.72,19.26,0.01,2.06,17.96,0.5,1.53,498.09,0.47,0.025,2.09,0.62,0.38,0.48,176.94,0.49,13.61,44.18,0,0,0
11802.383,8850.063,1180.08,0.005,8.19,12.92,1138.33,1.87,0.31,1.2,1.03,50.54,10.67,18.28,6.71,2.86,17.95,0.1,2.05,3.03,25.07,0.44,698.39,0.67,2.1,7.87,13.16,565.3,126.47,0.18,3.52,6.69,0.5,0.59,332.4,0.71,0.025,12.78,0.2,1.2,3.1,39.27,0.98,12.5,65.04,0,0,0
10144.0,8642.0,1051.0,0.0025,8.68,2.99,1309.41,1.21,0.05,2.78,0.18,38.36,10.55,15.37,10.61,3.69,20.51,0.08,3.92,2.49,15.79,0.7,2952.53,0.25,3.18,8.51,3.38,1014.21,99.05,0.02,7.77,15.07,0.5,1.33,594.73,0.59,0.025,4.92,0.45,1.3,1.68,102.42,0.65,17.36,161.58,0,0,0
10287.0,8689.0,1085.0,0.0025,8.66,3.69,834.06,1.39,0.05,2.12,0.09,38.57,9.51,4.15,6.93,3.78,21.18,0.08,3.56,1.69,17.41,1.24,2637.24,0.47,4.32,9.26,1.76,1262.92,59.56,0.01,3.86,9.46,0.5,1.85,518.4,0.55,0.025,4.39,0.31,0.83,1.2,55.78,0.94,20.02,163.39,0,0,0
10343.0,8772.0,1110.0,0.0025,9.5,0.38,721.89,1.47,0.05,2.75,0.09,32.36,11.59,4.35,11.02,4.83,19.74,0.07,3.09,1.69,13.15,1.12,2772.73,0.18,3.15,7.86,1.19,1202.7,54.64,0.01,5.91,11.77,0.5,1.25,566.83,0.56,0.054,3.62,0.53,0.87,0.93,129.3,0.45,21.59,129.16,0,0,1
10414.0,8808.0,1142.0,0.0025,8.21,5.78,486.86,1.31,0.05,2.97,0.12,38.39,9.03,9.24,6.04,3.38,13.52,0.07,2.97,1.31,20.46,1.06,2263.32,0.52,3.2,6.68,3.13,701.95,61.97,0.03,6.11,8.6,0.5,1.63,210.63,0.55,0.025,8.91,0.3,0.76,3.06,82.18,1.05,17.51,104.29,0,0,0
10436.0,8858.0,1150.0,0.007,10.28,1.56,773.57,1.29,0.05,1.82,0.06,36.32,13.06,10.04,9.12,4.68,17.73,0.07,4.3,1.94,20.22,1.51,1039.48,0.26,3.29,8.04,2.73,821.47,72.92,0.01,2.99,14.23,0.5,1.57,488.55,0.65,0.025,7.99,0.42,0.99,2.4,123.85,0.86,20.67,167.34,0,0,0
10159.0,8676.0,1065.0,0.0025,7.66,3.04,774.95,1.35,0.05,1.91,0.22,32.97,20.21,43.3,4.44,4.94,18.33,0.1,4.1,1.5,16.0,1.63,4918.99,0.26,3.17,6.98,13.26,1070.2,38.14,0.01,15.16,19.78,0.5,1.46,331.44,0.55,0.025,3.99,0.53,0.67,1.32,147.99,0.56,17.82,144.92,0,0,0
10565.0,9023.0,1212.0,0.0025,8.62,1.25,1229.73,1.47,0.005,3.96,0.09,32.05,12.37,8.35,3.68,4.49,19.69,0.06,4.37,1.22,15.23,1.4,1213.94,0.52,2.46,8.98,2.85,1047.29,25.92,0.03,3.51,13.95,0.5,1.6,614.23,0.64,0.025,4.21,0.49,0.26,1.62,118.87,0.45,18.42,187.13,0,0,0
10581.0,9068.0,1216.0,0.0025,9.36,1.11,583.14,1.45,0.005,4.04,0.1,34.92,10.74,9.05,2.5,5.04,21.34,0.07,4.6,1.27,15.06,1.24,817.85,1.06,2.41,9.57,2.78,1101.52,27.17,0.005,3.37,13.68,0.5,1.6,395.51,0.66,0.025,5.13,0.55,0.18,1.5,122.46,0.57,22.04,177.03,0,0,0
10714.0,9146.0,1214.0,0.0025,8.44,1.26,890.09,1.54,0.05,2.83,1.57,48.96,7.23,5.02,5.16,4.49,21.77,0.09,4.09,1.55,19.0,0.57,1112.42,0.21,3.1,9.55,1.55,907.18,57.99,0.005,1.76,12.1,0.5,1.63,320.65,0.61,0.025,6.07,0.42,0.7,1.82,82.98,0.75,23.03,155.31,0,0,0
10861.0,9241.0,1258.0,0.0025,9.23,0.41,882.47,1.48,0.17,1.78,0.44,47.49,6.36,8.12,5.15,3.67,18.09,0.12,3.1,3.52,21.22,0.82,901.77,0.31,3.07,8.89,1.94,748.79,165.77,0.02,2.09,9.8,0.5,2.52,295.48,0.64,0.058,6.29,0.35,1.55,1.29,70.53,0.72,17.18,134.05,0,0,1
10867.0,9037.0,1247.0,0.0025,8.63,1.07,797.76,1.5,0.05,2.16,0.08,49.74,7.43,5.25,8.04,4.22,20.78,0.08,4.29,2.49,23.02,0.6,2078.26,0.28,3.84,8.88,1.85,1031.17,113.41,0.005,5.88,10.72,0.5,1.81,391.52,0.63,0.025,6.69,0.41,1.42,1.91,85.37,0.74,23.23,153.66,0,0,0
10857.0,8825.0,1159.0,0.0025,9.81,46.25,244.2,1.54,0.05,0.13,2.2,45.46,13.3,54.71,11.92,4.28,19.54,0.08,2.3,2.25,17.04,0.22,2093.4,1.33,1.01,7.54,14.51,762.62,107.49,0.01,13.02,15.4,0.5,0.4,23.79,0.68,0.025,10.91,0.43,1.05,3.28,111.45,1.63,14.21,64.74,0,0,0
10790.0,8782.0,1154.0,0.0025,8.04,6.16,649.37,1.31,0.005,1.89,1.73,41.0,13.57,49.48,6.62,4.03,17.7,0.08,1.77,1.87,20.68,1.02,1600.96,1.06,2.68,6.6,14.09,883.72,69.26,0.03,3.23,13.39,0.5,0.32,115.03,0.52,0.025,9.0,0.39,0.8,2.74,93.17,0.98,15.96,54.69,0,0,0
12145.648,9090.515,1257.1,0.0025,8.4,1.4,308.51,0.95,0.05,4.98,0.07,20.75,14.76,13.86,2.09,4.93,20.11,0.07,0.4,1.0,8.94,1.93,671.13,0.79,2.22,4.88,5.51,884.63,12.88,0.01,0.89,15.67,0.5,1.7,360.42,0.36,0.025,5.02,0.46,0.26,1.21,135.31,0.37,15.36,11.16,0,0,0
9122.0,6366.0,1390.0,0.0025,6.95,1.08,286.6,0.92,0.005,5.33,0.1,32.0,16.58,31.93,7.14,4.33,15.29,0.06,2.28,1.45,15.73,1.66,1340.6,0.22,2.0,4.77,10.57,769.7,82.92,0.005,1.52,17.3,0.5,0.96,308.26,0.36,0.025,2.99,0.48,1.0,0.87,132.51,0.43,15.18,72.58,0,0,0
9012.0,6404.0,1409.0,0.0025,7.63,2.73,597.07,1.1,0.05,4.51,0.14,30.61,19.57,23.78,3.31,4.91,20.35,0.06,3.28,1.44,13.89,1.5,1054.78,1.05,2.06,6.76,12.13,854.02,38.7,0.01,1.52,17.84,0.5,1.36,420.56,0.49,0.025,4.71,0.48,0.39,1.53,147.05,0.8,18.39,120.45,0,0,0
9201.0,6520.0,1362.0,0.005,9.03,0.76,881.83,1.12,0.05,4.02,0.11,31.32,20.58,30.87,5.1,5.43,18.4,0.07,1.65,1.03,16.08,1.92,1327.1,0.32,3.47,6.14,13.7,856.43,49.41,0.02,1.69,18.12,0.5,0.55,460.62,0.41,0.025,3.36,0.52,0.6,0.78,130.14,0.69,15.2,61.95,0,0,0
9159.0,6615.0,1348.0,0.006,7.26,1.64,1235.34,0.85,0.05,3.02,0.06,27.06,16.52,29.26,5.78,4.99,15.32,0.06,1.8,1.14,13.72,1.64,754.21,0.37,2.9,6.12,9.17,904.89,41.35,0.03,2.07,14.33,0.5,1.31,510.38,0.39,0.025,2.27,0.52,0.5,0.64,151.46,0.59,10.41,52.61,0,0,0
9008.0,6622.0,1342.0,0.0025,9.11,2.29,428.31,1.19,0.05,3.36,0.09,33.38,22.15,41.44,5.24,5.81,17.78,0.06,2.77,0.66,16.53,2.24,1083.06,0.25,2.71,6.5,20.4,991.13,19.37,0.01,2.41,19.39,0.5,1.14,578.53,0.43,0.025,4.16,0.56,0.32,1.23,169.49,0.39,17.89,118.64,0,0,0
9078.0,6711.0,1333.0,0.0025,8.53,4.02,316.32,1.08,0.12,2.44,0.14,30.01,19.14,35.93,2.34,5.07,16.37,0.08,2.91,0.59,12.84,2.54,725.25,0.53,2.73,6.1,17.8,795.41,17.2,0.01,2.05,20.6,0.5,1.02,616.34,0.37,0.025,3.11,0.46,0.43,1.23,142.79,0.48,14.97,109.85,0,0,0
8899.0,6746.0,1320.0,0.005,8.8,2.35,386.44,1.02,0.05,3.02,0.07,31.3,21.47,41.7,6.52,4.67,19.86,0.07,3.49,0.93,14.13,2.34,870.39,0.29,2.87,6.31,16.05,904.3,28.31,0.01,2.59,23.1,1.0,1.11,529.96,0.51,0.025,3.72,0.48,0.38,1.48,151.14,0.42,15.15,130.9,0,1,0
8654.0,6665.0,1371.0,0.0025,6.58,13.1,579.56,1.02,0.05,3.05,0.05,26.48,14.16,28.26,9.21,3.79,17.22,0.06,2.04,2.24,11.53,0.93,759.4,0.58,1.16,5.61,6.81,788.92,90.23,0.11,4.82,14.33,0.5,0.78,136.33,0.43,0.025,3.29,0.43,1.25,1.42,104.51,1.3,13.92,74.47,0,0,0
8618.0,6656.0,1378.0,0.0025,8.22,1.94,259.5,0.93,0.13,3.42,0.08,21.26,21.94,20.8,3.74,6.23,18.33,0.06,2.01,0.75,8.65,2.84,951.88,0.22,2.33,4.63,10.89,766.42,16.04,0.08,1.56,16.02,0.5,1.1,467.1,0.37,0.025,3.26,0.45,0.35,1.38,162.09,0.77,12.79,69.64,0,0,0
9247.878,6391.422,1418.0,0.0025,8.56,2.36,261.08,1.09,0.05,3.06,0.05,27.81,20.88,39.17,11.52,5.28,17.43,0.07,1.22,2.01,11.93,1.87,916.94,0.28,1.92,5.86,14.35,952.11,90.7,0.03,2.77,19.15,0.5,0.48,176.73,0.48,0.025,2.89,0.5,1.45,0.69,145.05,1.0,13.77,36.46,0,0,0
9275.735,6609.744,1397.0,0.005,8.62,2.82,384.47,1.01,0.08,3.46,0.13,34.65,19.04,38.81,10.38,5.6,19.47,0.07,2.45,1.49,13.47,2.08,978.44,0.36,1.68,5.93,15.45,880.21,49.52,0.01,1.63,16.29,0.5,3.72,213.39,0.45,0.025,3.01,0.53,0.74,0.93,138.65,0.53,14.61,89.56,0,0,0
9255.155,6844.422,1386.0,0.0025,10.49,1.52,343.11,1.1,0.005,3.78,0.1,28.24,20.11,33.13,9.57,4.9,17.82,0.06,3.13,1.78,11.61,2.28,1092.27,0.22,2.07,5.91,12.21,895.84,50.68,0.01,1.83,18.16,0.5,0.99,347.79,0.47,0.025,2.6,0.57,0.88,1.14,143.37,0.73,14.83,120.73,0,0,0
9311.03,6885.561,1391.0,0.029,2.55,84.71,83.26,0.44,0.05,2.85,12.57,11.78,41.19,14.54,6.28,2.49,5.28,0.05,0.56,0.41,5.99,0.94,1842.91,7.26,0.12,1.49,274.21,240.78,26.55,0.03,61.15,4.56,0.5,0.53,51.11,0.13,0.025,1.08,0.1,0.53,0.4,41.6,0.39,6.26,21.04,0,0,0
9332.496,6908.476,1409.0,0.007,2.66,9.48,89.87,0.35,0.05,7.09,0.34,13.52,6.48,17.11,5.42,1.94,5.45,0.025,1.02,0.68,5.28,0.51,967.07,0.83,0.05,1.77,4.41,286.12,51.16,0.01,39.21,4.81,0.5,0.55,92.38,0.14,0.025,1.72,0.13,0.47,0.54,40.23,0.63,6.06,38.15,0,0,0
9332.306,6918.581,1392.0,0.011,2.47,33.41,75.81,0.43,0.05,6.84,0.28,13.86,6.35,17.08,6.42,2.48,5.79,0.025,0.92,0.45,6.98,0.99,2223.75,1.97,0.18,1.67,4.33,321.5,34.89,0.01,75.92,6.48,0.5,0.49,150.31,0.14,0.025,1.44,0.13,0.46,0.46,39.34,0.56,10.03,36.16,0,0,0
9274.334,7160.944,1393.0,0.005,8.19,1.3,329.29,0.98,0.05,6.1,0.09,25.13,18.67,32.2,17.06,4.66,19.08,0.08,2.56,1.79,13.47,1.38,1234.82,0.43,1.88,5.47,13.21,869.32,96.62,0.01,3.28,18.79,0.5,0.87,280.19,0.44,0.025,3.0,0.56,1.28,1.05,155.58,0.85,15.36,87.54,0,0,0
9142.554,6308.243,1408.11,0.0025,6.98,2.12,356.42,1.09,0.18,4.02,0.1,22.74,22.47,38.28,6.87,5.18,18.91,0.08,2.73,1.47,10.13,2.33,913.96,0.29,2.03,6.89,14.03,915.26,35.83,0.005,2.34,17.09,0.5,3.52,393.36,0.48,0.025,2.28,0.51,0.87,0.85,137.95,0.82,12.88,102.39,0,0,0
9188.867,6268.263,1424.22,0.0025,8.99,3.29,460.54,1.16,0.05,4.28,0.16,29.48,21.02,24.77,2.03,5.37,18.52,0.07,3.23,1.41,13.59,1.65,938.4,0.89,2.23,6.5,12.26,815.58,25.8,0.01,1.47,16.89,0.5,1.64,445.17,0.44,0.025,4.11,0.53,0.3,1.4,150.4,0.73,18.2,132.6,0,0,0
9307.264,6330.462,1427.14,0.0025,7.08,3.84,557.69,1.11,0.05,4.46,0.13,28.52,16.31,23.96,2.49,5.16,17.63,0.05,2.9,1.3,12.34,1.7,987.25,1.25,2.13,6.08,10.79,822.62,25.07,0.005,1.94,13.73,0.5,1.93,364.35,0.41,0.058,3.44,0.53,0.25,1.5,157.78,0.72,14.83,121.62,0,0,1
9291.764,6342.348,1418.24,0.0025,11.83,1.22,408.81,1.03,0.05,3.43,0.17,22.89,20.7,24.55,9.39,5.12,18.66,0.06,3.6,1.94,9.72,1.95,960.02,0.25,3.09,6.29,12.97,1085.0,29.39,0.01,1.26,18.55,0.5,1.72,359.69,0.49,0.025,3.53,0.55,0.66,1.55,166.93,0.6,14.04,142.98,0,0,0
9249.006,6440.427,1396.53,0.0025,10.48,3.24,503.09,1.21,0.05,4.97,0.17,26.55,17.85,27.46,2.86,5.41,17.57,0.06,2.85,1.25,13.07,1.58,1036.41,1.35,2.02,6.42,10.31,904.93,29.71,0.01,1.41,16.21,0.5,1.2,412.58,0.5,0.025,4.11,0.53,0.29,1.51,155.26,0.65,18.29,119.33,0,0,0
9320.683,6575.191,1393.99,0.0025,12.39,2.5,512.84,1.11,0.05,4.23,0.1,24.66,17.68,23.6,2.49,5.47,18.19,0.05,3.38,1.47,11.23,2.12,1006.79,1.43,2.15,6.52,9.99,990.31,21.93,0.01,1.52,16.27,0.5,1.4,481.24,0.46,0.025,3.46,0.53,0.27,1.29,166.18,0.78,16.0,109.65,0,0,0
9361.382,6661.742,1417.3,0.0025,8.06,3.22,547.67,1.21,0.05,5.23,0.14,28.05,20.04,28.85,3.21,5.13,19.45,0.07,3.75,1.28,13.08,1.44,864.35,1.68,1.94,6.3,10.88,991.21,26.83,0.01,2.02,16.95,0.5,1.31,414.13,0.51,0.025,3.69,0.53,0.3,1.35,146.16,0.71,15.4,139.79,0,0,0
9402.416,6919.178,1364.12,0.011,2.89,3.87,84.33,0.45,0.05,9.47,0.07,19.06,3.45,18.26,6.59,1.91,5.72,0.05,1.05,0.95,9.75,0.43,1474.01,0.48,0.16,1.96,3.84,313.42,66.06,0.01,21.32,5.95,0.5,0.53,100.68,0.13,0.025,1.56,0.16,0.64,0.52,50.87,0.76,8.41,39.21,0,0,0
9337.693,7044.911,1387.87,0.0025,9.06,3.44,482.72,1.1,0.05,4.32,0.08,31.25,16.76,31.42,4.41,5.58,21.66,0.07,3.22,1.17,14.04,1.58,918.57,1.16,2.06,7.38,11.9,921.34,32.2,0.01,1.88,20.25,0.5,1.38,389.87,0.44,0.025,4.26,0.52,0.34,1.43,147.75,0.82,16.53,146.2,0,0,0
9276.343,7158.845,1383.0,0.005,1.38,2.19,75.88,0.19,0.05,1.03,0.34,36.46,3.06,16.26,4.26,1.48,3.11,0.05,0.18,0.41,22.43,0.28,371.6,2.85,0.06,0.54,2.06,97.34,17.88,0.01,33.25,1.95,0.5,0.28,24.58,0.025,0.05,0.32,0.04,0.36,0.11,27.82,0.19,4.26,7.78,0,0,1
9206.111,7092.305,1328.98,0.0025,9.07,3.2,466.91,1.08,0.05,4.9,0.11,29.26,20.51,44.89,1.9,5.81,19.0,0.05,4.18,1.23,12.81,1.81,963.32,1.39,2.05,7.74,17.45,994.39,17.69,0.02,1.02,20.37,0.5,1.17,424.61,0.49,0.025,4.02,0.56,0.23,1.11,175.22,0.55,16.2,147.22,0,0,0
9115.31,6910.447,1308.9,0.0025,8.71,3.73,527.49,1.22,0.05,4.25,0.12,23.61,18.96,48.74,1.83,5.39,19.16,0.07,3.58,1.32,10.58,1.87,893.87,1.52,2.08,6.37,16.73,1072.25,16.13,0.02,1.41,17.92,0.5,1.25,425.76,0.53,0.025,3.35,0.53,0.26,1.22,147.49,0.48,14.76,144.22,0,0,0
10172.545,9339.51,1258.0,0.0025,8.83,2.7,1148.17,1.21,0.05,2.67,0.11,30.75,13.59,13.14,12.49,4.47,19.01,0.06,3.07,1.75,13.1,1.36,749.16,1.13,2.63,7.73,4.9,793.34,40.03,0.04,0.59,14.56,0.5,1.26,726.94,0.55,0.025,6.81,0.44,0.45,2.71,133.03,0.76,18.04,126.89,0,0,0
10095.745,9271.919,1266.0,0.0025,9.1,2.72,574.64,1.37,0.05,3.84,0.11,31.49,11.82,13.57,4.73,4.53,18.46,0.08,4.08,1.84,13.86,1.35,809.97,1.82,2.39,6.58,2.86,802.81,35.94,0.005,0.69,13.29,0.5,1.64,567.1,0.66,0.025,5.88,0.47,0.39,1.81,115.44,0.96,19.09,129.02,0,0,0
10124.417,9242.645,1247.0,0.0025,7.72,7.37,751.04,1.17,0.05,2.83,0.14,36.67,12.67,25.42,9.92,4.16,14.2,0.07,3.6,1.32,17.36,1.43,1134.98,0.96,1.56,6.67,6.14,617.05,35.4,0.01,9.31,15.89,0.5,1.61,439.33,0.61,0.025,7.24,0.4,0.83,2.42,115.31,0.8,17.26,125.97,0,0,0
10037.201,9295.062,1293.0,0.0025,0.1,3.37,259.37,0.07,0.05,32.27,0.05,1.05,1.45,1.81,0.81,0.18,0.38,0.025,0.1,0.01,0.59,1.62,2744.8,0.51,0.01,0.1,0.69,493.26,0.55,0.03,0.28,0.33,0.5,0.2,1234.87,0.025,0.025,0.15,0.01,0.05,0.19,8.66,0.1,1.24,1.72,0,0,0
9946.424,9323.672,1333.0,0.0025,8.02,2.17,503.06,1.18,0.05,4.23,0.1,32.83,15.14,7.36,1.64,5.19,17.67,0.07,4.18,1.64,14.43,1.51,1052.81,0.89,2.09,6.79,2.85,789.58,34.84,0.01,0.61,18.99,0.5,1.42,375.76,0.53,0.025,6.58,0.5,0.32,1.88,131.08,0.74,21.93,138.76,0,0,0
9918.749,9347.723,1339.0,0.0025,9.46,51.94,138.08,0.95,0.05,0.04,0.06,2.82,2.76,7.07,31.41,4.84,24.37,0.05,3.53,3.25,1.28,0.54,180.73,2.29,0.08,7.02,0.57,718.42,198.84,0.01,11.43,19.49,1.03,1.15,12.58,0.55,1.15,4.52,0.43,0.93,2.18,166.87,0.67,6.94,136.57,0,1,1
9926.649,9451.377,1364.0,0.0025,9.91,88.96,381.76,1.16,0.05,0.18,0.05,11.52,12.17,7.4,28.52,4.94,17.52,0.06,3.48,2.49,5.54,1.05,583.07,2.13,0.19,7.13,1.91,747.0,99.55,0.01,6.42,21.03,2.06,1.24,52.3,0.54,0.616,6.19,0.49,1.12,2.7,158.43,0.71,12.63,138.81,0,1,1
9932.904,9539.296,1377.0,0.0025,8.71,8.17,201.45,0.96,0.05,3.99,0.1,27.42,14.62,6.24,8.64,4.92,20.45,0.06,3.34,0.67,10.73,1.47,855.19,0.38,1.89,6.9,2.43,774.26,8.53,0.005,3.02,17.73,0.5,1.34,381.32,0.55,0.025,5.28,0.45,0.16,2.17,132.5,0.91,16.11,116.64,0,0,0
9549.563,9700.593,1430.0,0.0025,8.16,151.35,363.29,0.56,0.05,0.08,0.01,15.67,1.94,23.79,17.57,3.47,21.15,0.025,3.71,2.69,5.91,0.65,94.65,2.46,0.03,5.18,0.69,557.52,153.45,0.02,66.96,23.47,3.09,1.29,15.16,0.46,0.618,7.03,0.5,2.18,1.7,155.01,0.55,10.81,111.44,0,1,1
9548.52,9701.509,1430.0,0.0025,9.47,60.18,483.19,0.71,0.05,0.11,0.01,6.07,3.41,32.31,21.24,6.48,22.93,0.05,4.03,2.49,2.24,1.29,160.17,1.85,0.11,7.65,1.87,888.65,68.56,0.04,41.86,28.38,2.04,1.55,35.51,0.61,0.088,4.25,0.61,2.5,2.5,198.93,0.76,6.43,155.17,0,1,1
9217.572,8458.713,961.09,0.0025,8.07,2.69,488.5,1.32,0.05,0.75,0.12,44.73,15.68,29.61,0.6,4.38,15.41,0.14,2.18,0.95,23.53,0.92,498.41,0.42,3.98,7.67,9.52,759.65,27.39,0.01,0.32,13.7,0.5,3.44,413.47,0.51,0.025,9.57,0.37,0.12,2.8,99.2,0.84,19.55,61.73,0,0,0
9086.685,8631.27,972.53,0.0025,8.34,1.2,404.02,1.52,0.05,2.21,0.25,37.57,14.14,47.76,1.23,4.35,19.71,0.14,2.55,0.9,21.43,1.56,583.38,0.19,3.57,6.94,13.26,673.87,24.3,0.01,0.52,12.16,0.5,1.74,462.4,0.6,0.025,8.77,0.36,0.13,2.82,105.37,0.76,16.06,94.93,0,0,0
8879.033,8654.444,1019.0,0.0025,8.72,10.78,552.41,1.32,0.05,1.27,0.15,38.4,14.93,38.47,0.86,3.53,19.9,0.15,2.41,1.07,24.0,1.33,562.48,1.97,3.01,7.14,11.86,760.16,27.46,0.01,0.85,10.66,0.5,1.83,376.6,0.54,0.025,8.49,0.34,0.15,2.72,109.15,0.91,15.27,88.94,0,0,0
8873.549,8732.284,1049.08,0.0025,8.44,0.65,495.72,1.22,0.05,4.2,0.1,27.75,15.43,51.07,0.89,4.67,21.35,0.14,2.4,1.52,12.93,0.96,799.05,0.62,2.27,7.3,22.32,940.77,26.63,0.01,0.56,12.99,0.5,1.7,416.46,0.5,0.025,4.89,0.45,0.18,1.76,129.49,0.75,11.94,89.96,0,0,0
8906.997,8785.388,1045.77,0.0025,0.23,0.1,10.0,0.09,0.05,33.55,0.39,1.6,2.1,2.0,0.38,0.5,0.66,0.025,0.1,0.02,0.88,0.58,5358.87,1.44,0.01,0.2,0.1,435.48,1.01,0.03,0.37,0.45,1.0,0.2,316.15,0.025,0.025,0.17,0.01,0.01,12.46,10.07,0.19,0.68,2.56,0,1,0
8901.754,8800.469,1050.12,0.006,7.92,5.27,260.97,0.87,0.05,0.44,0.09,34.87,10.26,35.77,5.83,3.29,18.01,0.11,2.64,1.44,18.5,1.08,430.73,0.31,2.81,6.96,9.08,837.5,47.33,0.005,0.64,12.73,0.5,2.99,149.8,0.5,0.025,8.08,0.37,0.18,2.38,88.65,1.03,14.02,79.06,0,0,0
8458.298,8794.814,1048.8,0.0025,11.23,1.14,193.45,1.29,0.005,2.97,0.26,21.28,17.17,92.78,1.04,5.52,18.88,0.14,2.47,0.63,9.38,2.62,978.81,0.4,2.61,8.4,26.48,971.57,4.63,0.03,0.38,16.18,1.08,1.54,451.95,0.51,0.025,2.42,0.63,0.1,1.3,139.98,0.55,13.13,94.74,0,1,0
8918.989,8950.516,1087.94,0.0025,9.92,10.65,1034.7,1.29,0.05,2.05,0.06,24.8,12.96,10.31,2.02,5.06,20.06,0.17,3.13,1.92,13.77,1.69,1009.6,0.49,3.73,8.22,8.51,995.06,28.69,0.08,0.3,17.48,0.5,1.36,492.77,0.47,0.025,3.72,0.64,0.54,1.2,148.74,1.2,15.8,123.82,0,0,0
8914.314,9028.546,1108.39,0.0025,8.01,5.43,473.87,1.18,0.05,2.27,0.05,21.8,21.47,41.64,3.94,5.13,18.44,0.14,3.0,0.7,10.97,2.79,497.53,0.55,2.24,7.72,11.56,924.37,11.55,0.005,7.26,14.66,0.5,1.15,634.66,0.46,0.025,2.99,0.54,0.51,0.97,177.31,0.81,11.78,116.58,0,0,0
8686.428,8977.299,1091.36,0.006,7.94,20.07,289.52,1.3,0.05,1.23,0.08,37.89,20.16,68.61,3.02,5.41,16.76,0.15,2.65,0.68,19.46,1.62,492.91,9.85,2.7,6.22,27.43,793.74,25.19,0.21,3.66,16.96,0.5,1.35,599.46,0.42,0.025,6.05,0.45,0.34,1.97,140.65,0.7,14.5,95.81,0,0,0
8678.575,8986.867,1093.85,0.0025,0.43,5.29,18.32,0.15,0.05,33.06,0.12,2.62,3.32,2.84,0.28,1.01,1.14,0.025,0.19,0.03,1.49,0.33,1880.73,1.25,0.01,0.49,0.74,1368.78,2.08,0.02,0.32,1.02,1.1,0.21,296.18,0.025,0.025,0.47,0.02,0.05,1.23,17.5,0.58,1.56,6.37,0,1,0
8684.346,8882.298,1024.02,0.0025,0.74,5.93,39.34,0.29,0.05,31.98,0.29,4.5,3.95,2.96,0.84,0.93,2.13,0.025,0.28,0.11,2.1,0.48,5346.81,1.03,0.04,0.69,0.33,541.25,5.87,0.04,0.66,1.59,1.04,0.3,228.31,0.025,0.025,0.68,0.03,0.05,0.73,16.32,0.38,2.1,11.62,0,1,0
8679.177,8864.974,1035.69,0.0025,7.54,1.23,206.83,1.9,0.09,0.49,0.08,68.16,0.77,6.59,1.44,2.14,18.59,0.13,5.04,0.82,34.15,0.1,436.8,0.5,3.97,8.2,0.84,128.61,32.72,0.005,0.66,11.65,0.5,2.5,316.28,0.78,0.025,15.16,0.1,0.19,4.37,4.29,0.7,30.25,159.39,0,0,0
10061.0,8642.0,1066.0,0.0025,7.41,3.48,689.24,1.53,0.06,2.53,0.09,29.77,14.88,17.2,4.6,5.13,18.63,0.14,4.13,1.16,14.96,1.63,3903.44,0.28,3.29,9.22,4.58,1000.34,27.64,0.01,11.92,14.23,0.5,1.53,412.39,0.56,0.025,4.18,0.5,0.58,1.34,127.37,0.8,17.82,162.56,0,0,0
10082.0,8743.0,1075.0,0.0025,9.0,0.74,1018.56,1.58,0.05,2.75,0.1,42.74,8.58,2.99,8.46,4.35,22.67,0.14,5.31,2.12,19.31,0.89,2337.5,0.44,3.37,10.87,0.91,1335.43,59.57,0.005,4.61,7.87,0.5,1.63,474.01,0.61,0.025,5.32,0.35,0.88,1.6,49.22,0.73,22.33,175.67,0,0,0
10077.0,8760.0,1081.0,0.0025,9.1,2.51,673.64,1.62,0.05,3.07,0.14,34.43,8.97,9.45,7.06,4.39,19.35,0.15,4.22,1.55,13.48,0.8,1023.34,0.83,3.45,11.01,1.65,1384.14,44.84,0.005,7.05,7.22,0.5,1.72,442.34,0.68,0.025,4.08,0.38,0.71,1.24,55.62,0.86,22.69,158.78,0,0,0
10073.0,8888.0,1127.0,0.0025,8.84,2.16,617.41,1.49,0.05,3.91,0.12,33.28,9.75,4.54,2.83,4.01,22.43,0.17,4.76,1.32,16.26,1.0,906.57,1.14,2.91,10.99,1.29,1438.44,27.93,0.005,2.54,8.07,0.5,1.59,438.05,0.61,0.025,3.76,0.37,0.23,1.15,60.24,0.74,19.15,195.47,0,0,0
10026.0,8974.0,1185.0,0.0025,10.18,2.39,817.75,1.7,0.005,3.24,0.05,35.02,8.41,5.18,7.42,5.25,17.56,0.08,4.02,0.95,16.25,1.41,1094.53,0.33,3.98,8.58,1.72,1625.66,26.67,0.005,2.24,7.24,0.5,2.27,653.27,0.58,0.025,3.72,0.4,0.63,1.49,55.9,0.49,20.55,160.17,0,0,0
10005.0,9001.0,1187.0,0.0025,7.71,5.43,446.9,0.95,0.05,4.06,0.11,29.18,18.25,27.34,5.67,5.34,19.09,0.06,3.35,0.76,15.52,2.61,664.25,0.57,2.01,7.19,9.72,724.17,13.26,0.01,2.08,17.43,0.5,1.63,345.14,0.46,0.025,4.28,0.48,0.33,1.16,148.27,0.77,13.44,112.62,0,0,0
9992.0,8993.0,1185.0,0.0025,8.78,2.41,529.64,1.43,0.05,4.38,0.74,37.03,13.79,4.39,3.87,5.27,22.2,0.08,4.67,1.63,16.2,1.23,961.12,0.82,2.38,8.3,1.56,1082.56,37.71,0.005,2.09,13.43,0.5,1.48,466.09,0.62,0.025,4.1,0.5,0.29,1.15,120.4,0.5,24.43,151.48,0,0,0
7593.259,6351.699,1293.285,0.009,1.21,16.77,56.66,0.26,0.05,0.05,0.05,3.86,4.59,27.18,1.25,1.73,2.9,0.07,0.62,0.28,2.11,0.18,174.48,3.05,0.02,1.32,3.19,239.48,15.65,0.005,26.91,1.88,0.5,0.89,6.37,0.12,0.025,1.22,0.11,0.14,0.39,22.66,1.04,2.67,22.26,0,0,0
7585.278,6345.557,1298.502,0.011,3.8,33.32,190.46,0.59,0.05,0.88,0.13,15.26,9.74,27.78,6.52,3.23,7.61,0.025,0.76,1.03,6.8,0.71,1689.98,1.38,0.04,2.4,6.95,426.08,70.96,0.05,11.83,6.61,0.5,1.31,15.47,0.18,0.025,2.32,0.17,0.74,0.66,65.92,1.98,6.97,48.74,0,0,0
7564.877,6330.717,1304.417,0.043,3.37,366.85,181.76,0.48,0.05,0.09,1.62,14.84,5.43,20.63,4.71,2.56,7.46,0.025,0.76,0.9,8.35,0.61,971.28,0.36,0.07,2.24,3.61,271.51,61.99,0.03,17.95,5.13,0.5,6.73,11.72,0.14,0.025,1.52,0.15,0.46,0.55,58.05,0.97,5.61,27.04,0,0,0
7572.724,6320.114,1310.916,0.016,4.15,13.07,282.15,0.53,0.05,2.24,2.88,16.75,6.65,17.19,4.95,3.09,8.8,0.05,1.06,1.16,9.17,0.66,1688.69,0.44,0.09,2.66,4.21,416.63,70.46,0.04,18.27,7.53,1.0,4.61,36.01,0.18,0.025,2.17,0.21,0.59,0.77,64.97,0.9,7.01,39.05,0,1,0
7595.07,6301.487,1300.025,0.018,2.33,16.7,141.82,0.38,0.005,0.32,2.39,10.81,4.03,19.15,2.77,2.05,5.78,0.025,0.56,0.64,5.13,0.44,1011.32,0.37,0.02,1.76,3.68,275.15,40.2,0.04,21.14,4.26,0.5,4.48,12.0,0.1,0.025,1.33,0.11,0.36,0.44,43.95,1.09,4.65,23.13,0,0,0
7391.12,6471.84,1306.569,0.02,2.29,28.83,152.56,0.3,0.05,0.18,0.3,15.36,5.8,24.04,3.65,2.14,5.67,0.025,0.55,0.67,7.4,0.53,771.64,3.37,0.01,1.43,3.92,264.08,40.56,0.005,15.97,3.87,0.5,1.03,13.1,0.1,0.025,1.0,0.1,0.49,0.31,38.3,1.18,4.15,26.97,0,0,0
7360.87,6499.947,1302.579,0.014,3.0,21.32,486.2,0.53,0.05,0.16,1.16,10.81,6.85,20.86,5.17,1.86,6.53,0.025,1.36,1.53,4.57,0.48,818.47,0.76,0.04,2.2,3.87,384.96,88.36,0.005,32.11,6.36,0.5,1.84,19.79,0.17,0.025,1.71,0.19,0.86,0.48,60.73,1.29,5.7,31.27,0,0,0
7447.608,6456.685,1294.868,0.014,3.72,32.0,204.28,0.52,0.05,0.06,0.5,13.06,7.87,42.88,7.25,3.14,9.83,0.025,0.88,1.19,5.19,0.68,725.19,1.7,0.02,3.07,7.46,428.26,69.83,0.005,21.32,7.06,0.5,1.92,11.8,0.22,0.025,2.41,0.2,0.74,0.77,69.01,2.51,5.65,33.06,0,0,0
7607.886,6190.909,1317.929,0.0025,1.82,3.28,116.63,0.41,0.005,7.59,0.06,4.85,2.48,11.76,4.15,1.11,3.18,0.025,0.43,0.71,2.46,0.2,482.15,0.16,0.07,0.72,2.04,131.09,41.53,0.005,27.03,2.02,0.5,0.32,184.93,0.06,0.025,0.66,0.06,0.39,0.21,19.56,0.29,2.49,16.14,0,0,0
7647.106,6134.796,1329.093,0.017,1.22,18.76,87.09,0.26,0.05,0.03,0.06,4.2,1.73,20.12,2.48,0.94,2.38,0.025,0.18,0.4,2.3,0.12,142.91,15.19,0.01,0.51,2.07,87.94,24.19,0.005,34.66,1.52,0.5,0.45,11.85,0.025,0.063,0.45,0.04,0.28,0.1,16.73,0.6,1.03,7.1,0,0,1
7688.593,6086.985,1346.024,0.0025,0.86,2.68,45.98,0.19,0.05,0.01,0.05,1.69,1.11,17.45,2.03,0.68,1.39,0.025,0.18,0.29,0.62,0.04,195.5,0.28,0.01,0.3,1.4,41.19,20.59,0.005,32.35,0.9,0.5,0.2,9.2,0.025,0.057,0.22,0.02,0.19,0.11,8.11,0.1,0.64,4.28,0,0,1
7730.599,6044.462,1345.151,0.018,0.4,23.81,28.59,0.19,0.05,0.005,0.05,1.72,0.45,15.71,0.93,0.76,0.63,0.025,0.05,0.06,1.1,0.04,171.38,5.49,0.005,0.05,0.96,93.03,4.2,0.005,30.47,0.39,0.5,0.21,9.17,0.025,0.556,0.05,0.0025,0.05,0.05,5.51,0.1,0.21,0.51,0,0,1
8050.927,5914.231,1378.58,0.024,2.79,22.57,129.87,0.63,0.05,2.64,0.27,9.63,3.44,15.47,7.04,1.69,6.47,0.05,0.83,1.34,4.79,0.32,540.96,0.65,0.01,1.51,2.35,239.41,80.6,0.38,59.07,3.86,1.01,0.37,34.04,0.12,0.025,1.31,0.12,0.76,0.31,58.68,1.73,4.93,21.13,0,1,0
8167.498,6296.955,1403.378,0.077,1.16,30.2,64.16,0.33,0.05,1.2,3.42,5.74,4.5,17.84,2.07,1.36,3.03,0.025,0.28,0.38,2.8,0.15,830.46,3.75,0.01,0.71,2.3,113.65,23.12,0.02,28.46,2.37,0.5,1.47,28.07,0.05,0.025,0.62,0.05,0.27,0.2,30.28,0.38,2.35,10.26,0,0,0
8057.901,6335.051,1376.543,0.03,2.44,40.94,120.12,0.35,0.05,1.08,1.28,6.46,4.8,15.54,3.02,4.2,8.06,0.05,0.76,0.86,3.34,0.32,1207.89,6.2,0.01,1.6,2.51,217.3,45.6,0.62,26.67,4.02,1.0,3.52,33.59,0.09,0.287,1.21,0.12,0.54,0.39,58.75,0.87,2.92,31.23,0,1,1
8133.972,6448.141,1393.621,0.017,2.9,19.61,188.93,0.43,0.05,0.65,0.07,11.79,4.61,20.01,4.3,1.59,4.52,0.025,0.96,1.05,5.16,0.39,861.6,5.01,0.01,1.83,2.6,614.96,60.41,0.005,32.05,5.33,0.5,1.83,20.53,0.15,0.025,1.6,0.15,0.75,0.37,42.69,1.62,5.01,28.92,0,0,0
8041.528,6522.543,1383.583,0.14,2.57,14.49,157.72,0.53,0.05,0.12,0.3,9.33,2.48,18.41,6.72,1.36,4.96,0.025,0.58,1.26,4.41,0.15,268.63,4.09,0.01,1.21,2.58,191.31,64.26,0.01,46.43,4.11,1.0,0.54,19.95,0.09,2.174,1.11,0.1,0.72,0.2,36.97,0.81,3.55,26.78,1,1,1
8050.362,6589.467,1393.671,0.005,3.18,6.9,275.64,0.48,0.005,3.93,0.07,18.23,5.2,22.29,4.64,1.6,6.84,0.06,1.51,1.5,7.64,0.38,1240.47,1.21,0.02,2.69,3.5,385.85,77.5,0.17,14.3,7.01,0.5,0.89,97.26,0.19,0.025,2.02,0.21,0.85,0.6,54.99,1.86,6.7,46.08,0,0,0
7811.14,6926.42,1336.467,0.005,1.16,5.18,73.24,0.4,0.005,0.02,0.08,4.58,2.61,19.24,3.07,0.85,2.56,0.025,0.18,0.33,2.21,0.12,376.09,1.27,0.01,0.38,2.06,118.47,19.32,0.005,39.26,1.72,0.5,0.21,12.92,0.025,0.025,0.34,0.03,0.23,0.11,16.58,0.2,1.63,7.17,0,0,0
7748.306,7163.76,1273.0,0.014,5.16,38.44,335.86,0.75,0.05,0.06,0.09,20.7,9.53,20.71,10.22,2.95,12.75,0.07,1.72,2.02,9.52,0.54,657.52,0.87,0.03,3.47,5.43,488.39,125.09,0.005,14.8,9.92,0.5,0.8,10.63,0.22,0.025,2.66,0.26,1.15,0.78,109.36,2.37,8.39,64.33,0,0,0
7747.847,7168.944,1272.0,0.025,3.16,31.1,232.87,0.45,0.05,0.18,0.05,10.18,7.56,19.64,4.99,2.23,5.25,0.025,1.3,1.44,4.92,0.19,295.56,0.72,0.02,2.41,4.14,486.38,82.42,0.005,25.72,5.42,0.5,0.41,14.2,0.16,0.025,1.72,0.19,0.82,0.65,54.68,1.67,4.93,41.4,0,0,0
7731.366,7189.951,1270.0,0.038,1.74,25.53,85.77,0.43,0.05,13.88,0.07,8.67,3.71,6.57,3.64,1.21,4.52,0.05,0.32,0.65,5.47,0.31,1342.88,0.19,0.02,0.91,1.47,166.93,43.24,0.02,18.52,3.42,1.1,0.3,286.55,0.07,0.025,0.69,0.09,0.4,0.29,37.19,0.84,4.87,11.75,0,1,0
7728.064,7196.688,1269.0,0.013,4.02,2.1,504.39,0.57,0.05,6.03,0.05,14.16,8.99,20.76,5.05,0.87,5.84,0.05,1.07,2.01,6.63,0.25,615.49,5.27,0.42,3.0,4.23,444.55,114.35,0.005,19.53,7.46,0.5,0.7,138.98,0.19,0.025,2.07,0.21,1.44,0.65,52.01,1.28,6.8,42.17,0,0,0
7723.405,7197.07,1270.0,0.0025,2.22,3.79,135.42,0.4,0.05,1.92,0.12,7.93,3.91,15.83,4.05,1.33,3.76,0.025,0.56,0.86,4.01,0.39,676.24,0.15,0.01,1.41,2.72,242.12,46.08,0.005,18.89,3.93,0.5,0.43,35.21,0.08,0.025,1.14,0.11,0.49,0.27,36.5,0.55,3.56,27.33,0,0,0
7707.292,7211.075,1270.0,0.048,2.96,32.7,136.3,0.47,0.05,0.12,0.08,7.45,5.1,18.41,4.67,1.54,5.78,0.025,0.66,0.92,3.13,0.34,534.9,0.29,0.02,1.69,2.66,258.7,64.34,0.005,25.89,4.92,0.5,0.46,15.52,0.11,0.025,1.03,0.14,0.57,0.3,48.17,1.3,3.19,20.97,0,0,0
7694.761,7222.483,1271.0,0.007,3.49,5.6,141.55,0.45,0.05,8.16,0.06,11.3,6.13,13.8,4.55,1.99,6.67,0.025,0.9,1.12,4.77,0.66,870.06,0.19,0.02,1.77,4.44,305.16,72.18,0.005,15.43,6.07,0.5,0.51,138.58,0.11,0.025,1.42,0.15,0.65,0.39,50.73,0.86,5.06,30.23,0,0,0
7692.013,7224.965,1271.0,0.01,1.99,9.07,101.2,0.4,0.05,1.0,0.1,4.19,3.07,20.49,3.26,1.08,3.7,0.025,0.41,0.67,1.9,0.27,371.96,0.17,0.01,1.1,2.69,158.22,44.08,0.005,54.72,2.57,0.5,0.37,41.01,0.07,0.025,0.75,0.08,0.39,0.29,24.37,0.39,2.34,16.1,0,0,0
7680.332,7237.532,1268.0,0.047,0.95,6.71,74.27,0.81,0.05,0.57,0.13,4.13,1.2,20.82,2.53,0.61,2.83,0.025,0.1,0.32,2.96,0.19,661.64,0.21,0.02,0.18,1.64,141.62,23.13,0.03,21.83,1.01,0.5,0.2,19.39,0.025,0.025,0.23,0.02,0.18,0.1,23.54,0.11,1.52,3.56,0,0,0
7676.014,7243.243,1268.0,0.018,2.09,11.82,107.14,0.64,0.05,4.08,0.05,6.99,3.14,16.43,4.98,1.22,6.59,0.025,0.49,0.71,3.43,0.4,745.95,0.36,0.06,1.01,2.73,187.26,48.47,0.005,17.19,3.0,0.5,0.44,81.72,0.08,0.025,0.84,0.08,0.43,0.21,59.41,0.73,2.94,15.21,0,0,0
7670.801,7251.682,1265.0,0.013,1.14,7.33,82.38,0.55,0.05,1.21,0.05,2.36,1.59,17.63,3.22,1.0,3.41,0.025,0.11,0.42,1.22,0.22,462.82,0.26,0.01,0.28,1.69,58.67,27.05,0.005,20.17,1.28,0.5,0.2,31.29,0.025,0.025,0.2,0.02,0.29,0.1,32.55,0.2,1.09,3.82,0,0,0
7668.103,7227.104,1273.0,2.625,1.48,38.26,83.61,0.52,0.05,0.24,0.13,2.74,1.31,13.91,2.85,0.97,3.15,0.025,0.1,0.48,1.72,0.18,619.12,1.84,0.02,0.2,1.95,58.24,35.07,0.01,35.95,0.91,1.01,0.1,14.24,0.025,0.689,0.28,0.01,0.57,0.11,12.04,0.1,1.7,3.35,1,1,1
7652.186,7268.54,1217.0,0.014,0.38,1.9,18.84,0.6,0.05,12.2,0.05,0.59,0.41,8.2,4.26,0.32,0.94,0.025,0.05,0.14,0.25,0.02,663.7,0.21,0.02,0.11,0.86,27.51,9.93,0.01,10.75,0.21,0.5,0.1,122.33,0.025,0.025,0.05,0.0025,0.1,0.05,3.9,0.1,0.32,0.76,0,0,0
7637.571,7300.337,1220.0,0.021,0.6,5.62,21.54,0.4,0.05,32.23,0.15,0.19,0.83,2.17,0.78,0.37,1.5,0.025,0.05,0.18,0.25,0.26,929.45,0.24,0.01,0.05,0.32,10.16,10.08,0.04,5.27,0.1,1.01,0.1,308.85,0.025,0.174,0.05,0.0025,0.09,0.05,3.68,0.21,0.22,0.25,0,1,1
7634.969,7307.316,1221.0,0.501,0.52,9.21,40.93,0.38,0.05,11.91,0.17,3.74,2.09,8.77,1.68,3.11,0.99,0.05,0.1,0.18,2.15,1.31,1411.77,1.94,0.01,0.21,2.18,124.97,15.27,0.04,42.82,0.81,1.09,0.1,209.99,0.025,0.118,0.14,0.01,0.17,0.1,6.71,0.11,2.38,2.04,1,1,1
7629.716,7324.952,1221.0,1.001,0.8,11.17,69.0,1.21,0.05,0.25,0.08,2.81,1.01,13.81,5.88,0.93,1.39,0.06,0.11,0.23,2.32,0.04,1393.19,2.04,0.02,0.11,1.68,40.65,17.76,0.005,14.4,1.01,1.08,0.1,18.22,0.025,0.025,0.16,0.01,0.17,0.1,9.83,0.11,2.29,1.84,1,1,0
7607.818,7389.85,1225.0,0.017,2.45,15.11,103.01,0.43,0.05,0.84,0.05,7.08,3.58,19.43,4.34,1.34,5.04,0.025,0.67,0.76,3.13,0.27,327.12,0.22,0.04,1.46,2.64,277.44,62.18,0.005,17.9,4.2,0.5,0.39,16.95,0.1,0.025,1.05,0.11,0.54,0.31,34.5,0.74,3.0,33.09,0,0,0
7597.031,7412.596,1225.0,0.016,2.91,14.96,141.5,0.55,0.05,0.41,0.05,9.24,4.4,18.81,4.41,1.52,6.53,0.025,0.85,0.82,4.14,0.44,388.66,0.24,0.37,1.85,2.89,257.17,55.49,0.005,11.55,5.03,0.5,0.42,29.34,0.11,0.025,1.08,0.15,0.63,0.37,57.79,0.74,4.08,29.18,0,0,0
7575.139,7477.736,1205.0,0.011,3.5,31.77,168.16,0.43,0.05,2.49,0.07,18.28,7.88,23.15,5.14,2.79,7.35,0.05,1.03,1.23,7.77,0.62,865.6,0.94,0.19,2.53,5.17,410.03,67.98,0.01,19.87,8.74,0.5,0.58,68.61,0.15,0.025,1.74,0.22,0.83,0.41,66.39,1.74,7.25,38.33,0,0,0
7578.767,7490.655,1201.0,0.01,5.86,30.05,291.9,0.61,0.05,2.39,0.11,21.1,10.69,18.31,6.83,2.94,10.65,0.06,1.28,2.42,10.08,0.63,681.66,0.51,0.03,3.0,6.38,491.08,179.31,0.13,20.13,8.98,0.5,0.6,59.04,0.24,0.025,2.6,0.28,1.7,0.62,59.52,2.68,7.81,42.8,0,0,0
7580.65,7420.142,1224.0,0.029,4.03,24.45,174.16,0.58,0.05,1.25,0.09,18.49,9.72,21.81,6.66,2.56,8.03,0.05,1.2,1.22,7.41,0.57,534.98,0.36,0.35,2.77,5.92,463.13,76.11,0.02,16.35,8.52,0.5,0.46,38.69,0.19,0.025,2.09,0.2,0.96,0.46,66.73,1.23,7.45,44.66,0,0,0
7684.86,7184.357,1275.0,0.022,2.25,40.23,138.05,0.41,0.05,0.06,0.01,6.06,2.05,21.27,4.18,1.09,4.38,0.025,0.7,0.76,2.63,0.12,75.42,1.94,0.03,1.26,1.72,177.1,60.28,0.005,32.96,3.5,0.5,0.28,18.14,0.09,0.025,1.1,0.11,0.57,0.31,36.57,0.86,2.64,30.31,0,0,0
7675.07,7199.327,1275.0,0.028,2.97,45.09,166.26,0.53,0.05,0.06,0.05,6.81,2.62,18.97,4.26,1.28,5.21,0.025,0.7,1.1,3.44,0.22,113.98,2.01,0.03,1.12,4.73,186.87,77.08,0.005,32.82,3.2,0.5,0.41,18.79,0.1,0.025,1.03,0.11,0.78,0.3,30.09,0.57,3.15,29.48,0,0,0
7669.902,7218.467,1274.0,4.063,1.17,12.86,42.13,1.33,0.005,11.29,0.09,3.79,1.82,6.1,2.42,0.65,2.32,0.05,0.28,0.45,1.75,0.14,1184.37,0.24,0.02,0.54,1.2,87.39,29.78,0.05,46.42,1.54,4.05,0.32,113.82,0.05,0.025,0.5,0.04,0.26,0.1,13.97,0.65,1.64,8.72,1,1,0
7538.573,7314.581,1266.0,0.134,1.06,27.17,59.29,0.37,0.05,0.04,0.18,2.86,0.98,24.75,3.65,0.79,3.15,0.025,0.2,0.34,1.82,0.04,76.03,2.51,0.02,0.41,1.4,73.18,26.16,0.005,81.01,1.28,0.5,0.21,12.41,0.025,0.055,0.26,0.03,0.29,0.1,25.17,0.22,0.66,6.46,1,0,1
7523.241,7290.346,1275.0,0.035,0.26,16.78,20.87,0.13,0.05,0.78,0.61,0.72,0.62,18.87,0.72,0.49,0.58,0.025,0.05,0.05,0.5,0.02,222.15,0.35,0.01,0.05,1.1,32.36,3.85,0.005,9.53,0.19,0.5,0.1,16.96,0.025,0.025,0.05,0.0025,0.05,0.05,4.08,0.05,0.49,0.25,0,0,0
7521.699,7263.314,1282.0,1.133,1.06,23.69,58.64,0.32,0.05,0.05,0.14,2.48,0.46,19.67,3.08,0.78,3.46,0.14,0.1,0.46,1.13,0.05,57.52,0.55,0.02,0.33,0.99,61.89,32.25,0.01,70.08,1.29,1.91,0.1,10.06,0.025,0.303,0.24,0.02,0.27,0.1,23.94,0.21,1.2,5.19,1,1,1
7548.625,7331.734,1265.0,0.067,3.01,102.4,113.07,0.69,0.05,0.05,0.4,5.85,2.96,24.25,5.13,1.55,5.35,0.025,0.66,1.17,3.17,0.16,150.39,7.55,0.02,1.52,2.01,235.85,76.55,0.005,45.95,4.21,0.5,0.43,11.2,0.1,0.065,1.17,0.11,0.77,0.38,38.99,0.73,3.62,34.82,0,0,1
7570.82,7393.386,1226.0,0.007,1.59,5.54,143.71,1.07,0.05,20.07,0.07,6.02,2.68,6.66,3.82,0.81,5.07,0.025,0.44,0.76,2.97,0.14,732.79,0.35,0.1,0.82,1.33,139.65,56.16,0.12,9.62,2.44,1.0,0.2,247.7,0.06,0.025,0.76,0.07,0.52,0.19,26.14,0.58,2.7,22.91,0,1,0
7444.054,7339.262,1281.0,0.321,1.72,9.18,142.38,0.65,0.05,12.18,0.11,7.55,2.7,8.45,4.55,1.01,5.11,0.025,0.64,0.63,3.72,0.32,1017.67,1.8,0.02,0.82,1.78,140.57,44.89,0.12,23.82,2.5,1.07,0.42,217.24,0.06,0.206,0.78,0.07,0.43,0.21,26.45,0.51,3.59,16.96,1,1,1
7459.135,7360.244,1275.0,0.197,1.65,10.08,105.83,0.47,0.05,0.5,0.11,3.6,1.82,16.59,2.85,0.88,3.68,0.025,0.22,0.62,1.38,0.06,223.81,1.15,0.02,0.54,2.92,109.16,32.53,0.03,35.27,1.59,1.08,0.22,14.7,0.025,0.837,0.61,0.04,0.33,0.1,23.13,0.21,1.5,7.47,1,1,1
7474.034,7385.265,1266.0,0.167,0.8,6.67,39.69,0.4,0.05,0.07,0.05,1.3,0.66,18.59,2.91,0.67,1.28,0.025,0.1,0.25,0.76,0.05,116.06,0.67,0.02,0.1,1.24,64.88,15.27,0.005,15.83,0.93,0.5,0.1,8.85,0.025,0.025,0.1,0.01,0.17,0.05,9.81,0.1,0.52,1.73,1,0,0
7540.48,7444.068,1247.0,0.006,0.72,5.18,93.13,0.42,0.05,0.07,0.05,2.94,3.82,39.77,5.82,1.08,1.92,0.07,0.19,0.19,1.05,0.09,350.82,0.62,0.05,0.31,2.5,52.85,17.45,0.02,25.13,2.78,0.5,0.2,22.48,0.025,0.025,0.24,0.02,0.23,0.11,35.35,0.21,0.93,8.84,0,0,0
7549.7,7443.748,1247.0,0.032,4.81,81.11,241.99,0.55,0.05,0.08,0.05,13.06,4.65,24.57,4.38,3.42,8.16,0.025,1.82,1.42,5.98,0.41,328.08,1.21,0.9,2.88,2.96,514.11,80.16,0.02,15.37,9.53,0.5,0.6,55.84,0.21,0.025,2.76,0.26,0.84,0.81,71.91,1.63,5.99,69.24,0,0,0
7548.013,7478.601,1244.0,0.005,2.48,24.58,138.93,0.41,0.05,0.05,0.01,6.84,3.4,20.61,6.39,1.53,6.22,0.025,0.75,1.01,3.32,0.24,322.72,0.36,0.02,1.45,2.23,292.69,68.27,0.005,20.16,4.94,0.5,0.38,8.08,0.11,0.025,1.13,0.11,0.89,0.31,61.44,0.77,3.38,29.19,0,0,0
7509.852,7513.465,1244.0,0.005,1.52,8.22,115.76,0.29,0.05,0.26,0.07,4.85,2.89,20.14,3.54,0.9,4.0,0.025,0.27,0.7,2.58,0.11,529.98,0.3,0.02,0.77,2.46,173.22,48.0,0.005,18.38,2.54,0.5,0.2,15.99,0.06,0.025,0.58,0.07,0.42,0.1,26.28,0.7,1.99,11.07,0,0,0
7466.576,7548.027,1246.0,0.007,1.17,9.15,54.7,0.33,0.05,0.03,0.01,1.99,1.65,17.45,4.31,0.75,4.54,0.025,0.3,0.48,1.14,0.06,159.96,1.04,0.02,0.54,1.35,132.42,39.07,0.005,41.1,2.24,0.5,0.2,10.51,0.05,0.025,0.63,0.06,0.39,0.19,30.34,0.45,1.5,11.72,0,0,0
7449.0,7200.0,1290.0,0.364,3.45,5.71,252.93,0.83,0.05,0.03,0.16,12.54,6.91,13.84,10.64,1.3,8.15,0.025,0.78,1.24,3.31,0.29,701.89,0.85,0.03,1.67,2.93,193.91,89.06,0.005,35.5,3.97,1.0,0.51,19.07,0.12,0.076,2.22,0.08,0.8,0.85,92.77,0.37,3.51,24.94,1,1,1
7367.743,7316.765,1295.0,0.022,2.23,22.4,126.06,0.59,0.05,0.45,0.08,7.57,3.75,16.95,8.05,1.19,6.84,0.025,0.47,0.9,3.28,0.33,552.26,0.23,0.03,1.06,2.55,191.12,57.71,0.005,25.23,4.17,0.5,0.2,16.77,0.08,0.025,0.89,0.11,0.5,0.28,52.99,1.09,4.51,22.38,0,0,0
7354.737,7341.691,1299.0,0.084,1.09,12.57,53.64,0.3,0.05,0.05,0.14,2.54,1.82,13.11,4.09,0.76,2.96,0.025,0.2,0.37,1.29,0.07,440.42,0.43,0.02,0.4,1.81,123.07,28.15,0.005,21.09,1.53,0.5,0.2,8.65,0.025,0.025,0.51,0.03,0.25,0.1,20.72,0.3,1.25,7.23,0,0,0
7354.327,7341.923,1299.0,0.2,3.34,21.17,144.23,0.65,0.08,0.04,0.14,13.51,3.96,21.83,6.55,1.63,7.73,0.05,1.21,1.3,6.08,0.13,463.44,0.44,0.05,2.74,4.83,192.41,76.68,0.01,15.03,3.29,0.5,0.73,10.21,0.23,0.025,4.44,0.09,0.74,1.24,33.93,0.55,4.2,37.5,1,0,0
7353.587,7342.322,1299.0,0.998,1.61,10.53,74.99,0.61,0.005,0.03,0.08,3.56,1.1,14.97,2.87,0.94,2.66,0.025,0.31,0.51,2.08,0.05,165.08,0.28,0.02,0.73,1.27,131.08,28.59,0.01,24.41,1.47,0.5,0.27,6.77,0.06,0.025,1.0,0.03,0.27,0.29,13.17,0.28,1.1,10.46,1,0,0
7395.408,7478.71,1258.0,0.021,2.43,27.19,119.92,0.49,0.005,0.04,0.05,7.35,4.14,18.58,4.91,1.41,5.56,0.025,0.67,1.08,3.52,0.18,209.66,2.02,0.03,1.36,2.46,226.48,70.94,0.01,35.72,3.48,0.5,0.37,10.92,0.1,0.052,1.22,0.12,0.65,0.38,42.76,0.82,3.4,25.85,0,0,1
7391.854,7454.328,1259.0,0.012,5.67,64.3,756.25,0.69,0.005,0.96,0.05,22.45,9.34,28.54,6.98,3.52,9.3,0.08,1.74,3.03,13.15,0.72,696.41,1.1,0.2,3.99,5.29,560.67,174.42,0.13,15.38,10.44,0.5,0.89,57.3,0.27,0.025,2.82,0.32,1.91,0.87,84.23,1.32,10.89,56.91,0,0,0
7177.255,7692.244,1077.0,0.017,1.24,6.75,86.02,0.26,0.005,1.08,0.07,6.04,3.22,17.29,2.61,0.94,2.66,0.025,0.28,0.48,2.91,0.11,442.96,3.72,0.04,0.76,1.9,132.84,31.04,0.02,28.2,2.57,0.5,0.2,22.48,0.05,0.025,0.47,0.05,0.37,0.18,23.72,0.66,2.29,9.61,0,0,0
6778.701,7628.489,1086.0,0.011,1.68,8.45,94.03,0.28,0.005,18.7,0.07,8.33,3.26,10.31,2.81,1.05,3.3,0.05,0.51,0.56,4.53,0.29,718.94,0.14,0.05,1.12,0.55,167.05,41.13,0.07,6.31,3.59,0.5,0.28,268.76,0.07,0.025,0.75,0.08,0.34,0.21,23.45,0.77,3.62,18.13,0,0,0
6774.302,7629.914,1085.0,0.021,2.91,17.23,155.66,0.46,0.05,3.5,0.97,12.64,7.38,21.06,3.72,2.17,5.74,0.05,0.86,0.91,5.82,0.55,603.15,0.62,0.07,1.98,5.25,296.48,72.11,0.01,28.6,6.48,0.5,1.17,43.11,0.13,0.025,1.23,0.17,0.61,0.29,55.1,0.95,5.92,29.5,0,0,0
6550.153,7726.833,969.0,0.176,1.73,6.44,74.03,0.3,0.005,1.44,0.05,6.25,2.68,25.52,1.54,1.48,2.61,0.025,0.4,0.5,2.74,0.25,518.82,0.4,0.08,1.07,2.32,182.5,37.03,0.005,30.34,3.22,0.5,0.31,22.88,0.06,0.025,0.77,0.08,0.33,0.21,26.95,1.14,3.11,10.65,1,0,0
6565.277,7703.711,967.0,0.032,1.89,5.18,85.37,0.38,0.005,0.98,0.1,6.95,3.08,20.94,2.23,1.17,2.83,0.025,0.42,0.66,3.2,0.26,489.22,0.29,0.11,1.18,2.45,212.08,39.5,0.005,29.45,3.42,0.5,0.39,22.61,0.08,0.025,0.73,0.11,0.44,0.21,32.27,0.72,3.16,18.6,0,0,0
6610.596,7633.559,968.0,0.053,2.57,9.08,121.23,0.37,0.005,3.1,0.05,12.84,4.08,25.11,2.34,1.74,4.79,0.025,0.69,0.7,5.52,0.37,1042.76,0.53,0.45,1.75,2.96,295.52,45.11,0.01,27.38,5.3,0.5,0.64,88.47,0.12,0.025,1.56,0.16,0.53,0.28,50.51,1.31,4.73,35.48,0,0,0
6613.204,7601.88,964.0,0.005,0.86,4.5,85.67,0.24,0.005,1.54,0.05,2.54,2.42,22.66,1.38,0.91,2.15,0.025,0.1,0.23,1.16,0.25,404.49,0.31,0.12,0.44,2.24,73.1,14.05,0.01,5.35,1.33,0.5,0.1,42.21,0.025,0.025,0.23,0.04,0.14,0.1,13.48,0.1,1.64,5.41,0,0,0
6525.819,7759.798,971.0,0.836,0.8,2.4,31.12,0.34,0.05,2.64,0.89,2.65,1.27,24.28,0.56,0.82,2.31,0.025,0.21,0.07,1.53,0.06,367.23,0.24,0.07,0.27,1.0,82.65,3.56,0.005,26.19,1.1,0.5,0.22,31.13,0.025,0.025,0.23,0.03,0.05,0.1,15.33,0.1,1.34,3.1,1,0,0
6530.685,7774.565,968.0,4.934,1.32,2.94,120.48,0.28,0.005,0.14,0.28,4.73,1.93,19.79,1.7,1.08,2.37,0.025,0.32,0.46,2.27,0.17,362.33,0.33,0.09,0.88,2.28,127.39,26.77,0.005,25.66,2.34,0.5,0.28,18.46,0.05,0.025,0.58,0.06,0.36,0.11,19.25,0.44,2.13,11.73,1,0,0
6531.783,7789.934,965.0,13.727,1.74,9.55,117.27,0.33,0.005,0.06,0.21,4.89,3.99,22.14,2.07,1.23,3.26,0.025,0.41,0.49,2.03,0.22,423.13,0.52,0.06,0.85,3.54,161.63,31.49,0.005,37.32,3.76,0.5,0.29,12.96,0.06,0.025,0.68,0.09,0.4,0.32,30.09,0.63,2.31,14.47,1,0,0
6528.118,7809.41,960.0,1.358,2.85,12.27,118.06,0.66,0.26,7.21,0.24,7.5,5.11,24.38,0.69,1.93,7.32,0.025,0.66,0.35,3.59,0.81,970.55,0.75,0.23,1.38,4.6,301.1,16.03,0.01,22.07,4.94,0.5,0.77,118.46,0.1,0.025,0.85,0.13,0.21,0.28,38.09,0.86,4.19,33.61,1,0,0
6530.714,7826.906,945.0,2.496,2.44,3.66,131.43,0.36,0.09,1.57,0.05,7.32,2.64,36.16,0.7,1.44,3.11,0.025,0.53,0.45,3.35,0.41,412.96,0.64,0.15,1.18,3.46,215.45,21.91,0.01,22.95,3.49,0.5,0.37,21.93,0.07,0.025,0.71,0.12,0.29,0.2,32.05,0.76,3.43,16.6,1,0,0
6529.833,7847.383,936.0,3.389,1.38,15.0,57.42,0.34,0.005,0.05,0.01,3.65,4.89,30.99,1.61,1.64,2.65,0.025,0.32,0.28,1.8,0.31,398.39,2.31,0.05,0.66,4.18,130.39,18.63,0.05,38.68,2.66,0.5,0.27,10.75,0.05,0.025,0.46,0.07,0.23,0.2,24.41,0.66,2.04,9.92,1,0,0
6504.192,7831.845,933.0,0.771,2.1,2.22,140.14,0.46,0.005,0.46,0.05,8.47,4.35,27.07,2.66,1.32,3.39,0.025,0.53,0.58,3.66,0.26,649.39,0.39,0.17,1.13,4.99,275.38,48.78,0.005,39.62,3.98,0.5,0.4,30.25,0.09,0.025,0.66,0.11,0.53,0.2,32.15,0.66,3.51,15.95,1,0,0
6500.656,7831.902,931.0,22.424,0.47,1.65,40.25,0.41,0.005,0.03,0.01,2.26,1.05,24.69,1.08,0.69,0.94,0.025,0.05,0.06,1.2,0.08,266.91,0.18,0.02,0.05,2.0,53.49,3.99,0.005,22.07,0.73,0.5,0.2,9.92,0.025,0.025,0.09,0.01,0.06,0.05,6.36,0.05,1.06,1.16,1,0,0
6502.193,7783.962,959.0,1.197,0.93,2.69,74.28,0.34,0.005,3.6,0.05,4.0,1.95,19.08,1.39,1.03,1.88,0.025,0.29,0.27,2.42,0.21,888.59,0.9,0.02,0.62,1.65,117.01,20.04,0.005,37.34,1.72,0.5,0.27,44.08,0.025,0.025,0.37,0.05,0.24,0.1,14.98,0.38,2.19,7.39,1,0,0
6498.007,7771.762,960.0,3.216,1.4,2.86,63.5,0.43,0.005,0.07,0.01,3.65,1.79,28.9,1.34,1.01,2.47,0.025,0.2,0.35,1.56,0.25,470.18,0.37,0.03,0.73,1.84,140.31,30.04,0.005,39.01,1.86,0.5,0.38,10.64,0.025,0.025,0.39,0.06,0.27,0.1,19.59,0.39,2.03,14.55,1,0,0
6432.989,7796.449,935.0,0.422,0.77,3.22,40.65,0.16,0.005,18.1,0.01,4.16,1.19,6.74,0.91,0.62,1.54,0.025,0.2,0.23,2.5,0.19,1316.74,0.42,0.02,0.36,0.1,102.13,16.07,0.01,14.68,1.16,0.5,0.2,185.21,0.025,0.025,0.23,0.03,0.17,0.11,9.47,0.31,1.86,7.03,1,0,0
6470.0,7775.0,936.0,0.02,1.29,84.35,84.49,0.16,0.005,30.36,0.01,44.14,2.51,3.01,1.14,1.32,2.63,0.07,0.3,0.43,23.53,0.34,20681.49,0.18,0.03,0.69,0.55,163.21,28.98,0.18,2.19,3.56,0.5,0.32,480.34,0.05,0.025,0.35,0.06,0.3,0.1,21.8,0.49,21.26,10.99,0,0,0
6421.0,7821.0,915.0,1.254,3.3,10.36,121.99,0.54,0.005,0.15,0.05,13.72,6.79,18.23,3.05,2.64,6.34,0.025,1.28,0.93,5.9,0.87,660.92,0.7,0.03,2.59,5.48,279.67,58.77,0.005,14.78,7.75,0.5,1.04,9.73,0.2,0.025,2.48,0.17,0.67,0.67,57.83,1.44,5.88,42.04,1,0,0
6419.0,7850.0,899.0,11.494,0.85,1.91,45.5,0.57,0.005,14.89,0.01,3.35,0.6,9.31,1.11,0.45,1.28,0.025,0.18,0.3,1.47,0.06,519.44,0.31,0.1,0.48,0.42,85.61,20.91,0.02,35.38,1.61,0.5,0.22,220.2,0.025,0.025,0.32,0.04,0.21,0.1,8.19,0.29,1.54,8.89,1,0,0
6417.0,7865.0,889.0,5.287,1.03,5.08,64.48,0.26,0.005,18.43,0.01,3.96,2.29,8.72,1.44,0.91,2.15,0.025,0.28,0.34,1.76,0.2,1041.59,1.17,0.02,0.61,0.67,100.85,22.17,0.01,15.24,2.36,0.5,0.29,210.01,0.025,0.025,0.41,0.04,0.31,0.1,19.89,0.37,2.32,10.32,1,0,0
7615.0,6483.0,1038.0,0.008,8.52,6.1,494.16,1.02,0.09,2.15,0.11,33.51,11.38,21.18,3.56,3.44,13.72,0.08,2.37,1.4,15.95,1.14,891.37,0.5,2.8,5.12,7.01,718.81,59.31,0.12,1.44,11.96,0.5,1.25,311.91,0.4,0.025,6.6,0.3,0.45,1.97,85.36,0.61,14.8,75.26,0,0,0
7610.0,6650.0,1284.0,0.018,7.95,14.29,408.22,1.23,0.11,1.71,1.45,39.49,15.33,22.82,3.16,3.24,15.6,0.08,2.37,1.28,19.73,1.2,662.03,1.68,3.45,6.56,10.29,748.44,58.68,0.26,1.64,13.98,0.5,1.49,494.74,0.49,0.066,7.48,0.4,0.5,5.33,97.43,0.67,15.34,83.14,0,0,1
7564.0,6709.0,1317.0,0.007,8.03,2.58,426.02,0.92,0.18,3.73,0.32,37.48,11.65,27.0,6.31,3.69,16.76,0.1,2.08,1.4,18.21,1.3,836.17,0.15,2.58,6.36,9.67,741.55,56.32,0.01,1.18,15.01,0.5,1.35,281.7,0.43,0.05,5.42,0.44,0.48,1.41,97.58,0.97,17.73,74.62,0,0,1
7484.0,6817.0,1293.0,0.005,8.78,8.82,598.95,1.21,0.15,2.32,0.23,37.76,13.72,20.98,14.73,3.45,21.71,0.11,2.81,1.64,19.52,1.17,912.75,0.64,2.46,8.38,8.94,681.39,69.31,0.37,2.0,14.11,1.0,1.6,386.48,0.62,0.068,7.88,0.41,0.65,5.44,108.31,0.81,17.35,85.15,0,1,1
7595.0,6888.0,1280.0,0.007,1.09,10.23,96.77,0.24,0.05,4.33,0.05,3.15,6.28,18.86,1.9,3.76,6.64,0.06,0.21,0.05,1.94,0.43,932.05,0.91,0.04,1.02,3.76,102.43,4.6,0.39,14.47,2.92,0.5,0.2,73.79,0.025,0.025,0.27,0.02,0.06,0.32,28.14,1.71,2.84,9.62,0,0,0
7652.0,6888.0,1282.0,0.0025,8.46,3.54,604.55,0.97,0.05,4.85,0.12,37.9,16.73,29.4,2.66,5.17,20.24,0.14,2.93,1.4,16.01,1.49,1046.75,0.76,2.27,6.86,8.9,920.51,29.56,0.005,3.04,17.24,0.5,1.28,452.83,0.55,0.025,4.7,0.51,0.49,1.21,154.87,0.83,15.33,105.21,0,0,0
7711.0,6971.0,1317.0,0.0025,6.48,0.93,324.85,0.75,0.1,3.21,0.08,28.45,13.88,23.69,6.24,3.37,16.75,0.12,2.07,1.33,12.08,1.29,694.74,0.26,1.85,5.08,7.47,463.8,73.44,0.005,0.69,16.04,0.5,1.09,264.85,0.31,0.025,3.29,0.36,0.66,0.83,132.18,0.65,9.25,61.24,0,0,0
7681.0,7008.0,1314.0,0.0025,7.66,7.76,556.88,1.23,0.13,1.5,0.16,39.32,12.39,18.84,3.9,3.05,19.78,0.13,2.74,1.38,21.38,1.21,678.22,0.42,2.72,7.99,7.18,611.32,62.19,0.06,1.83,11.9,0.5,1.73,447.48,0.64,0.025,9.21,0.32,0.51,2.5,80.64,0.56,15.57,88.91,0,0,0
7648.0,7087.0,1323.0,0.0025,7.3,0.86,284.37,1.77,0.05,1.25,0.4,67.03,0.45,0.5,2.41,1.48,17.5,0.07,4.19,1.84,35.1,0.12,503.75,0.3,2.59,6.01,0.65,116.04,71.81,0.01,1.91,9.24,0.5,1.98,100.08,0.59,0.025,13.48,0.07,0.5,3.73,3.84,0.22,25.4,115.53,0,0,0
7504.0,7094.0,1280.0,0.0025,6.84,0.76,965.44,1.71,0.05,0.52,0.07,62.95,0.73,3.67,2.19,1.8,17.84,0.17,3.16,3.19,31.62,0.05,533.53,1.45,2.96,8.89,0.73,122.42,117.68,0.005,2.9,12.65,0.5,2.56,217.59,0.92,0.025,14.95,0.08,1.0,4.03,3.81,0.29,20.41,95.73,0,0,0
7239.0,6993.0,1197.0,0.0025,6.14,0.38,614.25,1.75,0.05,1.67,0.07,55.45,0.63,2.09,3.96,1.51,17.43,0.11,3.32,2.48,24.16,0.06,433.3,0.88,2.02,9.12,0.59,85.23,112.17,0.005,2.37,9.85,0.5,2.47,127.92,0.78,0.025,12.2,0.07,0.97,3.25,3.73,0.32,18.11,89.24,0,0,0
7327.0,7203.0,1244.0,0.0025,7.63,2.49,537.66,1.27,0.25,2.25,0.28,37.21,14.88,22.26,6.63,3.8,21.3,0.17,2.6,1.45,22.31,1.32,764.98,0.19,2.78,8.32,12.11,771.97,73.04,0.005,1.21,16.7,0.5,1.66,350.48,0.64,0.108,7.12,0.4,0.58,1.68,108.59,0.86,17.46,77.62,0,0,1
7338.0,7187.0,1248.0,0.0025,7.93,3.47,1234.05,1.72,2.03,1.24,0.05,38.89,9.58,34.84,12.28,5.76,23.43,0.18,1.74,2.73,19.99,1.18,523.48,0.64,1.64,8.6,10.43,723.19,124.29,0.005,1.7,18.5,0.5,3.9,206.73,0.57,0.922,6.29,0.39,1.3,1.94,160.31,1.64,15.94,49.51,0,0,1
7287.0,7426.0,1265.0,0.006,9.22,11.42,600.51,1.14,0.14,1.77,0.15,41.49,12.94,22.86,7.25,3.21,20.25,0.15,3.03,1.86,20.15,1.06,689.57,0.55,2.72,7.93,10.1,824.92,73.36,0.16,2.09,14.67,0.5,1.7,455.21,0.64,0.05,8.79,0.38,0.62,5.84,90.8,0.77,16.83,113.7,0,0,1
7362.0,7374.0,1272.0,0.086,3.0,36.77,188.56,0.61,0.05,2.72,0.12,11.3,5.98,16.01,6.74,1.57,7.24,0.1,0.97,1.02,7.08,0.33,576.85,1.61,0.2,1.98,3.84,319.69,69.45,0.1,40.22,5.92,0.5,0.47,45.4,0.13,0.025,1.87,0.14,0.91,0.48,45.51,1.52,6.38,41.39,0,0,0
7352.0,7355.0,1272.0,0.168,1.56,18.18,70.69,0.36,0.05,5.69,0.06,5.64,3.64,9.84,3.83,1.95,5.32,0.08,0.28,0.56,2.89,0.86,641.36,0.48,0.05,0.77,2.63,120.04,42.79,0.12,44.15,2.64,1.02,0.32,100.64,0.06,0.025,0.54,0.06,0.39,0.21,28.91,0.49,3.35,11.8,1,1,0
7356.0,7344.0,1276.0,2.868,1.91,18.58,108.98,0.61,0.05,0.05,0.08,6.84,2.21,11.93,4.62,1.26,6.29,0.07,0.64,0.66,3.63,0.11,231.07,0.68,0.03,1.34,1.75,159.62,43.52,0.005,26.7,2.83,0.5,0.42,8.82,0.12,0.025,1.76,0.06,0.48,0.54,21.41,0.61,2.15,38.66,1,0,0
7354.0,7321.0,1264.0,1.59,2.08,12.16,120.97,0.42,0.05,6.33,4.89,7.33,5.0,8.96,3.5,1.55,4.84,0.08,0.49,0.65,4.34,0.37,1184.96,1.26,0.02,1.19,4.08,138.82,44.31,0.01,43.79,3.48,1.0,0.37,64.96,0.1,0.086,1.46,0.05,0.41,0.49,32.04,0.42,5.59,15.91,1,1,1
7349.0,7315.0,1268.0,1.103,2.35,10.46,66.3,0.36,0.06,0.18,2.25,6.61,4.32,10.04,3.19,2.36,5.78,0.05,0.44,0.45,3.09,0.48,1152.29,0.81,0.02,0.98,2.38,178.54,33.32,0.005,79.47,2.67,1.0,0.43,9.28,0.09,0.183,1.37,0.05,0.28,0.53,27.97,0.31,3.97,16.19,1,1,1
7347.0,7301.0,1265.0,2.376,4.45,23.64,209.08,0.63,0.1,0.07,0.75,16.12,6.01,13.34,4.61,3.38,8.52,0.09,1.4,1.23,7.71,0.86,1103.45,3.51,0.04,2.8,4.15,318.36,83.83,0.005,37.42,6.35,1.08,0.81,10.6,0.22,0.272,4.06,0.15,0.82,2.17,53.29,0.65,6.19,43.83,1,1,1
7389.0,7344.0,1285.0,0.086,2.78,63.18,146.34,0.64,0.05,7.31,0.15,10.94,3.84,12.82,5.52,1.71,6.63,0.08,0.94,1.1,5.3,0.25,521.52,5.82,0.03,2.26,2.08,245.23,69.49,0.005,18.81,6.03,0.5,0.53,104.17,0.13,0.086,1.33,0.13,0.72,0.42,49.95,0.92,5.93,27.63,0,0,1
7409.0,7319.0,1289.0,0.147,3.29,16.2,81.15,0.52,0.005,7.91,0.18,16.6,6.21,14.03,5.29,2.07,8.36,0.09,0.9,0.68,8.6,0.89,1051.25,1.03,0.67,2.48,3.89,338.1,38.1,0.4,16.68,7.28,0.5,0.41,203.59,0.17,0.025,1.47,0.19,0.35,0.51,52.81,1.03,7.42,40.1,1,0,0
7446.0,7291.0,1294.0,0.0025,8.63,2.44,974.0,1.06,0.005,3.49,0.08,34.54,21.51,26.65,10.04,5.6,22.66,0.15,2.55,1.69,15.39,2.5,973.71,0.17,2.13,6.65,12.8,808.67,70.88,0.005,2.88,18.17,0.5,1.08,302.36,0.42,0.025,3.37,0.47,0.8,1.08,146.11,1.04,14.97,82.68,0,0,0
7728.0,6814.0,1298.0,0.0025,8.47,3.85,625.03,0.94,0.05,4.66,0.07,35.08,17.68,29.39,4.26,5.45,21.5,0.26,3.51,0.97,16.27,1.58,872.55,0.59,2.09,7.7,9.16,880.89,31.28,0.07,3.31,18.83,0.5,1.53,585.83,0.53,0.025,5.03,0.44,0.52,1.35,136.99,0.88,17.04,106.81,0,0,0
7820.0,6793.0,1329.0,0.0025,8.86,1.69,179.58,1.02,0.11,4.07,0.16,37.1,18.54,19.59,2.04,5.13,17.05,0.18,2.59,0.38,18.82,2.35,985.75,0.22,3.46,6.17,10.17,979.69,11.79,0.005,1.32,18.75,0.5,1.54,455.47,0.44,0.055,3.97,0.4,0.16,1.16,129.59,0.74,17.84,87.2,0,0,1
7840.0,6776.0,1341.459,0.0025,8.28,6.35,452.26,1.08,0.12,1.57,0.14,39.11,11.57,18.18,5.67,3.35,18.3,0.12,3.18,1.26,19.58,1.33,716.62,0.31,2.97,7.41,6.2,544.67,65.71,0.08,1.54,12.68,0.5,1.79,449.09,0.63,0.025,9.13,0.34,0.51,2.7,79.22,0.73,14.78,98.12,0,0,0
7877.0,6781.0,1350.0,0.0025,7.94,6.28,425.33,1.07,0.19,1.72,0.14,43.58,14.68,7.41,5.45,3.03,18.61,0.11,2.72,1.17,19.88,1.43,436.46,0.39,2.44,7.41,11.48,377.94,80.39,0.005,1.15,9.27,0.5,2.13,509.11,0.68,0.025,12.99,0.25,0.6,4.06,61.71,0.37,11.54,78.86,0,0,0
7891.0,6800.0,1350.0,0.0025,8.16,0.68,795.8,1.02,0.05,2.94,0.07,31.71,20.89,26.3,7.32,4.82,18.53,0.11,2.19,1.17,14.52,2.29,712.0,0.16,2.46,6.6,12.3,945.23,39.83,0.05,1.14,19.94,0.5,1.24,440.36,0.44,0.025,3.22,0.51,0.4,1.12,144.52,0.56,13.81,73.77,0,0,0
7785.0,6934.0,1320.0,0.0025,7.37,1.35,1052.46,1.12,0.05,4.54,0.1,31.97,17.99,26.43,7.85,4.28,22.34,0.13,3.23,1.36,14.75,1.62,1061.79,0.27,2.21,7.16,10.44,944.14,39.68,0.01,2.12,16.02,0.5,1.54,480.63,0.54,0.025,3.66,0.45,0.72,1.19,134.59,0.78,16.67,99.01,0,0,0
7676.0,7042.0,1318.0,0.005,8.5,14.1,489.69,1.24,0.25,1.17,0.15,44.99,15.47,21.92,4.73,3.99,20.01,0.14,3.02,1.35,22.64,1.6,675.18,1.06,2.73,7.8,8.41,803.56,66.19,0.1,1.34,15.58,1.0,1.9,444.85,0.63,0.096,7.42,0.42,0.54,2.0,111.96,0.87,18.77,93.56,0,1,1
7563.0,7166.0,1300.0,0.005,7.87,15.63,438.71,1.03,0.14,1.13,0.14,41.79,16.26,23.05,4.52,3.66,22.08,0.14,2.9,1.45,19.46,1.19,1933.66,1.4,3.11,6.52,11.32,951.4,71.16,0.27,1.77,16.02,0.5,1.73,350.94,0.53,0.112,6.65,0.4,0.59,3.1,102.76,0.68,18.04,99.58,0,0,1
7692.0,7180.0,1275.0,0.047,4.15,47.13,225.73,0.7,0.05,0.1,0.06,13.91,7.19,21.17,7.97,1.78,9.42,0.05,1.76,1.41,7.23,0.33,179.27,5.05,0.03,3.0,3.35,361.75,95.89,0.02,33.72,7.01,0.5,0.77,16.87,0.24,0.053,2.68,0.23,1.24,0.76,65.67,2.34,7.71,61.45,0,0,1
7715.0,7227.0,1271.0,0.0025,7.21,0.99,1230.39,0.9,0.05,2.93,0.05,28.61,15.92,31.51,7.55,3.94,14.9,0.08,1.91,1.43,11.65,1.34,954.24,0.18,1.9,6.07,10.52,670.49,59.92,0.02,2.18,15.15,0.5,1.16,351.43,0.43,0.025,3.53,0.35,0.74,0.99,129.48,0.74,12.03,66.42,0,0,0
7715.0,7324.0,1229.0,0.0025,8.33,2.8,543.76,0.92,0.05,4.45,0.13,32.37,18.76,27.91,2.93,4.97,21.71,0.12,3.5,1.1,15.4,1.6,909.74,1.28,2.13,6.86,12.38,984.49,26.88,0.005,1.65,15.94,0.5,1.26,490.01,0.52,0.025,4.21,0.55,0.4,1.13,158.55,0.83,17.02,114.64,0,0,0
7633.0,7377.0,1218.0,0.0025,7.16,3.36,479.28,1.07,0.05,4.39,0.11,26.72,17.78,30.26,2.42,5.14,19.14,0.11,3.47,1.23,11.16,1.43,1076.13,0.88,1.95,7.36,10.52,1008.96,28.17,0.005,2.59,15.66,0.5,1.19,429.91,0.54,0.025,3.36,0.53,0.58,1.24,149.04,1.37,15.48,108.13,0,0,0
7646.0,7414.0,1201.0,0.019,4.75,9.56,250.42,0.65,0.05,1.96,0.05,22.97,9.54,21.62,6.77,2.71,10.14,0.08,1.3,1.41,10.71,0.54,1325.8,0.5,0.68,4.06,5.91,655.44,83.67,0.005,31.04,10.42,0.5,0.87,83.42,0.29,0.025,2.26,0.27,1.1,0.55,91.58,2.02,9.19,58.44,0,0,0
7711.0,7373.0,1182.0,0.0025,4.22,10.73,158.35,0.51,0.05,3.04,0.05,17.62,6.59,20.83,6.88,2.1,8.53,0.07,1.29,1.17,9.25,0.4,1193.6,0.51,0.38,3.18,5.94,458.23,68.14,0.005,35.11,8.22,0.5,0.64,81.52,0.21,0.025,2.08,0.2,0.9,0.45,72.92,2.0,7.68,53.55,0,0,0
7688.0,7382.0,1187.0,0.005,5.24,13.58,517.1,0.58,0.05,2.17,0.05,22.58,10.15,25.73,7.32,3.45,12.54,0.1,2.02,1.67,12.24,0.76,1478.49,0.59,0.91,4.55,6.15,590.48,103.8,0.005,20.85,9.86,0.5,0.8,151.74,0.31,0.025,2.94,0.3,1.28,0.67,98.77,1.98,11.92,68.24,0,0,0
7615.0,7430.0,1216.0,0.028,3.82,8.21,147.11,0.54,0.005,6.25,0.06,27.59,6.73,16.84,6.45,2.63,9.21,0.09,1.47,1.29,13.58,0.7,2326.43,1.71,0.1,3.57,5.12,444.14,78.41,0.005,21.26,9.1,0.5,0.65,107.5,0.25,0.025,2.34,0.25,1.11,0.52,74.89,2.09,9.87,58.37,0,0,0
7617.0,7439.0,1215.0,0.016,4.84,14.21,212.08,0.56,0.05,3.27,0.16,22.99,9.85,22.13,6.13,2.8,10.91,0.1,1.37,1.57,10.35,0.66,1263.51,1.29,0.35,3.9,7.28,560.58,83.34,0.005,18.28,9.55,0.5,0.85,103.61,0.25,0.025,2.12,0.26,1.07,0.64,82.04,2.36,10.72,47.46,0,0,0
7521.0,7266.0,1282.0,0.586,1.59,120.19,69.55,0.37,0.05,0.05,0.38,5.36,1.38,21.05,4.14,1.78,5.97,0.06,0.37,0.66,2.64,0.08,66.49,9.64,0.02,0.83,1.37,162.47,44.86,0.005,47.66,2.7,1.04,0.36,8.09,0.06,0.053,0.64,0.06,0.38,0.28,36.2,0.48,2.19,15.58,1,1,1
7507.0,7425.0,1249.0,0.011,8.08,3.59,484.51,1.22,0.05,4.19,0.21,29.87,19.02,34.11,1.7,5.32,18.36,0.25,3.41,1.4,14.22,2.01,967.82,1.12,2.2,6.86,10.43,1003.12,26.78,0.005,3.93,17.65,0.5,1.39,413.53,0.49,0.025,5.04,0.47,0.44,1.52,146.12,0.79,16.43,119.26,0,0,0
7472.0,7511.0,1245.0,0.008,3.53,16.19,275.3,0.56,0.05,0.05,0.05,8.18,4.46,15.2,5.99,1.27,6.66,0.06,0.87,1.32,4.08,0.26,272.94,3.42,0.1,1.4,2.3,197.21,74.11,0.005,41.84,3.88,0.5,0.49,18.35,0.09,0.025,1.23,0.12,0.92,0.3,61.1,0.71,3.19,28.33,0,0,0
7434.0,7645.0,1241.0,0.0025,7.05,2.4,438.33,1.01,0.05,4.21,0.11,28.89,18.61,28.58,1.98,5.46,19.77,0.2,3.59,1.04,12.29,1.69,1007.24,1.28,2.22,8.23,10.94,984.03,11.84,0.005,1.12,14.93,0.5,1.19,374.85,0.51,0.025,3.52,0.48,0.24,1.3,167.18,0.74,16.73,137.2,0,0,0
7361.0,7467.0,1242.0,0.04,2.35,21.49,150.83,0.76,0.05,0.58,0.14,7.25,3.79,14.22,6.56,1.21,6.36,0.06,0.62,0.95,4.24,0.14,363.91,0.82,0.06,1.01,2.19,175.05,63.79,0.04,26.51,3.39,0.5,0.88,22.93,0.08,0.025,0.95,0.08,0.83,0.28,39.0,0.7,4.03,19.35,0,0,0
7393.0,7494.0,1257.0,0.009,5.79,14.16,582.03,0.99,0.05,3.94,0.35,20.23,16.17,29.66,2.78,3.91,20.03,0.09,3.45,1.57,9.98,1.49,817.51,0.99,1.96,7.35,8.86,823.51,23.31,0.03,5.85,12.44,0.5,1.38,365.31,0.49,0.025,2.93,0.48,0.9,1.19,123.48,1.25,13.36,95.0,0,0,0
7391.0,7457.0,1258.0,0.008,0.87,22.01,75.94,0.25,0.05,0.26,0.05,1.9,3.41,29.7,5.57,1.25,3.07,0.025,0.3,0.22,1.02,0.18,239.8,0.97,0.04,1.16,2.73,21.26,19.23,0.005,11.02,4.54,0.5,0.28,17.75,0.025,0.025,0.28,0.03,0.23,0.3,59.42,0.19,1.81,14.84,0,0,0
7449.0,7200.0,1277.0,0.365,4.56,9.51,353.44,0.89,0.07,0.03,0.12,19.65,5.62,15.46,9.61,1.85,11.11,0.06,1.87,1.85,10.6,0.4,309.55,2.74,0.05,3.82,3.31,383.2,121.36,0.005,26.27,7.78,1.97,1.1,16.53,0.31,0.117,4.8,0.19,1.34,2.36,145.03,0.81,7.4,60.0,1,1,1
7450.0,7219.0,1283.0,0.007,7.62,13.26,518.47,0.93,0.14,0.02,0.05,29.36,1.86,21.45,11.47,2.47,15.15,0.08,3.51,2.83,18.39,0.32,71.44,8.87,0.06,7.75,2.17,714.48,187.66,0.01,18.01,11.03,1.07,1.64,14.09,0.57,0.025,9.07,0.32,1.8,5.97,325.22,1.26,12.16,104.38,0,1,0
7154.0,7480.0,1199.0,0.0025,7.38,9.8,529.38,1.28,0.24,1.47,0.16,37.5,14.27,20.47,6.3,3.5,18.27,0.11,3.13,1.88,18.18,0.94,697.03,0.69,2.19,7.78,7.72,645.67,72.55,0.13,2.38,12.42,1.04,1.72,326.42,0.54,0.081,8.0,0.36,0.69,2.35,86.36,0.86,14.5,96.65,0,1,1
7164.0,7507.0,1180.0,0.0025,6.27,5.16,610.3,1.11,0.22,2.64,0.11,40.52,3.81,9.45,9.72,1.62,14.23,0.1,2.79,1.82,21.05,0.55,409.02,0.26,1.13,8.23,5.19,279.36,81.86,0.005,1.52,5.78,0.5,2.22,147.45,0.75,0.025,11.66,0.13,0.8,4.02,28.14,0.59,13.6,80.87,0,0,0
7211.0,7585.0,1146.0,0.006,6.29,3.69,327.19,0.82,0.05,4.43,0.2,29.4,19.18,30.79,6.12,3.97,16.62,0.14,2.54,0.94,13.02,1.85,620.69,0.34,3.39,7.22,13.07,825.5,35.03,0.005,2.95,16.79,1.0,1.07,536.05,0.45,0.025,3.65,0.4,0.48,0.77,105.9,0.79,14.73,79.18,0,1,0
7149.0,7626.0,1129.0,0.0025,6.76,2.98,488.11,1.0,0.05,4.85,0.11,27.22,16.92,33.34,2.15,4.63,21.59,0.14,3.08,1.36,11.24,1.56,915.89,0.97,2.11,7.35,11.13,967.0,20.03,0.005,3.9,15.53,0.5,1.39,428.21,0.54,0.025,3.62,0.5,0.38,1.16,145.24,0.88,14.02,104.97,0,0,0
7147.0,7237.0,1152.0,0.0025,6.99,32.43,790.94,0.89,0.05,4.41,0.14,27.01,16.04,28.81,1.45,3.68,18.47,0.1,2.82,0.94,10.01,1.46,936.48,1.26,1.97,6.64,10.82,924.11,18.51,0.03,1.72,15.15,0.5,1.31,433.11,0.47,0.025,3.02,0.43,0.48,0.95,130.09,1.07,13.32,94.02,0,0,0
7128.0,7342.0,1155.0,0.009,1.54,37.55,108.51,0.29,0.05,0.06,0.08,8.27,3.49,21.57,1.84,1.33,3.48,0.06,0.75,0.49,4.36,0.21,215.71,4.83,0.03,1.51,2.4,177.53,29.48,0.02,3.42,3.18,0.5,0.42,10.88,0.1,0.025,1.36,0.09,0.24,0.53,23.48,0.37,3.33,25.04,0,0,0
7108.0,7442.0,1182.0,0.0025,7.15,3.19,532.87,1.29,0.16,1.75,0.2,33.44,5.84,14.7,6.02,2.04,17.71,0.11,2.84,2.19,19.89,0.77,400.3,0.1,1.03,6.84,5.88,304.89,86.67,0.005,0.93,7.19,0.5,1.97,75.01,0.68,0.025,12.2,0.2,0.84,3.23,42.43,0.97,13.82,83.82,0,0,0
7040.0,7506.0,1176.0,0.0025,5.42,3.4,436.48,1.4,0.16,2.63,0.11,27.76,4.22,11.4,3.43,1.87,13.05,0.11,2.6,1.7,16.17,0.57,462.51,0.26,1.67,6.57,5.61,293.5,64.7,0.02,1.43,4.84,0.5,2.03,258.14,0.69,0.025,10.3,0.13,0.6,3.18,29.59,0.76,11.45,72.86,0,0,0
6906.0,7658.0,1113.0,0.0025,0.95,0.82,18.76,0.18,0.09,12.71,0.19,4.08,3.35,10.92,0.9,0.86,2.41,0.1,0.32,0.02,2.38,2.87,1895.77,0.6,0.02,0.97,2.85,602.39,1.53,0.005,0.84,2.18,0.5,0.3,185.36,0.06,0.059,0.68,0.05,0.05,0.58,28.55,0.19,2.28,11.86,0,0,1
6983.0,7895.0,964.0,0.007,2.79,12.87,145.63,0.35,0.005,4.65,0.05,10.6,5.5,16.4,6.81,1.59,6.26,0.08,0.87,0.94,6.25,0.23,747.77,0.42,0.03,1.91,3.45,255.04,63.29,0.005,20.63,5.6,0.5,0.61,46.86,0.13,0.025,1.21,0.13,0.78,0.28,45.42,1.08,6.84,24.77,0,0,0
6990.0,7900.0,964.0,0.005,1.7,5.92,105.39,0.27,0.05,1.4,0.05,6.11,2.86,16.31,3.14,1.13,3.54,0.07,0.38,0.63,2.73,0.2,439.51,0.46,0.04,0.99,2.68,196.21,41.64,0.005,24.4,2.88,0.5,0.43,27.23,0.08,0.025,0.58,0.08,0.49,0.22,26.19,0.7,2.85,11.26,0,0,0
6846.0,7551.0,1097.0,0.0025,8.28,14.99,681.24,1.21,0.34,1.3,0.12,36.4,11.6,21.73,15.54,3.48,19.48,0.11,2.92,1.98,17.84,1.22,849.6,1.01,2.19,7.63,8.17,731.88,73.4,0.41,1.74,11.81,1.0,2.0,352.63,0.61,0.182,9.4,0.33,0.65,2.96,92.01,0.82,16.77,77.09,0,1,1
6768.0,7610.0,1070.0,0.005,7.92,3.34,470.04,1.06,0.005,4.93,0.11,34.33,21.57,27.32,3.09,5.12,19.39,0.12,3.58,1.02,17.25,1.5,920.37,1.25,2.16,6.94,13.14,1037.71,29.17,0.01,2.68,19.22,0.5,1.36,406.57,0.44,0.025,4.47,0.47,0.47,1.42,164.89,0.81,17.6,127.28,0,0,0
6732.0,7802.0,1030.0,0.0025,9.66,2.18,522.56,0.94,0.005,5.3,0.08,30.04,18.95,27.32,2.98,5.53,21.35,0.07,3.24,1.09,13.14,1.58,1093.74,1.16,2.14,6.35,10.09,1025.23,29.45,0.01,2.34,15.6,0.5,1.29,468.69,0.44,0.025,3.3,0.51,0.41,1.29,149.11,0.64,16.04,121.54,0,0,0
6731.0,7833.0,1030.0,0.0025,7.16,1.08,794.61,1.74,0.005,0.13,0.09,64.48,0.39,2.18,1.68,1.38,16.74,0.08,2.48,3.45,31.35,0.05,459.07,0.61,2.3,5.65,0.99,86.93,127.91,0.005,1.4,6.94,0.5,2.66,84.81,0.55,0.025,16.43,0.05,1.04,3.49,3.15,0.2,18.24,63.63,0,0,0
6666.0,7816.0,1002.0,0.0025,7.6,1.49,801.16,1.49,0.05,0.33,0.05,56.52,0.59,3.07,1.66,1.56,15.76,0.07,2.81,3.24,32.22,0.06,396.12,0.74,2.65,5.92,0.84,157.8,128.46,0.005,1.44,7.98,0.5,3.55,121.77,0.51,0.025,14.69,0.07,1.08,3.32,4.82,0.2,15.64,82.91,0,0,0
6761.0,7989.0,940.0,0.0025,9.2,11.9,500.66,1.05,0.27,0.64,0.71,28.81,18.83,33.62,12.33,5.09,17.69,0.06,1.37,2.04,11.02,1.75,990.36,0.15,1.82,5.94,10.44,595.45,136.87,0.01,4.03,16.23,0.5,1.7,147.92,0.44,0.096,3.43,0.45,1.53,0.97,174.13,1.86,14.72,52.85,0,0,1
6761.0,8006.0,932.0,0.0025,6.74,1.48,719.36,1.73,0.29,0.26,0.86,53.2,0.72,1.03,1.21,1.23,14.79,0.07,3.09,2.03,26.85,0.06,520.59,0.8,2.86,6.23,0.61,117.65,101.08,0.005,1.24,8.72,0.5,3.06,104.17,0.69,0.025,14.08,0.08,0.75,2.96,4.36,0.21,15.22,84.35,0,0,0
6798.0,8116.0,878.0,0.0025,7.21,0.82,230.22,1.4,0.22,0.08,0.07,63.26,0.39,1.02,2.02,1.46,18.26,0.08,2.54,1.57,31.7,0.05,278.23,4.06,2.53,7.77,0.48,159.71,74.48,0.005,1.4,8.66,0.5,2.8,57.23,0.81,0.025,15.22,0.09,0.64,2.91,4.96,0.18,12.05,68.27,0,0,0
6402.0,7830.0,921.0,0.0025,8.06,2.41,397.95,1.05,0.005,5.5,0.08,33.71,17.4,27.52,1.8,5.37,19.12,0.06,2.73,0.99,14.38,1.48,947.41,1.28,1.91,7.31,10.74,965.77,17.44,0.01,1.69,15.09,0.5,1.19,381.81,0.48,0.025,2.99,0.49,0.26,1.06,164.08,0.64,18.49,113.61,0,0,0
6539.0,7750.0,975.0,0.0025,6.49,0.7,868.62,1.87,0.06,0.23,0.08,61.86,0.48,1.86,1.73,1.25,14.8,0.05,2.53,3.28,32.54,0.05,412.39,0.53,2.73,6.3,0.88,89.51,146.3,0.005,0.97,8.13,0.5,2.93,107.56,0.57,0.025,16.16,0.05,0.98,3.32,3.03,0.11,16.68,71.81,0,0,0
14246.0,950.0,1287.0,0.0025,7.89,5.09,437.88,0.94,0.05,4.47,0.08,29.62,26.9,47.24,0.9,6.07,17.67,0.1,3.55,1.13,13.69,2.94,1113.16,1.13,2.56,8.41,38.66,915.07,22.33,0.005,1.32,24.33,0.5,1.21,477.38,0.51,0.025,3.03,0.53,0.19,1.13,218.98,0.75,16.97,135.6,0,0,0
14063.0,1189.0,1265.0,0.0025,7.75,9.24,1117.96,2.59,2.83,0.66,0.09,77.59,3.47,5.92,15.33,2.49,17.47,0.11,5.86,3.37,37.19,0.55,313.3,1.32,1.14,13.82,1.51,456.93,211.2,0.15,4.26,9.92,0.5,11.39,184.87,0.97,0.025,20.64,0.22,2.09,5.64,31.79,1.93,32.47,201.29,0,0,0
13738.0,1430.0,1325.0,0.0025,7.77,1.83,481.41,1.94,0.15,0.24,0.15,76.95,1.45,2.71,6.69,1.7,18.05,0.1,2.63,3.59,39.99,0.13,368.62,1.51,2.35,18.95,1.18,111.35,167.42,0.005,1.37,5.54,0.5,3.29,37.38,1.23,0.025,18.38,0.09,0.82,3.84,8.6,0.92,29.74,63.09,0,0,0
13684.0,1481.0,1354.0,0.0025,6.14,0.88,156.48,1.65,0.18,1.12,0.25,86.15,0.94,3.02,5.42,1.33,17.34,0.15,3.78,1.85,76.91,0.3,434.29,0.4,2.37,15.71,0.92,108.48,134.17,0.005,3.09,4.83,0.5,3.0,61.86,1.14,0.025,17.02,0.08,0.55,4.64,8.08,0.71,42.82,91.61,0,0,0
13043.0,437.0,1237.0,0.0025,7.21,3.27,771.71,1.73,0.06,0.48,0.12,52.52,0.74,2.2,4.32,1.29,14.11,0.07,2.78,2.97,29.07,0.09,258.02,0.34,1.97,7.32,0.76,94.62,131.0,0.005,4.28,2.03,0.5,1.73,92.95,0.95,0.025,20.47,0.05,0.8,4.66,1.92,1.08,18.3,70.29,0,0,0
13794.0,0.0,1260.0,0.005,3.29,8.76,905.92,0.56,0.05,0.06,0.05,23.0,1.27,12.61,2.82,1.19,4.11,0.025,2.94,1.97,9.41,0.07,119.47,2.08,0.25,5.11,0.65,154.71,70.04,0.01,11.49,3.02,0.5,1.09,24.91,0.4,0.025,5.74,0.12,0.7,1.65,5.45,0.41,12.74,108.62,0,0,0
14159.0,56.0,1307.0,0.0025,1.18,4.15,148.46,0.43,0.05,0.12,0.05,6.21,1.47,20.77,1.79,0.98,3.07,0.025,0.61,0.37,3.36,0.07,167.92,1.09,0.12,1.57,1.99,271.23,21.36,0.01,1.98,1.39,0.5,0.41,16.67,0.19,0.025,1.47,0.05,0.13,2.04,11.73,0.19,3.82,24.4,0,0,0
14164.0,45.0,1311.0,0.0025,4.08,3.6,164.04,0.63,0.07,14.05,0.27,62.97,4.6,5.52,5.34,1.92,7.96,0.1,2.24,1.54,35.92,0.42,1309.69,0.52,0.04,4.15,2.67,372.13,73.6,0.005,3.72,6.5,0.5,0.97,76.65,0.3,0.025,3.61,0.19,0.44,1.16,53.39,0.43,18.78,83.08,0,0,0
8284.0,6467.0,1415.0,0.0025,8.31,10.82,436.76,1.2,0.18,1.6,0.16,42.88,11.85,19.88,4.48,3.94,17.72,0.08,2.69,1.54,22.65,1.32,901.06,1.0,2.32,6.34,8.34,630.53,79.57,0.36,1.96,10.91,0.5,1.76,303.01,0.47,0.126,7.45,0.36,0.52,3.47,90.54,0.75,16.96,81.58,0,0,1
8181.0,6586.0,1404.0,0.0025,6.99,2.31,459.52,1.15,0.42,1.29,0.21,41.78,10.38,9.23,4.27,2.8,13.78,0.06,2.2,1.43,21.57,0.78,445.34,0.25,2.3,6.47,7.84,280.65,63.22,0.01,1.42,7.32,0.5,2.26,247.68,0.52,0.07,9.35,0.21,0.47,2.87,42.8,0.71,12.61,66.22,0,0,1
8161.0,6671.0,1421.0,0.0025,9.5,2.49,568.1,1.5,0.09,1.91,0.12,36.96,10.57,7.64,4.01,4.04,16.51,0.06,2.3,1.65,17.86,1.16,739.23,0.31,3.33,5.54,4.7,595.98,69.62,0.005,0.96,10.85,0.5,1.42,414.88,0.54,0.025,7.41,0.34,0.39,2.19,80.85,0.75,12.38,90.54,0,0,0
8122.0,6722.0,1411.0,0.0025,8.43,3.02,532.7,1.31,0.09,2.26,0.11,28.23,11.24,9.13,4.47,3.86,15.8,0.06,2.46,1.47,16.73,1.04,686.02,0.24,2.88,6.05,5.21,550.34,53.52,0.005,0.86,9.13,0.5,1.2,497.7,0.46,0.025,5.82,0.38,0.37,1.79,87.82,0.55,12.46,97.6,0,0,0
6411.0,7961.0,850.0,6.157,1.52,6.4,68.32,0.31,0.05,0.05,0.05,5.28,2.26,14.26,1.72,1.18,2.95,0.025,0.54,0.49,2.27,0.21,236.97,1.72,0.03,0.92,2.09,176.12,33.48,0.005,43.13,2.66,0.5,0.28,9.22,0.05,0.025,0.66,0.07,0.39,0.22,24.61,0.5,2.48,11.35,1,0,0
6506.0,7595.0,947.0,0.075,1.08,11.36,64.46,0.37,0.05,0.05,0.06,2.88,2.05,16.88,1.07,1.12,2.03,0.025,0.2,0.23,1.37,0.25,585.45,1.01,0.02,0.42,2.18,68.51,14.83,0.005,33.66,1.18,0.5,0.28,7.2,0.025,0.025,0.29,0.03,0.18,0.1,12.13,0.28,1.25,6.99,0,0,0
6454.0,7701.0,937.0,0.014,2.09,3.96,123.92,0.31,0.005,4.09,0.06,8.88,3.34,14.32,2.25,1.61,3.77,0.025,0.39,0.57,4.56,0.33,1088.1,0.78,0.21,1.26,2.81,213.79,48.92,0.005,31.87,3.45,0.5,0.44,51.97,0.09,0.025,0.76,0.1,0.51,0.21,31.15,0.64,4.13,11.74,0,0,0
6497.0,7701.0,953.0,0.673,3.01,7.44,203.35,0.37,0.05,1.17,0.12,10.79,6.36,18.34,2.37,2.01,5.39,0.025,0.54,0.85,4.88,0.48,1694.1,2.3,0.07,1.84,4.7,334.36,52.45,0.005,19.96,4.59,0.5,0.68,20.69,0.11,0.025,1.28,0.13,0.62,0.3,40.46,1.42,3.54,45.61,1,0,0
6503.0,7681.0,953.0,0.52,1.24,6.19,82.94,0.41,0.005,0.05,0.05,3.53,2.41,16.24,1.56,1.21,2.18,0.025,0.18,0.3,1.39,0.23,624.27,0.43,0.03,0.6,2.04,120.63,18.56,0.005,52.68,2.09,0.5,0.31,13.17,0.025,0.025,0.38,0.05,0.21,0.1,16.42,0.43,1.6,7.09,1,0,0
6542.0,7604.0,960.0,0.007,0.78,4.87,27.12,0.39,0.005,0.03,0.15,3.03,1.35,16.84,0.93,1.11,2.15,0.025,0.1,0.14,1.18,0.14,589.93,0.44,0.02,0.31,1.69,71.46,9.25,0.005,40.6,1.3,0.5,0.42,7.78,0.025,0.025,0.18,0.03,0.1,0.1,10.67,0.2,0.94,5.65,0,0,0
6507.0,7857.0,911.0,2.643,1.29,3.39,146.6,0.24,0.005,0.36,0.05,4.6,2.64,16.07,1.92,1.44,2.96,0.025,0.31,0.3,2.21,0.36,620.67,0.62,0.04,0.76,2.81,170.17,25.02,0.01,31.9,1.95,0.5,0.4,10.97,0.025,0.025,0.35,0.06,0.25,0.11,21.84,0.3,2.25,9.75,1,0,0
5481.0,8260.0,521.0,0.135,3.07,223.04,199.48,0.44,0.07,0.05,0.12,9.31,4.17,14.92,3.1,2.97,5.43,0.07,0.71,1.23,5.32,0.24,638.35,18.66,0.03,2.38,1.64,331.64,80.02,0.04,6.99,4.33,0.5,1.23,7.57,0.19,0.025,2.6,0.13,0.83,0.46,47.16,1.95,3.11,25.6,1,0,0
5447.0,8323.0,539.0,0.014,1.54,37.01,116.89,0.27,0.05,0.08,0.05,21.08,2.34,16.66,1.73,1.63,3.12,0.06,0.55,0.68,9.08,0.08,396.16,1.79,0.02,1.65,1.46,196.39,54.58,0.01,10.92,2.66,0.5,1.28,4.48,0.12,0.025,1.73,0.1,0.57,0.38,23.51,0.94,3.13,20.63,0,0,0
5598.0,8339.0,600.0,0.006,1.55,13.05,109.09,0.28,0.005,0.03,0.05,9.7,1.11,13.55,1.98,1.24,2.63,0.025,0.19,0.75,4.59,0.06,416.2,0.66,0.02,0.65,1.23,221.05,51.15,0.005,5.97,1.52,0.5,2.39,3.86,0.06,0.025,0.76,0.04,0.51,0.19,11.85,0.46,1.62,5.4,0,0,0
5539.0,8339.0,585.0,0.023,2.49,38.92,260.44,0.32,0.05,0.03,0.05,5.38,1.91,9.99,2.24,1.36,5.21,0.025,0.53,1.09,2.83,0.11,401.97,4.13,0.02,1.53,1.14,230.43,66.9,0.005,3.0,2.52,0.5,0.98,7.15,0.11,0.025,1.71,0.07,0.81,0.42,35.43,1.02,2.02,14.51,0,0,0
5552.0,8319.0,598.0,0.101,2.81,131.61,281.28,0.5,0.05,0.03,0.12,11.64,3.36,10.18,4.66,2.38,5.56,0.025,0.75,1.2,6.38,0.12,382.94,57.9,0.03,2.41,1.3,419.27,80.47,0.02,11.27,3.87,0.5,1.62,7.67,0.16,0.059,2.53,0.11,0.9,0.62,47.83,1.64,2.96,28.5,1,0,1
5650.0,8191.0,643.0,0.025,3.02,35.76,160.39,0.46,0.05,0.02,0.06,8.79,1.64,11.05,3.15,1.32,5.77,0.09,0.86,1.35,4.58,0.1,145.94,2.44,0.04,1.75,1.29,241.84,92.35,0.005,8.59,3.19,0.5,3.28,5.82,0.15,0.025,2.28,0.09,1.07,0.55,29.38,0.97,2.76,26.66,0,0,0
5643.0,8216.0,589.0,0.0025,5.36,2.96,398.53,1.06,0.05,0.63,0.09,33.4,6.01,14.24,11.81,3.68,11.71,0.09,1.29,1.72,16.53,0.63,810.79,0.47,1.06,4.55,1.76,718.74,111.94,0.02,2.46,10.33,0.5,1.12,105.98,0.34,0.025,4.35,0.32,0.83,1.12,95.94,0.94,13.14,44.78,0,0,0
6468.0,8267.0,717.0,0.053,1.95,220.6,109.23,0.29,0.09,0.03,0.06,4.07,6.92,14.23,2.84,4.27,4.12,0.025,0.19,0.82,1.72,0.14,248.25,5.13,0.03,0.5,3.87,148.3,53.78,0.05,16.44,2.66,2.86,0.37,5.76,0.025,0.402,0.22,0.06,0.59,0.1,33.43,0.42,1.69,5.32,0,1,1
6564.0,8249.0,779.0,0.266,1.12,242.62,83.04,0.25,0.14,0.01,0.72,9.53,1.87,19.6,1.0,3.72,2.46,0.025,0.3,0.49,4.6,0.04,71.64,16.86,0.02,0.92,1.98,146.91,33.01,0.18,21.3,1.82,1.04,0.68,3.61,0.08,0.092,0.91,0.06,0.34,0.21,16.47,0.43,1.2,8.88,1,1,1
6559.0,8265.0,774.0,0.092,3.15,182.38,279.97,0.45,0.13,0.04,0.29,19.49,3.89,19.35,2.8,2.55,7.7,0.025,0.87,1.52,9.67,0.12,232.39,1.43,0.05,2.53,2.43,231.89,101.22,0.07,9.45,4.85,0.5,1.69,6.25,0.2,0.26,2.49,0.15,1.0,0.65,46.79,1.04,4.07,33.91,0,0,1
6576.0,8180.0,797.0,0.046,1.97,38.78,169.45,0.32,0.21,0.03,0.13,18.46,2.44,16.84,1.87,1.26,5.12,0.025,0.29,0.8,8.12,0.05,354.87,6.58,0.04,1.21,1.64,140.72,53.12,0.02,12.56,2.65,0.5,0.89,6.24,0.08,0.063,1.09,0.07,0.54,0.29,23.24,0.48,3.02,12.7,0,0,1
6589.0,7741.0,1010.0,0.0025,0.15,1.87,21.67,0.2,0.005,0.02,0.08,0.4,0.38,25.13,0.82,0.63,0.73,0.025,0.05,0.04,0.25,0.01,151.7,0.3,0.02,0.05,1.39,9.87,2.59,0.005,3.12,0.55,0.5,0.2,8.12,0.025,0.025,0.05,0.0025,0.05,0.3,2.14,0.05,0.1,0.76,0,0,0
6298.897,6480.536,1285.0,0.026,7.6,188.1,552.78,1.71,0.19,0.35,0.15,45.42,18.85,17.27,41.14,3.62,19.94,0.07,1.75,2.79,23.98,0.37,2198.84,2.0,0.07,5.68,8.57,800.48,181.98,0.005,18.46,12.95,0.5,1.47,22.76,0.47,0.09,6.21,0.28,1.8,2.44,82.57,4.64,17.26,44.15,0,0,1
6362.176,6658.167,1292.0,0.007,12.77,27.17,1062.9,2.36,0.2,0.03,0.08,46.71,2.61,1.84,20.14,2.97,33.95,0.08,5.09,7.14,18.43,0.47,202.81,9.06,0.07,13.4,0.41,438.87,412.36,1.48,4.14,8.57,0.5,3.22,21.12,1.15,0.05,13.53,0.35,2.57,4.87,39.18,1.81,14.63,193.43,0,0,1
6362.703,6658.752,1292.0,0.009,3.42,15.45,322.82,0.69,0.06,0.04,0.07,14.85,1.01,14.13,5.01,1.23,8.59,0.05,1.21,1.65,7.82,0.11,146.34,8.72,0.12,3.68,0.38,181.62,79.06,0.05,3.67,1.75,0.5,0.81,16.4,0.28,0.025,4.92,0.08,0.67,1.23,7.38,0.76,4.62,44.58,0,0,0
6363.367,6658.965,1292.0,0.01,7.14,41.72,592.71,1.44,0.11,0.02,0.05,36.09,1.48,1.93,17.22,1.85,16.54,0.08,2.66,3.74,20.1,0.26,97.54,4.02,0.05,6.69,0.39,335.58,205.57,0.05,7.44,3.88,1.01,1.71,17.54,0.55,0.054,9.74,0.17,1.43,2.51,26.15,1.27,11.6,102.67,0,1,1
6364.23,6659.329,1292.0,0.0025,5.36,18.79,230.3,0.86,0.1,0.08,0.05,30.21,1.31,12.09,3.81,1.28,8.92,0.07,2.28,1.0,14.36,0.08,60.85,1.62,2.22,5.46,0.74,262.6,61.9,0.49,2.51,2.85,0.5,1.31,102.34,0.36,0.025,7.43,0.12,0.43,1.96,9.65,0.64,8.48,85.55,0,0,0
6376.753,6661.73,1293.0,0.009,13.62,27.07,922.45,1.65,0.34,0.44,0.05,39.79,8.47,42.73,39.27,5.14,29.2,0.11,2.62,5.41,18.91,1.11,244.09,0.57,0.06,10.93,9.43,874.89,384.91,1.79,5.28,20.86,1.0,2.62,28.74,0.81,0.173,6.66,0.55,2.66,2.37,167.3,2.04,18.68,88.05,0,1,1
6197.795,7319.488,1070.0,0.023,1.67,5.11,153.32,0.38,0.05,5.69,0.23,7.14,3.67,14.78,4.72,1.05,4.76,0.06,0.42,0.62,3.11,0.37,567.8,0.41,0.02,1.0,2.1,171.99,38.71,0.01,23.77,3.49,0.5,0.31,47.65,0.06,0.05,0.8,0.08,0.39,0.21,32.47,1.33,3.22,15.93,0,0,1
6181.372,7345.085,1052.0,0.088,1.59,5.31,71.6,0.4,0.05,0.05,0.05,3.38,1.35,12.66,3.91,0.67,3.31,0.025,0.33,0.65,1.63,0.1,237.34,1.29,0.02,0.69,0.96,188.39,44.06,0.01,36.49,1.83,0.5,0.2,10.86,0.07,0.025,0.58,0.05,0.46,0.22,22.43,0.85,1.26,10.38,0,0,0
6180.73,7356.765,1044.0,0.011,1.43,2.0,137.91,0.29,0.05,0.48,0.13,2.27,1.1,12.1,3.79,0.55,4.35,0.025,0.1,0.55,1.21,0.06,434.16,1.33,0.01,0.22,0.73,55.68,42.07,0.01,13.38,0.83,0.5,0.2,10.7,0.025,0.05,0.14,0.02,0.39,0.05,17.82,0.86,1.29,3.06,0,0,1
6174.443,7369.29,1034.5,0.449,1.11,2.3,129.58,0.56,0.05,0.04,0.05,1.08,0.76,11.93,3.73,0.55,2.52,0.025,0.1,0.44,0.55,0.06,127.6,0.19,0.02,0.3,0.7,71.67,27.32,0.005,52.76,0.88,0.5,0.22,14.58,0.025,0.025,0.27,0.02,0.28,0.1,9.94,0.3,0.61,4.22,1,0,0
6171.418,7391.818,1024.0,0.193,1.04,1.92,81.98,0.32,0.05,15.59,0.11,4.03,1.46,4.32,2.89,0.44,1.96,0.06,0.19,0.41,2.27,0.09,943.25,0.12,0.01,0.37,0.3,72.71,25.02,0.01,22.1,1.28,1.0,0.2,151.57,0.025,0.025,0.39,0.03,0.26,0.1,11.36,0.49,2.64,7.14,1,1,0
6167.105,7408.005,1007.0,0.016,0.74,1.12,90.11,0.32,0.005,9.1,0.05,2.09,1.1,12.7,2.84,0.45,2.06,0.06,0.1,0.26,1.14,0.08,307.44,0.19,0.01,0.1,0.51,58.65,17.97,0.02,26.2,0.81,0.5,0.2,300.36,0.025,0.025,0.23,0.02,0.18,0.05,8.32,0.1,0.92,3.7,0,0,0
6165.021,7407.497,1008.0,0.006,1.89,7.36,159.33,0.32,0.05,14.75,0.11,8.06,3.17,9.85,3.45,0.82,4.5,0.025,0.55,0.75,3.94,0.19,1067.29,0.22,0.01,0.99,1.58,176.83,44.51,0.01,17.7,3.39,0.5,0.29,194.67,0.06,0.025,1.04,0.08,0.49,0.41,33.45,1.38,4.33,18.9,0,0,0
6164.288,7407.268,1009.0,0.0025,2.52,4.28,202.39,0.4,0.005,2.24,0.08,10.55,4.98,19.41,4.78,1.68,6.62,0.06,0.62,1.07,5.44,0.36,489.85,0.25,0.03,1.53,3.38,278.45,58.93,0.005,27.52,4.52,0.5,0.46,35.52,0.1,0.025,1.17,0.11,0.64,0.32,39.91,1.39,4.69,26.36,0,0,0
6383.933,7059.859,1228.0,0.225,1.9,1.42,223.71,0.36,0.005,0.08,0.05,0.73,0.61,12.05,3.61,0.43,1.66,0.05,0.05,0.85,0.89,0.08,113.14,0.13,0.04,0.1,0.67,28.08,51.3,0.005,41.76,0.28,0.5,0.1,18.61,0.025,0.025,0.1,0.01,0.65,0.05,4.15,0.1,1.07,2.07,1,0,0
6297.102,7185.915,1163.0,0.119,3.52,146.08,200.05,0.54,0.05,0.07,0.27,13.88,5.23,28.11,7.26,1.53,7.54,0.06,1.15,1.5,6.27,0.22,197.82,1.68,0.02,1.87,2.52,277.75,107.82,0.01,18.93,4.92,0.5,0.5,8.58,0.13,0.025,1.75,0.15,1.05,0.65,55.58,1.73,4.96,48.31,1,0,0
6223.649,7274.05,1101.0,0.707,1.62,16.66,145.39,0.38,0.19,0.04,0.06,3.56,1.54,32.25,4.23,0.75,5.56,0.025,0.31,0.76,1.71,0.07,194.75,2.83,0.01,0.64,2.05,140.77,52.78,0.01,49.78,1.97,0.5,0.29,10.5,0.05,0.099,0.59,0.05,0.48,0.18,22.19,0.52,1.6,10.67,1,0,1
6213.113,7308.349,1081.0,0.014,1.42,30.71,77.58,0.39,0.1,0.02,0.05,1.85,0.94,15.9,3.4,0.69,3.0,0.025,0.22,0.61,1.0,0.07,132.16,0.23,0.01,0.43,0.8,65.38,42.51,0.005,36.88,1.36,0.5,2.41,10.79,0.025,0.025,0.33,0.03,0.42,0.11,15.51,0.37,0.77,4.44,0,0,0
6188.95,7374.591,1033.0,0.12,2.83,640.04,149.73,0.55,0.15,0.04,0.39,8.17,7.69,18.49,2.8,3.63,5.63,0.025,0.74,1.0,3.49,0.14,203.25,1.8,0.02,1.61,4.08,241.42,73.05,0.01,17.78,4.35,0.5,0.59,5.33,0.11,0.055,1.16,0.12,0.77,0.6,53.48,1.23,3.16,30.83,1,0,1
6187.004,7383.143,1025.0,0.032,2.38,57.56,154.41,0.55,0.17,0.05,0.05,4.99,3.66,16.3,4.53,1.3,4.95,0.025,0.67,0.94,2.11,0.13,567.57,0.49,0.02,1.3,1.68,208.33,66.86,0.01,13.81,3.3,0.5,0.4,6.24,0.07,0.025,0.93,0.11,0.6,0.29,42.29,1.45,2.91,25.07,0,0,0
6183.13,7394.712,1013.0,0.008,1.39,22.36,109.21,0.47,0.67,0.13,0.06,1.84,0.65,13.25,2.65,0.73,2.57,0.025,0.19,0.6,0.99,0.05,664.11,0.47,0.01,0.4,0.75,72.05,33.86,0.005,26.38,1.07,0.5,4.8,12.11,0.025,0.025,0.28,0.03,0.35,0.1,14.79,0.48,1.01,8.55,0,0,0
6177.32,7413.31,1011.0,0.01,2.34,56.87,169.84,0.67,0.05,0.03,0.09,9.0,1.4,9.64,3.43,1.01,4.1,0.025,0.66,0.89,3.94,0.07,1001.54,0.59,0.02,1.97,0.76,96.07,54.77,0.005,6.22,0.92,0.5,0.74,6.08,0.25,0.025,5.55,0.03,0.6,1.06,13.93,0.28,2.18,20.02,0,0,0
6162.162,7450.71,977.0,0.646,4.41,87.62,246.38,0.81,0.05,0.09,0.05,21.01,1.59,6.44,6.76,1.74,6.75,0.05,1.11,2.1,11.98,0.15,249.14,2.11,0.02,3.08,0.56,108.02,103.19,0.12,2.33,1.47,0.5,0.91,10.01,0.44,0.025,10.65,0.05,1.02,2.04,21.36,0.4,3.72,34.67,1,0,0
6136.528,7512.999,937.0,0.049,2.81,4.99,141.86,0.38,0.05,0.09,0.05,10.32,5.18,24.09,3.1,1.72,6.24,0.025,0.7,0.9,4.29,0.47,274.86,0.2,0.18,1.67,3.25,338.4,72.24,0.005,29.37,5.35,0.5,0.38,20.9,0.11,0.025,1.17,0.14,0.79,0.31,43.15,1.03,5.14,44.19,0,0,0
6125.7,7520.748,916.0,0.024,1.29,4.06,66.01,0.32,0.05,1.24,0.05,4.01,1.74,25.21,3.48,0.63,2.36,0.025,0.32,0.44,1.8,0.08,265.17,0.22,0.02,0.57,1.64,100.21,28.82,0.005,37.46,1.81,0.5,0.22,17.81,0.025,0.025,0.48,0.04,0.34,0.1,17.51,0.32,1.76,6.68,0,0,0
6075.138,7582.255,876.0,0.006,0.6,13.32,20.07,0.12,0.05,32.52,0.05,17.47,2.01,1.03,0.75,1.48,1.48,0.025,0.22,0.16,10.36,0.49,10601.1,0.12,0.005,0.37,0.2,80.45,11.84,0.03,0.48,1.96,0.5,0.2,582.89,0.025,0.025,0.29,0.03,0.1,0.1,8.92,0.18,9.33,4.95,0,0,0
6041.007,7656.266,825.0,0.0025,3.57,15.01,115.19,0.46,0.15,21.09,0.05,18.97,4.83,6.92,3.37,2.11,7.47,0.05,1.2,0.4,9.62,4.66,1441.9,3.41,0.05,2.47,2.47,927.2,23.79,0.03,1.8,4.91,0.5,0.84,935.18,0.19,0.056,2.7,0.14,0.21,1.16,44.19,0.74,9.04,48.47,0,0,1
6000.052,7621.173,839.0,0.011,2.15,9.62,111.25,0.42,0.05,0.58,0.06,9.4,3.38,17.41,4.76,1.29,4.25,0.025,0.64,0.73,4.12,0.35,442.31,0.23,0.02,1.24,2.28,191.48,53.35,0.005,26.58,3.35,0.5,0.31,17.58,0.08,0.025,0.98,0.09,0.43,0.38,31.45,1.01,4.0,13.99,0,0,0
5601.033,6584.195,1257.0,0.0025,9.35,2.26,912.08,1.57,0.22,0.87,0.11,39.54,6.82,9.76,7.81,4.1,18.09,0.13,0.96,2.66,17.51,0.91,375.77,0.38,1.35,6.55,6.35,303.12,140.93,0.005,0.84,11.43,0.5,1.65,290.25,0.49,0.145,5.39,0.26,1.21,0.95,90.78,1.29,6.54,30.39,0,0,1
5669.828,6624.638,1218.0,0.261,4.42,334.84,243.9,0.75,0.06,0.07,0.19,6.92,0.2,7.69,9.13,1.32,9.06,0.06,1.37,1.9,3.69,0.15,47.69,25.98,0.04,3.29,0.47,267.08,111.25,0.01,24.97,3.57,0.5,0.97,14.5,0.27,0.025,4.73,0.13,0.89,1.28,39.77,2.29,4.65,50.13,1,0,0
5902.868,7715.943,763.0,0.009,1.14,13.88,79.42,0.21,0.05,1.06,0.16,3.53,2.83,15.46,2.73,0.75,1.94,0.07,0.18,0.4,2.13,0.06,546.9,0.85,0.02,0.4,1.81,72.6,25.49,0.01,17.51,1.35,0.5,0.39,13.82,0.025,0.025,0.41,0.03,0.27,0.1,20.13,0.28,1.83,5.82,0,0,0
5938.795,7716.363,771.0,0.0025,5.99,10.63,256.96,1.82,0.1,0.21,0.86,52.12,0.57,2.08,6.28,0.78,13.65,0.1,3.18,1.93,30.86,0.09,415.28,1.92,1.99,6.64,0.43,102.78,104.84,0.005,2.74,2.68,0.5,2.52,89.89,0.78,0.025,18.66,0.05,0.73,5.58,1.0,0.84,16.34,81.6,0,0,0
6466.76,6960.407,1252.0,1.887,1.54,16.21,91.96,0.42,0.05,0.03,0.47,1.87,1.41,11.75,3.23,0.81,3.42,0.05,0.1,0.53,0.74,0.09,178.85,10.47,0.02,0.28,1.22,68.65,36.93,0.01,32.32,1.0,1.0,0.2,9.9,0.025,0.025,0.34,0.02,0.32,0.11,17.44,0.22,0.68,4.3,1,1,0
6471.14,6998.602,1227.0,0.868,5.19,247.34,277.72,0.95,0.05,0.1,2.57,20.35,7.49,17.51,18.85,2.45,12.1,0.12,2.3,2.54,11.35,0.23,126.89,23.46,0.04,3.83,4.92,498.69,168.65,0.76,28.62,9.88,1.89,0.9,12.86,0.25,0.05,4.07,0.27,1.65,0.92,82.02,2.83,9.3,63.66,1,1,1
6463.948,7037.448,1206.0,0.401,3.88,132.87,270.3,0.74,0.05,0.09,0.3,15.28,7.12,18.25,11.15,2.41,8.46,0.12,1.69,1.87,9.18,0.26,234.81,4.72,0.03,2.63,4.27,388.47,122.58,0.01,19.12,7.26,1.04,0.77,14.62,0.19,0.086,2.07,0.22,1.18,0.71,75.52,2.25,6.93,45.75,1,1,1
5392.816,7889.858,640.0,0.011,2.88,52.41,141.25,0.32,0.06,0.03,0.05,15.38,2.38,15.62,2.33,1.61,5.71,0.05,0.88,1.23,6.9,0.1,109.26,5.4,0.03,1.44,1.54,127.95,85.57,0.01,8.97,4.21,0.5,0.51,4.65,0.11,0.025,1.77,0.12,0.81,0.46,34.04,1.69,3.22,28.75,0,0,0
5710.122,7776.634,748.0,0.0025,0.33,2.02,40.26,0.09,0.05,0.02,0.05,0.52,0.68,25.63,0.53,0.69,0.95,0.025,0.05,0.11,0.25,0.05,128.68,0.44,0.03,0.1,1.4,9.93,7.0,0.005,1.28,0.21,0.5,0.1,5.0,0.025,0.025,0.05,0.0025,0.07,0.11,4.2,0.05,0.22,0.5,0,0,0
5747.345,7762.019,756.0,0.006,1.91,44.18,73.21,0.24,0.05,0.28,0.26,6.19,4.72,11.94,5.04,2.2,5.58,0.025,0.1,0.25,6.42,0.59,1761.97,0.48,0.03,0.19,2.59,83.64,15.8,0.01,6.61,2.27,0.5,0.2,13.19,0.025,0.025,0.28,0.01,0.31,0.11,38.67,0.11,5.37,2.8,0,0,0
6101.0,7776.0,774.0,0.0025,0.61,2.62,41.59,0.17,0.05,33.13,0.08,18.2,1.45,5.46,0.94,0.76,1.37,0.05,0.11,0.22,11.2,0.26,2118.63,0.49,0.08,0.43,0.38,48.06,9.73,0.08,2.06,1.29,0.5,0.2,1203.37,0.025,0.025,0.44,0.03,0.09,0.1,7.81,0.1,6.48,5.27,0,0,0
5736.0,7994.0,610.0,0.0025,1.31,3.62,1485.89,0.31,0.05,0.24,0.13,3.99,2.82,40.44,1.37,1.46,4.16,0.025,0.29,0.43,2.54,0.09,448.04,0.7,0.04,0.76,2.16,65.78,39.1,0.04,1.81,1.78,0.5,0.21,34.97,0.05,0.025,0.39,0.02,0.37,0.58,34.71,0.1,1.23,16.62,0,0,0
5656.0,8013.0,593.0,0.039,2.54,12.15,121.91,0.39,0.05,0.12,0.09,16.39,2.01,18.6,2.78,1.23,6.31,0.025,0.9,1.11,7.61,0.11,336.43,1.75,0.03,2.17,1.57,249.0,73.92,0.03,5.92,4.17,0.5,0.89,6.94,0.14,0.025,2.86,0.13,0.75,0.75,36.0,0.95,4.71,46.76,0,0,0
5341.0,7902.0,609.0,0.011,1.74,18.67,99.39,0.19,0.05,0.03,0.01,2.4,0.85,14.09,1.21,0.75,3.95,0.025,0.4,0.89,1.28,0.08,66.51,1.88,0.02,0.67,0.85,55.93,63.68,0.005,4.33,1.87,0.5,0.32,2.34,0.05,0.025,0.91,0.05,0.62,0.2,16.36,0.43,1.01,13.1,0,0,0
5520.65,7715.18,753.0,0.0025,0.37,10.81,62.64,0.11,0.05,0.13,0.13,3.4,4.93,31.88,0.88,0.71,0.94,0.025,0.2,0.08,1.53,0.07,92.19,2.88,0.01,0.51,2.92,329.41,4.39,0.02,1.14,0.46,0.5,0.21,11.7,0.025,0.136,0.23,0.02,0.14,0.89,6.84,0.1,2.29,5.4,0,0,1
5528.433,7720.967,753.0,0.0025,0.76,4.78,50.29,0.16,0.21,0.32,0.36,4.25,7.05,34.9,0.97,1.06,1.5,0.025,0.19,0.12,1.77,0.26,152.29,0.33,0.02,0.51,2.8,613.56,6.51,0.01,0.87,1.24,0.5,0.37,18.91,0.025,0.095,0.46,0.04,0.11,2.36,49.31,0.2,2.33,8.03,0,0,1
5752.0,7944.0,632.0,0.005,1.28,12.05,58.75,0.41,0.05,0.2,0.06,6.51,1.49,33.87,1.37,1.41,3.36,0.025,0.41,0.35,3.3,0.17,267.64,0.42,0.19,1.17,1.39,416.57,27.93,0.03,5.92,2.02,0.5,0.32,11.02,0.06,0.025,1.3,0.06,0.17,1.02,30.82,0.32,2.46,13.2,0,0,0
5779.0,7932.0,636.0,0.157,2.96,316.85,192.89,0.37,0.05,0.19,3.56,13.61,6.05,12.09,4.37,4.41,6.79,0.06,1.36,1.47,6.11,0.12,102.22,5.9,0.04,2.3,1.97,213.95,98.96,3.71,14.92,4.25,1.02,0.76,12.5,0.18,0.025,3.13,0.14,0.9,0.92,39.01,1.37,3.68,47.95,1,1,0
5624.0,8011.0,583.0,0.008,4.03,68.54,173.75,0.55,0.05,0.06,0.05,20.93,1.39,15.35,4.45,1.51,8.77,0.11,1.57,1.58,10.46,0.1,96.76,14.08,0.06,2.99,1.52,170.66,112.85,0.02,18.66,5.71,0.5,0.77,12.02,0.25,0.025,3.95,0.16,0.91,1.05,42.02,2.37,5.67,69.13,0,0,0
5524.0,7946.0,603.0,0.0025,6.33,6.08,369.86,1.97,0.32,0.05,0.14,46.93,0.47,4.19,12.03,1.3,13.19,0.05,2.44,2.68,25.71,0.13,231.56,0.82,0.22,6.23,0.3,65.52,187.4,0.01,2.0,2.16,0.5,5.12,11.67,0.85,0.025,15.99,0.05,1.53,4.62,2.0,1.29,14.75,87.43,0,0,0
5340.0,8030.0,586.0,0.007,2.78,10.68,155.15,0.46,0.05,0.07,0.05,12.74,2.07,18.89,3.56,1.35,7.1,0.025,1.12,1.18,7.29,0.27,320.43,2.28,0.04,2.37,1.48,379.69,85.64,0.01,10.74,3.61,0.5,0.54,7.24,0.18,0.025,3.53,0.13,0.74,0.79,40.73,1.53,4.56,51.53,0,0,0
5421.62,7889.622,656.0,0.01,2.92,53.21,146.39,0.35,0.05,0.03,0.1,9.37,2.79,15.33,3.86,2.21,5.55,0.05,0.92,1.45,4.54,0.17,135.46,4.75,0.04,2.05,2.07,284.13,95.2,0.04,4.19,4.67,0.5,0.46,5.26,0.13,0.025,2.35,0.14,1.02,0.5,30.72,1.47,3.19,36.31,0,0,0
5421.11,7889.084,656.0,0.0025,1.74,23.57,79.37,0.18,0.05,0.01,0.05,6.34,0.87,15.66,1.08,0.96,3.33,0.025,0.19,0.87,3.19,0.08,60.87,1.94,0.02,0.49,2.2,54.57,60.1,0.01,4.81,1.44,0.5,0.44,2.46,0.025,0.025,0.56,0.04,0.63,0.19,15.13,0.47,0.97,7.67,0,0,0
5366.878,7888.632,633.0,0.006,3.01,21.79,172.51,0.34,0.05,0.04,0.05,9.5,2.26,17.21,3.03,1.17,6.0,0.025,0.63,1.2,4.69,0.14,179.63,2.81,0.03,1.11,1.57,201.23,89.93,0.01,4.33,3.51,0.5,0.49,3.79,0.09,0.025,1.42,0.11,0.85,0.29,34.02,1.4,2.41,17.56,0,0,0
5727.759,6451.983,1332.0,0.008,3.97,39.59,238.91,0.53,0.05,0.05,0.01,2.7,0.4,8.23,6.27,1.85,9.77,0.08,1.25,1.7,1.21,0.16,56.0,5.33,0.03,1.9,0.65,300.2,110.81,0.005,11.62,5.94,0.5,0.49,10.91,0.13,0.025,2.07,0.16,0.87,0.47,84.35,1.1,1.93,49.39,0,0,0
5739.666,6437.321,1336.0,0.006,4.44,45.51,494.0,0.52,0.1,0.3,0.05,8.82,3.64,12.11,4.27,3.0,16.38,0.09,1.49,2.17,3.64,0.22,93.63,9.1,0.04,2.85,1.2,434.28,147.77,0.01,9.67,10.33,0.5,0.67,18.09,0.18,0.025,3.32,0.25,1.34,0.86,112.13,1.87,4.67,60.16,0,0,0
5738.977,6437.243,1336.0,0.008,4.24,174.8,392.33,0.51,0.05,0.13,0.05,4.46,1.26,9.09,7.18,2.69,12.22,0.07,1.42,2.21,2.44,0.23,68.93,12.26,0.03,2.46,0.81,298.29,124.71,0.01,9.24,8.29,1.0,0.56,12.17,0.19,0.025,2.39,0.22,1.02,0.55,103.04,1.64,3.17,48.29,0,1,0
5738.327,6437.205,1336.0,0.006,9.47,52.17,512.77,1.28,0.05,0.1,0.05,12.09,11.65,12.9,16.01,4.46,24.58,0.09,2.55,3.36,5.25,0.5,234.01,2.13,0.05,6.46,5.62,733.69,191.53,0.01,4.51,18.51,0.5,1.3,26.5,0.44,0.025,4.43,0.51,1.79,1.18,201.9,5.21,6.75,116.17,0,0,0
5605.827,6728.348,1135.0,0.0025,6.6,5.32,2195.1,1.14,0.19,0.67,0.09,47.56,0.41,15.68,3.83,0.9,12.55,0.11,2.39,3.31,27.96,0.08,232.87,1.39,1.76,6.35,0.86,53.83,141.27,0.03,5.35,2.17,0.5,2.92,139.56,0.86,0.025,17.32,0.03,1.38,5.63,1.05,0.74,18.29,60.99,0,0,0
5566.688,6787.367,1089.0,0.114,5.93,578.92,379.32,1.24,0.27,0.06,0.07,9.72,2.11,20.9,12.38,3.25,14.97,0.07,2.15,2.96,4.41,0.33,132.16,15.39,0.05,4.34,4.7,533.66,176.49,0.02,10.69,11.3,0.5,1.11,17.04,0.27,0.119,4.2,0.27,1.25,1.34,97.3,3.79,5.61,58.88,1,0,1
5566.279,6787.264,1089.0,0.0025,6.59,1.56,267.24,1.16,0.08,0.39,0.05,46.26,0.29,6.47,4.58,0.68,14.19,0.13,2.52,1.65,23.71,0.06,143.03,0.7,2.62,6.89,0.48,69.92,104.23,0.04,1.6,2.28,0.5,2.18,96.43,0.88,0.025,16.71,0.03,0.6,5.86,0.5,0.73,19.41,62.86,0,0,0
5548.681,6813.17,1073.0,0.187,1.64,88.26,88.53,0.4,0.05,0.04,0.06,4.14,2.28,17.25,3.0,1.03,4.42,0.07,0.42,0.74,1.84,0.14,175.95,5.03,0.02,0.97,2.03,119.55,48.35,0.01,15.51,2.38,0.5,0.42,9.47,0.06,0.025,0.87,0.06,0.32,0.39,30.34,0.97,1.92,13.92,1,0,0
5538.733,6831.542,1068.0,0.073,2.98,63.66,217.4,0.54,0.14,3.58,0.17,11.4,4.71,21.45,3.95,1.69,7.36,0.06,0.7,1.26,5.35,0.33,529.05,1.02,0.2,1.77,3.38,216.42,59.26,0.42,10.89,4.14,0.5,0.54,81.16,0.11,0.138,1.42,0.12,0.4,0.42,32.92,1.39,4.73,26.68,0,0,1
5539.211,6856.855,1055.0,0.09,2.94,263.61,174.56,0.4,0.05,0.85,1.17,12.66,5.34,15.87,4.2,1.86,5.93,0.05,0.69,1.0,6.16,0.31,350.4,11.36,0.07,1.59,3.26,262.91,63.43,0.2,8.35,5.03,0.5,0.49,31.6,0.11,0.025,1.44,0.14,0.57,0.52,46.44,2.52,6.02,27.55,0,0,0
5514.741,6892.746,1019.0,0.016,3.55,9.34,168.78,0.54,0.06,9.86,0.52,15.22,6.28,12.86,5.68,1.66,8.24,0.11,0.95,1.3,6.95,0.51,872.66,0.57,0.16,2.21,3.75,349.22,85.47,0.18,16.27,5.59,0.5,0.49,146.36,0.13,0.076,1.63,0.17,0.57,0.66,54.91,1.51,6.37,47.81,0,0,1
5417.933,7122.751,881.0,0.011,3.12,25.02,108.81,0.31,0.05,0.23,0.12,19.53,5.79,18.47,2.46,2.24,5.92,0.09,0.94,0.9,11.95,0.52,285.55,2.36,0.24,1.59,3.62,301.2,60.92,0.02,7.75,6.08,0.5,0.38,14.84,0.11,0.025,1.35,0.15,0.42,0.45,50.52,0.91,5.6,39.78,0,0,0
5118.653,7184.682,827.0,0.0025,6.96,1.86,651.92,1.51,0.2,0.06,0.12,53.65,0.4,4.22,4.15,0.88,15.03,0.14,2.61,2.3,23.29,0.09,205.61,0.67,1.43,7.28,1.0,97.14,115.26,0.005,0.76,2.52,0.5,2.88,100.57,0.99,0.025,21.77,0.03,0.92,5.65,1.0,0.6,33.49,77.45,0,0,0
4558.992,7331.059,529.0,0.0025,6.09,48.63,628.02,1.27,0.05,0.1,0.15,65.28,0.59,3.26,1.77,1.38,17.99,0.14,1.96,2.15,30.28,0.09,493.48,0.55,2.81,5.95,0.49,109.55,99.99,0.005,1.06,9.32,0.5,2.16,74.46,0.64,0.025,13.74,0.07,0.75,2.85,5.44,0.56,10.32,50.25,0,0,0
5472.809,7666.241,756.0,0.0025,1.24,16.92,77.54,0.19,0.19,0.07,0.08,6.45,8.57,24.97,2.16,1.57,3.02,0.06,0.39,0.16,2.97,0.92,228.72,0.63,0.01,0.91,3.74,188.47,12.18,0.01,1.66,2.58,1.07,0.53,5.95,0.06,0.13,0.83,0.06,0.19,0.58,77.9,0.27,2.49,14.79,0,1,1
5204.905,7350.857,707.0,0.156,1.06,3.84,38.78,0.28,0.05,0.06,0.13,1.21,0.79,18.23,2.23,0.52,2.02,0.08,0.1,0.37,0.61,0.09,147.34,0.39,0.03,0.2,1.24,40.25,24.3,0.005,29.48,0.52,0.5,0.2,17.6,0.025,0.025,0.33,0.02,0.16,0.11,6.45,0.1,0.66,3.64,1,0,0
5149.893,7419.615,659.0,0.923,0.78,154.34,59.63,0.26,0.05,0.04,0.07,2.88,1.53,30.93,1.22,0.83,1.56,0.025,0.1,0.34,1.7,0.04,133.52,5.76,0.02,0.28,1.91,52.46,22.05,0.02,14.21,0.94,0.5,0.29,6.11,0.025,0.025,0.26,0.02,0.15,0.21,13.96,0.37,1.01,6.08,1,0,0
6737.0,6730.0,1357.0,0.007,6.52,7.13,512.42,1.08,0.17,1.93,0.12,46.4,4.08,5.6,6.83,2.04,13.04,0.12,2.41,2.3,24.26,0.91,541.56,1.55,0.99,6.15,3.08,283.64,147.86,0.03,1.23,4.94,0.5,1.78,98.58,0.6,0.025,12.96,0.13,0.99,3.48,29.09,0.5,14.63,79.37,0,0,0
6748.0,6734.0,1363.0,0.0025,8.03,6.18,340.94,0.98,0.05,2.96,0.09,37.18,19.37,31.01,8.07,5.21,19.59,0.19,2.27,1.56,17.29,2.06,861.98,0.1,1.84,6.58,9.93,981.57,59.1,0.05,1.07,18.99,0.5,1.31,405.91,0.4,0.025,3.4,0.48,0.58,0.91,146.18,1.13,19.07,75.46,0,0,0
6808.0,6730.0,1357.0,0.0025,7.71,1.89,455.27,0.91,0.05,5.07,0.08,37.57,17.41,31.1,3.2,4.47,17.49,0.16,2.85,0.83,16.29,1.65,849.09,1.04,1.79,6.85,11.06,848.77,18.46,0.01,1.66,15.69,1.0,1.52,498.59,0.39,0.025,4.25,0.46,0.19,1.24,159.27,0.66,19.73,127.67,0,1,0
6843.0,6708.0,1360.0,0.0025,7.09,0.3,516.81,1.52,0.15,0.66,0.92,67.65,0.72,1.91,4.52,1.53,19.23,0.16,3.26,2.43,30.44,0.12,589.39,0.45,1.68,6.57,0.55,103.18,132.01,0.01,1.25,10.51,0.5,2.08,54.89,0.56,0.025,13.48,0.07,0.73,2.87,3.73,0.4,17.74,101.72,0,0,0
6847.0,6690.0,1358.0,0.0025,7.25,13.93,506.97,0.78,0.05,2.2,0.55,29.01,17.12,27.16,7.97,4.56,19.01,0.11,1.47,1.93,14.33,1.3,783.03,0.26,1.45,5.49,9.7,925.46,73.56,0.06,3.18,15.07,0.5,1.18,123.57,0.42,0.025,2.83,0.39,0.62,0.69,132.45,0.91,11.96,57.95,0,0,0
6810.0,6716.0,1342.0,0.005,6.8,0.84,654.53,1.44,0.11,0.45,0.17,51.09,0.67,1.88,3.08,1.77,19.25,0.13,2.99,2.09,29.07,0.1,295.77,0.27,2.44,8.12,0.39,106.37,86.94,0.005,1.29,9.67,0.5,2.13,118.82,0.66,0.025,12.74,0.08,0.77,3.48,3.98,0.45,19.84,86.64,0,0,0
6644.0,6577.0,1249.0,0.0025,7.17,3.94,904.67,1.74,0.08,0.68,0.34,63.07,1.09,3.92,4.26,1.81,19.41,0.15,3.36,3.04,29.48,0.11,393.97,1.07,2.54,7.53,0.78,124.92,132.38,0.01,2.63,10.52,0.5,2.46,211.42,0.81,0.025,13.13,0.09,1.25,3.81,7.09,0.7,24.93,111.08,0,0,0
7225.0,6643.0,1289.0,0.0025,8.3,2.92,501.06,0.88,0.1,3.23,0.07,26.73,19.12,21.47,7.04,4.67,19.83,0.17,1.67,1.39,12.14,1.91,649.22,0.28,2.57,6.37,8.32,820.13,52.14,0.005,2.32,17.29,0.5,1.1,385.4,0.4,0.025,2.37,0.49,0.61,0.89,143.16,1.03,14.21,58.04,0,0,0
7187.0,6671.0,1289.0,0.0025,8.19,4.04,816.4,0.96,0.05,3.95,0.12,42.94,16.85,30.04,1.58,4.65,21.75,0.08,2.42,1.26,19.62,1.69,987.96,0.87,3.6,6.82,9.46,909.04,44.47,0.005,5.17,19.29,1.06,1.38,827.39,0.47,0.025,3.8,0.54,0.35,1.13,158.56,0.72,18.42,59.09,0,1,0
6934.0,6780.0,1294.0,0.0025,7.23,0.93,524.02,1.76,0.05,1.07,0.14,64.22,0.42,1.0,4.43,1.52,16.12,0.08,3.01,2.15,32.06,0.13,367.36,0.25,1.98,7.79,0.42,96.92,95.56,0.01,2.12,9.14,0.5,1.99,97.47,0.77,0.025,14.5,0.08,1.04,3.69,4.16,0.43,22.35,79.38,0,0,0
6848.0,6820.0,1298.0,0.049,7.16,264.08,493.95,1.07,0.05,0.18,0.85,27.58,11.73,32.77,21.73,5.09,19.93,0.17,3.08,3.32,11.53,0.59,329.98,41.38,0.04,6.03,5.09,886.47,195.17,0.26,8.06,15.2,1.06,1.15,15.98,0.45,0.087,4.33,0.44,1.9,1.39,134.25,5.4,11.65,154.94,0,1,1
6681.0,6855.0,1300.0,0.0025,8.38,11.5,383.52,1.1,0.05,4.09,0.07,35.61,15.89,30.53,5.97,4.22,18.94,0.18,1.61,1.43,15.63,1.72,927.25,0.46,2.32,5.65,8.43,577.64,107.71,0.06,1.67,16.22,0.5,2.66,227.98,0.4,0.025,2.9,0.4,0.65,0.84,127.35,0.92,12.81,49.36,0,0,0
6671.0,6994.0,1249.0,0.0025,8.49,5.27,691.04,0.88,0.05,3.37,0.08,32.72,16.06,27.95,3.96,4.53,19.57,0.13,2.14,1.52,14.83,1.72,846.91,0.18,1.67,6.87,10.43,946.91,48.1,0.01,3.52,15.32,1.07,1.2,440.42,0.47,0.025,3.36,0.46,0.86,1.1,125.12,0.9,14.09,82.85,0,1,0
6554.0,6930.0,1267.069,0.0025,7.62,7.5,570.54,1.46,0.23,0.19,0.11,48.0,5.73,22.9,10.89,2.87,18.94,0.22,2.82,2.62,23.39,1.25,364.48,0.49,0.63,7.66,8.84,470.46,173.25,0.005,1.96,7.58,0.5,2.01,71.19,0.76,0.025,13.49,0.21,1.41,3.99,59.37,0.75,14.54,92.44,0,0,0
6662.0,7068.0,1203.0,0.0025,8.51,4.51,571.68,1.02,0.05,3.36,0.08,38.32,18.76,31.9,1.32,5.04,19.96,0.21,2.06,1.27,14.89,1.84,909.29,0.67,2.04,5.99,10.36,913.3,49.11,0.005,3.58,18.7,1.07,1.13,581.28,0.44,0.025,3.62,0.46,0.51,1.16,143.61,0.74,17.57,71.5,0,1,0
6688.0,7176.0,1172.0,0.025,8.25,4.81,488.33,0.96,0.07,1.85,0.05,30.39,19.81,32.71,3.29,5.05,18.85,0.2,1.55,1.1,12.46,2.51,1003.92,0.27,2.54,5.42,9.18,743.16,55.32,0.005,2.53,21.92,0.5,1.15,584.75,0.36,0.025,2.27,0.5,0.66,0.84,184.45,1.33,16.2,37.53,0,0,0
6615.0,7184.0,1073.0,0.0025,8.1,3.82,607.94,0.85,0.05,2.68,0.06,28.21,15.98,33.78,1.24,4.57,20.5,0.21,2.16,1.26,12.81,1.29,887.4,0.45,3.38,6.8,10.26,970.84,35.04,0.005,4.4,17.91,0.5,1.47,506.6,0.49,0.025,2.98,0.49,0.47,0.93,151.81,0.87,14.36,63.9,0,0,0
6572.0,7167.0,1125.0,0.0025,0.77,1.86,54.87,0.42,0.05,7.68,1.2,2.35,0.98,5.89,1.54,0.39,1.21,0.13,0.2,0.25,1.38,0.05,626.63,0.38,0.02,0.18,1.03,95.86,20.17,0.01,19.49,0.55,0.5,0.1,122.83,0.025,0.025,0.23,0.02,0.19,0.1,6.9,0.19,1.06,4.96,0,0,0
6618.0,7235.0,1093.0,0.0025,8.27,5.55,404.87,0.92,0.25,2.25,0.08,23.04,16.31,23.66,5.47,4.39,19.49,0.19,1.92,1.2,10.4,2.03,694.56,0.3,2.49,6.16,8.25,652.98,45.48,0.005,7.91,16.17,0.5,1.31,516.09,0.42,0.025,1.92,0.47,0.79,0.78,155.58,0.74,13.06,47.38,0,0,0
6690.0,7271.0,1074.0,0.0025,8.04,3.47,533.61,1.04,0.08,2.24,0.16,28.76,20.68,35.18,1.94,4.7,19.98,0.2,1.39,0.97,12.3,2.31,512.03,0.3,2.37,6.1,14.22,884.14,22.14,0.005,2.11,16.34,0.5,1.22,546.35,0.39,0.025,2.1,0.56,0.5,0.64,165.4,0.98,12.51,38.87,0,0,0
6566.0,7307.0,1055.0,0.007,8.5,1.69,780.67,0.95,0.005,2.89,0.05,30.83,18.67,25.14,4.83,4.44,19.77,0.19,1.39,1.54,11.98,1.39,883.12,0.21,2.67,6.29,8.33,898.9,61.27,0.01,2.42,17.26,0.5,0.98,470.78,0.4,0.025,2.05,0.43,0.78,0.69,137.23,0.72,13.66,39.26,0,0,0
6459.0,7315.0,1078.0,0.0025,8.66,5.18,493.71,0.85,0.05,3.39,0.06,32.69,19.71,32.18,1.74,4.64,19.63,0.19,2.74,1.23,15.11,1.65,809.53,0.82,2.06,6.25,12.51,855.87,43.52,0.01,4.63,16.89,0.5,1.26,441.88,0.41,0.025,3.7,0.41,0.47,1.14,120.43,0.71,17.55,87.17,0,0,0
6460.0,7389.0,1038.0,0.0025,8.51,3.53,563.29,0.82,0.12,2.91,0.1,28.14,23.32,35.78,6.22,5.33,19.22,0.18,1.72,1.17,12.43,2.87,885.57,0.29,1.85,4.71,10.94,864.7,42.03,0.01,6.37,22.14,0.5,0.94,495.92,0.34,0.025,2.55,0.49,0.67,0.9,189.88,0.91,15.16,48.26,0,0,0
6418.0,7540.0,959.0,0.0025,6.41,26.34,1002.73,1.71,0.58,0.16,0.01,52.33,0.39,6.8,2.47,1.01,15.09,0.19,2.66,2.86,25.79,0.03,145.86,2.85,2.45,5.22,1.22,192.21,129.38,0.005,2.4,7.61,0.5,2.67,110.53,0.56,0.025,14.11,0.04,1.18,3.07,3.15,0.22,15.94,69.34,0,0,0
7335.0,6499.0,1291.0,0.071,1.79,35.71,89.93,0.31,0.05,0.11,0.79,9.23,3.28,12.52,5.32,1.14,4.67,0.12,0.6,0.64,4.56,0.15,211.17,12.06,0.02,1.04,2.45,163.55,47.42,0.02,31.67,3.08,0.5,0.29,14.35,0.08,0.025,0.91,0.07,0.48,0.3,39.17,1.93,2.95,21.37,0,0,0
7372.0,6388.0,1268.0,0.0025,8.22,1.7,809.36,1.1,0.05,3.78,0.09,43.49,17.85,27.42,9.74,4.55,20.47,0.08,2.59,1.7,17.71,1.59,1015.21,0.49,1.97,5.69,12.23,898.57,98.14,0.01,2.67,18.24,0.5,1.77,422.02,0.44,0.025,5.4,0.44,1.02,1.53,140.43,0.92,20.24,81.96,0,0,0
7312.0,6446.0,1284.0,0.011,3.96,15.87,274.52,0.48,0.05,0.26,0.05,18.52,7.47,13.11,5.88,1.67,8.71,0.16,0.8,1.34,8.77,0.39,263.77,8.17,0.03,2.19,4.01,281.0,68.42,0.2,8.53,6.7,0.5,0.6,15.96,0.15,0.025,1.5,0.15,0.67,0.62,58.9,1.77,6.03,36.69,0,0,0
7338.0,6556.0,1276.0,0.203,1.01,35.17,82.84,0.27,0.005,0.09,0.2,2.13,2.26,12.7,2.41,0.78,2.6,0.12,0.29,0.42,0.89,0.08,206.26,4.38,0.02,0.55,1.73,86.94,34.57,0.07,23.94,1.85,0.5,0.59,11.65,0.025,0.025,0.42,0.03,0.34,0.1,25.25,0.65,1.59,9.0,1,0,0
7335.0,6601.0,1263.0,0.035,0.72,33.3,45.62,0.21,0.05,0.03,0.05,1.96,1.75,20.52,1.18,1.14,1.65,0.15,0.11,0.15,1.0,0.12,235.49,10.37,0.01,0.21,1.85,144.2,10.32,0.02,17.75,0.94,0.5,0.33,8.71,0.025,0.025,0.16,0.02,0.12,0.11,11.43,0.21,0.73,2.51,0,0,0
7284.0,6575.0,1281.0,0.0025,7.22,2.56,391.41,0.84,0.05,3.67,0.1,33.46,16.89,23.41,10.08,3.93,15.66,0.21,2.4,1.47,14.39,1.69,1055.33,0.17,1.58,5.76,8.82,731.63,84.98,0.01,2.29,16.25,0.5,1.12,180.26,0.41,0.025,3.15,0.47,0.83,0.81,131.74,1.31,16.91,92.99,0,0,0
5572.0,6585.0,1252.0,0.0025,7.95,4.45,146.4,0.93,0.05,1.9,0.05,39.68,19.6,13.36,0.98,5.1,18.82,0.2,1.99,0.17,19.29,1.46,903.53,0.28,3.63,6.8,6.96,666.02,9.26,0.01,1.08,14.89,0.5,1.55,608.73,0.5,0.025,4.0,0.43,0.08,0.96,97.55,0.77,20.78,55.91,0,0,0
5599.0,6591.0,1223.0,0.0025,8.12,4.22,483.72,1.23,0.16,1.17,0.05,52.07,5.68,11.34,6.71,2.39,17.09,0.23,1.56,1.43,21.48,0.98,455.31,0.43,2.8,7.06,3.96,605.34,89.61,0.005,0.83,9.16,0.5,1.59,442.12,0.49,0.025,6.84,0.26,0.62,2.09,49.91,1.11,16.34,44.41,0,0,0
6158.0,6579.0,1309.0,0.0025,8.7,2.81,553.1,1.03,0.05,3.12,0.07,31.85,13.91,11.92,1.87,4.45,19.79,0.23,2.5,1.51,17.76,1.35,670.28,0.69,1.97,6.06,7.46,686.7,54.54,0.005,0.57,15.38,0.5,1.29,395.4,0.46,0.025,4.92,0.39,0.4,1.27,116.37,0.61,16.55,85.67,0,0,0
5664.0,6310.0,1336.0,0.005,6.97,8.44,461.37,0.87,0.07,3.53,0.07,33.75,11.36,15.26,7.38,4.51,16.93,0.1,0.76,1.64,18.32,1.35,955.86,0.17,1.56,6.51,6.56,673.38,72.8,0.01,3.12,14.99,0.5,1.5,343.25,0.49,0.025,3.24,0.44,0.73,0.55,117.81,0.77,13.7,29.08,0,0,0
5448.0,6346.0,1312.0,0.0025,8.23,6.37,546.1,1.02,0.05,3.33,0.08,39.75,12.8,17.51,9.12,4.4,17.42,0.11,1.1,1.8,18.77,0.77,1202.78,0.83,1.55,7.49,7.11,795.62,82.1,0.53,2.69,14.71,0.5,1.42,234.42,0.54,0.025,3.64,0.49,0.85,0.68,121.37,1.57,15.14,38.28,0,0,0
5390.0,6303.0,1296.0,0.012,6.02,2.66,755.38,1.48,0.11,1.74,0.12,57.86,0.98,4.05,4.01,2.02,17.57,0.13,1.97,2.11,30.57,0.12,426.62,2.0,2.22,8.95,0.83,92.81,79.41,0.01,3.24,10.84,0.5,3.56,202.25,0.77,0.025,13.13,0.08,0.55,3.06,4.38,0.32,30.56,60.27,0,0,0
5510.0,6312.0,1277.0,0.009,6.2,4.12,821.17,1.75,0.12,1.37,0.85,51.47,0.75,14.49,4.52,1.67,15.94,0.13,2.98,1.8,26.84,0.08,496.49,2.97,2.19,8.24,1.46,98.12,72.17,0.01,3.58,10.73,0.5,2.71,381.92,0.78,0.025,12.52,0.08,0.54,3.48,4.13,0.49,31.53,86.94,0,0,0
5677.0,6218.0,1254.0,0.0025,6.42,3.14,1362.86,1.64,0.05,0.9,0.05,61.58,1.28,16.76,1.57,1.21,15.03,0.14,2.11,2.85,30.88,0.08,360.01,0.56,2.94,8.86,1.05,92.93,78.2,0.005,1.86,10.0,0.5,2.07,220.52,0.81,0.025,15.48,0.08,0.52,3.76,3.74,0.28,29.77,57.33,0,0,0
5795.0,6186.0,1293.0,0.0025,11.92,2.01,882.46,1.06,0.28,0.16,0.06,24.52,9.15,18.4,11.23,3.99,20.76,0.12,0.54,4.73,8.62,0.91,319.73,0.25,0.19,6.58,11.99,816.38,216.14,0.005,2.14,19.21,0.5,1.74,75.08,0.44,0.144,2.86,0.43,2.51,0.55,134.91,0.69,5.5,24.27,0,0,1
5797.0,6157.0,1286.0,0.0025,7.73,8.39,222.43,0.97,0.08,4.7,0.07,31.77,12.19,12.98,7.95,4.27,17.51,0.12,1.16,0.51,15.03,1.59,880.45,0.25,1.85,6.94,6.11,757.25,22.62,0.09,2.79,14.76,0.5,1.46,457.62,0.53,0.025,3.64,0.45,0.54,0.9,130.67,1.2,15.63,43.45,0,0,0
6251.0,6377.0,1292.0,0.0025,6.31,2.77,620.59,1.43,0.05,0.41,0.76,65.17,0.58,1.0,4.05,1.38,14.47,0.14,3.07,2.14,31.57,0.14,403.6,0.49,1.87,7.19,0.52,75.96,75.18,0.01,1.49,9.29,0.5,1.95,49.5,0.81,0.025,15.58,0.07,0.6,3.35,4.15,0.27,19.56,93.61,0,0,0
6234.0,7203.0,1135.0,0.039,5.5,19.7,1018.41,1.0,0.05,0.44,0.32,38.32,1.63,10.98,6.17,1.13,10.12,0.09,2.16,4.71,25.9,0.09,444.93,0.98,0.82,5.97,1.07,147.35,187.03,0.02,1.75,2.12,0.5,1.12,108.68,0.77,0.025,17.9,0.08,2.0,3.58,11.81,0.99,9.29,49.43,0,0,0
6278.0,7263.0,1111.0,0.0025,8.56,4.08,767.63,1.12,0.005,3.03,0.09,39.26,16.2,34.63,3.46,4.51,19.73,0.07,2.52,1.78,18.63,1.94,869.18,0.41,2.53,6.49,13.17,903.08,70.87,0.01,4.58,18.94,0.5,1.42,463.24,0.43,0.025,4.82,0.48,0.85,1.38,153.89,1.44,18.67,96.9,0,0,0
6201.0,7260.0,1100.0,0.0025,8.59,4.51,382.71,1.05,0.05,2.49,0.14,34.8,14.77,21.44,6.65,4.64,17.07,0.12,1.47,1.65,14.61,1.85,850.09,0.18,2.66,6.96,9.92,806.43,75.46,0.01,3.18,15.93,0.5,1.52,156.03,0.47,0.025,3.35,0.46,0.92,1.09,129.14,2.0,15.81,45.15,0,0,0
6330.0,7325.0,1083.0,0.0025,8.8,1.74,621.52,1.0,0.05,3.2,0.09,31.39,19.33,27.2,3.76,4.51,18.8,0.12,1.15,1.21,15.32,1.59,1234.06,0.12,3.49,5.84,8.5,858.86,56.0,0.01,9.11,18.23,0.5,0.56,316.88,0.41,0.025,2.78,0.49,0.64,0.93,158.71,1.2,18.91,33.19,0,0,0
6429.0,7311.0,1089.0,0.0025,8.16,3.73,539.68,1.02,0.05,4.28,0.09,36.67,19.73,32.34,1.85,4.93,17.84,0.13,3.3,1.53,14.8,1.79,888.3,0.91,2.32,6.7,12.78,926.63,37.28,0.01,4.5,15.9,0.5,1.33,441.55,0.48,0.025,4.64,0.53,0.49,1.26,153.43,1.08,17.64,95.39,0,0,0
6240.0,7406.0,1015.0,0.0025,8.34,2.55,771.57,1.02,0.05,3.48,0.07,31.89,17.33,23.66,1.99,5.45,17.06,0.1,2.19,1.24,12.25,1.76,915.62,0.4,2.39,7.19,10.0,1087.78,24.5,0.01,3.28,16.98,0.5,1.19,505.08,0.47,0.025,2.69,0.55,0.49,0.83,146.05,1.68,14.18,70.85,0,0,0
6296.0,7506.0,987.0,0.0025,8.97,4.09,444.27,0.96,0.05,3.91,0.1,30.47,16.03,25.9,2.03,4.92,16.94,0.1,2.43,0.92,14.19,1.57,940.39,0.78,2.26,6.07,10.13,1114.52,20.01,0.005,2.62,19.33,0.5,1.18,525.5,0.46,0.025,3.2,0.47,0.27,0.93,163.98,1.24,18.63,92.85,0,0,0
6107.0,7601.0,874.0,0.0025,4.15,3.78,419.12,0.61,0.05,6.16,0.06,20.37,9.5,25.1,6.01,3.12,10.03,0.08,1.62,1.38,9.63,1.26,1217.76,0.42,1.0,3.13,9.56,533.08,62.41,0.01,10.49,10.53,0.5,0.64,244.48,0.22,0.025,1.98,0.27,0.7,0.54,92.68,1.21,9.88,72.6,0,0,0
6083.0,7661.0,837.0,0.0025,8.05,4.67,381.96,1.11,0.13,3.7,0.15,33.59,11.73,13.81,9.31,3.39,16.0,0.13,2.16,1.39,18.25,1.04,1860.29,0.19,2.57,5.7,5.29,608.93,77.83,0.01,1.68,12.07,0.5,1.37,428.47,0.48,0.025,5.74,0.32,0.71,1.45,90.91,1.4,17.32,80.49,0,0,0
6294.0,6781.0,1342.0,0.0025,8.53,0.97,352.46,1.19,0.08,3.17,0.11,32.73,14.66,3.15,10.29,6.61,18.73,0.13,2.82,1.2,15.23,1.22,1327.67,0.36,1.99,6.14,0.72,1059.51,49.95,0.005,3.42,32.75,0.5,1.15,271.13,0.4,0.025,3.62,0.76,0.38,1.13,235.9,2.36,27.7,93.71,0,0,0
6148.0,6960.0,1293.0,0.0025,7.67,2.82,575.31,1.11,0.16,0.99,0.05,47.14,7.56,10.91,10.09,2.56,17.66,0.11,1.94,1.99,23.61,0.74,304.78,0.41,2.86,7.15,3.98,569.79,88.29,0.005,0.73,14.09,0.5,1.66,454.78,0.61,0.025,6.77,0.3,1.07,1.84,69.05,0.94,14.24,53.21,0,0,0
6143.0,6981.0,1257.0,0.005,6.74,0.97,619.72,1.57,0.12,2.22,0.1,34.49,3.83,1.87,8.95,2.13,15.65,0.09,2.69,2.48,19.98,0.34,461.27,0.13,2.02,7.57,1.14,429.94,107.19,0.005,0.89,4.83,0.5,1.84,201.62,0.65,0.025,8.04,0.19,0.58,1.96,24.51,1.11,12.8,90.64,0,0,0
6137.0,7008.0,1255.0,0.0025,8.7,1.07,494.0,0.97,0.05,3.89,0.16,30.94,12.14,2.85,11.77,5.76,16.83,0.12,3.14,1.46,15.14,1.17,1255.49,0.32,2.19,6.18,0.49,1154.61,49.72,0.01,1.0,28.38,0.5,0.97,178.19,0.43,0.025,3.93,0.82,0.41,1.02,258.86,1.26,25.94,106.92,0,0,0
6185.0,7104.0,1209.0,0.0025,6.44,4.27,635.42,0.92,0.46,1.56,0.05,37.28,4.43,10.71,10.29,2.19,12.25,0.09,1.81,1.58,21.45,0.9,369.81,0.14,1.97,5.81,3.27,309.95,74.79,0.01,1.45,5.83,0.5,2.01,260.46,0.54,0.073,9.3,0.19,0.54,3.25,33.81,0.58,12.01,49.5,0,0,1
6204.0,7106.0,1207.0,0.0025,7.51,4.94,832.75,1.27,1.86,1.02,0.06,47.95,10.51,28.33,21.64,5.77,21.0,0.1,2.37,2.8,26.73,1.47,514.86,0.74,1.14,6.84,12.1,769.72,164.29,0.01,5.08,15.98,0.5,3.41,110.77,0.52,0.825,7.14,0.4,1.11,1.5,131.21,1.93,17.0,78.86,0,0,1
5942.0,7246.0,1100.0,0.0025,7.36,2.97,578.45,0.97,0.05,4.41,0.09,32.39,18.37,27.46,0.92,5.2,19.4,0.11,3.29,0.89,14.12,1.48,894.54,1.08,2.17,7.3,12.26,1107.78,14.27,0.005,1.03,16.5,0.5,1.44,537.09,0.48,0.025,3.82,0.41,0.19,1.1,134.2,0.7,15.87,86.29,0,0,0
5802.0,7144.0,1083.0,0.0025,6.11,8.8,632.7,1.5,0.09,0.56,0.2,66.43,0.94,2.04,4.47,1.57,11.72,0.12,3.51,2.02,32.65,0.14,345.44,0.63,1.08,6.45,0.66,147.17,83.57,0.02,2.48,9.23,0.5,2.11,40.76,0.59,0.025,15.44,0.07,1.02,3.33,5.48,0.37,18.07,98.56,0,0,0
5752.0,7443.0,953.0,0.0025,8.6,3.19,467.09,1.05,0.05,4.35,0.07,33.96,19.0,29.2,2.32,4.41,17.57,0.11,2.91,1.32,14.59,1.89,791.25,0.99,1.96,6.36,12.08,943.05,32.67,0.005,1.93,18.57,0.5,1.44,469.23,0.46,0.025,3.85,0.5,0.34,1.12,149.44,0.64,15.89,99.26,0,0,0
5598.0,7522.0,856.0,0.0025,6.89,2.09,354.42,2.21,0.06,0.25,5.69,61.26,0.84,1.96,2.96,1.17,20.14,0.06,2.42,2.32,34.04,0.09,1494.53,0.87,1.25,6.6,0.52,164.33,149.69,0.005,2.04,8.86,0.5,3.43,16.8,0.67,0.025,14.78,0.07,1.22,3.06,2.92,0.18,11.31,60.83,0,0,0
5428.0,7562.0,754.0,0.0025,8.42,4.51,690.6,1.19,0.19,0.98,0.25,44.8,8.03,6.88,13.09,2.34,11.68,0.12,2.73,2.44,26.12,0.71,541.15,0.29,0.96,7.3,3.87,580.96,113.01,0.01,1.96,9.07,0.5,2.05,144.98,0.63,0.025,8.9,0.21,1.32,2.43,41.9,0.87,19.72,74.57,0,0,0
5403.0,7888.0,632.0,0.016,6.79,71.98,337.53,0.79,0.05,0.02,0.05,29.69,2.35,24.17,6.55,3.76,17.71,0.07,1.53,2.52,14.37,0.5,486.44,15.43,0.06,5.02,1.47,770.62,194.75,0.02,11.07,13.94,0.5,1.11,7.1,0.33,0.025,4.17,0.39,1.79,0.87,97.51,3.72,6.52,69.94,0,0,0
5370.0,7897.0,616.0,0.013,4.24,40.36,191.3,0.59,0.05,0.05,0.05,14.43,2.61,15.17,6.91,1.62,8.75,0.05,1.14,1.64,9.64,0.27,600.5,4.16,0.04,2.1,1.55,780.31,105.75,0.01,9.73,6.19,0.5,0.64,7.92,0.13,0.025,1.89,0.17,0.97,0.45,61.18,2.1,5.62,40.42,0,0,0
5302.0,8023.0,557.0,0.009,5.75,21.59,339.56,0.67,0.05,0.1,0.05,23.07,4.77,19.38,6.47,2.38,13.7,0.05,2.58,2.23,11.16,0.42,678.77,2.35,0.08,4.35,1.63,756.45,162.13,0.01,5.61,7.12,0.5,1.25,8.3,0.31,0.025,7.51,0.24,1.57,1.69,75.76,2.29,8.39,168.26,0,0,0
5256.0,8076.0,527.609,0.0025,9.05,3.41,734.04,1.12,0.05,2.73,0.19,39.34,12.77,26.55,4.37,4.76,19.95,0.08,2.08,1.59,19.19,1.52,673.14,0.42,2.89,6.02,3.73,977.73,75.67,0.02,2.49,15.37,0.5,1.36,463.49,0.4,0.025,5.94,0.42,0.85,1.6,134.43,0.75,18.57,63.69,0,0,0
8331.0,6099.0,1439.0,0.0025,8.55,2.53,418.98,1.13,0.05,4.5,0.12,33.03,16.22,28.61,9.65,4.76,19.31,0.08,2.93,1.32,15.95,1.62,816.0,1.15,2.58,6.16,7.31,879.1,52.38,0.02,4.25,17.68,0.5,1.26,389.89,0.41,0.025,4.36,0.49,0.44,1.14,153.56,0.69,17.56,113.95,0,0,0
8184.0,6035.0,1431.0,0.0025,6.11,5.05,291.18,1.02,0.15,1.67,0.13,46.21,0.78,2.8,3.6,1.1,12.06,0.07,3.08,1.72,24.09,0.21,377.06,0.6,1.67,7.59,0.48,76.93,134.55,0.03,2.08,2.53,0.5,2.51,99.7,0.71,0.025,15.41,0.05,0.83,3.66,1.09,0.47,18.26,84.31,0,0,0
8216.0,6365.0,1399.0,0.0025,9.44,31.07,322.75,0.98,0.05,4.13,0.45,34.73,16.47,28.67,5.46,4.58,20.09,0.09,2.47,0.72,17.45,2.14,960.17,3.52,2.67,6.03,7.49,950.21,37.67,0.27,1.96,19.32,0.5,1.22,640.3,0.42,0.025,3.96,0.55,0.45,1.01,157.7,0.67,16.15,86.62,0,0,0
7906.0,6463.0,1381.939,0.0025,9.22,2.32,367.43,0.97,0.05,4.08,0.15,33.69,17.06,28.03,6.29,4.74,19.0,0.06,2.26,0.7,15.7,1.97,1123.86,0.23,2.42,7.24,7.13,879.85,20.23,0.02,1.5,19.96,0.5,1.36,544.99,0.46,0.025,3.71,0.5,0.27,1.48,161.47,0.87,16.99,96.37,0,0,0
7861.0,6505.0,1337.0,0.0025,8.31,1.11,303.89,0.77,0.05,3.22,0.07,26.72,17.28,27.87,4.64,4.89,16.32,0.07,1.83,1.21,13.29,1.84,950.03,0.21,2.6,4.88,9.84,845.75,47.02,0.02,1.27,18.16,0.5,0.94,414.35,0.37,0.025,2.26,0.41,0.45,0.84,126.54,0.74,12.44,54.1,0,0,0
7754.0,6544.0,1290.0,0.0025,7.2,10.27,383.79,0.83,0.05,3.68,0.1,37.74,16.74,26.14,7.61,5.41,18.05,0.08,1.62,1.43,19.71,2.13,1126.11,0.29,1.86,4.87,9.04,789.07,76.84,0.04,1.39,17.77,0.5,1.41,206.26,0.35,0.025,2.97,0.42,0.69,0.74,142.91,0.99,15.41,71.91,0,0,0
6410.0,6739.0,1335.0,0.0025,8.01,79.74,879.08,0.78,0.05,2.14,0.05,30.35,11.74,31.32,3.45,5.05,14.69,0.07,2.1,3.3,16.16,1.37,855.98,1.89,2.18,6.21,5.95,780.12,190.12,0.12,5.19,15.03,0.5,1.36,298.66,0.4,0.025,3.14,0.44,2.37,1.09,113.92,1.34,13.44,56.61,0,0,0
6433.0,6718.0,1335.0,0.0025,10.05,6.57,674.43,1.1,0.05,3.6,0.07,39.08,16.74,32.85,2.05,5.6,20.48,0.09,2.44,1.91,17.28,2.19,923.99,0.36,2.65,6.69,10.02,1041.97,65.11,0.02,3.98,18.33,0.5,1.52,644.41,0.47,0.025,3.69,0.51,0.87,1.32,144.66,1.08,17.16,79.09,0,0,0
6383.0,6745.0,1336.0,0.0025,8.29,13.88,772.3,1.02,0.06,1.49,0.09,34.4,12.76,26.87,5.85,4.15,16.24,0.07,1.63,2.47,16.04,1.78,1139.65,1.88,2.29,7.12,10.08,875.79,144.85,0.22,5.41,16.65,0.5,1.51,256.2,0.48,0.025,4.16,0.39,1.81,1.8,106.28,2.82,14.4,55.18,0,0,0
5699.316,5885.342,1135.0,0.0025,8.75,6.1,1117.57,0.94,0.15,3.31,0.1,28.81,9.78,35.0,10.46,4.7,17.33,0.07,0.57,2.74,15.92,1.74,914.39,0.96,1.33,6.05,9.16,851.4,147.63,0.24,2.34,16.2,0.5,1.31,239.68,0.42,0.098,3.32,0.46,1.61,0.74,131.1,2.75,15.45,15.28,0,0,1
5674.004,5869.13,1122.0,0.031,7.13,134.9,440.9,1.48,0.25,2.12,0.19,80.12,2.12,10.95,5.74,2.23,15.41,0.1,1.56,3.37,37.34,0.43,279.63,11.36,0.4,11.69,1.39,216.14,189.08,0.35,4.69,5.88,0.5,2.14,91.51,0.76,0.236,17.7,0.15,1.13,2.81,20.18,1.52,21.97,62.82,0,0,1
4811.6,6128.751,1178.0,0.0025,8.43,16.22,504.1,0.62,0.17,0.03,0.01,53.34,0.19,6.16,10.62,1.91,19.75,0.09,2.03,4.15,26.77,0.27,86.21,6.85,0.11,5.4,0.73,240.04,259.09,0.1,2.58,7.86,0.5,1.98,26.13,0.44,0.025,10.96,0.17,2.08,2.2,75.72,0.29,11.18,86.57,0,0,0
4813.369,6129.726,1178.0,0.005,8.06,17.09,448.01,0.68,0.2,0.03,0.05,44.14,0.3,6.45,8.8,1.98,15.05,0.08,2.08,3.4,27.45,0.23,72.35,3.72,0.08,3.61,0.83,367.74,186.92,0.03,2.56,6.3,0.5,1.5,23.48,0.3,0.025,9.32,0.14,1.66,1.99,53.44,0.22,9.54,72.62,0,0,0
4814.979,6131.063,1178.0,0.0025,7.16,10.32,459.63,1.37,0.14,2.5,0.09,40.35,3.87,8.1,12.35,2.72,15.7,0.07,1.48,2.68,18.87,0.56,655.64,0.27,0.29,6.49,2.83,497.9,147.12,0.62,2.5,6.5,0.5,1.7,112.4,0.55,0.061,7.21,0.2,1.69,1.54,36.99,0.28,11.88,55.36,0,0,1
4816.15,6131.683,1178.0,0.008,8.25,16.06,513.68,0.97,0.26,0.11,0.05,41.82,1.46,5.03,9.36,2.73,17.71,0.06,1.97,3.38,26.73,0.3,121.56,3.98,0.12,5.16,1.82,468.39,201.7,0.17,3.32,7.25,0.5,1.89,22.1,0.39,0.025,9.63,0.18,1.41,2.13,58.42,0.19,8.87,79.05,0,0,0
4817.645,6132.79,1178.0,0.0025,8.08,7.74,420.23,1.07,0.15,0.73,0.05,44.01,5.07,5.66,17.37,2.97,17.58,0.09,1.93,3.59,27.87,0.61,446.45,1.27,0.14,6.58,2.31,479.6,220.06,0.46,2.07,6.34,0.5,2.04,39.13,0.48,0.025,8.89,0.21,2.24,1.77,46.2,0.18,10.9,60.24,0,0,0
4820.35,6134.421,1178.0,0.005,7.78,21.19,483.03,0.78,0.21,0.03,0.01,48.32,0.41,3.68,7.68,1.87,17.97,0.07,2.1,3.4,26.03,0.27,72.38,7.91,0.1,4.01,0.81,388.27,202.76,0.02,2.86,7.19,0.5,1.54,21.83,0.39,0.05,8.99,0.16,1.43,2.3,49.37,0.19,8.2,66.24,0,0,1
4822.481,6135.919,1178.0,0.0025,8.63,4.93,489.15,1.25,0.05,1.92,0.05,46.88,4.55,7.04,13.59,2.66,16.87,0.09,1.83,2.75,26.53,0.7,612.6,1.07,0.26,7.36,2.25,441.12,164.72,0.29,2.25,7.4,0.5,1.61,79.15,0.58,0.05,8.54,0.25,1.93,2.28,40.69,0.21,13.4,66.2,0,0,1
4879.0,6217.0,1172.0,0.0025,9.2,5.95,354.57,1.03,0.05,4.75,0.16,37.26,12.1,18.89,14.69,5.3,19.82,0.09,1.2,1.3,18.66,1.54,1001.01,0.51,1.98,6.63,7.02,888.21,55.72,0.04,2.72,14.71,0.5,1.53,440.49,0.5,0.025,3.72,0.63,0.5,0.74,147.12,0.84,18.53,36.34,0,0,0
4711.0,6292.0,1057.0,0.693,3.98,9.42,218.28,0.71,0.005,0.85,0.21,10.26,7.73,19.65,6.73,1.74,9.42,0.05,0.38,1.8,5.96,0.27,221.67,13.76,0.31,1.15,4.0,167.7,98.37,0.21,29.8,5.39,0.5,0.32,55.05,0.09,0.185,0.78,0.09,0.95,0.19,106.5,0.66,3.12,13.11,1,0,1
4647.58,7444.351,522.0,0.0025,9.08,1.71,967.32,1.49,0.05,1.95,0.05,46.29,3.92,8.27,6.72,2.47,17.8,0.1,1.09,3.65,25.27,0.87,334.41,0.5,1.01,6.96,2.63,380.87,146.88,0.33,0.78,7.68,0.5,1.73,207.99,0.58,0.025,8.52,0.26,1.32,1.6,55.78,1.23,13.3,43.47,0,0,0
4636.646,7435.528,523.0,0.045,0.69,1.89,37.27,0.23,0.005,0.03,0.05,0.28,0.33,25.95,1.72,0.66,0.97,0.025,0.05,0.27,0.25,0.02,78.4,0.43,0.03,0.05,1.64,18.35,17.97,0.005,7.94,0.2,0.5,0.1,8.02,0.025,0.025,0.05,0.0025,0.19,0.05,2.7,0.05,0.1,0.25,0,0,0
4493.166,7284.159,553.0,0.0025,7.48,1.86,893.6,1.73,0.1,0.16,0.78,54.09,0.9,7.9,1.77,1.78,16.98,0.09,2.06,2.9,29.67,0.08,1053.75,0.43,3.21,5.81,1.38,101.7,125.05,0.005,0.74,9.45,0.5,2.64,92.74,0.49,0.025,14.34,0.06,1.12,2.84,4.68,0.57,13.67,55.67,0,0,0
4215.749,6669.771,639.0,0.016,3.31,15.63,119.75,0.44,0.05,6.55,0.14,19.96,5.61,13.41,4.47,2.41,7.03,0.09,0.74,1.03,10.83,0.41,1810.87,7.8,0.54,2.41,2.78,494.63,67.18,0.03,12.29,4.62,0.5,0.58,108.9,0.18,0.025,2.3,0.14,0.55,0.94,35.73,0.99,7.12,23.9,0,0,0
4207.095,6642.626,640.0,0.007,4.68,12.05,216.92,0.64,0.08,6.55,0.62,31.27,5.98,13.67,4.31,2.51,11.56,0.14,1.1,2.11,14.46,0.45,1041.3,31.35,0.39,4.16,2.64,496.31,132.93,0.07,16.6,7.7,0.5,0.67,138.08,0.33,0.062,4.6,0.27,0.97,1.2,68.54,2.66,11.78,40.48,0,0,1
3706.803,6092.985,573.0,0.35,2.91,21.28,210.59,0.58,0.05,0.06,0.48,17.67,3.12,24.25,5.5,1.98,8.45,0.06,0.73,1.29,10.64,0.12,150.07,4.64,0.05,2.41,3.77,219.03,91.83,0.01,7.28,3.86,0.5,0.52,10.39,0.15,0.025,2.01,0.12,0.7,0.61,66.27,0.77,4.03,26.34,1,0,0
3700.431,6073.42,573.0,0.049,3.66,91.76,319.53,0.81,0.24,0.16,1.78,28.44,57.77,21.61,9.38,7.55,10.87,0.12,0.73,1.46,15.8,0.54,347.27,21.57,0.14,3.48,88.35,191.58,61.56,1.57,6.2,3.96,7.25,1.03,32.48,0.28,0.097,4.59,0.07,1.36,1.66,87.06,0.49,6.73,38.03,0,1,1
3967.317,6290.059,626.0,0.006,6.9,14.56,521.89,0.96,0.16,1.44,0.3,43.32,6.09,15.69,5.24,4.22,20.82,0.13,1.52,2.1,23.57,0.53,642.65,2.64,2.36,6.35,3.37,738.93,112.16,1.38,8.41,13.88,0.5,1.82,323.15,0.46,0.025,6.88,0.33,2.38,1.36,103.6,1.38,12.66,46.7,0,0,0
3969.182,6290.314,626.0,0.011,7.99,14.6,614.52,0.98,0.12,1.89,0.25,43.34,5.43,17.45,5.77,4.28,20.95,0.11,1.23,2.41,26.16,0.54,484.4,5.75,2.17,6.08,4.03,761.14,127.05,1.11,10.34,14.05,0.5,1.84,258.55,0.47,0.025,6.55,0.34,1.84,1.26,92.66,1.62,12.82,44.84,0,0,0
3970.725,6290.229,626.0,0.005,8.08,7.18,395.02,1.4,0.18,2.6,1.21,48.35,11.5,18.58,7.02,4.76,17.86,0.12,1.31,1.51,22.67,0.92,675.64,5.07,1.96,7.21,3.84,726.85,82.89,1.67,8.83,14.92,0.5,1.62,269.88,0.47,0.025,6.28,0.37,1.51,1.5,100.57,1.35,16.94,57.1,0,0,0
3972.212,6290.54,626.0,0.0025,9.15,4.54,994.76,1.43,0.13,2.35,1.04,51.71,9.04,19.18,5.24,4.34,19.95,0.14,1.1,2.92,27.24,1.16,974.52,4.39,2.02,7.31,3.57,803.01,190.1,0.8,9.15,15.49,0.5,2.02,236.45,0.58,0.025,6.56,0.46,2.67,1.25,121.35,1.83,15.91,37.81,0,0,0
3973.353,6290.887,626.0,0.0025,9.49,10.32,777.44,1.53,0.08,2.02,0.5,44.27,10.44,18.73,6.87,5.15,20.95,0.14,1.09,2.45,23.42,1.56,1206.82,1.83,1.85,7.69,4.01,917.41,156.54,1.27,6.24,14.02,0.5,1.59,225.33,0.48,0.025,5.82,0.42,2.36,1.04,97.22,1.42,14.47,38.64,0,0,0
3974.447,6291.402,626.0,0.007,9.3,16.29,930.19,1.58,0.08,1.68,0.12,45.32,10.4,16.75,11.65,4.16,23.68,0.14,1.09,2.25,23.32,1.39,1159.11,1.81,2.05,7.11,3.84,985.94,169.08,0.95,8.19,14.32,0.5,1.79,220.36,0.57,0.025,6.39,0.41,2.62,1.3,105.16,1.52,16.39,35.94,0,0,0
3975.356,6291.86,626.0,0.006,10.12,13.34,1022.19,1.52,0.05,1.3,0.07,51.86,9.84,17.68,15.82,4.13,21.95,0.14,1.11,2.76,26.72,1.54,1100.3,1.94,1.82,6.69,3.95,989.79,168.93,1.03,8.88,14.42,0.5,1.83,198.46,0.52,0.025,6.39,0.47,3.45,1.1,127.26,1.31,14.12,43.62,0,0,0
4993.0,8197.0,396.0,0.0025,0.34,10.44,18.53,0.05,0.05,0.01,0.21,6.91,0.48,23.27,0.33,0.47,0.78,0.025,0.19,0.14,3.65,0.01,47.86,0.55,0.01,1.51,2.62,53.69,7.55,0.01,2.56,0.37,0.5,1.73,1.54,0.05,0.025,1.1,0.06,0.11,0.1,5.37,1.14,1.09,2.85,0,0,0
5338.112,8030.053,590.0,0.0025,2.89,6.87,136.54,0.45,0.05,0.07,0.01,13.38,2.08,20.48,3.7,1.11,5.69,0.025,0.92,0.99,6.45,0.21,276.67,1.94,0.04,2.03,1.58,279.27,69.11,0.01,10.52,3.87,0.5,0.5,7.66,0.15,0.025,3.45,0.12,0.65,0.63,49.75,1.4,4.05,41.71,0,0,0
4925.0,8133.0,332.0,0.03,1.43,1503.79,186.2,0.58,0.05,0.07,0.19,8.18,0.31,31.22,2.8,1.54,2.89,0.12,0.47,0.57,4.45,0.08,79.5,1.6,0.02,0.29,1.46,443.94,32.9,0.04,728.63,1.34,0.5,0.54,14.29,0.025,0.025,2.3,0.03,1.4,1.53,11.08,0.2,1.59,13.32,0,0,0
4685.0,7904.0,320.0,0.0025,1.39,52.32,31.69,0.17,0.06,0.01,0.05,13.11,0.37,18.24,1.33,1.09,3.03,0.025,0.38,0.52,5.79,0.02,34.11,0.77,0.03,3.01,1.21,94.1,21.18,0.02,14.55,1.05,0.5,0.48,11.51,0.18,0.025,1.84,0.1,0.3,0.28,11.35,0.88,2.26,12.1,0,0,0
5670.538,6624.916,1218.0,0.317,1.34,193.67,90.55,0.38,0.005,0.03,0.18,3.92,0.39,13.44,3.69,1.22,3.12,0.06,0.28,0.49,2.7,0.05,81.44,8.36,0.03,0.67,1.48,119.36,32.22,0.01,25.29,1.4,0.5,0.28,15.81,0.05,0.053,0.82,0.03,0.33,0.31,16.12,0.54,1.27,8.43,1,0,1
5671.274,6625.091,1218.0,2.35,1.56,207.68,101.8,0.49,0.005,0.03,0.16,3.24,0.41,17.07,4.08,1.69,4.17,0.06,0.28,0.7,1.62,0.06,89.64,14.18,0.03,0.72,1.67,141.58,46.23,0.01,26.96,1.62,1.05,0.32,14.06,0.05,0.055,0.68,0.05,0.39,0.22,24.6,0.92,1.39,8.14,1,1,1
5672.192,6625.17,1218.0,0.544,6.79,213.26,357.25,1.24,0.09,0.12,0.06,13.01,0.77,16.37,18.32,1.54,15.68,0.09,2.3,3.4,7.32,0.29,102.18,2.73,0.1,7.47,1.57,127.77,226.53,0.01,17.92,9.96,1.06,1.94,19.22,0.66,0.05,7.46,0.33,1.87,2.08,90.53,5.66,7.85,65.54,1,1,1
5929.015,6562.341,1289.0,0.0025,7.27,2.33,574.48,1.49,0.09,2.33,0.11,41.99,4.2,4.7,5.28,2.24,16.53,0.12,2.77,2.22,26.43,0.53,397.7,0.28,2.12,6.41,3.01,345.23,102.12,0.01,0.68,4.74,0.5,1.68,201.63,0.62,0.025,8.46,0.2,0.6,2.81,22.86,0.82,13.9,88.9,0,0,0
5543.563,7699.075,773.0,0.0025,6.96,4.28,326.33,0.83,0.22,1.39,0.13,32.69,14.85,29.54,5.09,4.77,15.19,0.12,1.26,0.86,16.37,1.99,851.6,0.45,1.87,6.38,11.97,675.62,53.36,0.01,1.34,13.09,0.5,1.2,337.88,0.39,0.025,2.71,0.43,0.57,0.7,131.09,0.57,12.82,38.52,0,0,0
5870.247,7706.339,777.0,0.0025,3.09,6.91,142.48,0.35,0.005,3.97,0.11,11.75,6.57,19.56,4.88,2.1,6.45,0.09,0.58,0.91,6.41,0.55,627.13,0.52,0.2,1.98,4.91,350.36,59.31,0.01,16.36,5.37,0.5,0.45,59.52,0.14,0.025,1.04,0.17,0.56,0.29,48.91,0.73,5.07,21.34,0,0,0
5755.815,7795.417,735.0,0.027,3.57,130.65,245.69,0.73,1.1,0.06,0.43,14.52,2.99,26.58,3.72,2.87,9.56,0.09,1.07,1.86,7.49,0.16,192.96,4.99,0.05,2.54,2.63,298.49,116.65,0.04,9.51,6.46,1.0,2.37,5.95,0.21,0.262,3.45,0.16,1.17,0.93,54.12,2.1,4.47,37.76,0,1,1
5712.936,7851.486,710.0,0.0025,1.31,8.0,80.31,0.16,0.005,0.01,0.01,2.73,1.13,22.74,1.47,0.92,2.68,0.025,0.2,0.47,1.39,0.04,182.43,0.68,0.02,0.38,1.61,39.72,34.93,0.005,6.68,1.16,0.5,0.3,3.02,0.025,0.025,0.53,0.02,0.38,0.1,8.27,0.29,0.87,5.59,0,0,0
5582.165,7898.066,660.0,0.0025,6.87,11.08,1265.67,1.64,0.28,0.38,0.24,42.9,1.19,7.58,6.43,1.5,13.45,0.1,2.2,3.53,27.55,0.14,396.71,1.64,0.55,7.3,1.21,102.93,210.87,0.02,7.68,2.82,0.5,2.84,64.65,0.76,0.025,16.51,0.07,2.19,4.56,6.47,1.0,15.37,71.62,0,0,0
5000.0,8195.0,392.0,0.0025,7.69,91.95,261.36,1.02,0.05,0.32,9.12,21.87,39.52,201.74,5.41,7.76,23.71,0.09,1.56,1.8,8.42,3.61,21991.64,0.6,0.04,22.56,113.86,1555.78,37.99,0.1,6.52,17.47,0.5,49.02,40.44,1.32,0.025,1.38,0.96,1.43,0.73,188.14,14.75,10.72,52.71,0,0,0
5866.0,7857.0,688.0,0.03,0.78,21.98,37.56,0.19,0.05,0.04,0.44,2.72,0.86,14.37,1.21,0.89,2.36,0.025,0.1,0.28,1.32,0.06,242.06,0.71,0.02,0.2,2.23,28.54,17.8,0.005,12.19,0.62,0.5,0.5,4.19,0.025,0.025,0.3,0.02,0.21,0.1,10.97,0.19,0.86,3.53,0,0,0
5901.0,7826.0,707.0,0.03,1.53,5.59,61.7,0.31,0.05,0.1,0.05,4.5,2.74,23.63,4.07,1.47,3.09,0.025,0.41,0.46,1.91,0.26,207.36,0.42,0.08,0.76,3.07,153.09,32.66,0.01,27.94,2.58,0.5,0.3,14.09,0.025,0.025,0.51,0.08,0.33,0.1,25.26,0.43,1.46,10.12,0,0,0
5983.0,7749.0,759.0,0.099,2.65,6.56,202.06,0.48,0.05,4.13,0.1,10.64,4.72,19.05,6.04,1.69,5.03,0.05,0.55,0.88,5.6,0.28,563.9,0.55,0.02,1.34,3.0,254.18,66.45,0.01,40.9,3.66,0.5,0.41,51.19,0.09,0.025,0.9,0.11,0.62,0.33,36.19,1.38,3.95,20.91,0,0,0
5748.141,5875.98,1150.0,0.007,0.35,4.83,10.12,1.62,0.59,0.06,0.05,0.35,0.4,23.94,0.52,5.4,2.85,0.05,0.1,0.07,0.25,0.02,236.89,1.64,0.01,0.52,1.08,134.6,3.7,0.06,14.35,0.4,1.0,1.24,4.11,0.025,0.497,0.22,0.05,0.05,0.05,24.95,0.37,0.2,3.68,0,1,1
5748.037,5877.193,1150.0,0.019,0.44,4.0,10.0,1.33,0.56,0.16,0.01,0.8,0.67,28.46,0.53,3.79,3.21,0.025,0.11,0.08,0.25,0.02,147.03,0.87,0.01,0.19,1.21,74.98,4.37,0.5,17.44,0.43,1.0,1.18,7.77,0.025,0.262,0.19,0.02,0.05,0.1,28.72,0.28,0.29,1.29,0,1,1
5747.782,5878.525,1150.0,0.01,1.36,442.88,19.05,0.55,1.78,0.16,0.07,4.8,1.95,11.86,2.41,22.23,8.52,0.09,0.29,0.28,2.12,0.04,174.87,6.41,0.01,1.76,0.94,397.23,19.53,0.07,35.72,2.11,2.81,2.81,6.55,0.12,1.142,0.87,0.14,0.15,0.21,49.95,2.89,3.47,8.84,0,1,1
5747.685,5881.423,1150.0,0.0025,1.83,21.99,18.16,0.33,1.03,1.87,0.05,8.8,1.47,22.75,0.52,7.62,11.65,0.05,0.5,0.08,4.52,0.08,326.98,16.01,0.03,2.25,1.13,234.32,4.44,0.36,9.7,3.67,2.11,4.77,54.03,0.15,0.42,1.27,0.19,0.05,0.43,63.02,1.22,3.67,16.81,0,1,1
4780.054,6400.453,1036.0,0.021,6.97,5.2,999.53,1.93,0.06,1.01,0.65,63.5,0.65,13.88,2.22,1.91,20.08,0.14,2.08,3.79,29.46,0.08,802.85,1.21,2.93,8.87,1.4,111.7,133.13,0.06,2.24,9.94,0.5,3.02,153.41,0.71,0.025,15.85,0.09,1.03,3.35,6.02,0.29,25.96,71.75,0,0,0
4604.995,6403.68,1015.0,0.03,2.28,8.7,73.42,0.23,0.06,1.47,0.27,11.27,4.57,22.88,2.02,4.05,6.5,0.08,0.32,0.5,5.87,0.42,643.9,0.64,0.05,1.2,2.92,269.74,34.11,0.04,20.54,3.53,0.5,0.87,54.69,0.08,0.227,0.77,0.1,0.3,0.21,32.32,0.58,3.34,8.49,0,0,1
4602.829,6404.056,1015.0,0.032,7.5,6.09,1409.73,0.78,0.1,3.96,1.01,32.81,14.86,38.37,8.1,6.29,19.68,0.12,0.73,2.87,14.99,2.06,1874.2,4.02,0.85,6.22,16.14,730.08,148.77,0.6,6.23,15.96,0.5,1.79,206.84,0.39,0.163,2.29,0.5,1.76,0.58,132.87,2.69,13.91,25.44,0,0,1
4451.654,5964.343,909.0,0.0025,9.46,6.76,453.05,1.19,0.08,3.76,0.05,43.0,27.35,36.23,11.92,5.24,23.49,0.13,0.62,2.67,17.29,1.24,577.95,1.74,1.63,4.38,12.62,950.42,164.21,3.23,5.22,22.61,0.5,0.77,167.35,0.28,0.025,3.05,0.45,1.09,0.66,168.69,1.74,15.2,27.75,0,0,0
5636.0,6198.0,1233.0,0.008,5.46,14.39,10.41,0.21,16.2,5.86,0.05,17.47,10.98,10.15,2.53,11.22,14.5,0.11,0.53,0.04,9.83,0.72,1396.62,1.64,0.005,2.64,1.58,466.37,4.43,0.03,9.7,7.4,0.5,2.71,135.39,0.19,12.645,2.34,0.21,0.05,0.62,103.09,2.29,13.01,10.57,0,0,1
5638.0,6216.0,1236.0,0.014,5.56,8.25,422.61,0.9,0.17,1.56,0.05,25.22,8.39,14.02,11.36,3.55,13.55,0.07,1.29,1.87,11.88,0.94,431.84,3.34,0.97,3.44,4.0,575.46,108.73,0.31,5.92,9.99,0.5,0.77,116.6,0.24,0.073,2.57,0.32,0.83,0.76,84.53,2.52,10.34,50.01,0,0,1
6335.0,7119.0,1193.0,0.071,2.49,6.38,277.5,0.47,0.05,0.31,0.05,5.59,3.04,17.35,3.88,1.52,4.88,0.025,0.64,1.45,2.3,0.23,303.83,0.44,0.03,1.39,2.7,178.72,94.53,0.01,37.13,2.79,0.5,0.33,32.74,0.08,0.025,0.93,0.1,0.84,0.27,30.0,1.07,2.77,20.92,0,0,0
6369.0,7187.0,1154.0,0.956,1.46,3.43,83.17,0.33,0.05,0.1,0.05,1.72,1.36,22.26,3.33,1.26,2.7,0.025,0.19,0.55,0.78,0.12,269.1,0.31,0.03,0.33,2.06,76.89,47.84,0.005,38.22,0.83,0.5,0.21,17.59,0.025,0.025,0.35,0.03,0.5,0.11,12.71,0.32,0.91,4.76,1,0,0
6574.0,7159.0,1131.0,0.025,0.57,2.72,39.1,0.42,0.005,7.32,0.52,1.94,0.73,13.97,1.62,0.81,1.04,0.025,0.05,0.2,1.01,0.04,845.65,0.38,0.02,0.1,1.37,66.21,15.87,0.01,10.19,0.52,0.5,0.1,70.52,0.025,0.025,0.14,0.01,0.17,0.05,8.69,0.1,0.74,2.22,0,0,0
6582.0,7104.0,1164.0,0.021,0.73,1.73,139.8,0.35,0.005,9.54,0.22,5.15,0.72,12.18,2.13,0.63,1.67,0.15,0.05,0.28,1.91,0.04,775.42,0.38,0.02,0.1,1.44,113.24,21.17,0.02,11.23,0.43,0.5,0.21,93.33,0.025,0.025,0.14,0.01,0.2,0.05,8.46,0.19,1.33,1.14,0,0,0
6581.0,7080.0,1177.0,0.28,1.54,22.4,97.96,0.61,0.05,1.82,0.48,8.41,2.33,16.44,5.58,1.68,3.94,0.12,0.21,0.5,4.65,0.15,1262.28,0.57,0.03,0.39,2.48,137.91,39.78,0.01,22.99,1.97,1.09,0.33,19.8,0.025,0.119,0.5,0.02,0.4,0.18,30.28,0.32,3.47,5.79,1,1,1
6586.0,7102.0,1158.0,1.221,1.38,11.53,81.28,0.37,0.05,10.73,3.62,11.01,1.9,11.48,2.03,0.99,2.63,0.025,0.32,0.55,5.89,0.13,1203.05,0.7,0.01,0.66,1.28,128.94,36.25,0.02,27.09,1.81,2.07,0.32,137.24,0.025,0.05,0.39,0.05,0.35,0.1,22.46,0.48,3.05,10.07,1,1,1
5816.0,7775.0,724.0,0.011,0.92,1.59,32.69,0.11,0.005,17.02,0.05,4.26,1.18,6.65,0.74,0.95,2.29,0.025,0.05,0.32,2.85,0.19,1876.83,0.24,0.11,0.05,0.72,19.23,27.55,0.01,4.51,0.42,0.5,0.1,184.78,0.025,0.025,0.05,0.0025,0.17,0.05,13.05,0.1,1.84,0.25,0,0,0
5811.0,7865.0,702.0,0.029,0.96,5.91,109.65,0.24,0.05,0.19,0.21,2.25,1.26,20.36,1.48,1.12,1.68,0.025,0.1,0.32,1.01,0.1,990.31,1.4,0.02,0.19,1.76,93.87,22.84,0.01,24.34,0.86,0.5,0.4,10.82,0.025,0.025,0.19,0.03,0.2,0.1,12.88,0.29,0.9,3.45,0,0,0
5962.0,7775.0,743.0,0.006,1.46,9.29,100.15,0.36,0.005,0.96,0.07,4.12,2.11,17.12,3.25,1.21,3.23,0.025,0.2,0.63,2.23,0.13,372.06,0.41,0.02,0.61,2.27,141.78,32.87,0.01,44.1,1.97,0.5,0.31,18.61,0.025,0.025,0.42,0.06,0.34,0.1,18.49,0.74,2.09,7.88,0,0,0
5817.0,7768.0,721.0,1.094,1.55,4.66,144.87,0.17,0.05,0.47,0.05,6.84,3.05,24.58,2.16,1.79,3.52,0.025,0.28,0.39,3.0,0.31,354.3,0.57,0.16,0.87,3.1,196.34,24.79,0.01,14.36,2.51,0.5,0.29,29.73,0.05,0.025,0.5,0.07,0.21,0.19,27.07,0.5,2.17,14.0,1,0,0
17.0,9179.0,825.0,0.0025,5.95,3.52,70.12,2.0,0.87,1.56,5.11,39.37,10.92,9.41,4.6,4.92,12.53,0.15,1.77,0.14,26.11,0.89,2316.82,0.5,1.11,11.22,7.62,582.59,11.8,0.005,3.3,9.88,0.5,5.94,293.76,1.01,0.052,20.19,0.09,0.17,2.81,33.79,0.54,26.37,119.01,0,0,1
16.0,9177.0,825.0,0.0025,5.67,89.72,515.73,0.91,1.47,0.05,0.26,67.79,1.75,50.12,3.21,1.91,13.54,0.14,0.58,2.45,30.52,0.18,153.1,1.52,0.08,16.65,7.3,336.53,138.74,0.005,22.75,9.99,0.5,18.06,21.44,1.13,0.025,9.55,0.53,1.41,1.31,72.76,8.41,13.93,17.78,0,0,0
0.0,9216.0,817.0,0.0025,11.48,10.56,365.79,2.6,0.1,0.09,0.09,106.44,15.83,79.15,6.29,4.87,25.6,0.13,0.52,3.93,42.85,0.65,800.8,1.53,0.2,23.65,37.69,415.89,180.08,0.01,2.42,17.38,0.5,2.45,56.16,1.73,0.025,13.33,0.83,1.46,1.01,108.96,4.29,11.5,12.27,0,0,0
26.0,9211.0,817.0,0.0025,1.8,65.58,148.96,0.28,0.05,0.02,0.08,18.35,1.19,20.56,1.04,0.81,3.79,0.05,0.88,0.72,8.11,0.08,84.0,0.61,0.05,4.47,2.6,68.47,40.44,0.005,7.55,2.02,0.5,2.51,6.37,0.29,0.025,3.19,0.15,0.45,0.37,18.32,2.53,3.63,9.74,0,0,0
353.0,8869.0,792.0,0.005,0.63,36.03,30.32,0.15,0.06,0.01,0.07,10.54,0.28,24.52,0.76,0.62,1.5,0.025,0.11,0.32,4.72,0.02,71.43,0.8,0.02,2.03,1.3,28.86,22.31,0.005,9.39,0.38,0.5,2.25,2.69,0.15,0.025,1.44,0.09,0.23,0.18,7.52,1.8,1.55,3.44,0,0,0
281.0,7781.0,787.0,0.0025,6.78,1.29,2000.04,1.56,0.07,1.6,0.16,47.17,0.41,6.4,1.04,0.81,12.95,0.07,0.84,3.21,24.27,0.22,287.33,0.37,2.74,11.04,1.39,439.83,81.83,0.005,1.56,3.04,0.5,2.84,374.98,0.98,0.025,18.85,0.16,0.84,3.7,18.16,0.67,21.31,16.94,0,0,0
352.0,8030.0,790.0,0.005,0.48,78.91,10.0,1.45,1.76,0.03,0.19,1.6,65.01,11.47,0.51,43.82,5.53,0.14,0.1,0.03,1.12,0.02,146.35,26.45,0.01,1.11,50.16,896.96,2.44,0.05,43.04,2.03,4.31,103.34,2.49,0.09,0.127,0.86,0.04,0.05,1.61,43.64,84.13,2.09,3.75,0,1,1
363.0,8021.0,790.0,0.0025,0.28,4.85,10.0,2.21,1.33,1.2,0.1,0.34,8.23,1.81,0.36,55.00000000000001,10.77,1.16,0.18,0.02,0.25,0.16,1844.78,0.09,0.005,0.6,13.03,98.59,0.39,0.4,3.49,0.83,0.5,1.2,4.09,0.05,0.098,0.13,0.03,0.05,0.32,45.97,0.83,1.27,9.89,0,0,1
2540.0,7416.0,393.0,0.0025,6.47,5.81,1201.24,1.76,0.15,0.11,0.59,63.67,6.78,3.05,2.37,0.6,17.48,0.12,2.28,4.02,44.93,0.02,481.24,1.59,2.05,5.17,13.79,51.31,152.12,0.005,0.84,5.43,0.5,1.06,85.18,0.66,0.025,17.45,0.03,0.75,3.18,1.06,0.37,25.85,72.98,0,0,0
885.0,11617.0,751.0,0.0025,6.46,2.3,928.39,1.9,0.31,1.44,0.19,45.85,1.78,6.41,1.84,1.48,19.24,0.06,0.28,2.63,24.28,0.17,305.56,2.6,3.25,7.56,0.75,200.1,96.01,0.005,0.62,8.13,0.5,1.81,215.7,0.65,0.025,8.36,0.16,0.58,2.13,9.94,1.29,18.47,8.49,0,0,0
2506.0,13023.0,1097.0,0.0025,7.83,1.91,710.74,1.94,0.13,2.77,0.41,66.74,6.38,4.88,3.35,4.79,24.5,0.08,0.68,2.14,27.36,0.53,624.45,0.88,2.37,14.45,1.12,1068.55,88.19,0.005,0.56,21.1,0.5,10.29,241.52,0.95,0.025,8.71,0.4,0.73,1.33,23.85,0.98,33.96,20.13,0,0,0
20477.0,6665.0,1264.0,0.361,2.62,5.74,98.77,0.6,0.25,0.16,1100.0,23.55,48.72,11.82,5.0,5.75,6.8,0.1,1.35,1.03,10.94,0.36,2229.95,0.43,0.04,3.06,2.93,331.0,71.03,11.0,37.12,4.76,1.93,1.07,5.69,0.21,0.057,2.24,0.15,0.79,0.83,34.06,2.4,7.4,33.74,1,1,1
20654.0,6445.0,1305.0,0.68,2.15,19.06,29.36,0.47,29.96,0.51,378.93,13.55,36.33,15.64,4.4,11.51,6.69,0.08,1.1,0.41,6.05,0.52,2120.01,0.78,0.01,2.73,2.4,302.41,34.16,6.67,15.03,3.27,1.07,1.18,7.72,0.25,0.134,2.71,0.12,0.47,0.9,37.98,75.1,4.12,33.41,1,1,1
21814.0,5432.0,1450.0,0.007,7.92,3.72,748.52,1.78,0.27,1.61,1.25,65.25,3.75,15.2,3.31,3.59,19.65,0.16,0.98,3.64,29.01,0.79,423.0,2.47,2.39,15.59,2.17,649.45,148.62,0.21,1.08,12.17,0.5,2.72,207.98,1.02,0.053,12.45,0.37,0.85,1.88,63.92,1.27,26.09,17.18,0,0,1
21906.0,5514.0,1484.0,0.0025,7.85,2.49,660.21,1.39,0.08,2.72,0.42,47.92,10.99,20.87,2.65,5.29,19.66,0.17,0.38,2.75,18.76,0.92,879.64,1.3,3.38,11.47,3.25,883.29,102.81,0.005,0.54,24.83,0.5,2.54,349.86,0.75,0.025,4.99,0.59,0.43,1.59,167.04,0.85,31.22,7.23,0,0,0
21562.0,2883.0,1392.0,0.02,7.26,8.46,515.31,0.83,0.89,0.13,0.09,71.43,7.24,7.11,3.05,4.51,20.41,0.17,0.58,4.22,28.92,0.31,60.17,1.98,0.31,5.88,2.05,428.63,188.34,5.6,1.32,11.28,1.94,8.17,43.42,0.52,0.066,8.57,0.21,2.2,1.03,58.93,2.6,12.32,19.11,0,1,1
17504.0,8370.0,1297.0,0.029,5.91,46.7,387.94,0.82,40.75,1.83,286.6,20.0,20.43,7.57,9.15,7.68,10.39,0.14,1.16,1.11,9.34,0.79,1570.03,3.34,1.08,3.62,2.36,376.39,42.9,6.74,29.31,6.74,12.95,0.87,101.52,0.34,1.103,3.21,0.27,0.5,1.16,73.03,1.93,10.06,34.79,0,1,1
17444.0,8340.0,1287.0,0.1,2.58,73.58,314.61,0.5,53.84,0.64,799.09,13.11,60.13,4.52,2.2,8.21,5.75,0.22,0.95,0.87,4.81,0.31,911.7,4.96,0.67,2.42,2.13,308.66,37.27,11.0,77.49,2.14,47.68,0.72,86.33,0.17,2.879,1.26,0.11,0.37,0.77,21.83,1.94,4.8,25.67,0,1,1
7849.0,7270.0,1214.0,0.0025,6.43,0.98,1006.4,2.21,0.13,0.3,0.53,63.64,1.39,12.47,2.74,2.0,15.43,0.08,4.39,2.5,37.59,0.12,447.31,3.47,2.83,5.69,0.98,153.07,112.2,0.005,4.18,8.81,0.5,1.78,208.36,0.56,0.025,15.13,0.08,1.38,4.16,8.11,0.3,22.23,134.88,0,0,0
7826.0,7298.0,1201.0,0.011,0.65,24.14,42.47,0.23,0.05,1.02,0.1,2.92,2.9,27.44,1.47,1.18,2.09,0.06,0.2,0.17,1.65,0.19,445.39,1.4,0.03,0.42,2.49,79.78,9.54,0.005,8.46,1.33,0.5,0.21,18.54,0.025,0.025,0.19,0.03,0.13,0.3,16.94,0.19,1.59,5.91,0,0,0
7818.0,7408.0,1145.0,0.018,2.7,23.3,116.18,0.47,0.05,0.99,0.17,9.08,4.68,25.72,4.51,1.46,5.53,0.1,0.65,0.79,4.12,0.39,625.67,0.22,0.15,1.44,4.63,268.61,50.17,0.005,18.51,4.52,0.5,0.4,26.38,0.11,0.025,0.85,0.14,0.61,0.32,65.03,1.01,5.02,22.04,0,0,0
7706.097,7302.684,1237.0,0.006,2.5,25.05,113.16,0.34,0.05,0.05,0.08,11.71,4.63,21.85,4.91,1.97,6.08,0.08,0.68,0.79,5.37,0.4,556.8,0.58,0.03,1.44,3.71,328.27,48.36,0.005,39.66,4.44,0.5,0.5,13.33,0.11,0.025,1.02,0.11,0.56,0.32,45.89,0.74,3.68,26.86,0,0,0
7744.797,7279.979,1228.0,0.009,2.78,53.64,156.47,0.48,0.05,0.09,0.1,9.84,7.26,24.15,6.46,2.64,6.49,0.07,0.94,1.07,3.79,0.28,508.36,4.58,0.03,2.21,4.14,358.88,65.36,0.005,30.34,5.85,0.5,0.53,12.78,0.12,0.025,1.42,0.18,0.8,0.48,47.53,0.91,4.71,37.61,0,0,0
7749.347,7367.764,1200.0,0.008,2.16,20.98,137.8,0.35,0.05,0.07,0.07,7.36,4.15,24.17,4.61,1.15,5.01,0.1,0.55,0.87,2.98,0.21,229.12,0.69,0.02,1.41,2.52,203.93,50.66,0.005,20.57,3.72,0.5,0.28,10.93,0.09,0.025,0.9,0.1,0.49,0.31,42.21,0.84,2.92,22.1,0,0,0
7741.41,7368.99,1195.0,0.0025,4.07,7.53,174.46,0.4,0.05,0.89,0.07,18.39,8.2,22.17,5.2,4.42,9.78,0.11,1.39,0.98,7.81,1.0,1550.08,0.42,0.34,2.62,8.62,436.12,58.43,0.005,20.98,7.63,0.5,0.6,42.16,0.18,0.025,1.88,0.21,0.63,0.47,87.91,1.29,8.73,87.2,0,0,0
7767.173,7369.335,1199.0,0.01,2.35,5.98,102.8,0.36,0.005,0.94,0.06,12.87,3.18,16.46,4.82,1.56,4.96,0.025,0.54,0.81,6.08,0.32,1314.51,0.22,0.09,1.55,4.23,328.34,47.33,0.005,61.76,5.47,0.5,0.42,23.01,0.1,0.025,1.16,0.13,0.69,0.27,57.31,0.71,6.34,21.23,0,0,0
7779.157,7350.879,1186.0,0.0025,6.3,10.55,621.36,0.69,0.05,3.95,0.11,30.92,12.05,28.28,8.11,4.45,12.89,0.06,1.97,1.98,13.61,0.99,2183.92,0.38,0.95,4.58,7.41,797.84,101.91,0.01,28.41,12.79,0.5,1.03,192.7,0.27,0.025,2.67,0.33,1.2,0.88,103.91,2.71,14.38,76.96,0,0,0
7646.0,7409.0,1213.0,0.005,3.12,6.35,118.82,0.43,0.05,2.08,0.05,14.41,4.4,20.83,5.37,2.07,6.68,0.05,0.89,0.89,7.13,0.37,1227.55,0.42,0.21,2.41,3.57,379.62,56.38,0.01,36.61,6.23,0.5,0.63,44.54,0.15,0.025,1.21,0.19,0.53,0.42,55.65,0.95,7.16,34.38,0,0,0
7634.0,7420.0,1220.0,0.011,3.45,11.79,184.39,0.51,0.05,4.37,0.06,18.74,6.36,20.7,4.78,2.04,7.35,0.06,1.04,1.1,9.38,0.43,1403.44,1.53,0.49,2.77,4.85,396.27,60.31,0.01,33.6,8.31,0.5,0.74,98.28,0.16,0.025,1.79,0.23,0.78,0.54,62.17,1.71,8.99,44.15,0,0,0
7823.0,7323.0,1185.0,0.008,3.58,13.77,363.95,0.49,0.05,1.06,0.06,17.06,9.47,25.56,5.9,2.1,7.13,0.08,1.23,1.19,10.1,0.39,1767.06,0.82,0.64,3.02,4.14,420.13,72.95,0.01,20.79,8.07,0.5,0.87,91.59,0.18,0.025,1.6,0.23,0.83,0.53,54.12,1.48,8.42,58.56,0,0,0
7873.0,7354.0,1165.0,0.006,3.92,62.18,234.4,0.64,0.07,0.63,0.35,16.78,12.84,20.82,4.06,4.5,12.4,0.06,0.93,0.79,6.9,1.31,1222.78,7.68,0.72,2.82,6.58,453.55,43.39,0.08,17.73,8.18,0.5,0.83,70.67,0.15,0.025,1.51,0.19,0.41,0.69,83.51,1.88,9.76,42.57,0,0,0
7843.0,7359.0,1144.0,0.0025,3.23,18.12,117.91,0.47,0.05,10.22,0.06,11.34,6.72,16.52,4.82,1.86,7.18,0.07,0.91,0.87,6.25,0.53,1099.76,0.46,0.26,1.98,5.62,359.18,55.99,0.05,20.46,5.38,0.5,0.54,98.12,0.12,0.025,1.09,0.17,0.5,0.21,55.09,1.16,6.43,30.68,0,0,0
7823.0,7392.0,1133.0,0.0025,4.53,6.83,123.7,0.49,0.05,1.45,0.07,13.97,6.99,20.26,3.4,2.56,8.44,0.06,0.85,0.78,6.65,0.86,804.42,0.19,1.07,2.87,6.19,578.54,44.14,0.03,11.3,7.86,0.5,0.49,89.16,0.19,0.025,1.16,0.23,0.45,0.32,67.33,1.35,7.24,25.89,0,0,0
7940.583,7733.243,1044.0,0.0025,1.6,3.13,103.98,0.63,0.05,0.05,0.05,2.98,1.35,18.13,3.4,0.75,4.24,0.025,0.3,0.45,1.43,0.16,155.86,0.28,0.12,0.69,1.29,98.62,30.98,0.005,15.14,1.37,0.5,0.29,11.46,0.05,0.251,0.59,0.05,0.27,0.19,21.24,0.36,1.25,11.12,0,0,1
