Ag_ppm,Al_per,As_ppm,Ba_ppm,Be_ppm,Bi_ppm,Ca_per,Cd_ppm,Ce_ppm,Co_ppm,Cr_ppm,Cs_ppm,Cu_ppm,Fe_per,Ga_ppm,Ge_ppm,Hf_ppm,K_per,La_ppm,Mg_per,Mn_ppm,Mo_ppm,Na_per,Nb_ppm,Ni_ppm,P_ppm,Pb_ppm,Rb_ppm,Re_ppm,S_per,Sb_ppm,Sc_ppm,Se_ppm,Sn_ppm,Sr_ppm,Ta_ppm,Te_ppm,Th_ppm,Ti_per,Tl_ppm,U_ppm,V_ppm,W_ppm,Y_ppm,Zn_ppm,Zr_ppm,target_Au,Au_ppm,East,North,Level,is_synthetic
10.773,1.42,26.88,77.94,0.31,0.005,0.03,0.05,2.77,1.02,16.41,2.5,4.99,1.05,3.02,0.025,0.21,0.61,1.35,0.09,83.53,3.45,0.02,0.39,1.36,88.83,7.2,40.83,0.001,0.005,17.82,1.22,0.5,0.2,9.27,0.025,0.025,0.43,0.03,0.27,0.47,29.01,0.3,0.88,5.45,7.7,1,0.438,5716.123,7160.875,1038.02,0
2.349,5.99,55.74,183.02,1.04,3.2,1.69,1.29,16.51,1.46,31.25,7.43,1.56,1.48,13.69,0.07,0.54,1.63,7.72,0.53,335.23,0.8,0.16,7.98,5.47,550.75,321.55,105.99,0.001,0.05,8.74,8.49,0.5,3.98,24.84,0.55,2.246,6.25,0.34,0.98,1.06,96.83,1.64,15.94,250.09,13.41,0,0.01,13481.737,7834.28,1461.28,0
0.073,7.11,0.97,998.73,1.88,0.05,0.91,0.64,55.69,0.66,6.06,1.81,8.22,1.36,15.27,0.05,3.15,2.8,28.26,0.08,547.35,0.82,2.71,8.56,0.63,78.05,115.47,102.69,0.001,0.005,3.52,7.34,0.5,2.51,155.51,0.77,0.025,15.17,0.08,0.98,3.59,3.87,0.49,31.46,68.2,74.47,0,0.0025,7342.329,9283.829,938.0,0
0.572,2.49,10.32,138.52,0.47,0.05,0.84,0.12,10.13,5.58,14.73,5.85,7.57,1.32,6.69,0.09,0.6,1.07,4.28,0.2,480.34,1.11,0.05,1.8,2.8,248.06,7.5,74.19,0.001,0.02,24.54,4.28,0.5,0.31,21.17,0.11,0.025,1.03,0.11,0.88,0.3,36.64,0.91,4.18,17.54,34.13,0,0.008,7168.444,7722.349,1026.789,0
0.447,9.83,68.46,538.22,1.33,0.15,0.16,4.31,48.0,19.48,32.57,15.85,10.75,4.95,20.65,0.22,3.26,2.47,23.82,0.56,3542.01,1.27,1.01,10.59,16.44,1057.87,492.17,156.47,0.001,0.01,17.64,20.01,0.5,1.63,68.54,0.61,0.025,7.73,0.48,1.79,2.19,134.37,3.07,19.32,688.29,151.78,0,0.0025,7128.681,8945.348,672.58,0
0.118,5.98,2.64,2017.27,1.35,0.24,0.46,0.19,48.74,0.3,3.82,4.83,3.02,0.83,12.85,0.13,2.38,6.06,23.52,0.06,271.1,0.95,0.43,6.67,0.28,75.47,24.05,247.7,0.001,0.01,4.41,2.19,0.5,3.47,139.22,0.87,0.052,20.37,0.03,1.77,5.95,1.0,1.21,17.63,53.83,67.74,0,0.0025,5886.0,6149.0,1254.0,0
0.363,3.93,12.82,195.55,0.56,0.06,2.62,0.17,16.72,5.2,24.63,4.35,6.04,1.78,7.6,0.025,1.34,1.43,8.41,0.38,892.87,0.48,0.07,2.65,9.14,298.31,6.75,103.74,0.001,0.03,5.64,5.64,0.5,0.72,38.25,0.2,0.025,3.21,0.16,0.85,0.92,38.85,1.14,7.75,43.96,45.8,0,0.0025,6235.006,8239.024,694.0,0
0.37,2.9,29.93,140.09,0.43,0.05,0.08,0.01,14.39,2.6,15.33,5.31,2.62,1.1,5.79,0.025,1.09,1.09,6.68,0.21,362.72,3.61,0.03,1.9,1.35,302.87,13.57,88.73,0.001,0.01,5.84,3.41,0.5,0.63,8.56,0.15,0.025,2.39,0.12,0.67,0.63,35.75,1.1,3.76,15.97,54.26,0,0.015,5427.29,8016.623,590.0,0
0.066,5.42,3.4,436.48,1.4,0.16,2.63,0.11,27.76,4.22,11.4,3.43,7.14,1.87,13.05,0.11,2.6,1.7,16.17,0.57,462.51,0.26,1.67,6.57,5.61,293.5,18.08,64.7,0.001,0.02,1.43,4.84,0.5,2.03,258.14,0.69,0.025,10.3,0.13,0.6,3.18,29.59,0.76,11.45,42.6,72.86,0,0.0025,7040.0,7506.0,1176.0,0
13.68,3.37,366.85,181.76,0.48,0.05,0.09,1.62,14.84,5.43,20.63,4.71,518.71,2.56,7.46,0.025,0.76,0.9,8.35,0.61,971.28,0.36,0.07,2.24,3.61,271.51,370.11,61.99,0.001,0.03,17.95,5.13,0.5,6.73,11.72,0.14,0.025,1.52,0.15,0.46,0.55,58.05,0.97,5.61,400.59,27.04,0,0.043,7564.877,6330.717,1304.417,0
6.967,2.27,33.05,88.46,0.28,0.05,1.09,2.24,4.13,3.47,15.05,2.59,327.42,4.04,6.9,0.07,0.38,0.63,2.19,0.19,960.74,8.65,0.01,0.75,2.2,166.08,585.08,38.58,0.001,0.93,29.36,1.89,1.07,4.21,25.98,0.06,0.534,0.65,0.06,0.43,0.18,45.76,0.48,1.92,612.7,14.92,0,0.032,8054.946,6334.044,1365.179,0
17.443,3.88,132.87,270.3,0.74,0.05,0.09,0.3,15.28,7.12,18.25,11.15,10.92,2.41,8.46,0.12,1.69,1.87,9.18,0.26,234.81,4.72,0.03,2.63,4.27,388.47,13.34,122.58,0.001,0.01,19.12,7.26,1.04,0.77,14.62,0.19,0.086,2.07,0.22,1.18,0.71,75.52,2.25,6.93,23.66,45.75,1,0.401,6463.948,7037.448,1206.0,0
0.027,0.47,17.91,19.09,0.08,0.31,0.06,0.05,5.88,0.4,58.08,0.24,6.7,0.77,1.18,0.025,0.6,0.02,2.0,0.01,67.15,2.12,0.01,4.14,2.06,45.34,7.05,0.82,0.001,0.02,4.04,0.64,0.5,9.41,4.93,0.17,0.383,1.49,0.29,0.09,0.85,14.61,0.81,3.33,9.34,19.95,0,0.0025,10792.955,7196.518,1359.29,0
0.718,8.66,1.76,90.24,0.97,1.89,5.44,0.14,44.97,5.6,28.29,27.64,124.66,12.9,28.06,0.11,1.75,0.63,26.6,1.66,1039.23,1.79,0.57,7.56,4.07,973.61,8.78,59.29,0.001,0.74,3.44,13.62,0.5,5.4,141.37,0.58,1.26,8.84,0.54,0.46,2.03,154.47,6.64,15.41,78.37,62.74,0,0.011,4632.452,6103.056,1039.0,0
0.203,3.35,12.32,46.42,0.65,0.09,0.03,0.05,36.34,1.69,36.11,5.19,7.67,1.58,6.63,0.12,1.73,0.79,15.95,0.08,102.82,0.75,0.08,9.08,5.98,136.81,8.33,40.08,0.001,0.01,1.76,4.58,0.5,1.01,32.9,0.61,0.025,5.11,0.28,0.47,1.06,36.04,1.2,9.02,16.31,72.92,0,0.0025,4687.75,7910.9,316.0,0
0.06,8.38,11.5,383.52,1.1,0.05,4.09,0.07,35.61,15.89,30.53,5.97,19.13,4.22,18.94,0.18,1.61,1.43,15.63,1.72,927.25,0.46,2.32,5.65,8.43,577.64,5.6,107.71,0.001,0.06,1.67,16.22,0.5,2.66,227.98,0.4,0.025,2.9,0.4,0.65,0.84,127.35,0.92,12.81,79.92,49.36,0,0.0025,6681.0,6855.0,1300.0,0
0.194,6.56,16.56,340.3,1.33,0.08,0.03,0.12,53.11,0.3,2.77,5.41,2.19,0.99,15.9,0.025,3.97,2.24,22.0,0.08,69.19,2.88,0.08,6.76,0.62,107.58,16.19,101.23,0.002,0.005,15.05,8.87,0.5,3.2,7.95,0.61,0.025,13.9,0.08,1.01,3.58,4.92,1.07,19.63,29.23,116.39,0,0.0025,7777.329,9421.947,1001.08,0
0.097,9.67,2.86,534.36,1.16,0.12,4.18,0.05,31.01,12.77,62.32,17.57,19.47,6.03,22.07,0.16,0.83,2.88,13.33,2.29,925.36,2.83,1.63,8.46,15.62,993.9,8.06,115.65,0.001,0.22,1.53,21.3,1.0,0.85,204.41,0.49,0.06,2.22,0.7,1.81,0.54,184.37,1.72,12.99,75.48,30.68,0,0.0025,5414.701,6353.784,1317.0,0
0.192,6.8,0.84,654.53,1.44,0.11,0.45,0.17,51.09,0.67,1.88,3.08,2.21,1.77,19.25,0.13,2.99,2.09,29.07,0.1,295.77,0.27,2.44,8.12,0.39,106.37,12.4,86.94,0.001,0.005,1.29,9.67,0.5,2.13,118.82,0.66,0.025,12.74,0.08,0.77,3.48,3.98,0.45,19.84,39.95,86.64,0,0.005,6810.0,6716.0,1342.0,0
0.296,6.99,15.87,590.87,0.7,0.05,3.26,0.05,31.24,9.6,32.72,5.28,19.37,3.63,15.32,0.08,1.18,3.75,16.64,0.5,638.81,5.81,0.66,5.25,8.2,709.82,18.6,185.76,0.001,0.31,9.64,14.27,0.5,1.07,128.13,0.39,0.025,3.6,0.42,1.98,0.94,115.9,1.03,12.34,31.72,39.81,0,0.01,4897.314,6639.522,1068.0,0
0.192,6.75,3.44,627.89,1.54,0.31,1.85,0.56,55.92,0.74,6.2,6.74,7.7,1.75,18.0,0.09,2.31,1.93,29.44,0.14,321.94,4.13,1.68,8.74,0.86,106.43,37.71,104.5,0.001,0.14,2.37,9.27,0.5,2.85,218.01,0.73,0.225,13.33,0.1,0.97,2.9,4.36,0.49,29.96,113.02,72.96,0,0.007,5142.0,6381.0,1183.0,0
0.065,8.28,69.51,458.32,1.63,0.12,1.99,0.06,72.71,2.0,9.68,7.11,11.5,1.75,19.22,0.12,2.68,4.08,31.69,0.41,199.96,3.29,0.29,10.14,1.21,370.38,9.48,236.38,0.001,0.61,4.25,6.66,0.5,1.98,64.68,0.66,0.097,17.05,0.18,1.21,2.52,16.95,1.86,19.9,22.32,105.44,0,0.006,5683.0,5858.0,1097.0,0
0.436,5.45,11.05,524.54,0.41,0.09,1.2,0.12,25.59,6.93,10.39,2.93,85.51,6.83,12.67,0.13,0.66,2.44,12.31,1.11,421.17,1.16,0.35,2.69,2.63,561.73,21.23,135.56,0.001,0.18,8.72,8.34,1.0,0.83,77.9,0.2,0.209,2.47,0.23,1.17,0.81,82.77,2.88,11.14,62.3,24.41,0,0.027,5073.0,6457.0,1167.0,0
0.338,9.16,9.86,567.71,0.95,0.76,2.33,0.45,36.04,15.15,11.41,11.44,18.45,6.6,20.77,0.12,0.54,1.38,14.5,1.77,1056.39,0.85,1.84,5.54,2.43,804.48,21.05,57.29,0.001,2.12,4.14,20.41,1.0,1.51,320.6,0.42,0.459,3.55,0.49,0.82,0.67,171.85,0.54,17.04,144.24,21.61,0,0.005,11844.238,6031.247,1478.17,0
0.154,9.32,4.13,524.76,1.24,0.05,4.85,0.13,41.0,18.51,38.2,2.83,25.91,5.51,19.43,0.15,2.79,1.38,16.17,1.66,936.32,0.71,2.41,6.51,13.96,990.68,11.11,37.3,0.001,0.02,2.29,17.79,0.5,1.33,452.79,0.41,0.025,4.56,0.56,0.38,2.13,154.81,1.35,18.75,92.56,109.91,0,0.0025,5377.0,6984.0,973.0,0
0.105,8.7,1.07,494.0,0.97,0.05,3.89,0.16,30.94,12.14,2.85,11.77,15.87,5.76,16.83,0.12,3.14,1.46,15.14,1.17,1255.49,0.32,2.19,6.18,0.49,1154.61,7.46,49.72,0.001,0.01,1.0,28.38,0.5,0.97,178.19,0.43,0.025,3.93,0.82,0.41,1.02,258.86,1.26,25.94,126.13,106.92,0,0.0025,6137.0,7008.0,1255.0,0
0.155,2.64,6.93,36.27,0.37,0.05,22.93,0.11,22.89,8.57,11.62,3.11,14.18,3.72,6.71,0.05,1.07,0.24,14.23,1.59,3886.34,0.84,0.15,1.93,5.15,289.66,8.97,22.36,0.001,0.06,8.72,6.09,1.0,0.43,260.47,0.12,0.025,1.41,0.13,0.26,0.4,45.34,0.58,10.9,50.73,40.48,0,0.007,11060.061,6529.653,1513.0,0
0.583,8.32,28.6,471.69,1.17,0.05,5.08,0.2,25.87,19.05,38.38,3.47,23.38,4.89,21.02,0.1,2.97,0.59,11.66,1.84,890.32,1.67,1.66,6.61,13.6,1040.06,17.93,6.83,0.003,0.13,1.98,18.52,1.05,1.5,347.95,0.55,0.025,3.29,0.49,0.33,1.18,147.01,0.57,13.67,87.39,113.28,0,0.0025,9657.505,3298.599,1483.869,0
0.555,1.97,7.27,98.27,0.15,0.44,1.66,0.05,7.73,0.85,16.56,0.62,83.68,6.43,9.23,0.08,0.27,0.52,3.05,0.25,363.49,0.96,0.06,0.93,0.96,211.13,5.76,30.32,0.001,0.09,11.6,2.53,1.02,3.63,54.08,0.07,0.714,0.67,0.09,0.24,0.19,47.63,0.72,1.98,21.12,8.29,0,0.025,5022.0,6829.0,1005.0,0
0.005,7.32,0.83,1228.14,2.15,0.06,0.5,0.05,78.79,1.38,9.72,6.16,4.54,1.66,17.14,0.14,4.34,4.5,34.89,0.1,349.02,5.35,2.16,12.88,1.02,113.65,15.45,213.32,0.001,0.01,1.18,3.55,0.5,3.84,153.66,1.27,0.025,23.87,0.1,1.18,6.31,5.85,2.45,23.64,30.94,151.11,0,0.0025,11057.485,7814.044,1351.0,0
1.801,2.85,12.27,118.06,0.66,0.26,7.21,0.24,7.5,5.11,24.38,0.69,7.63,1.93,7.32,0.025,0.66,0.35,3.59,0.81,970.55,0.75,0.23,1.38,4.6,301.1,5.18,16.03,0.001,0.01,22.07,4.94,0.5,0.77,118.46,0.1,0.025,0.85,0.13,0.21,0.28,38.09,0.86,4.19,62.27,33.61,1,1.358,6528.118,7809.41,960.0,0
0.593,6.1,561.64,1238.22,0.72,0.2,0.02,0.05,61.83,0.18,3.99,5.07,3.18,0.93,11.59,0.025,3.4,4.12,35.44,0.09,46.8,1.9,1.04,7.99,0.71,65.25,15.19,163.85,0.001,0.03,10.66,3.01,0.5,3.23,55.73,0.77,0.025,20.52,0.05,1.67,4.15,1.0,0.6,17.84,14.09,91.94,0,0.029,8527.44,5936.09,1379.58,0
0.14,7.73,4.1,340.65,1.24,0.05,5.55,0.18,46.07,16.89,43.03,6.81,22.33,5.02,22.69,0.11,1.17,1.32,23.45,1.83,1122.86,1.05,2.17,7.35,15.77,1127.63,24.11,50.5,0.001,0.17,2.47,22.15,0.5,1.32,430.43,0.59,0.085,5.26,0.59,0.81,1.01,177.42,1.25,19.44,107.74,37.32,0,0.007,6895.546,5170.002,1296.379,0
0.094,8.55,2.53,418.98,1.13,0.05,4.5,0.12,33.03,16.22,28.61,9.65,15.05,4.76,19.31,0.08,2.93,1.32,15.95,1.62,816.0,1.15,2.58,6.16,7.31,879.1,9.07,52.38,0.001,0.02,4.25,17.68,0.5,1.26,389.89,0.41,0.025,4.36,0.49,0.44,1.14,153.56,0.69,17.56,82.02,113.95,0,0.0025,8331.0,6099.0,1439.0,0
0.033,1.83,8.8,97.64,0.4,0.05,0.8,0.08,9.06,4.29,22.69,1.99,7.64,2.76,5.14,0.07,0.43,0.2,4.09,1.0,861.98,1.1,0.24,0.91,4.01,142.68,4.99,10.13,0.001,0.05,6.79,3.02,0.5,0.27,52.34,0.08,0.025,0.61,0.06,0.13,0.19,40.47,0.1,4.13,47.25,13.86,0,0.0025,10810.606,6402.749,1447.88,0
1.134,7.06,147.71,700.04,1.15,0.05,0.06,0.05,34.08,1.86,6.11,7.2,45.8,9.14,16.31,0.06,1.02,2.61,22.22,0.22,91.4,3.82,0.18,10.2,0.92,1369.61,58.81,169.55,0.001,0.03,5.05,11.39,1.04,0.82,36.7,0.6,0.05,5.99,0.33,1.27,1.22,46.37,1.97,7.34,20.97,47.47,0,0.013,6460.375,8364.004,728.0,0
0.098,3.14,5.58,65.01,0.37,0.05,4.47,0.13,13.39,7.06,24.01,3.85,13.51,3.36,7.83,0.07,0.86,0.44,6.4,1.13,1556.16,0.74,0.7,2.08,5.6,355.12,5.65,30.36,0.001,0.55,4.87,5.56,0.5,0.36,142.53,0.15,0.025,1.19,0.15,0.24,0.54,56.33,0.63,6.43,42.76,61.43,0,0.0025,10718.315,6190.842,1442.0,0
0.079,7.97,3.19,450.06,1.06,0.23,2.25,0.17,35.04,12.91,23.04,5.61,4.43,3.57,19.04,0.07,1.17,1.53,15.63,1.32,746.95,0.31,2.81,6.74,8.39,852.25,13.39,96.49,0.001,0.01,3.02,14.41,0.5,1.54,407.52,0.51,0.075,5.18,0.38,0.72,1.31,110.39,0.96,15.02,81.64,32.13,0,0.0025,5497.0,6745.0,1130.0,0
0.081,8.34,2.55,771.57,1.02,0.05,3.48,0.07,31.89,17.33,23.66,1.99,9.15,5.45,17.06,0.1,2.19,1.24,12.25,1.76,915.62,0.4,2.39,7.19,10.0,1087.78,8.52,24.5,0.001,0.01,3.28,16.98,0.5,1.19,505.08,0.47,0.025,2.69,0.55,0.49,0.83,146.05,1.68,14.18,93.53,70.85,0,0.0025,6240.0,7406.0,1015.0,0
3.155,1.61,10.53,74.99,0.61,0.005,0.03,0.08,3.56,1.1,14.97,2.87,3.39,0.94,2.66,0.025,0.31,0.51,2.08,0.05,165.08,0.28,0.02,0.73,1.27,131.08,8.73,28.59,0.001,0.01,24.41,1.47,0.5,0.27,6.77,0.06,0.025,1.0,0.03,0.27,0.29,13.17,0.28,1.1,36.7,10.46,1,0.998,7353.587,7342.322,1299.0,0
0.052,2.53,143.99,153.33,0.37,4.73,0.04,0.05,28.75,0.4,18.06,4.42,40.15,11.1,6.45,0.19,1.33,0.29,15.63,0.09,36.82,2.24,0.2,3.01,0.62,1009.73,82.12,15.12,0.001,0.12,6.93,3.77,9.28,2.67,69.98,0.22,4.474,9.2,0.16,1.26,0.8,32.01,0.22,4.94,19.93,61.34,0,0.0025,10768.307,7210.64,1354.6,0
0.058,7.87,15.63,438.71,1.03,0.14,1.13,0.14,41.79,16.26,23.05,4.52,25.6,3.66,22.08,0.14,2.9,1.45,19.46,1.19,1933.66,1.4,3.11,6.52,11.32,951.4,13.89,71.16,0.002,0.27,1.77,16.02,0.5,1.73,350.94,0.53,0.112,6.65,0.4,0.59,3.1,102.76,0.68,18.04,69.07,99.58,0,0.005,7563.0,7166.0,1300.0,0
0.038,7.6,1.49,801.16,1.49,0.05,0.33,0.05,56.52,0.59,3.07,1.66,1.16,1.56,15.76,0.07,2.81,3.24,32.22,0.06,396.12,0.74,2.65,5.92,0.84,157.8,5.73,128.46,0.001,0.005,1.44,7.98,0.5,3.55,121.77,0.51,0.025,14.69,0.07,1.08,3.32,4.82,0.2,15.64,18.57,82.91,0,0.0025,6666.0,7816.0,1002.0,0
0.156,3.04,6.08,448.79,0.45,0.05,5.53,0.27,16.89,6.34,17.3,5.19,7.72,2.59,6.71,0.13,1.33,1.02,7.95,0.78,1299.23,0.97,0.38,2.22,4.53,297.34,15.49,50.64,0.001,0.005,30.7,5.8,0.5,0.62,137.7,0.16,0.025,1.71,0.16,0.6,0.55,52.2,0.87,7.22,62.75,47.17,0,0.0025,9842.0,6739.0,1407.0,0
0.005,8.28,0.52,816.33,1.11,0.005,2.71,0.05,30.5,5.48,4.89,18.08,12.11,3.49,18.01,0.09,2.31,2.44,16.37,0.96,1290.65,0.37,2.17,5.91,1.31,604.65,7.83,98.0,0.001,0.01,4.48,11.41,0.5,0.39,305.91,0.62,0.025,8.56,0.32,0.86,2.34,49.82,1.0,18.91,78.44,83.71,0,0.0025,10543.592,7645.832,1239.0,0
0.04,9.14,6.55,271.76,1.12,0.07,3.89,0.06,34.2,11.18,13.88,10.84,3.21,4.23,20.3,0.1,1.7,1.38,18.15,1.41,870.77,0.33,2.81,6.19,5.36,816.77,9.83,74.18,0.001,0.18,2.8,16.88,0.5,1.35,456.96,0.51,0.025,4.53,0.5,0.84,1.26,118.33,1.53,15.78,57.7,50.89,0,0.0025,5519.347,6483.03,1258.0,0
0.107,2.84,18.06,167.82,0.38,0.05,0.05,0.05,13.52,2.49,21.42,3.47,4.42,1.45,4.56,0.025,1.17,1.01,6.72,0.19,271.98,0.85,0.04,2.14,1.44,345.01,12.94,76.82,0.001,0.005,5.84,3.64,0.5,0.53,11.29,0.13,0.025,2.86,0.13,0.54,0.56,35.7,2.17,3.6,25.95,71.61,0,0.0025,5941.0,8500.0,510.0,0
0.427,8.49,4.14,342.81,1.25,0.1,3.34,0.05,40.75,15.41,31.81,21.94,12.09,4.35,18.54,0.12,1.02,2.43,19.61,1.61,925.5,3.19,1.11,5.91,11.83,876.83,8.06,191.74,0.001,0.71,1.68,19.46,0.5,1.26,112.21,0.43,0.063,3.76,0.48,1.73,0.85,147.54,3.68,14.21,70.51,35.01,0,0.006,5337.068,6535.113,1183.0,0
0.449,3.05,10.27,166.0,0.49,0.27,1.64,1.1,16.89,4.46,17.57,6.09,14.17,2.16,7.24,0.07,0.87,0.77,8.21,0.45,362.94,57.5,0.26,1.7,3.35,278.75,11.96,59.4,0.001,0.07,20.87,5.77,0.5,0.4,44.93,0.13,0.44,1.42,0.14,0.48,0.39,63.99,1.72,5.93,221.37,43.99,0,0.034,4615.867,6342.23,1039.0,0
0.129,9.27,39.1,582.12,1.53,0.05,0.36,0.23,56.81,15.44,3.93,61.91,11.67,4.78,20.6,0.15,5.06,3.64,25.33,0.23,1729.47,3.78,0.09,12.32,3.3,769.8,11.34,228.02,0.001,0.02,80.14,11.92,0.5,1.97,37.95,0.82,0.025,9.31,0.42,1.92,3.04,95.79,2.68,29.39,71.21,218.56,0,0.0025,7359.267,8649.93,635.17,0
0.296,6.08,22.69,699.77,1.21,0.15,2.67,0.54,44.8,4.7,12.94,13.98,11.75,1.78,13.21,0.06,2.53,2.65,25.8,0.34,1287.56,2.67,1.38,7.5,3.22,272.49,38.57,129.33,0.001,0.18,6.05,5.65,0.5,2.39,143.42,0.72,0.025,12.56,0.15,1.34,3.36,34.79,1.36,18.39,85.27,84.27,0,0.0025,8687.14,5293.29,1194.68,0
0.078,11.48,10.56,365.79,2.6,0.1,0.09,0.09,106.44,15.83,79.15,6.29,3.03,4.87,25.6,0.13,0.52,3.93,42.85,0.65,800.8,1.53,0.2,23.65,37.69,415.89,4.04,180.08,0.001,0.01,2.42,17.38,0.5,2.45,56.16,1.73,0.025,13.33,0.83,1.46,1.01,108.96,4.29,11.5,36.25,12.27,0,0.0025,0.0,9216.0,817.0,0
0.108,7.66,3.04,774.95,1.35,0.05,1.91,0.22,32.97,20.21,43.3,4.44,34.98,4.94,18.33,0.1,4.1,1.5,16.0,1.63,4918.99,0.26,3.17,6.98,13.26,1070.2,13.38,38.14,0.001,0.01,15.16,19.78,0.5,1.46,331.44,0.55,0.025,3.99,0.53,0.67,1.32,147.99,0.56,17.82,551.88,144.92,0,0.0025,10159.0,8676.0,1065.0,0
41.227,1.34,193.67,90.55,0.38,0.005,0.03,0.18,3.92,0.39,13.44,3.69,12.27,1.22,3.12,0.06,0.28,0.49,2.7,0.05,81.44,8.36,0.03,0.67,1.48,119.36,33.64,32.22,0.001,0.01,25.29,1.4,0.5,0.28,15.81,0.05,0.053,0.82,0.03,0.33,0.31,16.12,0.54,1.27,56.28,8.43,1,0.317,5670.538,6624.916,1218.0,0
0.109,8.58,11.79,215.43,1.01,0.06,3.73,0.06,33.4,15.09,12.37,5.93,12.42,4.11,21.61,0.08,1.38,1.43,16.5,1.34,645.71,0.23,3.08,8.27,5.84,739.87,6.93,78.68,0.001,0.07,2.62,17.21,0.5,1.28,511.49,0.42,0.025,4.08,0.48,0.81,1.2,130.51,0.91,19.93,51.41,44.17,0,0.029,5616.0,6483.0,1292.0,0
1.728,7.6,188.1,552.78,1.71,0.19,0.35,0.15,45.42,18.85,17.27,41.14,20.8,3.62,19.94,0.07,1.75,2.79,23.98,0.37,2198.84,2.0,0.07,5.68,8.57,800.48,17.82,181.98,0.001,0.005,18.46,12.95,0.5,1.47,22.76,0.47,0.09,6.21,0.28,1.8,2.44,82.57,4.64,17.26,61.12,44.15,0,0.026,6298.897,6480.536,1285.0,0
48.542,3.01,23.58,259.59,0.69,0.05,1.05,2.51,15.28,4.07,19.84,6.89,51.55,0.86,7.84,0.06,0.32,1.31,7.78,0.16,522.33,0.38,0.04,1.35,2.01,246.49,899.93,97.33,0.001,0.03,51.23,4.67,0.5,0.29,15.23,0.09,0.025,0.79,0.13,0.68,0.3,62.15,2.04,3.44,152.83,12.75,0,0.017,7806.013,3268.358,1452.149,0
0.85,3.16,42.73,153.43,0.46,0.05,0.08,0.15,14.42,4.5,20.31,5.24,6.16,1.49,8.29,0.025,1.45,1.39,7.72,0.18,229.69,12.3,0.05,2.49,2.78,281.37,12.4,108.08,0.001,0.005,9.71,5.57,0.5,0.64,8.18,0.22,0.05,3.57,0.18,0.79,0.99,46.58,2.5,5.33,44.04,68.52,0,0.016,5455.093,7871.946,659.0,0
18.743,2.59,11.44,474.78,0.27,0.15,0.31,25.54,6.52,1.24,12.33,4.07,48.38,2.1,4.91,0.025,0.61,1.85,3.9,0.13,105.23,51.36,0.12,0.96,0.92,190.43,1973.63,108.61,0.001,0.23,29.26,3.25,1.0,0.28,36.07,0.07,1.847,0.76,0.07,1.04,0.21,32.77,1.1,1.96,2076.67,20.85,1,0.246,4653.335,6315.891,1063.0,0
6.766,3.82,24.08,263.44,0.63,0.59,0.07,0.44,13.36,7.27,14.73,5.49,127.63,1.7,8.73,0.025,0.98,1.57,5.53,0.2,275.8,10.36,0.03,1.85,1.73,335.7,251.2,118.65,0.001,0.01,10.06,5.26,0.5,1.34,5.89,0.19,0.141,2.62,0.14,1.13,0.82,57.01,0.98,4.46,209.22,33.75,0,0.005,5655.921,7832.334,706.0,0
4.441,2.65,6.56,202.06,0.48,0.05,4.13,0.1,10.64,4.72,19.05,6.04,32.09,1.69,5.03,0.05,0.55,0.88,5.6,0.28,563.9,0.55,0.02,1.34,3.0,254.18,5.16,66.45,0.001,0.01,40.9,3.66,0.5,0.41,51.19,0.09,0.025,0.9,0.11,0.62,0.33,36.19,1.38,3.95,22.14,20.91,0,0.099,5983.0,7749.0,759.0,0
0.041,0.43,5.29,18.32,0.15,0.05,33.06,0.12,2.62,3.32,2.84,0.28,7.08,1.01,1.14,0.025,0.19,0.03,1.49,0.33,1880.73,1.25,0.01,0.49,0.74,1368.78,1.8,2.08,0.001,0.02,0.32,1.02,1.1,0.21,296.18,0.025,0.025,0.47,0.02,0.05,1.23,17.5,0.58,1.56,10.76,6.37,0,0.0025,8678.575,8986.867,1093.85,0
0.072,8.1,3.82,607.94,0.85,0.05,2.68,0.06,28.21,15.98,33.78,1.24,13.89,4.57,20.5,0.21,2.16,1.26,12.81,1.29,887.4,0.45,3.38,6.8,10.26,970.84,8.75,35.04,0.001,0.005,4.4,17.91,0.5,1.47,506.6,0.49,0.025,2.98,0.49,0.47,0.93,151.81,0.87,14.36,89.17,63.9,0,0.0025,6615.0,7184.0,1073.0,0
0.065,7.36,2.97,578.45,0.97,0.05,4.41,0.09,32.39,18.37,27.46,0.92,31.41,5.2,19.4,0.11,3.29,0.89,14.12,1.48,894.54,1.08,2.17,7.3,12.26,1107.78,10.45,14.27,0.001,0.005,1.03,16.5,0.5,1.44,537.09,0.48,0.025,3.82,0.41,0.19,1.1,134.2,0.7,15.87,71.32,86.29,0,0.0025,5942.0,7246.0,1100.0,0
0.2,0.35,4.83,10.12,1.62,0.59,0.06,0.05,0.35,0.4,23.94,0.52,26.12,5.4,2.85,0.05,0.1,0.07,0.25,0.02,236.89,1.64,0.01,0.52,1.08,134.6,3.57,3.7,0.001,0.06,14.35,0.4,1.0,1.24,4.11,0.025,0.497,0.22,0.05,0.05,0.05,24.95,0.37,0.2,9.66,3.68,0,0.007,5748.141,5875.98,1150.0,0
0.728,2.91,17.23,155.66,0.46,0.05,3.5,0.97,12.64,7.38,21.06,3.72,9.28,2.17,5.74,0.05,0.86,0.91,5.82,0.55,603.15,0.62,0.07,1.98,5.25,296.48,38.85,72.11,0.001,0.01,28.6,6.48,0.5,1.17,43.11,0.13,0.025,1.23,0.17,0.61,0.29,55.1,0.95,5.92,204.47,29.5,0,0.021,6774.302,7629.914,1085.0,0
0.151,0.76,14.23,21.61,0.1,0.05,0.01,0.01,10.01,0.41,27.61,0.86,2.61,0.48,2.0,0.025,0.19,0.29,4.98,0.01,40.95,1.03,0.03,2.06,1.41,28.17,2.57,13.65,0.001,0.01,3.67,0.77,0.5,0.52,5.58,0.13,0.025,1.4,0.07,0.17,0.21,5.48,0.56,1.78,4.21,11.54,0,0.0025,4730.0,7936.0,275.0,0
0.698,9.15,4.54,994.76,1.43,0.13,2.35,1.04,51.71,9.04,19.18,5.24,18.36,4.34,19.95,0.14,1.1,2.92,27.24,1.16,974.52,4.39,2.02,7.31,3.57,803.01,175.45,190.1,0.001,0.8,9.15,15.49,0.5,2.02,236.45,0.58,0.025,6.56,0.46,2.67,1.25,121.35,1.83,15.91,278.98,37.81,0,0.0025,3972.212,6290.54,626.0,0
0.339,1.29,4.06,66.01,0.32,0.05,1.24,0.05,4.01,1.74,25.21,3.48,7.32,0.63,2.36,0.025,0.32,0.44,1.8,0.08,265.17,0.22,0.02,0.57,1.64,100.21,1.34,28.82,0.001,0.005,37.46,1.81,0.5,0.22,17.81,0.025,0.025,0.48,0.04,0.34,0.1,17.51,0.32,1.76,8.58,6.68,0,0.024,6125.7,7520.748,916.0,0
0.12,6.46,2.26,460.9,0.81,0.05,0.03,0.01,38.76,3.48,7.96,6.1,3.25,1.28,15.55,0.025,1.15,3.1,19.51,0.62,167.09,0.42,0.08,4.9,2.74,127.13,4.54,216.73,0.001,0.005,0.51,3.53,0.5,1.97,11.05,0.5,0.05,13.43,0.07,1.36,2.88,41.66,2.15,7.26,21.5,24.15,0,0.009,5296.0,5976.0,1178.0,0
0.534,8.86,49.61,351.13,1.2,1.0,3.35,1.77,36.82,12.1,10.1,1.62,67.15,4.62,19.92,0.05,0.61,1.51,15.76,1.0,819.06,0.41,2.11,5.13,3.25,726.4,17.83,84.43,0.001,2.48,1.59,19.12,1.0,5.11,386.34,0.38,0.305,3.84,0.43,1.06,1.08,132.62,3.06,21.25,236.42,17.17,0,0.0025,12101.296,5681.129,1419.069,0
0.747,1.48,14.0,20.91,0.31,0.14,22.79,3.12,12.51,2.9,6.43,1.67,20.15,1.52,4.34,0.025,0.65,0.01,6.04,2.22,4642.54,1.61,0.01,1.13,2.92,1118.19,187.84,0.63,0.001,0.11,10.01,2.27,1.0,0.57,366.41,0.11,0.065,1.67,0.04,0.05,0.47,18.14,0.31,6.6,484.62,21.38,0,0.005,10774.114,9705.094,1406.0,0
0.352,1.28,12.05,58.75,0.41,0.05,0.2,0.06,6.51,1.49,33.87,1.37,15.85,1.41,3.36,0.025,0.41,0.35,3.3,0.17,267.64,0.42,0.19,1.17,1.39,416.57,4.69,27.93,0.001,0.03,5.92,2.02,0.5,0.32,11.02,0.06,0.025,1.3,0.06,0.17,1.02,30.82,0.32,2.46,17.24,13.2,0,0.005,5752.0,7944.0,632.0,0
0.62,0.23,152.1,51.68,0.1,0.55,0.01,0.13,0.41,1.04,22.74,0.24,47.87,0.87,0.79,0.025,0.05,0.16,0.25,0.01,61.01,7.32,0.01,0.1,1.0,21.0,17.19,6.25,0.001,0.21,9.95,0.11,0.5,0.52,5.14,0.025,0.091,0.18,0.0025,0.07,0.22,1.83,1.3,0.18,10.12,0.25,0,0.01,5707.779,3745.325,968.7,0
0.118,5.84,7.2,336.24,0.47,0.22,0.23,0.01,24.52,0.94,49.95,11.35,17.5,2.07,16.43,0.07,2.19,0.79,16.89,2.03,335.55,5.51,0.14,4.75,0.91,738.46,7.04,45.05,0.001,0.57,4.93,11.55,1.05,1.09,158.49,0.36,0.556,5.61,0.43,0.36,1.48,174.43,0.83,5.69,83.86,89.2,0,0.0025,8009.0,4723.0,1132.0,0
0.685,7.36,40.92,707.22,1.2,0.05,2.19,0.05,36.32,13.6,34.21,4.65,21.33,4.37,16.97,0.08,1.93,2.8,17.06,1.31,822.65,0.46,2.3,5.74,7.76,816.37,6.4,142.2,0.001,0.04,4.81,17.56,0.5,1.03,312.71,0.37,0.025,3.28,0.44,1.62,1.1,149.52,1.32,17.78,78.4,70.04,0,0.012,6428.974,6727.485,1352.149,0
0.099,8.75,18.95,639.78,2.02,0.39,1.56,0.08,76.38,22.74,54.0,14.78,127.3,5.36,20.77,0.22,0.82,2.94,30.32,0.99,537.46,4.95,1.25,16.51,29.67,719.7,4.73,165.33,0.002,0.5,22.33,16.81,1.0,1.28,170.63,1.06,0.05,11.97,0.48,1.63,1.69,122.06,1.1,16.55,51.4,26.65,0,0.006,12185.944,9866.588,1324.53,0
0.01,9.01,2.12,518.8,1.21,0.05,0.96,0.01,45.35,6.4,7.63,8.34,0.55,2.68,17.29,0.11,1.36,1.87,25.38,1.21,350.93,0.49,1.73,5.52,3.08,305.32,7.77,103.39,0.001,0.01,1.09,8.36,0.5,1.98,377.98,0.52,0.025,8.01,0.21,0.68,2.23,49.97,1.02,14.9,49.37,50.11,0,0.0025,5357.543,6467.721,1216.0,0
0.246,3.36,39.21,154.64,0.43,0.05,0.09,0.08,16.9,4.88,16.9,4.5,19.02,2.62,6.71,0.025,0.55,1.03,5.9,0.79,1017.16,1.18,0.03,1.32,2.77,302.93,18.79,58.95,0.001,0.01,6.19,5.11,0.5,0.65,9.96,0.09,0.025,1.07,0.13,0.62,0.33,56.04,0.71,3.49,37.58,26.23,0,0.013,7756.197,7418.672,1175.0,0
0.347,1.91,44.18,73.21,0.24,0.05,0.28,0.26,6.19,4.72,11.94,5.04,6.79,2.2,5.58,0.025,0.1,0.25,6.42,0.59,1761.97,0.48,0.03,0.19,2.59,83.64,14.62,15.8,0.001,0.01,6.61,2.27,0.5,0.2,13.19,0.025,0.025,0.28,0.01,0.31,0.11,38.67,0.11,5.37,37.8,2.8,0,0.006,5747.345,7762.019,756.0,0
0.181,7.99,3.2,511.52,0.71,0.05,5.67,0.17,26.31,18.19,52.05,1.11,16.28,5.48,17.11,0.2,2.3,0.45,12.6,2.52,1345.75,0.59,2.1,3.77,12.39,906.32,11.6,6.45,0.002,0.005,5.0,24.98,0.5,0.86,708.87,0.27,0.025,2.66,0.54,0.16,0.83,211.74,0.4,27.16,95.86,80.77,0,0.0025,7311.601,9215.031,946.0,0
0.314,7.14,41.72,592.71,1.44,0.11,0.02,0.05,36.09,1.48,1.93,17.22,3.23,1.85,16.54,0.08,2.66,3.74,20.1,0.26,97.54,4.02,0.05,6.69,0.39,335.58,12.26,205.57,0.001,0.05,7.44,3.88,1.01,1.71,17.54,0.55,0.054,9.74,0.17,1.43,2.51,26.15,1.27,11.6,44.18,102.67,0,0.01,6363.367,6658.965,1292.0,0
0.244,4.15,3.78,419.12,0.61,0.05,6.16,0.06,20.37,9.5,25.1,6.01,21.13,3.12,10.03,0.08,1.62,1.38,9.63,1.26,1217.76,0.42,1.0,3.13,9.56,533.08,3.71,62.41,0.001,0.01,10.49,10.53,0.5,0.64,244.48,0.22,0.025,1.98,0.27,0.7,0.54,92.68,1.21,9.88,48.05,72.6,0,0.0025,6107.0,7601.0,874.0,0
0.149,10.04,4.1,213.47,0.86,1.17,4.23,0.11,37.63,26.74,22.11,1.73,8.61,7.48,22.3,0.17,2.22,0.32,14.93,1.4,1873.45,0.26,2.21,6.05,7.32,976.53,10.94,26.11,0.001,0.41,6.09,32.06,0.5,2.19,509.96,0.36,0.213,3.23,0.67,0.19,0.9,210.2,0.84,24.37,110.36,112.13,0,0.0025,6951.182,8939.598,628.0,0
0.038,7.96,2.63,451.7,0.73,0.05,6.0,0.13,31.46,19.58,40.32,2.04,8.22,5.87,21.49,0.2,2.54,0.94,12.41,1.91,1167.38,0.45,2.04,4.27,13.19,857.17,6.7,11.74,0.001,0.005,1.84,27.6,0.5,1.0,732.94,0.28,0.025,3.48,0.48,0.12,0.91,176.18,0.29,30.02,84.53,100.98,0,0.0025,8119.451,8580.064,926.0,0
24.312,3.77,100.58,201.32,0.57,0.05,0.02,0.05,10.59,0.19,18.59,10.85,2.64,0.99,12.19,0.025,0.75,1.95,7.34,0.17,60.53,114.15,0.04,1.83,0.94,95.02,140.21,124.28,0.005,0.03,29.9,5.44,1.07,0.58,8.93,0.13,0.201,1.53,0.13,1.34,0.42,81.95,2.54,2.99,7.16,27.63,1,1.544,4929.0,6655.0,1040.0,0
5.124,1.49,13.19,129.57,0.41,0.15,0.06,0.07,8.1,5.91,18.21,2.84,523.69,1.17,3.25,0.025,0.75,0.52,2.92,0.09,367.52,34.33,0.02,1.39,2.18,134.9,165.84,32.95,0.001,0.02,25.95,2.03,0.5,0.39,7.35,0.09,0.025,1.04,0.08,0.32,0.19,16.78,0.41,2.61,17.19,23.5,0,0.024,7424.562,8619.624,632.81,0
0.127,7.92,5.85,214.81,0.87,0.05,3.73,0.05,37.91,19.42,36.13,4.81,16.44,4.7,15.54,0.16,1.65,1.08,16.7,1.97,967.05,0.15,3.52,6.45,12.42,930.21,10.2,51.03,0.001,0.06,2.56,18.95,0.5,2.09,388.6,0.44,0.025,2.67,0.55,0.47,0.65,122.91,1.4,13.19,91.12,53.83,0,0.0025,8548.67,5806.69,1341.28,0
0.091,6.07,14.0,901.72,1.42,0.1,0.15,0.05,65.34,0.39,3.83,2.16,2.25,1.08,16.95,0.05,2.78,2.88,28.64,0.04,132.51,1.45,2.28,5.75,0.65,77.48,9.75,135.58,0.001,0.01,2.58,7.85,0.5,2.06,90.62,0.41,0.025,14.11,0.05,0.86,3.73,3.18,0.1,11.78,24.89,74.53,0,0.0025,6433.0,7620.0,919.0,0
8.992,3.0,36.77,188.56,0.61,0.05,2.72,0.12,11.3,5.98,16.01,6.74,7.4,1.57,7.24,0.1,0.97,1.02,7.08,0.33,576.85,1.61,0.2,1.98,3.84,319.69,8.5,69.45,0.001,0.1,40.22,5.92,0.5,0.47,45.4,0.13,0.025,1.87,0.14,0.91,0.48,45.51,1.52,6.38,20.48,41.39,0,0.086,7362.0,7374.0,1272.0,0
0.028,9.35,2.26,912.08,1.57,0.22,0.87,0.11,39.54,6.82,9.76,7.81,2.25,4.1,18.09,0.13,0.96,2.66,17.51,0.91,375.77,0.38,1.35,6.55,6.35,303.12,10.31,140.93,0.001,0.005,0.84,11.43,0.5,1.65,290.25,0.49,0.145,5.39,0.26,1.21,0.95,90.78,1.29,6.54,65.41,30.39,0,0.0025,5601.033,6584.195,1257.0,0
0.633,3.19,1.91,29.39,0.24,0.05,17.08,0.38,20.1,13.34,70.23,0.42,231.06,2.66,8.93,0.05,0.87,0.02,10.17,1.43,2212.67,0.46,0.25,2.08,51.84,399.99,8.82,1.18,0.001,0.02,4.51,8.78,0.5,0.92,535.72,0.13,0.025,1.07,0.19,0.01,0.32,69.98,1.58,11.66,36.87,24.06,0,0.007,6335.46,9129.624,635.0,0
1.816,8.55,32.29,175.92,1.0,0.21,0.64,0.05,40.58,20.29,39.18,20.57,12.29,6.47,18.31,0.08,1.53,2.08,17.69,0.7,299.41,61.43,2.48,13.32,38.97,1376.31,29.42,156.29,0.002,5.28,4.37,13.06,0.5,1.02,112.46,0.78,0.054,4.56,0.53,1.13,1.26,155.57,4.24,12.66,32.06,93.58,0,0.009,5218.0,8313.0,372.0,0
61.768,0.69,2040.48,53.51,0.15,327.01,0.005,0.31,4.39,0.31,17.83,0.34,192.63,1.53,2.12,0.025,0.05,0.31,2.17,0.03,55.07,13.87,0.01,0.19,0.95,79.98,339.47,13.84,0.001,0.05,346.44,0.62,1.0,6.01,3.64,0.025,11.231,0.6,0.01,0.1,0.28,17.57,2.97,0.54,10.92,0.25,1,0.23,5734.634,3345.364,1143.99,0
33.468,0.8,728.68,21.3,0.1,0.23,0.03,0.01,2.39,14.17,14.04,1.56,114.17,11.68,4.77,0.06,0.42,0.26,1.05,0.03,69.49,9.63,0.01,0.87,1.23,325.73,5.67,12.55,0.001,0.13,12.61,1.4,2.02,0.48,3.36,0.05,20.538,0.31,0.08,0.14,0.1,21.34,0.39,1.3,9.37,4.4,1,8.707,4375.226,6417.477,830.0,0
0.032,6.14,0.38,614.25,1.75,0.05,1.67,0.07,55.45,0.63,2.09,3.96,4.72,1.51,17.43,0.11,3.32,2.48,24.16,0.06,433.3,0.88,2.02,9.12,0.59,85.23,8.76,112.17,0.001,0.005,2.37,9.85,0.5,2.47,127.92,0.78,0.025,12.2,0.07,0.97,3.25,3.73,0.32,18.11,37.08,89.24,0,0.0025,7239.0,6993.0,1197.0,0
0.764,2.55,28.47,70.16,0.36,2.7,0.42,2.39,9.77,14.28,16.96,4.43,51.48,4.34,8.8,0.1,0.65,0.47,4.66,0.57,826.49,14.24,0.02,1.48,4.72,373.67,28.94,29.43,0.001,0.01,37.24,3.77,0.5,2.48,22.95,0.1,1.636,1.31,0.11,0.35,0.61,61.01,0.63,5.81,239.38,20.46,1,0.135,10777.316,5702.359,1551.11,0
0.02,0.36,0.63,54.76,0.07,0.005,33.08,0.06,2.53,1.05,2.19,0.29,1.36,0.31,0.69,0.025,0.11,0.19,1.54,0.11,1082.4,0.08,0.08,0.32,0.53,45.42,1.69,11.95,0.001,0.01,0.31,0.97,0.5,0.1,568.05,0.025,0.025,0.12,0.02,0.13,0.05,5.23,0.1,1.26,15.4,3.62,0,0.0025,6756.568,7967.345,968.0,0
2.099,1.42,20.55,54.96,0.27,0.05,3.92,1.71,4.86,5.82,11.18,2.26,21.03,2.22,3.43,0.14,0.22,0.22,2.92,0.56,1759.92,4.33,0.02,0.38,6.22,122.89,127.74,18.41,0.001,0.01,24.69,1.87,0.5,0.21,35.43,0.025,0.025,0.37,0.04,0.19,0.1,42.64,0.19,2.27,284.53,6.67,1,0.693,6766.0,7761.0,1053.0,0
0.326,3.18,20.15,199.23,0.47,0.05,0.07,0.06,9.49,2.71,11.7,5.69,8.89,1.29,6.91,0.025,1.07,1.42,4.54,0.17,394.15,1.25,0.04,1.81,1.28,207.46,5.92,91.39,0.001,0.005,5.49,3.68,0.5,0.75,6.28,0.16,0.025,2.38,0.14,0.69,0.63,36.12,0.9,3.72,23.84,32.12,0,0.0025,5382.598,8030.441,596.0,0
2.314,3.72,29.11,355.94,0.48,0.08,0.11,0.27,10.8,2.13,19.3,7.97,15.88,2.36,7.49,0.025,1.25,1.75,6.68,0.32,129.9,27.77,0.08,2.47,3.73,350.67,15.58,119.87,0.001,0.15,17.49,6.25,0.5,0.72,21.4,0.19,0.148,2.35,0.16,0.97,0.85,51.42,2.36,3.59,36.62,39.15,1,0.164,4969.5,6685.0,1030.0,0
0.4,3.07,21.41,209.2,0.59,0.005,2.03,0.18,12.1,5.61,17.43,4.94,22.51,1.34,8.31,0.06,0.96,1.12,4.9,0.29,555.07,0.81,0.03,1.85,3.62,296.24,6.9,84.29,0.001,0.01,23.27,5.22,0.5,0.54,28.64,0.12,0.025,1.14,0.17,0.75,0.31,80.43,2.78,5.18,18.55,28.03,0,0.06,6287.057,7483.666,1003.0,0
1.781,7.69,91.95,261.36,1.02,0.05,0.32,9.12,21.87,39.52,201.74,5.41,6.35,7.76,23.71,0.09,1.56,1.8,8.42,3.61,21991.64,0.6,0.04,22.56,113.86,1555.78,318.93,37.99,0.001,0.1,6.52,17.47,0.5,49.02,40.44,1.32,0.025,1.38,0.96,1.43,0.73,188.14,14.75,10.72,1111.92,52.71,0,0.0025,5000.0,8195.0,392.0,0
0.138,10.75,1.92,507.89,0.9,0.05,2.5,0.12,46.33,8.78,26.65,4.32,28.64,4.09,18.15,0.09,5.38,1.94,19.58,1.33,731.36,0.97,3.87,7.26,8.55,1132.49,10.31,122.19,0.001,0.24,1.81,19.09,0.5,1.16,246.05,0.43,0.099,6.93,0.6,0.88,2.19,144.81,1.52,22.87,64.05,274.42,0,0.013,4359.698,6426.525,829.0,0
0.043,7.52,1.1,353.84,1.04,0.05,2.72,0.05,35.2,15.34,27.96,7.89,3.9,4.32,21.38,0.08,0.79,1.3,15.18,2.07,806.25,0.16,2.52,7.23,11.62,695.38,8.61,86.99,0.001,0.23,1.31,15.11,0.5,1.49,367.05,0.42,0.025,3.18,0.4,1.03,0.76,127.46,0.85,13.57,85.67,24.32,0,0.0025,5472.0,6782.0,1112.0,0
0.019,5.06,0.93,342.35,1.01,0.07,0.44,0.22,24.54,14.54,39.5,19.65,1.83,3.86,11.54,0.07,1.84,1.63,10.65,1.85,563.39,0.36,0.06,6.71,32.49,200.41,10.14,91.3,0.001,0.01,9.48,10.81,0.5,0.98,39.26,0.42,0.025,3.34,0.4,0.63,1.05,69.96,1.56,11.31,54.7,66.15,0,0.0025,6312.578,9072.216,596.0,0
0.033,8.34,1.2,404.02,1.52,0.05,2.21,0.25,37.57,14.14,47.76,1.23,30.38,4.35,19.71,0.14,2.55,0.9,21.43,1.56,583.38,0.19,3.57,6.94,13.26,673.87,9.65,24.3,0.001,0.01,0.52,12.16,0.5,1.74,462.4,0.6,0.025,8.77,0.36,0.13,2.82,105.37,0.76,16.06,85.28,94.93,0,0.0025,9086.685,8631.27,972.53,0
0.183,7.13,3.91,839.47,1.27,0.15,2.28,0.05,49.04,3.03,16.78,3.66,6.68,2.07,13.76,0.025,2.23,2.59,23.46,0.32,375.83,0.52,2.53,8.05,1.2,375.85,21.13,129.5,0.001,0.35,1.58,4.15,0.5,2.13,219.52,0.71,0.058,10.99,0.16,1.1,2.79,15.89,0.85,14.07,28.77,77.59,0,0.011,4912.06,6525.365,1091.0,0
3.31,8.97,80.91,212.24,1.52,5.83,0.27,2.39,56.55,9.75,31.75,8.21,15.43,9.3,19.19,0.17,1.68,2.76,28.25,0.75,2529.27,2.24,0.14,9.97,10.93,793.21,459.97,133.19,0.002,0.4,6.12,15.78,1.81,40.07,27.46,0.67,0.088,10.04,0.36,1.54,1.59,100.27,15.46,14.79,276.78,96.17,0,0.011,12175.346,10011.087,1386.0,0
0.235,7.55,2.31,328.16,0.77,0.81,3.29,0.1,44.41,18.62,25.81,21.43,13.59,6.23,20.56,0.16,2.16,1.1,18.13,1.38,1090.54,0.17,0.25,6.66,13.98,1124.7,9.63,65.28,0.001,0.01,5.27,14.12,0.5,1.75,307.76,0.42,0.065,5.21,0.41,0.66,1.07,96.58,1.48,21.8,99.73,86.4,0,0.0025,6935.59,8947.851,632.0,0
0.081,8.3,2.92,501.06,0.88,0.1,3.23,0.07,26.73,19.12,21.47,7.04,21.22,4.67,19.83,0.17,1.67,1.39,12.14,1.91,649.22,0.28,2.57,6.37,8.32,820.13,9.57,52.14,0.001,0.005,2.32,17.29,0.5,1.1,385.4,0.4,0.025,2.37,0.49,0.61,0.89,143.16,1.03,14.21,77.44,58.04,0,0.0025,7225.0,6643.0,1289.0,0
1.358,9.07,35.33,400.6,1.19,0.36,0.25,1.85,38.66,18.83,15.29,6.82,27.39,4.98,18.33,0.12,1.32,1.59,17.25,1.04,2521.38,1.6,0.71,7.56,15.73,473.45,761.63,98.52,0.001,0.03,11.83,13.85,1.0,1.97,80.33,0.53,1.437,4.94,0.38,1.09,1.48,97.0,2.29,17.66,1024.93,37.86,0,0.015,7130.849,4715.697,1055.0,0
0.065,7.9,1.39,735.29,1.46,0.05,1.92,0.07,57.0,4.62,3.19,12.67,7.17,3.08,17.89,0.11,4.02,2.41,29.28,0.16,1195.25,0.73,2.06,10.5,1.14,799.33,8.13,157.86,0.001,0.01,3.11,10.61,0.5,2.22,143.6,0.78,0.025,11.25,0.26,1.03,2.48,18.93,1.72,27.9,72.89,124.76,0,0.0025,7539.822,8752.368,615.0,0
0.208,7.21,3.85,377.56,1.38,0.05,1.25,2.91,81.5,7.66,43.82,6.62,4.25,3.57,20.45,0.16,2.82,2.21,34.38,0.8,786.27,0.17,0.15,20.37,20.98,523.62,93.28,130.92,0.001,0.01,4.61,14.66,0.5,1.82,49.54,1.19,0.053,10.88,0.5,0.97,2.04,96.39,1.32,29.36,275.52,88.65,0,0.0025,13529.16,7590.352,1458.09,0
0.08,8.46,3.12,525.15,1.17,0.05,4.54,0.11,32.72,15.2,25.36,1.38,21.68,5.17,19.13,0.06,2.17,1.27,14.98,1.79,908.04,1.0,2.44,5.34,9.99,904.01,8.91,27.34,0.001,0.005,4.03,16.14,0.5,1.34,461.58,0.39,0.025,4.01,0.51,0.36,1.52,154.56,0.69,16.97,91.13,91.86,0,0.09,8895.97,5503.07,1276.82,0
2.412,3.98,32.23,133.85,0.39,0.2,2.88,0.39,21.71,13.77,31.87,4.72,73.11,5.73,12.96,0.13,0.7,0.92,14.18,0.73,907.53,15.15,0.46,2.18,12.48,441.64,22.3,61.3,0.001,0.12,11.55,8.13,0.5,0.67,147.94,0.13,1.901,1.06,0.2,0.55,0.32,89.07,1.11,7.91,180.72,16.94,1,0.463,4448.574,6502.089,832.0,0
0.185,9.9,30.28,629.21,1.74,0.07,0.29,0.12,52.46,19.72,33.63,22.61,33.35,5.26,21.54,0.14,3.41,3.38,21.22,0.26,1749.33,0.38,1.15,8.57,10.07,938.83,13.57,277.99,0.001,0.01,29.93,22.41,0.5,1.35,129.23,0.56,0.065,8.62,0.59,2.17,1.55,182.0,2.0,18.5,66.02,130.96,0,0.0025,7352.003,8779.044,681.0,0
0.751,3.86,1185.86,236.01,0.83,0.62,0.08,0.44,21.59,1.16,19.03,7.94,1.78,1.33,9.28,0.025,0.63,1.31,10.56,0.17,81.65,7.2,0.07,3.93,3.53,262.89,54.39,62.07,0.001,0.02,54.5,3.04,0.5,1.59,19.94,0.27,0.16,4.62,0.11,0.55,0.98,23.27,0.65,6.31,33.39,23.64,1,0.136,13208.56,7703.28,1397.28,0
0.147,7.18,6.71,872.56,1.92,0.15,0.15,0.14,47.62,1.07,5.41,6.56,1.92,1.21,16.34,0.07,2.68,3.75,24.37,0.1,425.27,1.35,1.9,6.34,0.81,122.82,18.77,159.47,0.001,0.01,2.28,3.02,0.5,3.07,133.2,0.96,0.025,17.81,0.07,1.63,4.96,4.79,1.28,17.58,30.16,101.94,0,0.0025,5421.191,8107.76,537.0,0
0.291,3.94,20.3,30.64,0.53,0.13,6.97,0.2,17.52,5.87,7.08,2.92,49.89,1.62,9.89,0.025,0.65,0.01,9.87,8.84,606.71,0.28,0.01,3.9,7.26,796.68,8.15,2.38,0.001,0.06,5.81,3.67,0.5,0.68,251.07,0.25,0.05,2.6,0.15,0.05,1.39,32.77,1.17,4.84,36.89,27.36,0,0.0025,5105.83,8322.0,360.0,0
0.166,9.36,9.85,119.78,1.95,0.17,7.67,0.05,53.31,20.96,67.83,4.02,59.89,6.1,18.35,0.11,0.91,0.59,23.8,2.16,1287.2,3.44,1.49,20.09,24.92,1864.18,12.48,50.64,0.001,0.95,2.29,32.27,0.5,2.39,389.44,1.1,0.025,5.28,0.95,0.48,0.93,234.5,1.65,30.27,53.94,23.29,0,0.013,4843.982,6213.846,1255.079,0
0.064,8.88,5.31,346.41,0.94,0.05,3.84,0.11,32.97,13.89,13.07,9.35,3.06,4.7,19.4,0.11,0.91,1.2,16.39,1.64,952.19,0.1,1.44,6.77,6.84,832.12,13.54,69.49,0.001,0.07,3.29,15.63,0.5,1.18,316.57,0.36,0.025,3.75,0.51,0.68,0.9,141.75,0.93,14.84,80.34,29.98,0,0.0025,5857.7,6231.0,1297.0,0
0.206,5.33,9.77,180.27,0.56,0.1,1.45,0.15,30.49,17.11,16.41,8.42,38.38,3.5,12.09,0.13,1.09,1.18,13.15,0.82,625.99,1.98,0.61,3.15,6.27,507.91,16.93,80.07,0.001,0.25,6.04,12.59,0.5,2.38,89.47,0.2,0.025,2.62,0.23,0.65,0.64,147.38,1.17,21.01,82.45,47.72,0,0.0025,5382.0,6412.0,1267.0,0
0.071,7.8,2.45,894.56,1.32,0.24,1.13,0.05,45.49,1.57,5.53,7.02,3.86,2.16,20.02,0.05,2.2,2.52,24.55,0.38,450.75,0.63,2.2,7.35,0.73,382.92,12.94,116.2,0.001,0.09,0.8,5.06,0.5,2.69,300.14,0.62,0.06,11.35,0.19,0.72,2.18,22.61,0.95,12.25,34.5,58.18,0,0.0025,4808.731,6022.562,1130.0,0
0.759,2.47,18.39,63.96,0.25,1.94,1.98,0.01,15.95,14.83,9.91,2.37,4.26,9.03,12.62,0.16,0.75,0.61,7.67,0.76,700.1,19.67,0.15,2.15,4.5,651.55,8.17,48.66,0.001,6.07,3.64,8.42,6.92,2.11,36.62,0.14,1.515,1.65,0.14,0.42,1.34,130.13,0.61,20.9,17.8,25.31,0,0.033,5110.0,6420.0,1194.0,0
0.125,0.2,26.42,10.34,0.08,0.05,27.77,0.1,1.74,1.91,1.09,0.45,3.08,0.64,0.66,0.025,0.05,0.01,1.3,1.83,4085.56,6.3,0.01,0.11,1.58,437.53,1.42,0.65,0.019,0.06,3.7,0.29,1.08,0.1,332.65,0.025,0.025,0.06,0.01,0.41,1.38,19.85,0.21,0.98,9.23,1.3,0,0.005,10404.521,6048.041,1484.0,0
0.42,3.43,1268.88,347.68,0.7,0.05,0.5,0.34,38.22,3.81,5.83,17.71,14.5,7.92,7.73,0.21,1.88,1.4,20.11,0.16,437.81,12.07,0.04,4.58,1.83,536.7,64.64,76.65,0.001,0.05,166.99,4.75,0.5,0.76,27.32,0.32,0.025,3.95,0.15,1.86,1.52,33.77,1.28,12.86,70.37,71.98,0,0.0025,7388.151,8826.55,672.85,0
0.096,8.46,0.88,610.52,0.71,0.08,0.82,0.13,55.31,12.47,17.56,14.7,5.66,4.25,17.99,0.12,1.28,2.13,30.03,1.39,542.25,0.55,0.24,8.46,10.8,998.2,9.09,132.84,0.001,0.01,1.54,10.08,0.5,1.09,227.28,0.59,0.025,6.75,0.33,1.0,1.43,97.81,0.67,17.61,41.28,47.69,0,0.0025,4458.0,7667.0,364.0,0
19.96,0.56,8.03,51.63,0.25,0.005,0.03,0.05,0.31,0.3,18.33,1.25,2.08,0.29,0.98,0.025,0.05,0.22,0.25,0.02,37.55,0.71,0.02,0.05,0.92,20.67,7.0,15.13,0.001,0.005,15.29,0.1,0.5,0.1,6.66,0.025,0.025,0.05,0.0025,0.11,0.05,7.88,0.05,0.11,20.24,0.76,1,1.181,4674.0,7389.0,549.0,0
0.432,4.08,8.29,652.11,0.45,0.05,4.14,0.2,16.83,7.69,18.32,4.04,26.17,3.19,7.82,0.21,1.05,2.09,8.14,0.95,1016.64,1.07,0.16,2.99,5.92,472.26,3.41,124.62,0.001,0.02,17.4,7.77,0.5,0.29,101.57,0.2,0.025,1.55,0.26,1.64,0.65,61.15,2.18,8.65,69.8,39.65,0,0.028,7516.58,7507.325,1234.0,0
0.068,6.27,1.87,576.41,1.29,0.11,0.09,0.05,42.71,0.56,6.57,5.98,2.45,0.96,10.95,0.05,2.38,2.53,20.74,0.09,238.23,1.75,0.16,5.93,0.82,57.12,10.98,130.3,0.001,0.01,8.57,1.21,0.5,1.78,16.43,0.72,0.025,16.67,0.05,1.36,3.57,3.06,0.41,7.81,25.88,60.95,0,0.0025,6934.998,9138.164,715.3,0
0.076,8.93,1.58,434.98,0.88,0.05,6.27,0.09,22.89,22.06,22.55,3.23,36.63,5.45,21.45,0.15,3.13,0.77,10.5,1.91,778.85,0.84,2.14,6.06,11.19,978.49,7.2,15.32,0.001,0.005,14.67,17.73,0.5,1.04,607.31,0.4,0.025,2.96,0.64,0.31,0.83,168.93,0.41,13.11,86.39,118.0,0,0.005,10336.166,9037.969,1222.0,0
0.053,8.07,1.72,492.08,1.27,0.05,3.33,0.06,32.95,16.78,17.99,9.41,12.6,5.62,16.84,0.11,2.67,1.43,16.06,1.5,891.94,0.26,3.05,6.67,4.57,898.4,6.61,88.88,0.001,0.02,3.13,18.23,0.5,1.6,499.91,0.46,0.025,4.41,0.56,0.77,1.61,148.22,0.79,17.86,86.23,87.77,0,0.0025,12850.0,6553.0,1516.0,0
1.295,6.45,9.95,108.56,1.63,0.21,2.78,0.05,50.01,0.96,4.82,11.96,1.15,1.37,12.14,0.08,1.81,0.5,28.11,0.2,277.85,0.45,1.08,7.1,0.55,64.55,15.01,28.19,0.001,0.01,3.41,2.31,0.5,1.87,393.1,0.76,0.969,16.59,0.05,0.22,5.53,1.01,0.66,16.39,11.99,51.4,0,0.085,5830.0,6386.0,1348.0,0
0.448,8.65,22.58,438.95,1.49,0.22,1.87,0.28,37.85,21.79,21.1,7.13,20.46,5.68,20.09,0.1,2.79,1.73,19.28,1.27,910.11,0.58,3.2,11.01,17.32,1250.05,12.88,60.78,0.001,0.24,2.82,14.46,0.5,1.96,331.99,0.74,0.025,3.84,0.66,0.65,1.27,116.24,1.75,18.53,113.68,75.39,0,0.0025,7755.485,8594.815,823.0,0
1.082,3.94,46.33,227.46,0.21,1.13,0.42,0.05,31.01,83.36,10.21,4.07,78.92,5.99,14.34,0.11,1.74,3.21,19.05,0.17,147.1,0.6,0.13,6.44,2.82,500.11,6.92,288.73,0.001,2.18,5.24,6.38,2.09,2.59,56.77,0.41,1.149,3.65,0.42,2.81,0.81,58.86,7.2,6.3,7.08,151.28,0,0.03,5091.0,6441.0,1176.0,0
0.319,7.17,245.29,699.53,1.19,0.21,2.89,0.6,36.21,11.65,7.82,14.57,11.68,3.86,18.17,0.08,0.71,2.48,16.54,0.99,941.57,1.74,1.92,6.17,3.43,517.58,34.24,102.32,0.001,0.13,11.5,12.05,0.5,1.54,266.88,0.59,0.025,13.53,0.33,1.02,2.63,95.08,1.68,23.02,132.88,16.81,0,0.029,14483.634,9478.922,1422.489,0
2.006,2.98,63.66,217.4,0.54,0.14,3.58,0.17,11.4,4.71,21.45,3.95,7.27,1.69,7.36,0.06,0.7,1.26,5.35,0.33,529.05,1.02,0.2,1.77,3.38,216.42,14.82,59.26,0.001,0.42,10.89,4.14,0.5,0.54,81.16,0.11,0.138,1.42,0.12,0.4,0.42,32.92,1.39,4.73,27.77,26.68,0,0.073,5538.733,6831.542,1068.0,0
0.029,5.85,1.73,360.32,1.41,0.2,1.17,0.27,53.72,0.95,6.39,5.53,2.78,1.23,12.03,0.11,4.32,1.43,29.76,0.15,341.68,1.26,1.51,9.65,0.67,73.96,16.54,64.3,0.001,0.005,3.34,3.18,0.5,3.13,253.9,1.04,0.025,18.44,0.08,0.51,5.1,1.02,1.58,26.75,33.66,134.24,0,0.0025,10081.898,7779.689,1124.1,0
1.064,7.41,25.32,781.23,1.5,0.05,1.31,0.35,47.26,1.72,5.33,7.2,5.32,2.06,17.03,0.13,3.93,2.93,23.22,0.19,552.04,1.18,1.85,9.51,0.38,218.95,32.76,138.43,0.001,0.11,3.26,5.81,0.5,2.45,71.01,0.81,0.025,12.48,0.15,0.99,2.75,5.72,1.35,15.61,68.27,150.16,0,0.007,9509.556,3317.184,1455.289,0
0.322,9.65,30.51,311.05,0.82,0.05,2.72,0.05,27.79,19.65,52.37,5.01,43.58,4.47,19.67,0.05,1.05,1.22,14.1,1.87,559.73,0.18,3.48,6.6,20.8,1097.22,2.71,39.65,0.001,0.14,1.95,13.78,0.5,0.61,224.42,0.42,0.025,2.55,0.53,0.39,0.65,151.88,1.48,9.1,84.64,33.72,0,0.0025,8400.96,5594.5,1351.58,0
0.194,8.95,2.77,530.48,1.08,0.05,3.88,0.06,35.36,14.2,16.84,13.3,29.4,4.71,18.26,0.11,1.37,1.83,15.93,1.75,1089.33,0.25,2.16,7.04,6.46,781.63,8.62,80.39,0.001,0.03,2.89,17.79,0.5,1.49,448.64,0.48,0.025,5.21,0.57,0.96,1.27,142.63,1.03,16.53,93.38,41.94,0,0.0025,5387.0,6442.0,1265.0,0
10.525,1.13,205.39,132.85,0.28,0.95,0.01,0.78,2.74,1.62,20.7,1.33,244.91,2.32,3.81,0.07,0.05,0.6,1.49,0.03,80.74,44.24,0.03,0.88,1.08,113.66,50.79,34.83,0.001,0.03,9.29,0.59,2.09,2.71,8.21,0.09,0.165,2.7,0.02,0.21,0.94,10.74,10.84,0.9,41.69,1.36,0,0.012,5682.075,3747.497,969.12,0
0.616,1.56,2.76,84.01,0.33,0.05,0.88,0.29,6.14,2.53,20.51,2.0,8.66,1.47,3.25,0.025,0.51,0.46,2.95,0.34,572.03,0.47,0.05,0.9,3.17,117.44,4.93,37.79,0.001,0.01,21.96,2.44,0.5,0.22,18.39,0.07,0.05,0.52,0.07,0.35,0.1,22.86,0.54,2.38,37.81,8.65,0,0.0025,6751.775,6472.681,1229.269,0
0.105,9.82,4.36,785.31,0.84,0.08,0.38,0.09,36.75,9.73,32.33,40.11,24.65,5.52,23.62,0.07,0.98,4.84,19.17,1.27,697.19,0.43,0.25,7.13,8.91,710.34,3.55,378.15,0.001,0.16,3.25,20.76,0.5,1.63,55.36,0.44,0.057,4.06,0.59,2.69,1.81,241.09,1.93,12.61,41.73,41.59,0,0.0025,4647.522,6205.076,1053.0,0
0.074,1.07,1.07,148.82,0.29,0.005,0.41,0.26,4.1,4.67,37.29,1.64,12.83,1.35,2.83,0.025,0.19,0.17,1.93,0.39,332.07,0.24,0.03,1.92,9.8,56.44,7.39,7.67,0.001,0.005,1.28,2.82,0.5,0.21,38.94,0.06,0.025,0.33,0.06,0.1,0.2,17.46,0.3,2.62,19.66,13.08,0,0.0025,6361.0,9036.0,564.0,0
0.197,1.31,30.21,49.5,0.26,0.13,0.01,0.18,14.13,2.77,25.08,2.11,8.19,0.98,2.91,0.025,0.19,0.5,6.34,0.06,279.06,1.19,0.01,1.59,3.54,72.97,17.17,26.99,0.001,0.005,3.58,1.41,0.5,1.08,3.4,0.11,0.025,1.88,0.07,0.28,0.28,14.3,1.29,2.49,85.28,4.87,0,0.0025,3311.214,6922.763,20.0,0
0.135,10.42,124.94,633.35,0.9,0.61,0.14,1.76,25.91,2.57,12.29,23.5,46.09,5.38,20.82,0.06,3.84,1.33,16.95,0.8,768.17,0.68,1.88,8.32,0.7,550.86,320.06,52.91,0.001,0.01,28.04,18.33,2.9,1.43,206.38,0.72,0.303,9.08,0.47,1.09,2.47,102.9,0.84,12.42,238.65,125.75,0,0.005,10535.913,9327.418,1321.0,0
0.642,3.57,9.9,362.43,0.55,0.05,0.82,0.17,15.04,3.68,24.71,8.17,36.65,2.12,8.46,0.025,0.77,1.55,8.26,0.48,299.11,57.87,0.31,2.35,4.19,321.36,39.56,98.94,0.001,0.11,16.26,5.92,0.5,0.45,53.2,0.17,0.059,1.87,0.19,1.01,0.5,61.3,2.41,6.64,32.55,31.41,0,0.019,4715.121,6236.843,1077.0,0
0.81,6.7,41.13,184.42,0.54,0.51,3.18,0.11,34.86,50.24,20.43,9.56,412.19,5.73,14.64,0.09,2.39,0.27,17.57,2.11,1020.07,0.72,0.69,5.74,11.1,2622.44,7.55,14.36,0.001,1.31,2.16,14.52,1.98,0.65,115.12,0.33,0.247,4.24,0.41,0.14,1.21,124.69,1.56,15.16,52.02,73.37,0,0.052,4969.0,6374.0,1194.0,0
0.812,0.46,17.35,18.52,0.1,0.26,0.01,0.12,19.44,1.34,22.98,0.3,10.56,0.81,1.13,0.05,0.1,0.12,10.68,0.06,128.78,0.65,0.01,1.37,2.43,96.93,55.67,6.71,0.001,0.01,2.4,0.96,0.5,0.32,2.25,0.08,0.025,0.97,0.06,0.07,0.29,8.76,0.75,2.9,24.07,2.71,1,0.17,4403.0,7712.0,356.0,0
0.215,4.74,12.54,208.33,0.42,0.24,3.5,0.89,22.58,7.64,28.17,1.46,13.45,4.41,11.81,0.11,1.64,0.5,11.81,1.37,1614.54,0.23,0.3,3.78,7.44,408.0,58.98,23.35,0.001,0.01,21.1,10.92,0.5,0.79,164.16,0.25,0.025,2.65,0.29,0.26,0.71,76.76,0.73,9.51,184.01,62.85,0,0.0025,10847.687,5985.819,1505.0,0
1.01,2.97,45.09,166.26,0.53,0.05,0.06,0.05,6.81,2.62,18.97,4.26,2.77,1.28,5.21,0.025,0.7,1.1,3.44,0.22,113.98,2.01,0.03,1.12,4.73,186.87,4.72,77.08,0.001,0.005,32.82,3.2,0.5,0.41,18.79,0.1,0.025,1.03,0.11,0.78,0.3,30.09,0.57,3.15,10.84,29.48,0,0.028,7675.07,7199.327,1275.0,0
0.224,6.43,2.27,590.05,1.36,0.13,2.85,0.12,34.53,7.44,10.15,6.95,10.13,2.59,14.46,0.08,2.51,1.79,18.25,0.62,661.49,0.17,2.67,6.08,4.16,492.92,8.02,83.66,0.001,0.005,0.49,7.88,0.5,1.51,221.72,0.46,0.025,6.45,0.24,0.58,2.21,46.24,0.81,14.63,84.09,88.74,0,0.005,6600.749,6751.646,1352.149,0
0.343,6.23,14.9,160.76,1.39,0.73,3.7,4.46,27.88,5.74,9.58,10.47,6.94,2.58,16.71,0.05,1.29,1.36,13.44,0.26,577.19,1.34,0.93,6.44,5.9,460.64,48.25,47.25,0.001,0.02,6.03,4.08,0.5,2.46,93.93,0.5,0.151,6.23,0.16,0.62,1.64,30.45,0.64,11.35,381.44,39.76,0,0.005,13272.551,7774.733,1386.92,0
0.057,7.2,7.95,1143.11,1.38,0.09,1.36,0.05,59.22,2.83,5.49,12.87,4.68,1.89,12.64,0.05,2.11,3.4,30.39,0.32,566.2,1.28,1.41,8.68,0.86,327.58,18.68,166.27,0.001,0.06,2.37,4.66,0.5,2.12,152.01,0.88,0.025,17.78,0.16,1.68,3.93,21.94,1.36,19.97,44.98,53.84,0,0.0025,8119.246,5576.896,1491.0,0
0.032,6.74,5.9,537.49,1.9,0.09,0.16,0.01,76.63,0.76,19.86,13.71,1.95,1.11,17.99,0.1,3.21,5.04,33.88,0.12,89.43,1.5,1.41,11.84,0.64,157.54,20.92,322.98,0.001,0.005,3.19,2.73,0.5,1.95,98.24,1.19,0.05,26.41,0.08,1.35,5.95,5.4,2.95,20.05,20.36,87.75,0,0.0025,4735.0,3780.0,870.0,0
0.138,0.74,1.12,90.11,0.32,0.005,9.1,0.05,2.09,1.1,12.7,2.84,5.8,0.45,2.06,0.06,0.1,0.26,1.14,0.08,307.44,0.19,0.01,0.1,0.51,58.65,0.83,17.97,0.001,0.02,26.2,0.81,0.5,0.2,300.36,0.025,0.025,0.23,0.02,0.18,0.05,8.32,0.1,0.92,8.26,3.7,0,0.016,6167.105,7408.005,1007.0,0
0.386,1.09,10.23,96.77,0.24,0.05,4.33,0.05,3.15,6.28,18.86,1.9,27.7,3.76,6.64,0.06,0.21,0.05,1.94,0.43,932.05,0.91,0.04,1.02,3.76,102.43,3.22,4.6,0.001,0.39,14.47,2.92,0.5,0.2,73.79,0.025,0.025,0.27,0.02,0.06,0.32,28.14,1.71,2.84,20.02,9.62,0,0.007,7595.0,6888.0,1280.0,0
0.089,7.81,3.76,195.9,0.97,0.1,1.32,0.06,52.36,5.27,6.09,5.79,6.92,3.29,16.2,0.11,2.2,1.75,22.96,0.46,1833.1,2.22,2.01,7.91,2.21,426.48,10.48,83.82,0.001,0.05,4.51,10.5,0.5,10.68,115.85,0.59,0.025,9.09,0.23,0.85,2.28,33.1,1.45,17.82,90.66,78.19,0,0.0025,7399.22,8631.432,642.17,0
14.132,5.15,5357.28,43.46,0.96,19.58,0.32,1.56,15.66,2.27,54.28,0.27,90.73,4.99,12.49,0.12,1.16,0.06,6.46,0.82,158.67,1.49,0.38,6.46,5.74,451.36,3588.05,1.89,0.001,0.13,1742.07,15.92,4.35,25.14,103.92,0.59,1.341,11.71,0.27,0.05,2.63,88.77,15.78,12.52,59.38,29.35,1,0.184,12235.003,9655.366,1353.57,0
1.361,4.34,4.42,748.51,0.46,0.05,0.53,0.09,16.76,7.07,33.74,5.58,72.41,2.32,6.7,0.025,1.01,1.76,9.22,0.68,747.6,2.5,0.28,2.59,6.68,522.24,22.54,115.78,0.001,0.005,21.33,7.62,0.5,0.7,76.91,0.18,0.025,1.81,0.26,1.41,0.41,77.57,1.7,6.85,44.07,33.98,0,0.079,6524.896,7858.805,941.609,0
0.315,1.52,6.09,75.92,0.27,0.005,0.05,0.05,7.68,3.59,17.74,3.83,2.34,1.49,3.94,0.025,0.37,0.41,4.73,0.46,852.94,0.62,0.02,0.92,2.62,136.06,3.51,30.11,0.001,0.005,47.86,2.64,0.5,0.37,10.58,0.07,0.025,0.8,0.08,0.32,0.28,34.28,0.74,4.92,22.63,20.6,0,0.0025,9456.0,6383.0,1510.0,0
2.046,0.41,151.31,29.24,0.1,0.05,0.04,0.77,1.42,4.02,50.54,0.84,46.25,3.93,1.97,0.025,0.1,0.06,0.98,0.11,199.51,5.65,0.02,0.2,4.64,113.16,36.94,4.13,0.001,0.39,7.12,3.27,1.0,0.21,6.39,0.025,0.025,0.05,0.0025,0.08,0.1,23.1,0.33,1.83,110.43,2.74,0,0.025,6325.0,7608.0,919.0,0
0.304,1.28,36.36,29.99,0.19,0.15,0.02,0.14,10.0,4.94,20.74,0.85,4.94,1.57,3.29,0.025,0.11,0.25,3.97,0.29,252.84,1.86,0.01,2.0,8.98,124.1,43.66,16.24,0.001,0.005,2.13,1.55,0.5,0.46,3.93,0.12,0.025,1.47,0.07,0.11,0.32,16.29,0.88,1.69,39.32,2.38,0,0.005,4136.389,7618.941,183.79,0
0.995,1.41,105.28,75.8,0.18,0.05,0.03,0.01,3.41,1.04,20.27,2.13,3.61,1.22,2.52,0.07,0.39,0.51,1.75,0.06,54.17,16.43,0.01,1.02,1.34,218.98,8.82,32.02,0.001,0.01,17.5,1.94,0.5,0.2,6.36,0.08,0.025,0.78,0.07,0.41,0.21,17.48,1.38,1.38,5.23,15.44,0,0.013,8157.017,7013.962,1317.179,0
0.092,7.77,1.83,481.41,1.94,0.15,0.24,0.15,76.95,1.45,2.71,6.69,5.56,1.7,18.05,0.1,2.63,3.59,39.99,0.13,368.62,1.51,2.35,18.95,1.18,111.35,20.01,167.42,0.001,0.005,1.37,5.54,0.5,3.29,37.38,1.23,0.025,18.38,0.09,0.82,3.84,8.6,0.92,29.74,56.18,63.09,0,0.0025,13738.0,1430.0,1325.0,0
0.005,8.16,151.35,363.29,0.56,0.05,0.08,0.01,15.67,1.94,23.79,17.57,14.25,3.47,21.15,0.025,3.71,2.69,5.91,0.65,94.65,2.46,0.03,5.18,0.69,557.52,7.16,153.45,0.001,0.02,66.96,23.47,3.09,1.29,15.16,0.46,0.618,7.03,0.5,2.18,1.7,155.01,0.55,10.81,3.29,111.44,0,0.0025,9549.563,9700.593,1430.0,0
0.568,2.9,19.61,188.93,0.43,0.05,0.65,0.07,11.79,4.61,20.01,4.3,6.79,1.59,4.52,0.025,0.96,1.05,5.16,0.39,861.6,5.01,0.01,1.83,2.6,614.96,23.33,60.41,0.001,0.005,32.05,5.33,0.5,1.83,20.53,0.15,0.025,1.6,0.15,0.75,0.37,42.69,1.62,5.01,43.39,28.92,0,0.017,8133.972,6448.141,1393.621,0
6.993,3.55,63.73,328.17,0.4,0.08,0.32,1.86,28.71,3.16,21.58,5.33,24.28,1.62,9.57,0.025,0.93,1.87,14.58,0.29,142.98,148.34,0.15,2.46,2.58,376.89,56.89,125.43,0.006,0.29,14.54,8.39,0.5,1.52,21.43,0.19,0.025,2.56,0.18,1.05,0.56,79.55,1.89,8.37,127.8,25.04,1,0.114,4542.0,6036.0,947.0,0
0.107,3.34,5.49,165.42,0.54,0.05,7.96,0.05,18.29,4.7,18.63,5.94,4.48,2.73,6.52,0.07,1.15,0.8,8.16,1.04,2723.68,0.67,0.39,2.14,3.41,381.89,3.37,52.9,0.001,0.02,35.51,6.63,0.5,0.51,133.45,0.15,0.025,1.49,0.2,0.53,0.5,58.02,0.85,9.73,52.55,46.57,0,0.0025,10934.55,6544.0,1443.0,0
0.679,1.75,20.12,237.2,0.27,0.1,0.29,0.05,9.33,1.89,33.02,3.27,17.17,2.04,3.79,0.025,0.47,1.18,3.57,0.28,209.52,11.7,0.09,1.6,2.51,493.29,8.62,70.76,0.001,0.17,15.86,3.44,0.5,0.41,38.49,0.09,0.148,1.24,0.1,0.66,0.9,28.28,0.88,3.66,12.67,20.48,0,0.029,4698.232,6240.856,1101.0,0
86.847,1.38,11.53,81.28,0.37,0.05,10.73,3.62,11.01,1.9,11.48,2.03,14.81,0.99,2.63,0.025,0.32,0.55,5.89,0.13,1203.05,0.7,0.01,0.66,1.28,128.94,111.38,36.25,0.001,0.02,27.09,1.81,2.07,0.32,137.24,0.025,0.05,0.39,0.05,0.35,0.1,22.46,0.48,3.05,229.48,10.07,1,1.221,6586.0,7102.0,1158.0,0
7.303,2.32,132.76,123.61,0.63,0.05,0.02,0.08,10.89,1.12,15.42,5.53,6.75,1.88,6.2,0.025,0.54,1.12,5.68,0.1,84.78,27.88,0.03,1.11,1.42,304.35,26.42,74.07,0.001,0.01,35.9,2.98,0.5,0.27,12.28,0.09,0.025,0.8,0.09,0.78,0.32,36.58,1.04,3.97,23.88,19.4,1,0.188,6494.297,6741.99,1352.149,0
0.005,9.1,2.51,673.64,1.62,0.05,3.07,0.14,34.43,8.97,9.45,7.06,4.02,4.39,19.35,0.15,4.22,1.55,13.48,0.8,1023.34,0.83,3.45,11.01,1.65,1384.14,12.52,44.84,0.001,0.005,7.05,7.22,0.5,1.72,442.34,0.68,0.025,4.08,0.38,0.71,1.24,55.62,0.86,22.69,117.12,158.78,0,0.0025,10077.0,8760.0,1081.0,0
94.686,1.48,38.26,83.61,0.52,0.05,0.24,0.13,2.74,1.31,13.91,2.85,14.64,0.97,3.15,0.025,0.1,0.48,1.72,0.18,619.12,1.84,0.02,0.2,1.95,58.24,32.07,35.07,0.001,0.01,35.95,0.91,1.01,0.1,14.24,0.025,0.689,0.28,0.01,0.57,0.11,12.04,0.1,1.7,35.67,3.35,1,2.625,7668.103,7227.104,1273.0,0
0.018,7.94,2.48,613.62,1.31,0.12,2.1,0.19,38.69,8.49,17.36,4.86,12.58,2.79,21.79,0.09,1.84,1.58,19.03,0.87,616.07,0.3,2.81,7.15,4.59,641.38,16.07,70.35,0.001,0.01,1.21,9.04,0.5,1.68,359.67,0.56,0.025,6.72,0.28,0.52,1.97,86.16,0.9,18.32,86.15,55.7,0,0.0025,3932.176,6390.467,587.0,0
0.652,5.82,63.86,287.51,1.82,0.17,0.41,2.1,33.38,14.42,19.59,22.08,31.06,3.58,12.91,0.07,1.86,0.73,18.77,8.27,3437.36,3.4,0.02,5.81,15.91,632.96,38.29,50.41,0.001,0.02,15.83,8.82,0.5,0.8,28.75,0.31,0.117,4.44,0.25,0.62,2.09,87.35,2.18,16.79,788.56,70.17,0,0.006,5105.85,8323.0,360.0,0
0.222,3.43,16.49,197.34,0.58,0.05,0.05,0.06,8.26,3.27,8.5,3.62,7.73,1.35,7.22,0.025,0.95,1.36,3.53,0.11,944.7,2.6,0.04,1.7,1.3,105.01,7.2,105.05,0.001,0.005,11.76,3.93,0.5,0.74,5.83,0.14,0.025,2.39,0.1,0.9,0.59,41.19,1.14,3.37,12.16,60.1,0,0.009,5319.665,8036.053,590.0,0
0.04,7.23,0.93,524.02,1.76,0.05,1.07,0.14,64.22,0.42,1.0,4.43,1.95,1.52,16.12,0.08,3.01,2.15,32.06,0.13,367.36,0.25,1.98,7.79,0.42,96.92,8.7,95.56,0.001,0.01,2.12,9.14,0.5,1.99,97.47,0.77,0.025,14.5,0.08,1.04,3.69,4.16,0.43,22.35,48.31,79.38,0,0.0025,6934.0,6780.0,1294.0,0
0.136,4.87,16.47,522.91,0.64,0.05,0.1,0.05,24.21,7.35,18.01,4.62,3.39,3.42,11.88,0.025,1.87,2.2,11.08,0.45,1742.85,0.41,0.04,3.87,2.24,453.68,8.35,171.03,0.001,0.005,2.09,8.83,0.5,1.71,8.83,0.3,0.025,5.71,0.25,1.85,1.14,61.86,1.48,6.7,27.16,95.67,0,0.0025,5432.275,8355.507,561.0,0
0.282,8.99,2.7,972.35,0.89,0.05,3.44,0.06,31.15,18.39,31.18,6.88,25.99,5.18,19.54,0.15,1.07,1.66,15.35,2.26,877.54,0.14,2.81,5.63,10.94,865.32,6.15,72.29,0.001,0.04,2.31,17.52,0.5,3.23,399.13,0.42,0.025,2.34,0.54,0.65,0.42,138.68,1.47,14.89,85.83,31.5,0,0.0025,8524.72,5764.64,1333.57,0
0.118,8.17,8.45,238.3,1.13,0.58,4.68,0.11,42.81,12.83,14.47,12.6,27.02,4.35,19.91,0.12,1.88,1.13,21.51,1.64,876.97,0.64,2.18,7.4,5.74,799.25,11.53,70.12,0.001,0.08,3.8,17.71,0.5,1.48,453.49,0.55,0.353,4.83,0.52,0.73,1.32,150.51,1.17,18.85,56.24,58.14,0,0.06,5497.623,6490.076,1250.0,0
0.829,6.33,9.8,341.88,0.68,0.08,0.39,0.01,27.7,7.32,24.85,7.56,13.96,2.81,14.85,0.09,0.66,2.75,13.86,0.69,190.53,23.88,0.13,3.0,5.53,585.21,5.02,190.32,0.001,0.58,8.25,12.45,0.5,0.75,33.0,0.23,0.054,3.25,0.2,1.24,0.61,89.32,2.52,7.82,19.55,32.26,0,0.077,5328.0,6576.0,1129.0,0
2.399,5.86,136.75,507.7,1.22,0.05,0.01,0.05,33.18,1.0,6.32,8.88,7.78,4.26,17.93,0.07,2.42,2.95,22.25,0.23,76.42,13.97,0.05,9.69,0.51,743.86,30.22,160.49,0.001,0.05,12.73,13.27,1.0,1.42,10.22,0.58,0.025,4.48,0.35,1.29,1.12,52.62,3.01,8.37,18.04,197.75,0,0.028,6428.0,8316.0,711.0,0
3.705,7.28,6882.1,149.95,0.68,6.76,0.26,0.57,32.96,4.93,19.8,5.36,134.16,4.59,17.78,0.13,0.41,1.38,12.11,0.77,136.63,1.6,0.3,6.15,1.97,268.36,321.19,97.72,0.001,0.07,55.54,10.92,8.79,21.46,95.55,0.55,0.509,6.58,0.27,1.27,0.74,70.7,8.34,5.59,156.14,8.63,1,0.114,12571.0,9326.0,1258.0,0
1.358,8.12,13.52,449.45,1.38,0.05,1.38,0.18,54.36,12.31,26.3,13.88,168.94,4.08,19.56,0.08,3.8,1.91,27.64,0.63,671.37,0.73,2.07,9.58,10.83,888.43,31.12,104.13,0.001,0.1,16.33,18.85,0.5,1.58,165.29,0.68,0.025,7.7,0.49,0.85,2.08,119.99,1.53,24.55,154.44,125.22,0,0.0025,13113.21,6580.892,1538.0,0
0.039,8.36,4.16,654.76,1.35,0.05,3.33,0.08,33.01,15.82,13.02,2.0,13.56,4.94,18.73,0.15,3.41,2.03,15.53,1.57,1037.17,0.48,3.1,7.29,4.02,814.02,9.42,58.09,0.001,0.02,0.79,17.87,0.5,1.81,438.62,0.53,0.025,5.3,0.43,0.43,2.09,137.43,0.74,19.05,74.0,104.52,0,0.0025,12600.041,6529.809,1557.14,0
0.094,8.17,9.77,342.44,1.04,0.63,4.1,0.14,29.05,10.91,18.81,2.83,71.54,5.83,18.1,0.08,0.54,2.16,16.05,1.92,540.63,1.78,2.38,6.16,5.64,832.54,6.39,63.68,0.001,0.07,10.13,18.12,0.5,4.79,422.3,0.44,0.025,4.35,0.42,0.97,0.85,135.47,0.37,15.95,48.33,12.75,0,0.014,12406.572,9767.952,1396.0,0
0.163,4.37,4.0,341.56,0.46,0.08,1.98,0.05,15.83,4.87,20.14,4.1,16.94,3.23,10.69,0.08,0.94,0.89,6.88,0.6,537.63,2.22,0.44,2.54,3.04,300.1,7.21,43.75,0.001,0.17,3.64,4.96,0.5,0.91,97.34,0.2,0.065,2.12,0.19,0.31,0.59,44.69,0.39,6.76,25.6,50.66,0,0.01,5068.828,6388.097,1251.0,0
70.376,4.26,7.87,232.25,0.72,0.005,2.03,0.49,9.82,4.14,13.68,10.56,27.54,1.7,8.4,0.09,0.42,2.07,5.14,0.48,554.89,0.48,0.03,1.1,2.59,146.7,23.38,137.54,0.001,0.01,25.32,2.96,1.0,0.42,24.13,0.09,0.068,0.67,0.08,1.43,0.22,32.81,0.94,4.06,40.85,11.4,1,1.125,6262.426,7149.453,1169.099,0
0.063,0.52,8.06,28.97,0.19,1.46,0.05,0.05,3.23,0.51,70.91,0.22,19.33,1.05,0.71,0.025,1.98,0.02,1.47,0.01,63.44,2.26,0.04,6.24,1.52,69.77,53.75,0.65,0.001,0.06,1.81,3.04,2.03,4.5,34.33,0.37,0.113,2.85,0.46,0.06,1.05,17.6,0.72,3.56,7.29,72.79,0,0.0025,7969.0,4654.0,1109.0,0
0.096,6.74,0.97,619.72,1.57,0.12,2.22,0.1,34.49,3.83,1.87,8.95,5.68,2.13,15.65,0.09,2.69,2.48,19.98,0.34,461.27,0.13,2.02,7.57,1.14,429.94,17.18,107.19,0.001,0.005,0.89,4.83,0.5,1.84,201.62,0.65,0.025,8.04,0.19,0.58,1.96,24.51,1.11,12.8,47.82,90.64,0,0.005,6143.0,6981.0,1257.0,0
0.701,2.94,263.61,174.56,0.4,0.05,0.85,1.17,12.66,5.34,15.87,4.2,10.86,1.86,5.93,0.05,0.69,1.0,6.16,0.31,350.4,11.36,0.07,1.59,3.26,262.91,15.64,63.43,0.001,0.2,8.35,5.03,0.5,0.49,31.6,0.11,0.025,1.44,0.14,0.57,0.52,46.44,2.52,6.02,82.83,27.55,0,0.09,5539.211,6856.855,1055.0,0
1.02,3.92,62.18,234.4,0.64,0.07,0.63,0.35,16.78,12.84,20.82,4.06,17.31,4.5,12.4,0.06,0.93,0.79,6.9,1.31,1222.78,7.68,0.72,2.82,6.58,453.55,27.19,43.39,0.001,0.08,17.73,8.18,0.5,0.83,70.67,0.15,0.025,1.51,0.19,0.41,0.69,83.51,1.88,9.76,97.52,42.57,0,0.006,7873.0,7354.0,1165.0,0
0.299,11.74,20.11,650.01,1.15,0.05,2.73,0.01,24.42,11.67,54.27,9.69,32.2,6.24,19.86,0.15,0.63,1.86,12.49,1.36,571.31,1.82,2.57,4.74,16.73,831.62,9.74,74.63,0.001,3.81,5.05,21.83,1.03,0.48,335.75,0.33,0.054,2.05,0.56,0.68,0.64,151.7,1.18,12.09,47.89,17.07,0,0.0025,7549.156,4548.131,1069.0,0
0.408,7.75,9.24,1117.96,2.59,2.83,0.66,0.09,77.59,3.47,5.92,15.33,6.51,2.49,17.47,0.11,5.86,3.37,37.19,0.55,313.3,1.32,1.14,13.82,1.51,456.93,31.54,211.2,0.001,0.15,4.26,9.92,0.5,11.39,184.87,0.97,0.025,20.64,0.22,2.09,5.64,31.79,1.93,32.47,68.23,201.29,0,0.0025,14063.0,1189.0,1265.0,0
0.117,2.82,8.83,196.57,0.5,0.05,15.99,0.16,20.13,3.42,5.96,4.19,2.48,1.39,6.52,0.025,0.85,1.18,10.22,0.31,2145.73,0.56,0.04,1.97,1.38,254.93,4.52,85.19,0.001,0.005,4.07,3.49,0.5,0.53,249.88,0.16,0.025,1.97,0.13,0.65,0.46,44.47,1.29,7.31,19.26,27.21,0,0.009,5306.604,8039.198,577.0,0
0.363,3.92,35.99,208.3,0.62,0.05,0.09,0.05,22.2,4.13,14.67,8.04,5.02,2.0,10.77,0.05,1.87,1.66,9.93,0.3,656.07,3.01,0.07,3.49,2.18,506.03,12.52,127.8,0.001,0.01,16.76,6.31,0.5,0.71,8.78,0.3,0.025,4.0,0.18,0.94,1.2,63.52,2.01,5.68,25.07,62.65,0,0.021,5309.807,7918.561,599.0,0
1.83,3.09,27.44,183.25,0.62,0.05,0.64,0.22,12.91,5.86,29.56,7.98,11.87,1.87,7.6,0.025,0.95,1.2,5.04,0.38,381.58,6.6,0.03,1.86,3.98,279.54,30.51,102.46,0.001,0.15,24.95,4.48,0.5,0.49,19.14,0.14,0.025,1.31,0.14,0.82,0.42,54.48,2.64,4.75,31.77,39.08,0,0.026,6737.494,6511.198,1229.269,0
39.334,2.08,12.16,120.97,0.42,0.05,6.33,4.89,7.33,5.0,8.96,3.5,27.08,1.55,4.84,0.08,0.49,0.65,4.34,0.37,1184.96,1.26,0.02,1.19,4.08,138.82,134.29,44.31,0.001,0.01,43.79,3.48,1.0,0.37,64.96,0.1,0.086,1.46,0.05,0.41,0.49,32.04,0.42,5.59,547.7,15.91,1,1.59,7354.0,7321.0,1264.0,0
0.164,1.6,3.43,61.95,0.25,0.005,6.83,0.05,6.75,3.73,13.04,2.72,2.84,1.7,3.09,0.025,0.1,0.36,3.37,0.58,884.25,0.47,0.01,0.98,3.4,174.1,4.46,22.91,0.001,0.005,27.21,2.78,0.5,0.1,86.51,0.06,0.025,0.36,0.08,0.21,0.1,28.34,0.64,2.9,27.34,3.55,0,0.0025,8484.024,6823.968,1391.239,0
30.306,5.54,1730.29,324.01,0.87,0.11,0.05,1.63,32.16,0.47,4.64,6.02,17.0,1.3,10.19,0.025,1.91,2.34,18.41,0.1,115.0,2.24,0.09,4.64,1.26,68.3,292.63,130.58,0.001,0.62,101.28,1.93,0.5,3.53,13.13,0.48,0.025,11.12,0.07,1.44,2.8,6.48,0.79,5.95,164.03,70.74,1,0.113,5106.18,8329.73,355.0,0
0.039,7.37,1.35,1052.46,1.12,0.05,4.54,0.1,31.97,17.99,26.43,7.85,22.65,4.28,22.34,0.13,3.23,1.36,14.75,1.62,1061.79,0.27,2.21,7.16,10.44,944.14,7.07,39.68,0.001,0.01,2.12,16.02,0.5,1.54,480.63,0.54,0.025,3.66,0.45,0.72,1.19,134.59,0.78,16.67,86.84,99.01,0,0.0025,7785.0,6934.0,1320.0,0
0.921,3.49,46.65,190.28,0.48,0.05,0.15,0.17,17.95,4.53,10.12,4.68,4.45,1.8,7.49,0.025,1.36,1.22,7.77,0.29,471.18,10.72,0.04,2.39,1.4,389.54,32.82,92.76,0.001,0.01,13.56,5.0,0.5,0.71,9.24,0.2,0.076,2.55,0.15,0.8,0.79,44.48,1.13,5.82,91.49,47.44,0,0.021,5412.525,8021.974,589.0,0
1.625,3.63,23.51,156.97,0.39,0.05,5.59,0.13,16.16,5.64,19.36,3.61,162.28,1.93,6.77,0.025,0.73,0.94,8.03,0.43,744.11,0.22,0.79,2.3,3.97,383.01,15.05,65.57,0.001,0.07,31.65,7.01,0.5,0.4,96.52,0.16,0.025,1.4,0.21,0.5,0.32,67.37,1.49,8.56,30.65,29.42,0,0.029,7993.0,5462.0,1490.0,0
0.617,7.51,71.29,235.58,1.29,2.06,0.24,0.01,3.76,1.98,35.55,3.37,1.55,4.08,14.74,0.05,0.78,1.17,1.52,1.51,120.29,4.42,0.46,8.82,4.7,224.81,75.69,48.79,0.004,0.55,8.07,13.78,5.48,18.09,65.87,0.61,0.199,4.41,0.33,0.97,0.74,135.3,4.45,7.74,12.71,26.33,0,0.012,12265.0,9946.0,1349.0,0
1.299,0.84,44.25,49.25,0.16,0.05,0.02,0.05,1.38,0.57,18.1,0.73,1.86,1.18,1.97,0.08,0.11,0.35,0.86,0.03,111.8,1.02,0.02,0.21,0.85,147.9,38.61,30.81,0.001,0.01,11.34,0.65,0.5,0.54,3.08,0.025,0.025,0.2,0.01,0.31,0.05,5.54,0.1,0.36,19.6,2.64,0,0.016,5770.249,8262.428,690.999,0
0.899,8.19,10.67,738.72,1.41,0.05,3.29,1.37,38.02,11.14,12.59,3.21,12.37,5.03,16.29,0.13,1.65,1.51,17.2,1.55,2404.62,0.37,2.14,8.03,2.45,1009.43,264.6,44.61,0.001,1.04,5.37,13.98,0.5,4.21,381.28,0.52,0.025,3.45,0.47,0.81,1.29,105.83,0.75,16.56,299.99,54.26,0,0.0025,12175.563,6025.04,1493.97,0
14.527,2.09,3.23,127.71,0.66,0.05,0.21,0.12,2.98,0.85,17.36,6.69,11.33,0.69,2.55,0.25,0.11,0.75,1.49,0.08,81.57,2.32,0.08,0.1,1.12,21.74,5.45,45.33,0.001,0.04,76.8,0.64,0.5,0.21,26.74,0.025,0.025,0.1,0.01,0.39,0.05,14.68,0.21,0.51,6.56,1.02,1,5.153,4916.8,6713.0,1005.0,0
0.661,7.49,3.83,397.09,1.18,0.74,1.31,0.33,49.36,3.38,13.07,12.3,11.27,2.05,15.79,0.06,2.68,2.25,27.54,0.7,384.02,0.36,1.04,7.5,3.67,261.26,22.18,140.4,0.001,0.02,1.84,4.85,0.5,2.06,74.55,0.71,0.025,14.36,0.11,1.02,4.56,19.32,1.34,13.34,76.37,76.1,0,0.0025,4880.819,6577.501,1052.0,0
14.647,1.36,19.93,235.74,0.28,0.05,0.29,21.71,5.81,3.89,18.31,3.93,18.38,0.9,3.0,0.07,0.4,0.7,2.59,0.17,439.4,11.78,0.14,0.79,2.28,131.69,864.99,43.03,0.001,0.1,49.97,1.78,0.5,0.3,33.51,0.05,0.025,0.66,0.06,0.49,0.33,20.42,0.32,2.25,6220.71,14.48,0,0.093,9799.325,6367.975,1475.0,0
1.655,6.74,27.74,739.46,1.51,0.64,0.32,0.15,45.32,4.06,5.01,9.6,8.04,2.09,10.1,0.07,3.72,2.2,19.36,0.34,636.73,9.43,0.14,12.07,8.46,266.25,1471.55,145.78,0.001,0.04,4.45,3.45,0.5,7.82,52.2,0.88,0.085,19.21,0.15,1.08,5.9,19.02,1.88,16.09,146.27,155.49,0,0.005,3257.0,6787.0,31.0,0
0.247,6.7,1.32,741.75,1.18,0.05,2.44,0.08,42.22,6.42,7.86,2.9,123.11,2.41,17.31,0.08,0.31,1.95,21.37,0.69,308.79,94.43,2.47,6.79,1.06,566.69,14.32,71.39,0.009,0.37,0.53,5.36,0.5,1.31,366.53,0.61,0.025,15.18,0.25,0.34,2.87,53.81,0.99,11.63,21.67,4.84,0,0.0025,5803.0,3901.0,871.0,0
0.427,0.28,12.83,10.92,0.06,0.05,0.01,0.05,9.3,0.58,15.42,0.41,5.23,0.56,0.72,0.025,0.1,0.12,4.31,0.01,49.29,0.89,0.01,1.3,1.02,48.62,66.39,6.63,0.001,0.01,2.44,0.31,0.5,1.32,1.94,0.06,0.025,1.3,0.05,0.1,0.2,3.94,1.09,1.24,20.77,5.66,0,0.0025,4994.261,8198.576,413.0,0
0.06,0.14,3.21,28.29,0.31,0.05,10.47,0.08,0.77,1.06,8.62,0.28,3.2,0.57,0.51,0.025,0.1,0.02,0.25,4.27,234.68,0.28,0.01,0.28,2.3,91.46,2.43,0.82,0.001,0.005,2.13,0.21,0.5,0.1,266.62,0.025,0.025,0.1,0.01,0.01,2.06,1.85,0.1,0.51,21.48,6.15,0,0.005,4031.027,7508.127,221.33,0
0.476,8.7,12.27,168.68,0.44,0.05,7.51,0.11,35.2,19.28,27.36,3.93,63.6,7.59,26.89,0.12,2.91,1.55,16.64,1.08,1255.51,1.47,0.41,5.42,10.51,812.99,11.94,89.11,0.001,0.06,6.58,16.27,0.5,1.87,231.94,0.41,0.206,4.37,0.4,1.05,1.74,141.99,2.06,18.25,44.63,102.39,0,0.022,4578.505,6378.437,1012.0,0
0.12,8.46,2.24,818.42,0.98,0.05,2.29,0.11,32.67,17.53,31.92,5.43,24.46,5.27,16.23,0.12,1.38,2.14,17.65,1.76,947.15,0.3,2.85,5.5,7.51,741.22,7.96,105.25,0.001,0.005,1.39,21.54,0.5,1.07,228.63,0.41,0.025,3.65,0.45,1.17,1.04,146.17,1.67,16.95,99.57,48.36,0,0.0025,5508.585,6987.065,969.0,0
1.113,3.54,51.77,198.52,0.47,0.05,0.14,0.05,16.27,9.79,29.45,7.93,6.72,2.19,8.18,0.025,1.13,1.44,6.64,0.34,378.73,6.99,0.03,3.42,8.82,592.28,30.75,108.04,0.001,0.07,20.64,9.15,0.5,0.64,12.62,0.2,0.025,2.05,0.23,0.83,0.64,72.47,1.48,5.83,26.14,39.9,0,0.007,7766.117,5612.502,1399.449,0
0.005,6.62,0.29,668.22,1.18,0.005,0.03,0.01,0.05,0.05,1.9,0.025,0.2,1.13,0.025,0.025,0.05,3.12,0.25,0.11,150.4,0.025,0.07,0.05,0.1,141.32,0.25,0.05,0.001,0.01,0.025,0.05,0.5,0.1,0.1,0.025,0.025,0.05,0.08,0.01,0.05,4.21,0.05,0.05,36.98,0.25,0,0.0025,4993.402,8199.455,413.0,0
122.605,4.99,25.11,340.06,0.44,10.68,2.73,340.7,17.29,28.65,22.99,5.5,873.16,19.06,13.94,0.12,0.46,1.6,7.95,1.35,1962.76,9.36,0.53,2.86,10.59,414.77,46950.89,75.79,0.001,11.0,89.11,8.5,19.36,4.26,119.59,0.22,5.618,1.43,0.24,1.43,0.43,93.13,1.19,8.39,62546.37,12.38,1,0.187,6972.504,4908.509,1047.699,0
165.938,2.63,11.86,98.76,0.48,0.05,0.02,0.05,0.25,0.21,12.7,8.35,5.18,0.42,6.04,0.025,0.05,1.29,0.25,0.11,40.4,105.98,0.02,0.05,0.76,27.88,11.68,101.17,0.001,0.005,47.87,0.19,2.06,0.1,12.96,0.025,0.154,0.05,0.0025,1.04,0.05,10.83,0.1,0.2,12.79,0.6,1,12.985,6342.393,6898.786,1302.709,0
11.785,3.29,16.2,81.15,0.52,0.005,7.91,0.18,16.6,6.21,14.03,5.29,12.15,2.07,8.36,0.09,0.9,0.68,8.6,0.89,1051.25,1.03,0.67,2.48,3.89,338.1,9.97,38.1,0.001,0.4,16.68,7.28,0.5,0.41,203.59,0.17,0.025,1.47,0.19,0.35,0.51,52.81,1.03,7.42,33.55,40.1,1,0.147,7409.0,7319.0,1289.0,0
1.24,2.02,4.05,133.16,0.46,0.05,5.92,0.14,8.82,4.13,12.37,3.47,91.92,1.58,5.26,0.12,0.66,0.58,4.72,0.47,1536.26,0.96,0.15,1.37,4.28,216.42,21.88,31.17,0.001,0.03,35.39,3.91,0.5,1.31,77.43,0.09,0.025,0.98,0.11,0.32,0.28,37.76,0.65,3.57,51.86,19.62,0,0.0025,7777.02,5872.0,1369.029,0
0.066,4.77,3.37,149.51,0.67,0.11,0.09,0.46,28.79,11.78,18.35,2.04,32.71,2.71,11.06,0.05,1.04,0.66,9.48,0.27,428.12,0.55,1.6,6.99,10.63,332.43,18.71,34.62,0.001,0.01,0.74,4.48,0.5,1.19,43.41,0.46,0.025,4.31,0.23,0.23,1.09,32.08,1.14,10.28,291.61,158.3,0,0.007,11212.275,9755.951,1390.67,0
0.372,3.82,69.51,247.32,0.46,0.05,0.14,0.16,10.99,6.72,20.91,5.05,4.69,2.37,8.64,0.07,1.5,1.38,5.43,0.56,445.24,0.31,0.03,2.55,4.57,464.77,3.87,101.62,0.001,0.01,8.5,7.32,0.5,0.53,14.94,0.19,0.025,1.98,0.21,0.93,0.62,73.99,1.11,5.58,31.95,51.07,0,0.017,6746.803,7654.855,1054.389,0
1.591,7.52,118.44,270.84,1.28,0.05,0.9,0.08,32.04,9.15,32.12,26.88,19.96,3.63,19.06,0.09,2.36,3.24,15.91,1.15,629.17,6.54,0.22,5.88,6.47,864.0,9.64,223.28,0.001,0.44,14.58,17.1,0.5,1.37,108.64,0.38,0.025,5.17,0.39,2.4,1.23,125.05,5.67,13.81,50.62,82.64,1,0.153,4913.4,6713.0,1005.0,0
0.23,6.19,0.27,1033.08,1.74,0.26,0.61,0.06,37.25,3.22,8.79,6.05,10.9,2.13,13.02,0.07,2.71,2.41,19.91,0.64,372.52,0.1,0.21,8.87,4.33,278.11,21.43,143.58,0.001,0.005,1.49,4.28,0.5,2.15,30.98,0.72,0.025,8.59,0.09,1.05,2.32,17.04,0.54,16.78,79.11,87.5,0,0.0025,6357.364,8528.587,619.0,0
1.633,1.94,3.51,137.79,0.33,0.005,3.35,0.19,5.96,3.54,21.27,1.42,8.02,1.48,3.8,0.025,0.32,0.45,2.75,0.48,535.4,0.43,0.13,1.06,3.32,209.26,3.63,31.46,0.001,0.005,21.35,3.31,0.5,0.53,59.16,0.07,0.025,0.59,0.1,0.39,0.1,33.69,0.57,2.89,27.62,9.58,1,1.999,6529.129,7813.508,941.609,0
0.458,7.25,13.93,506.97,0.78,0.05,2.2,0.55,29.01,17.12,27.16,7.97,22.06,4.56,19.01,0.11,1.47,1.93,14.33,1.3,783.03,0.26,1.45,5.49,9.7,925.46,11.02,73.56,0.001,0.06,3.18,15.07,0.5,1.18,123.57,0.42,0.025,2.83,0.39,0.62,0.69,132.45,0.91,11.96,97.89,57.95,0,0.0025,6847.0,6690.0,1358.0,0
0.051,8.66,18.39,289.53,0.79,0.06,3.74,0.16,24.68,15.45,29.54,9.42,13.77,4.62,18.05,0.07,1.5,1.02,12.45,3.15,1225.85,2.27,2.0,4.6,10.87,699.79,5.65,44.09,0.001,0.22,3.27,14.37,0.5,0.96,528.04,0.34,0.025,2.46,0.45,0.91,0.71,146.34,0.42,12.75,86.42,58.17,0,0.0025,10406.749,6048.345,1482.0,0
0.119,6.58,5.39,273.28,1.98,0.05,0.07,0.05,51.05,0.65,2.98,4.7,1.54,1.06,16.35,0.05,3.22,1.64,30.59,0.07,232.48,0.89,2.61,6.94,0.98,109.29,23.08,110.6,0.001,0.005,1.69,2.71,0.5,1.77,134.73,0.94,0.025,20.15,0.05,0.69,5.45,1.9,1.01,15.71,31.31,83.49,0,0.0025,5448.353,8013.825,583.0,0
0.363,5.79,3.97,406.77,1.08,0.26,3.13,0.36,28.48,10.03,50.02,10.08,33.06,3.45,16.88,0.15,0.65,1.83,12.22,1.2,668.88,0.93,0.81,4.22,12.3,761.4,17.22,127.88,0.001,0.64,6.72,13.93,1.0,1.17,148.52,0.33,0.128,2.49,0.37,1.21,0.49,132.21,2.0,11.32,107.38,27.91,0,0.006,6647.031,5139.525,1171.169,0
0.252,3.14,0.84,138.82,0.35,0.05,0.19,0.17,15.22,18.71,113.81,3.0,47.36,3.99,8.81,0.05,1.1,0.47,6.52,1.57,652.34,0.41,0.04,8.53,60.54,318.79,11.54,27.02,0.001,0.02,9.75,7.73,0.5,0.7,34.19,0.42,0.025,1.79,0.38,0.26,0.4,60.34,2.38,4.17,85.39,54.22,0,0.0025,6267.186,9103.737,593.68,0
0.185,5.24,19.68,76.19,0.8,0.26,3.01,1.86,24.21,5.87,15.57,3.2,13.69,4.09,11.2,0.09,1.34,0.45,13.18,1.01,2388.9,0.41,0.05,3.59,3.77,454.04,11.85,27.94,0.001,0.01,14.78,9.7,0.5,1.07,86.52,0.23,0.025,2.63,0.29,0.32,0.82,84.86,1.66,12.43,196.48,58.38,0,0.0025,10746.435,5781.052,1519.0,0
0.243,11.03,361.72,470.3,2.66,0.17,0.06,2.58,103.91,6.82,84.62,13.11,24.96,3.35,25.63,0.12,0.64,4.56,49.46,0.23,321.42,2.41,0.12,21.48,15.47,602.25,23.15,239.77,0.001,0.01,10.93,23.4,0.5,3.59,40.54,1.49,0.025,14.8,0.75,2.12,2.02,136.76,5.59,17.8,116.71,23.79,0,0.005,4522.1,7817.8,320.0,0
0.037,6.84,0.76,965.44,1.71,0.05,0.52,0.07,62.95,0.73,3.67,2.19,1.87,1.8,17.84,0.17,3.16,3.19,31.62,0.05,533.53,1.45,2.96,8.89,0.73,122.42,10.92,117.68,0.001,0.005,2.9,12.65,0.5,2.56,217.59,0.92,0.025,14.95,0.08,1.0,4.03,3.81,0.29,20.41,43.22,95.73,0,0.0025,7504.0,7094.0,1280.0,0
11.634,6.78,427.44,140.19,1.4,1052.52,0.74,0.39,24.1,6.69,23.38,2.31,398.69,5.2,16.08,0.05,0.32,0.51,12.69,1.46,359.48,43.95,0.6,3.8,2.62,596.68,262.89,36.43,0.009,0.08,71.44,14.27,4.52,27.82,124.55,0.34,2.626,7.42,0.3,0.36,1.93,88.51,8.17,13.76,84.36,8.26,0,0.046,16047.285,9179.101,1375.689,0
7.279,1.14,16.86,86.99,0.47,0.005,7.58,0.15,6.17,1.61,13.81,3.01,14.99,0.73,2.2,0.05,0.2,0.45,3.22,0.08,1006.18,0.53,0.02,0.42,1.04,87.38,11.01,25.86,0.001,0.005,39.76,2.03,0.5,0.21,98.4,0.025,0.025,0.31,0.04,0.29,0.1,16.44,0.48,4.75,7.33,5.38,1,0.2,6164.058,7410.504,1055.819,0
0.313,1.46,9.29,100.15,0.36,0.005,0.96,0.07,4.12,2.11,17.12,3.25,5.83,1.21,3.23,0.025,0.2,0.63,2.23,0.13,372.06,0.41,0.02,0.61,2.27,141.78,3.45,32.87,0.001,0.01,44.1,1.97,0.5,0.31,18.61,0.025,0.025,0.42,0.06,0.34,0.1,18.49,0.74,2.09,10.63,7.88,0,0.006,5962.0,7775.0,743.0,0
0.02,8.12,4.22,483.72,1.23,0.16,1.17,0.05,52.07,5.68,11.34,6.71,3.83,2.39,17.09,0.23,1.56,1.43,21.48,0.98,455.31,0.43,2.8,7.06,3.96,605.34,10.76,89.61,0.001,0.005,0.83,9.16,0.5,1.59,442.12,0.49,0.025,6.84,0.26,0.62,2.09,49.91,1.11,16.34,53.03,44.41,0,0.0025,5599.0,6591.0,1223.0,0
0.158,8.04,3.47,533.61,1.04,0.08,2.24,0.16,28.76,20.68,35.18,1.94,32.44,4.7,19.98,0.2,1.39,0.97,12.3,2.31,512.03,0.3,2.37,6.1,14.22,884.14,8.1,22.14,0.001,0.005,2.11,16.34,0.5,1.22,546.35,0.39,0.025,2.1,0.56,0.5,0.64,165.4,0.98,12.51,97.03,38.87,0,0.0025,6690.0,7271.0,1074.0,0
0.178,8.41,1.02,755.79,2.03,0.09,2.32,0.05,56.81,9.9,3.22,6.89,10.39,4.46,17.95,0.16,3.77,2.77,30.41,0.9,1014.23,1.4,2.44,13.59,0.63,1274.57,12.69,132.85,0.001,0.03,2.71,15.6,0.5,2.23,347.55,0.94,0.025,10.63,0.53,1.06,2.63,95.35,2.91,26.06,62.36,135.73,0,0.005,8478.0,4706.0,1119.0,0
8.146,1.16,39.69,75.78,0.45,0.05,0.03,0.06,0.84,0.33,15.99,3.48,2.64,1.26,3.29,0.025,0.1,0.51,0.25,0.05,43.59,35.42,0.02,0.1,1.1,79.65,29.01,40.11,0.001,0.01,33.12,0.47,0.5,0.2,5.84,0.025,0.088,0.18,0.01,0.31,0.05,38.23,0.19,0.37,25.87,2.98,1,1.317,4928.0,6654.0,1038.0,0
0.385,3.18,6.9,275.64,0.48,0.005,3.93,0.07,18.23,5.2,22.29,4.64,5.01,1.6,6.84,0.06,1.51,1.5,7.64,0.38,1240.47,1.21,0.02,2.69,3.5,385.85,8.46,77.5,0.001,0.17,14.3,7.01,0.5,0.89,97.26,0.19,0.025,2.02,0.21,0.85,0.6,54.99,1.86,6.7,32.85,46.08,0,0.005,8050.362,6589.467,1393.671,0
0.118,5.96,2.12,323.23,1.6,0.13,0.52,0.05,48.34,0.29,6.63,5.78,1.84,1.0,14.43,0.07,2.61,1.85,30.3,0.08,218.43,0.7,1.84,6.93,0.42,56.03,11.51,95.89,0.001,0.05,3.0,2.17,0.5,2.6,101.67,0.94,0.025,19.44,0.04,0.67,5.22,1.0,0.93,17.87,10.6,62.23,0,0.011,5576.544,6795.458,1156.639,0
0.022,9.06,3.44,482.72,1.1,0.05,4.32,0.08,31.25,16.76,31.42,4.41,30.09,5.58,21.66,0.07,3.22,1.17,14.04,1.58,918.57,1.16,2.06,7.38,11.9,921.34,9.3,32.2,0.001,0.01,1.88,20.25,0.5,1.38,389.87,0.44,0.025,4.26,0.52,0.34,1.43,147.75,0.82,16.53,76.48,146.2,0,0.0025,9337.693,7044.911,1387.87,0
0.731,3.84,19.22,259.8,0.54,0.05,4.82,0.05,18.27,7.63,22.71,10.02,42.93,2.01,8.77,0.025,1.04,1.17,8.15,0.56,718.95,0.48,0.04,2.45,6.73,349.56,5.2,73.89,0.001,0.09,10.35,6.78,0.5,0.52,58.73,0.19,0.025,1.87,0.19,0.74,0.65,51.42,1.79,7.34,31.5,85.94,0,0.007,8038.942,5594.018,1485.94,0
38.417,0.45,1678.64,98.97,0.17,28.83,0.01,1.22,0.99,0.67,17.07,0.32,727.34,2.03,1.4,0.025,0.31,0.17,0.61,0.01,42.15,67.12,0.005,0.29,1.06,63.03,704.14,9.58,0.001,0.05,99.61,0.44,1.0,5.87,2.08,0.025,1.486,0.23,0.01,0.05,0.19,7.59,3.44,0.47,31.43,0.25,1,0.163,5861.0,3911.0,859.0,0
0.262,2.78,10.68,155.15,0.46,0.05,0.07,0.05,12.74,2.07,18.89,3.56,6.0,1.35,7.1,0.025,1.12,1.18,7.29,0.27,320.43,2.28,0.04,2.37,1.48,379.69,24.1,85.64,0.001,0.01,10.74,3.61,0.5,0.54,7.24,0.18,0.025,3.53,0.13,0.74,0.79,40.73,1.53,4.56,17.52,51.53,0,0.007,5340.0,8030.0,586.0,0
1.595,2.52,13.98,89.89,0.46,0.005,0.11,0.05,7.6,12.14,25.77,9.47,3.25,3.58,8.34,0.025,0.61,0.56,3.82,0.83,453.85,9.14,0.02,1.47,10.76,205.62,35.94,43.8,0.003,0.005,34.77,4.69,0.5,0.53,12.32,0.11,0.025,1.04,0.12,0.43,0.19,62.41,0.4,3.67,49.24,20.09,0,0.022,6754.685,7727.445,1013.359,0
0.323,6.24,3.88,780.05,1.43,0.58,0.28,0.41,53.43,1.42,5.43,2.37,2.89,1.62,16.59,0.1,1.54,3.38,24.58,0.15,610.32,1.49,1.99,5.9,1.17,119.43,42.12,137.07,0.001,0.005,0.84,9.29,0.5,1.97,64.53,0.56,0.025,13.06,0.08,1.31,2.8,15.35,0.95,18.42,59.93,47.33,0,0.0025,3919.959,6658.304,514.0,0
0.22,0.44,2.73,40.77,0.11,0.05,0.01,0.05,3.09,1.71,29.7,1.8,4.72,0.75,1.15,0.025,0.1,0.11,0.98,0.06,368.35,0.3,0.03,0.19,1.35,36.32,4.76,8.1,0.001,0.005,1.58,0.64,0.5,0.27,3.25,0.025,0.025,0.3,0.01,0.09,0.31,41.55,0.21,0.66,21.4,2.93,0,0.0025,5445.411,8326.43,557.0,0
14.025,2.78,63.18,146.34,0.64,0.05,7.31,0.15,10.94,3.84,12.82,5.52,5.45,1.71,6.63,0.08,0.94,1.1,5.3,0.25,521.52,5.82,0.03,2.26,2.08,245.23,11.86,69.49,0.001,0.005,18.81,6.03,0.5,0.53,104.17,0.13,0.086,1.33,0.13,0.72,0.42,49.95,0.92,5.93,17.22,27.63,0,0.086,7389.0,7344.0,1285.0,0
14.877,1.46,18.19,48.83,0.24,0.06,0.06,15.23,5.86,3.25,24.25,3.43,173.77,1.4,4.0,0.025,0.2,0.44,3.14,0.16,291.7,1.8,0.08,0.76,1.79,135.73,5309.68,26.87,0.001,0.04,22.46,1.42,0.5,0.27,7.64,0.05,2.218,0.43,0.06,0.24,0.21,17.9,1.93,1.59,8892.7,11.31,0,0.063,7746.633,3283.81,1452.149,0
0.432,1.82,3.28,116.63,0.41,0.005,7.59,0.06,4.85,2.48,11.76,4.15,25.96,1.11,3.18,0.025,0.43,0.71,2.46,0.2,482.15,0.16,0.07,0.72,2.04,131.09,13.39,41.53,0.001,0.005,27.03,2.02,0.5,0.32,184.93,0.06,0.025,0.66,0.06,0.39,0.21,19.56,0.29,2.49,15.81,16.14,0,0.0025,7607.886,6190.909,1317.929,0
0.287,8.43,10.41,515.79,1.31,0.07,3.42,0.09,31.76,9.89,13.68,16.57,11.66,3.39,18.29,0.1,1.92,2.27,12.36,0.98,642.98,1.0,1.44,6.59,4.5,866.16,12.18,98.17,0.001,0.09,3.29,11.16,0.5,1.36,295.84,0.41,0.025,5.23,0.34,1.08,1.25,78.51,0.87,11.04,70.64,52.22,0,0.0025,9016.0,5096.0,1190.0,0
50.479,5.91,46.7,387.94,0.82,40.75,1.83,286.6,20.0,20.43,7.57,9.15,1329.69,7.68,10.39,0.14,1.16,1.11,9.34,0.79,1570.03,3.34,1.08,3.62,2.36,376.39,11000.0,42.9,0.001,6.74,29.31,6.74,12.95,0.87,101.52,0.34,1.103,3.21,0.27,0.5,1.16,73.03,1.93,10.06,11000.0,34.79,0,0.029,17504.0,8370.0,1297.0,0
2.566,2.04,32.99,140.51,0.35,0.05,0.04,0.25,2.62,4.63,19.16,5.05,15.06,0.98,3.89,0.025,0.32,0.92,1.85,0.11,140.87,21.26,0.03,1.05,2.86,91.08,113.41,69.99,0.001,0.02,29.6,2.67,0.5,0.32,9.16,0.07,0.025,0.56,0.08,0.63,0.2,40.75,0.63,1.5,66.12,11.8,0,0.033,4702.059,6705.683,942.979,0
0.955,2.32,7.42,162.09,0.28,0.05,14.71,0.05,9.13,5.09,9.27,2.74,2.31,1.64,4.48,0.05,0.67,0.7,4.23,0.41,980.98,2.2,0.02,1.63,2.79,279.17,27.82,53.39,0.001,0.005,16.22,4.84,0.5,0.32,205.3,0.13,0.025,0.99,0.11,0.64,0.21,45.84,1.04,5.18,23.92,27.84,1,0.114,6418.026,7869.974,941.609,0
0.083,9.03,0.76,881.83,1.12,0.05,4.02,0.11,31.32,20.58,30.87,5.1,16.75,5.43,18.4,0.07,1.65,1.03,16.08,1.92,1327.1,0.32,3.47,6.14,13.7,856.43,4.62,49.41,0.001,0.02,1.69,18.12,0.5,0.55,460.62,0.41,0.025,3.36,0.52,0.6,0.78,130.14,0.69,15.2,90.97,61.95,0,0.005,9201.0,6520.0,1362.0,0
0.372,3.34,13.3,239.74,0.71,0.05,0.16,0.09,20.51,2.33,13.43,9.02,5.18,2.16,9.53,0.025,1.25,1.43,9.28,0.32,455.63,6.61,0.04,2.72,2.16,526.18,18.39,95.01,0.001,0.005,6.83,5.66,0.5,0.75,14.96,0.22,0.025,3.42,0.21,0.71,0.82,60.46,2.11,9.75,39.7,49.65,0,0.0025,5412.399,8021.496,592.0,0
37.046,6.85,379.39,419.34,1.23,0.11,0.09,0.17,15.12,0.5,4.72,12.5,10.99,2.3,15.38,0.025,2.47,2.8,10.66,0.3,68.31,13.32,0.05,6.34,0.43,345.3,138.83,217.75,0.001,0.01,19.19,3.89,0.5,1.59,18.46,0.54,0.025,8.9,0.17,1.55,2.24,28.29,1.93,8.47,46.7,82.71,1,0.115,5670.158,6626.205,1284.399,0
0.072,7.86,7.69,725.88,1.2,0.05,4.19,0.3,42.03,20.65,22.99,5.12,43.16,4.75,17.39,0.11,3.6,1.81,20.12,2.21,993.79,1.54,2.09,10.4,16.45,911.58,16.79,52.67,0.001,0.05,2.25,19.07,0.5,1.68,535.77,0.65,0.025,7.76,0.56,0.47,1.93,160.5,0.78,22.1,105.86,155.07,0,0.0025,9250.801,7427.507,1239.39,0
2.626,1.4,2.86,63.5,0.43,0.005,0.07,0.01,3.65,1.79,28.9,1.34,1.61,1.01,2.47,0.025,0.2,0.35,1.56,0.25,470.18,0.37,0.03,0.73,1.84,140.31,2.49,30.04,0.001,0.005,39.01,1.86,0.5,0.38,10.64,0.025,0.025,0.39,0.06,0.27,0.1,19.59,0.39,2.03,13.0,14.55,1,3.216,6498.007,7771.762,960.0,0
0.283,4.64,3.02,271.68,0.75,0.27,2.65,0.27,18.23,10.29,26.46,5.72,8.53,3.24,14.26,0.1,0.92,1.17,9.38,1.11,695.42,0.34,0.87,3.55,9.7,508.04,14.96,83.94,0.001,0.005,10.04,10.01,0.5,0.67,79.26,0.22,0.025,1.68,0.28,0.68,0.39,97.61,2.13,8.84,106.46,33.64,0,0.0025,7878.329,7367.657,1121.959,0
0.204,7.4,7.0,820.17,1.53,0.16,2.08,0.51,45.69,7.6,23.63,12.94,17.57,2.76,19.75,0.13,1.89,2.91,25.73,1.1,393.17,1.99,0.83,5.81,4.43,473.79,85.36,211.1,0.001,0.35,1.6,9.23,1.02,1.84,162.25,0.63,0.101,10.97,0.17,1.73,2.39,60.66,1.2,12.92,106.79,52.07,0,0.006,6763.869,4867.874,1013.559,0
0.855,5.85,771.46,38.17,0.98,0.3,0.21,0.01,7.01,1.21,38.76,1.03,10.15,3.15,12.33,0.025,0.66,0.32,2.28,0.9,163.37,0.94,0.42,6.53,3.66,105.2,118.51,17.61,0.001,0.03,66.25,8.75,1.01,41.16,64.97,0.55,0.025,4.78,0.37,0.25,0.84,85.83,19.9,7.52,12.9,17.94,0,0.026,12372.0,9466.0,1400.0,0
0.091,8.2,5.4,499.2,1.12,0.05,4.46,0.1,44.45,18.96,39.37,6.99,31.09,4.39,18.43,0.07,2.1,0.99,21.96,1.85,1054.25,0.25,2.22,6.78,16.19,861.67,6.73,54.51,0.001,0.01,2.0,23.06,0.5,1.11,541.43,0.48,0.025,4.46,0.47,0.49,1.36,158.87,0.73,17.63,84.54,79.19,0,0.0025,7760.933,5627.106,1399.449,0
0.544,4.77,6.02,642.75,0.61,0.08,6.34,0.32,21.95,12.55,28.5,3.74,11.83,3.42,10.12,0.09,0.98,1.83,12.75,1.01,1894.97,1.88,0.37,3.52,7.19,602.88,6.84,136.07,0.001,0.07,11.49,9.88,0.5,0.46,149.59,0.22,0.34,1.76,0.27,0.86,0.46,90.88,1.36,9.77,123.58,36.54,0,0.023,4429.134,6500.58,813.0,0
3.619,6.08,19.66,663.78,0.8,0.05,2.43,193.49,26.07,12.01,15.62,13.05,159.55,2.98,13.98,0.14,2.1,3.04,12.76,0.88,955.29,1.42,0.57,4.29,6.25,552.01,4259.75,212.76,0.001,0.17,16.85,10.93,0.5,0.98,148.31,0.36,0.025,4.15,0.31,1.92,1.28,93.76,1.65,12.65,13713.88,76.12,1,2.193,9638.037,5563.973,1435.879,0
0.076,2.88,52.41,141.25,0.32,0.06,0.03,0.05,15.38,2.38,15.62,2.33,4.43,1.61,5.71,0.05,0.88,1.23,6.9,0.1,109.26,5.4,0.03,1.44,1.54,127.95,12.16,85.57,0.001,0.01,8.97,4.21,0.5,0.51,4.65,0.11,0.025,1.77,0.12,0.81,0.46,34.04,1.69,3.22,6.39,28.75,0,0.011,5392.816,7889.858,640.0,0
0.036,7.09,1.77,1186.45,1.83,0.05,0.69,0.32,56.07,1.06,17.33,1.56,1.78,1.74,16.81,0.07,3.33,3.51,31.5,0.11,723.18,0.64,2.34,8.82,0.76,112.16,60.18,129.13,0.002,0.005,3.67,7.82,0.5,2.78,199.93,0.69,0.025,14.89,0.08,1.3,3.97,7.87,1.21,30.57,136.21,96.34,0,0.0025,7310.607,9216.457,947.0,0
0.049,2.34,5.46,194.54,0.31,0.05,1.98,0.06,8.29,6.84,18.49,1.41,24.07,2.39,5.74,0.025,0.28,0.3,4.82,0.58,697.2,0.52,0.16,1.08,2.86,245.16,5.89,12.28,0.001,0.01,22.74,3.79,0.5,0.43,154.18,0.07,0.025,0.71,0.08,0.12,0.2,44.11,0.28,4.23,35.19,9.29,0,0.006,4582.926,6487.616,925.0,0
0.076,8.62,20.83,1208.19,1.37,0.11,2.6,0.08,40.39,4.01,10.39,6.28,16.46,1.87,15.82,0.09,1.86,3.02,19.45,0.75,224.93,3.75,1.59,6.65,2.85,552.55,14.54,116.12,0.002,0.68,0.56,7.03,0.5,1.39,210.73,0.52,0.213,8.12,0.25,1.03,1.9,45.66,1.81,15.02,24.5,73.1,0,0.005,5098.0,6502.0,1130.0,0
0.461,4.02,10.72,194.3,0.55,0.05,0.21,0.07,22.65,8.51,29.46,4.13,18.97,2.8,9.89,0.05,0.85,1.18,12.2,0.89,385.25,0.28,0.37,2.55,4.87,458.29,4.98,90.05,0.001,0.02,6.99,7.66,0.5,0.67,19.28,0.18,0.025,1.38,0.2,0.73,0.42,77.86,1.48,7.06,44.2,22.06,0,0.024,5413.998,7121.349,887.999,0
0.583,5.55,4.1,162.63,0.68,0.15,0.13,0.23,50.71,1.02,1.08,1.42,2.18,0.7,9.65,0.025,2.6,0.95,24.95,0.17,575.98,0.36,3.67,7.94,0.61,67.99,14.16,49.53,0.001,0.005,1.35,2.37,0.5,2.75,103.24,0.97,0.538,20.07,0.04,0.29,5.61,4.34,0.4,16.91,27.09,69.68,0,0.019,5289.277,7052.313,926.0,0
0.277,5.65,226.81,192.7,1.31,0.05,0.04,0.06,33.63,0.22,3.78,9.2,7.07,0.63,11.88,0.06,3.4,2.68,23.49,0.12,59.72,1.85,0.04,6.42,0.4,73.4,27.74,154.49,0.001,0.005,26.04,2.01,0.5,1.52,3.94,0.73,0.025,16.83,0.07,1.53,3.64,1.85,1.37,9.38,22.04,91.32,0,0.0025,11929.28,8279.309,1212.58,0
0.02,0.81,7.75,58.0,0.24,1.23,0.17,0.11,33.04,0.66,54.58,1.25,5.61,0.69,1.69,0.05,1.35,0.2,16.94,0.04,118.06,1.46,0.02,7.01,1.25,360.49,17.67,8.58,0.001,0.02,13.59,2.84,1.0,8.06,20.45,0.51,0.186,8.16,0.45,0.13,1.8,33.51,2.28,4.08,9.29,38.07,0,0.006,10874.845,6988.61,1376.58,0
0.423,0.63,6.0,79.29,0.24,0.05,0.03,0.01,0.81,1.48,42.43,5.14,6.53,0.77,1.33,0.025,0.11,0.13,0.25,0.08,198.01,3.21,0.04,0.41,1.44,30.44,2.07,10.15,0.007,0.06,10.47,2.3,0.5,0.2,19.48,0.025,0.025,0.11,0.02,0.17,0.1,18.11,0.1,0.31,2.81,6.02,0,0.0025,7468.3,7510.31,1259.0,0
0.057,6.49,3.02,568.63,1.46,0.05,0.65,0.12,52.57,4.04,4.25,15.68,12.15,2.98,15.58,0.07,3.66,2.48,31.67,0.15,271.29,0.77,1.58,10.92,2.03,743.42,9.73,108.79,0.001,0.005,4.3,8.35,0.5,4.06,140.64,0.75,0.025,8.29,0.26,1.16,2.2,33.69,0.8,29.79,72.2,126.45,0,0.0025,7378.042,8799.857,683.0,0
0.802,1.66,9.33,19.59,0.2,0.49,0.63,0.01,6.82,3.92,14.91,0.47,199.89,9.81,9.14,0.025,0.37,0.07,3.06,0.27,345.1,0.29,0.01,1.85,1.29,395.08,3.41,3.66,0.001,0.09,5.12,4.25,1.0,3.49,19.77,0.11,0.487,1.08,0.14,0.05,0.18,61.82,0.54,2.4,32.01,8.98,0,0.082,5136.996,6318.009,1292.959,0
0.306,7.48,1.86,893.6,1.73,0.1,0.16,0.78,54.09,0.9,7.9,1.77,2.56,1.78,16.98,0.09,2.06,2.9,29.67,0.08,1053.75,0.43,3.21,5.81,1.38,101.7,92.13,125.05,0.001,0.005,0.74,9.45,0.5,2.64,92.74,0.49,0.025,14.34,0.06,1.12,2.84,4.68,0.57,13.67,148.68,55.67,0,0.0025,4493.166,7284.159,553.0,0
0.585,7.84,3.9,502.49,1.16,0.12,2.42,1.05,50.31,3.91,19.71,5.12,9.17,2.35,13.1,0.06,2.31,2.51,25.13,0.37,505.33,0.31,2.22,7.08,1.24,440.18,18.16,158.61,0.001,0.31,1.84,5.21,0.5,2.14,193.87,0.61,0.273,9.26,0.19,1.47,2.5,30.49,0.63,14.5,163.69,77.08,0,0.026,4910.027,6506.048,1105.0,0
0.021,11.83,1.22,408.81,1.03,0.05,3.43,0.17,22.89,20.7,24.55,9.39,24.55,5.12,18.66,0.06,3.6,1.94,9.72,1.95,960.02,0.25,3.09,6.29,12.97,1085.0,5.53,29.39,0.001,0.01,1.26,18.55,0.5,1.72,359.69,0.49,0.025,3.53,0.55,0.66,1.55,166.93,0.6,14.04,119.26,142.98,0,0.0025,9291.764,6342.348,1418.24,0
0.14,7.05,4.17,473.16,1.27,0.08,1.48,0.45,61.38,0.66,5.4,3.76,5.24,1.49,15.37,0.1,1.54,1.95,27.9,0.11,479.46,0.78,2.31,7.93,1.03,103.35,20.37,91.33,0.001,0.02,2.97,10.3,0.5,2.12,164.59,0.61,0.05,14.22,0.07,0.7,3.53,3.96,0.41,30.45,59.9,58.91,0,0.0025,5858.0,6215.0,1289.0,0
13.932,4.35,11000.0,106.81,1.22,23.05,0.11,9.05,39.68,3.91,21.04,3.03,1895.35,28.54,10.95,0.61,0.49,0.32,18.7,0.46,90.42,7.72,0.25,3.68,1.8,873.82,397.7,17.75,0.001,0.24,370.17,11.29,45.18,30.29,55.36,0.18,6.82,4.4,0.19,0.33,1.33,73.71,8.09,26.84,673.02,5.22,1,0.882,12479.768,9390.582,1367.0,0
4.7,3.66,91.76,319.53,0.81,0.24,0.16,1.78,28.44,57.77,21.61,9.38,37.25,7.55,10.87,0.12,0.73,1.46,15.8,0.54,347.27,21.57,0.14,3.48,88.35,191.58,131.58,61.56,0.041,1.57,6.2,3.96,7.25,1.03,32.48,0.28,0.097,4.59,0.07,1.36,1.66,87.06,0.49,6.73,235.33,38.03,0,0.049,3700.431,6073.42,573.0,0
0.298,8.93,0.64,459.8,1.24,0.05,3.29,0.07,45.7,14.76,38.91,9.46,28.22,4.77,22.64,0.11,1.06,3.22,18.75,1.65,968.43,0.21,2.09,7.74,9.86,963.32,10.16,223.41,0.001,0.51,1.4,20.87,1.0,1.61,177.53,0.59,0.025,3.68,0.55,2.54,0.99,171.57,4.05,17.33,102.13,29.46,0,0.029,5570.832,6791.101,1156.639,0
0.181,8.7,5.13,392.93,0.77,0.21,4.16,0.09,37.11,10.68,32.68,8.94,30.35,4.11,20.4,0.17,1.57,1.81,18.47,1.75,793.49,1.29,1.1,5.99,7.07,763.66,12.59,125.24,0.001,0.44,3.17,17.6,0.5,2.53,180.72,0.43,0.076,4.56,0.47,1.29,0.95,136.72,3.98,16.36,71.91,50.22,0,0.0025,5258.0,6370.0,1252.0,0
2.287,0.4,23.81,28.59,0.19,0.05,0.005,0.05,1.72,0.45,15.71,0.93,24.83,0.76,0.63,0.025,0.05,0.06,1.1,0.04,171.38,5.49,0.005,0.05,0.96,93.03,52.99,4.2,0.001,0.005,30.47,0.39,0.5,0.21,9.17,0.025,0.556,0.05,0.0025,0.05,0.05,5.51,0.1,0.21,22.57,0.51,0,0.018,7730.599,6044.462,1345.151,0
24.135,0.77,9.25,29.42,0.2,0.05,0.04,2.12,2.04,1.85,20.13,2.47,7.19,0.85,1.74,0.08,0.1,0.18,0.97,0.17,225.42,0.31,0.03,0.22,1.79,53.14,122.04,15.14,0.001,0.02,12.0,1.2,0.5,0.31,13.39,0.025,0.025,0.3,0.02,0.12,0.1,13.57,0.1,1.09,611.91,5.55,1,0.188,9739.973,6295.477,1498.0,0
0.539,3.42,15.45,322.82,0.69,0.06,0.04,0.07,14.85,1.01,14.13,5.01,3.05,1.23,8.59,0.05,1.21,1.65,7.82,0.11,146.34,8.72,0.12,3.68,0.38,181.62,17.54,79.06,0.001,0.05,3.67,1.75,0.5,0.81,16.4,0.28,0.025,4.92,0.08,0.67,1.23,7.38,0.76,4.62,22.11,44.58,0,0.009,6362.703,6658.752,1292.0,0
0.563,0.79,27.47,137.02,0.16,1.54,0.01,0.57,1.72,0.79,20.53,0.94,98.42,0.62,1.89,0.06,0.05,0.5,1.06,0.01,107.07,1.57,0.06,0.42,0.91,18.78,44.83,17.68,0.001,0.03,1.96,0.22,0.5,0.92,12.88,0.025,0.082,0.77,0.01,0.15,0.4,2.94,3.06,0.98,31.44,0.25,0,0.0025,5740.198,3719.372,979.56,0
1.923,1.71,3.0,97.4,0.24,0.05,0.5,0.51,8.59,1.65,23.78,3.85,22.23,0.8,2.72,0.025,0.2,0.58,4.6,0.06,156.07,22.44,0.06,0.47,1.73,93.13,61.73,46.6,0.001,0.02,19.97,1.97,0.5,0.22,19.16,0.025,0.167,0.41,0.04,0.39,0.1,21.73,0.42,2.0,89.31,5.82,1,0.135,4620.526,6358.339,1022.22,0
0.167,6.29,3.8,534.29,2.58,0.32,0.54,0.22,74.99,0.94,9.22,10.29,3.55,1.3,16.75,0.16,4.04,5.9,37.34,0.13,340.21,0.46,1.44,14.54,0.63,74.53,30.55,291.15,0.001,0.01,2.78,2.16,0.5,2.79,108.97,1.24,0.025,32.45,0.08,1.91,9.12,6.41,1.75,20.07,56.93,93.17,0,0.0025,4837.258,2969.117,1315.0,0
0.291,10.32,18.66,724.9,0.99,0.36,1.51,0.05,25.17,20.06,38.7,2.59,7.9,5.49,18.98,0.18,1.09,2.61,12.14,2.52,1224.94,0.15,2.13,6.29,16.9,1009.9,6.65,95.18,0.001,0.08,3.76,17.66,0.5,1.11,248.64,0.46,0.05,2.19,0.52,1.34,0.68,124.78,1.97,13.3,85.52,37.07,0,0.0025,7388.0,5177.0,1308.0,0
0.137,1.13,8.58,48.64,0.18,0.005,10.05,0.12,7.47,2.63,12.88,3.5,4.96,1.08,2.85,0.025,0.19,0.3,3.82,0.22,1476.83,0.24,0.02,0.52,1.6,77.73,3.16,23.58,0.001,0.01,22.16,2.31,0.5,0.3,142.27,0.025,0.025,0.44,0.04,0.26,0.21,20.78,0.42,4.36,13.49,9.54,0,0.0025,9460.0,6415.0,1506.0,0
0.085,5.89,118.32,226.75,1.14,2.15,0.17,0.05,3.62,1.49,43.21,4.34,3.0,2.4,15.43,0.025,0.69,1.64,1.31,0.84,120.97,2.13,0.3,13.58,5.84,378.84,4.78,87.28,0.001,0.04,10.14,10.81,1.97,23.94,46.44,0.91,0.389,4.87,0.35,1.38,0.78,102.8,5.42,5.02,34.1,19.79,0,0.01,12283.92,9911.181,1378.0,0
0.095,7.5,6.26,353.62,1.09,0.06,2.01,0.05,39.7,17.61,16.83,27.38,28.7,4.02,16.48,0.13,1.19,2.71,17.49,0.97,706.85,0.33,1.03,5.4,6.43,803.59,7.04,146.37,0.001,0.3,3.32,15.12,0.5,1.28,122.46,0.34,0.025,4.6,0.47,1.54,0.72,171.18,2.32,18.0,35.7,51.84,0,0.005,5382.0,6414.0,1268.0,0
0.916,5.17,30.56,64.88,0.49,0.05,0.21,0.19,17.1,11.22,33.13,5.05,24.96,8.04,10.62,0.15,1.75,0.54,7.22,1.9,1072.46,9.01,1.31,3.58,9.35,599.66,26.08,35.38,0.001,3.36,3.65,9.67,0.5,0.73,53.75,0.26,0.025,2.19,0.25,0.52,0.82,79.9,0.47,8.43,46.37,71.72,0,0.009,10713.582,6204.9,1445.0,0
0.02,10.1,8.39,243.43,1.83,0.23,4.22,0.05,51.92,36.14,48.9,5.17,67.08,5.59,25.35,0.08,0.3,0.59,24.09,1.01,503.84,1.35,1.57,13.52,37.64,576.13,4.1,19.33,0.002,0.84,1.99,22.56,1.05,0.94,413.48,1.01,0.069,11.03,0.46,0.33,2.15,118.68,0.22,17.23,11.66,11.42,0,0.005,12091.205,9306.671,1322.09,0
97.87,4.42,334.84,243.9,0.75,0.06,0.07,0.19,6.92,0.2,7.69,9.13,18.54,1.32,9.06,0.06,1.37,1.9,3.69,0.15,47.69,25.98,0.04,3.29,0.47,267.08,68.65,111.25,0.001,0.01,24.97,3.57,0.5,0.97,14.5,0.27,0.025,4.73,0.13,0.89,1.28,39.77,2.29,4.65,59.49,50.13,1,0.261,5669.828,6624.638,1218.0,0
0.12,8.27,3.94,567.94,1.23,0.2,3.92,0.09,35.67,18.23,23.97,1.91,24.69,5.33,22.85,0.15,2.43,1.45,13.14,2.06,903.5,0.77,2.4,7.67,10.84,870.15,9.97,36.6,0.001,0.02,1.97,16.73,0.5,1.32,510.05,0.45,0.025,3.92,0.49,0.54,0.98,146.06,1.21,18.78,93.84,79.37,0,0.0025,7174.0,5235.0,1368.0,0
0.019,8.4,1.4,308.51,0.95,0.05,4.98,0.07,20.75,14.76,13.86,2.09,5.99,4.93,20.11,0.07,0.4,1.0,8.94,1.93,671.13,0.79,2.22,4.88,5.51,884.63,5.37,12.88,0.001,0.01,0.89,15.67,0.5,1.7,360.42,0.36,0.025,5.02,0.46,0.26,1.21,135.31,0.37,15.36,51.63,11.16,0,0.0025,12145.648,9090.515,1257.1,0
0.896,6.29,6.64,356.18,1.47,0.05,1.63,0.24,52.85,6.24,4.01,3.58,83.86,3.86,16.3,0.11,2.88,1.35,22.11,0.24,443.52,0.64,3.84,9.26,0.52,1097.49,17.01,52.32,0.001,0.005,1.75,17.37,0.5,0.92,253.23,0.62,0.025,6.17,0.5,0.29,1.89,74.21,0.8,22.56,75.85,90.85,0,0.0025,7303.975,9180.48,885.98,0
0.144,7.32,2.98,896.76,1.49,0.18,2.56,0.06,39.06,3.93,9.55,6.35,11.07,2.61,15.38,0.08,1.85,2.34,19.26,0.42,355.81,2.85,1.49,7.71,2.29,433.55,18.63,122.88,0.001,0.54,1.22,6.04,0.5,1.64,142.9,0.61,0.12,9.07,0.24,0.96,2.25,37.25,1.23,13.98,30.03,71.06,0,0.005,5139.0,6467.0,1165.0,0
0.005,0.26,0.2,10.9,0.06,0.005,0.01,0.01,0.005,0.05,21.94,0.025,0.2,0.52,0.025,0.025,0.05,0.1,0.25,0.01,46.93,0.025,0.01,0.05,0.1,49.99,0.25,0.05,0.001,0.01,0.025,0.05,0.5,0.1,0.1,0.025,0.025,0.005,0.05,0.01,0.05,3.71,0.05,0.05,21.64,0.25,0,0.0025,4994.65,8198.165,413.0,0
0.505,8.59,4.51,382.71,1.05,0.05,2.49,0.14,34.8,14.77,21.44,6.65,27.02,4.64,17.07,0.12,1.47,1.65,14.61,1.85,850.09,0.18,2.66,6.96,9.92,806.43,12.71,75.46,0.001,0.01,3.18,15.93,0.5,1.52,156.03,0.47,0.025,3.35,0.46,0.92,1.09,129.14,2.0,15.81,100.27,45.15,0,0.0025,6201.0,7260.0,1100.0,0
4.832,2.5,1930.84,117.44,0.22,0.05,0.02,0.15,7.5,0.72,15.43,4.6,10.48,1.52,5.76,0.025,0.6,1.15,3.19,0.11,59.0,5.43,0.02,1.2,1.1,119.54,7.36,95.65,0.001,0.02,28.74,3.18,0.5,0.41,5.99,0.06,0.094,1.14,0.08,0.74,0.3,37.64,0.73,1.84,15.55,14.66,1,0.351,4749.609,6228.706,1102.0,0
0.396,6.68,51.33,500.23,0.97,0.05,0.2,0.14,39.0,5.56,15.24,8.91,5.48,1.33,14.71,0.07,2.17,3.16,22.73,0.23,709.76,1.53,0.05,5.01,1.58,758.96,16.39,163.35,0.001,0.01,25.91,9.73,0.5,0.7,12.34,0.48,0.025,6.75,0.33,1.84,1.61,79.68,1.63,11.29,55.42,85.62,0,0.0025,5107.181,7796.021,543.0,0
0.277,9.77,4.52,555.22,1.24,0.19,3.93,0.05,36.7,12.61,17.78,5.82,25.18,4.15,20.86,0.14,1.43,2.06,16.1,0.98,720.66,0.59,1.9,6.7,6.26,898.61,11.78,91.27,0.001,1.02,2.0,15.41,1.0,1.51,272.34,0.52,0.093,4.11,0.51,1.1,1.19,143.4,1.57,15.63,49.91,51.6,0,0.0025,5236.634,6403.641,1236.0,0
1.572,3.41,96.33,27.25,0.52,17.11,0.04,0.11,7.69,1.92,18.03,5.42,82.55,5.18,12.2,0.12,0.81,0.24,5.05,0.04,215.63,2.54,0.01,2.36,1.51,576.56,6.23,22.85,0.001,0.02,25.73,8.31,0.5,4.33,10.32,0.17,9.465,1.92,0.19,0.42,0.72,64.64,5.1,4.24,38.46,26.56,0,0.014,10781.339,5714.579,1554.56,0
18.181,2.33,16.7,141.82,0.38,0.005,0.32,2.39,10.81,4.03,19.15,2.77,1871.32,2.05,5.78,0.025,0.56,0.64,5.13,0.44,1011.32,0.37,0.02,1.76,3.68,275.15,142.37,40.2,0.001,0.04,21.14,4.26,0.5,4.48,12.0,0.1,0.025,1.33,0.11,0.36,0.44,43.95,1.09,4.65,650.8,23.13,0,0.018,7595.07,6301.487,1300.025,0
0.02,7.08,3.84,557.69,1.11,0.05,4.46,0.13,28.52,16.31,23.96,2.49,24.83,5.16,17.63,0.05,2.9,1.3,12.34,1.7,987.25,1.25,2.13,6.08,10.79,822.62,8.91,25.07,0.001,0.005,1.94,13.73,0.5,1.93,364.35,0.41,0.058,3.44,0.53,0.25,1.5,157.78,0.72,14.83,88.66,121.62,0,0.0025,9307.264,6330.462,1427.14,0
0.047,8.37,4.76,728.52,1.42,0.05,2.02,0.06,42.02,12.64,36.16,10.43,4.35,4.0,20.07,0.2,2.43,2.78,19.96,1.22,626.82,0.28,2.77,5.59,11.2,708.35,9.7,126.54,0.001,0.005,2.11,13.62,0.5,1.32,230.94,0.56,0.025,9.09,0.33,1.06,2.58,97.84,1.31,17.77,84.9,89.94,0,0.0025,9718.066,3156.91,1463.229,0
2.617,1.38,2.19,75.88,0.19,0.05,1.03,0.34,36.46,3.06,16.26,4.26,5.15,1.48,3.11,0.05,0.18,0.41,22.43,0.28,371.6,2.85,0.06,0.54,2.06,97.34,70.83,17.88,0.002,0.01,33.25,1.95,0.5,0.28,24.58,0.025,0.05,0.32,0.04,0.36,0.11,27.82,0.19,4.26,105.22,7.78,0,0.005,9276.343,7158.845,1383.0,0
0.057,9.5,2.49,568.1,1.5,0.09,1.91,0.12,36.96,10.57,7.64,4.01,15.27,4.04,16.51,0.06,2.3,1.65,17.86,1.16,739.23,0.31,3.33,5.54,4.7,595.98,13.42,69.62,0.001,0.005,0.96,10.85,0.5,1.42,414.88,0.54,0.025,7.41,0.34,0.39,2.19,80.85,0.75,12.38,68.19,90.54,0,0.0025,8161.0,6671.0,1421.0,0
0.616,3.36,11.59,10.0,0.71,0.08,3.66,0.15,9.82,6.56,17.1,0.76,25.11,2.59,10.69,0.05,0.58,0.03,5.78,0.11,329.13,8.79,0.01,0.99,2.9,235.25,13.53,2.32,0.001,0.04,10.15,3.38,0.5,0.47,22.34,0.09,0.314,0.95,0.08,0.05,0.29,43.79,0.64,4.11,68.57,15.3,1,0.266,4632.068,6302.892,1037.3,0
0.09,8.72,10.78,552.41,1.32,0.05,1.27,0.15,38.4,14.93,38.47,0.86,19.16,3.53,19.9,0.15,2.41,1.07,24.0,1.33,562.48,1.97,3.01,7.14,11.86,760.16,11.92,27.46,0.001,0.01,0.85,10.66,0.5,1.83,376.6,0.54,0.025,8.49,0.34,0.15,2.72,109.15,0.91,15.27,61.12,88.94,0,0.0025,8879.033,8654.444,1019.0,0
0.037,8.48,1.13,375.53,0.77,0.05,4.51,0.09,29.1,22.77,74.62,6.31,45.27,5.78,20.21,0.11,1.37,0.74,13.08,1.85,1247.05,0.65,3.09,5.36,28.32,880.4,3.91,29.93,0.001,0.42,0.7,20.09,0.5,0.72,327.53,0.34,0.025,2.84,0.62,0.33,0.66,184.8,0.54,11.28,96.85,37.93,0,0.0025,8227.0,4879.0,1167.0,0
0.086,10.36,6.04,641.93,1.3,0.12,5.12,0.1,38.74,10.64,18.2,4.81,20.01,4.91,17.16,0.12,1.29,2.07,19.46,1.92,1131.71,0.23,2.1,7.48,6.26,945.55,7.54,125.23,0.001,0.1,3.07,19.2,0.5,1.19,331.6,0.45,0.083,5.08,0.56,1.14,0.99,140.11,2.23,17.75,83.08,36.65,0,0.0025,5634.161,6203.318,1244.0,0
0.075,7.29,4.68,430.15,1.78,0.08,1.69,1.93,46.23,5.15,13.88,7.08,10.56,2.24,18.95,0.07,2.39,2.26,26.29,0.42,671.84,0.33,2.17,7.52,6.23,516.83,15.12,76.98,0.001,0.01,2.87,6.85,0.5,1.29,144.12,0.73,0.025,10.22,0.21,0.86,2.45,43.02,0.82,14.26,47.52,65.61,0,0.0025,11897.495,8893.909,1196.9,0
2.986,1.69,63.35,52.09,0.29,0.05,0.11,0.42,5.94,17.9,98.32,2.47,105.4,7.06,7.17,0.025,0.54,0.12,2.71,0.57,754.08,4.07,0.05,0.74,47.85,313.31,100.8,10.4,0.001,0.14,8.66,8.57,1.0,0.45,13.0,0.05,0.025,0.77,0.05,0.12,0.4,78.34,0.69,6.0,171.95,14.41,0,0.024,6350.0,7607.0,906.0,0
0.185,9.24,5.54,725.19,1.6,0.05,2.34,0.12,45.04,7.33,5.09,9.42,6.63,3.98,19.82,0.13,4.35,1.96,24.1,0.69,1611.3,1.51,3.11,8.85,1.9,1114.79,36.46,106.49,0.001,0.02,7.32,7.9,0.5,1.63,455.7,0.66,0.025,6.86,0.39,1.08,1.84,52.81,0.82,22.65,94.66,188.65,0,0.009,11096.631,9642.112,1388.58,0
0.151,4.46,21.03,364.04,0.67,0.05,0.09,0.07,19.13,7.07,13.53,8.02,7.29,1.89,10.74,0.025,0.97,1.91,12.17,0.29,733.0,3.21,0.09,2.83,4.49,317.42,14.11,147.97,0.001,0.01,5.23,6.28,0.5,2.5,10.56,0.2,0.025,3.53,0.17,1.37,0.72,71.05,2.15,5.95,24.54,30.67,0,0.0025,5325.548,8181.649,498.0,0
0.405,2.17,9.15,92.56,0.26,0.005,4.69,0.17,9.51,3.21,11.84,3.36,17.89,1.02,3.0,0.025,0.54,0.74,3.92,0.2,595.08,1.67,0.01,1.2,2.62,271.39,29.79,46.64,0.001,0.005,12.25,3.59,0.5,0.1,45.52,0.09,0.025,0.96,0.11,0.59,0.29,26.33,1.13,3.54,45.76,14.71,0,0.008,8628.965,6719.967,1375.089,0
0.037,8.31,1.73,577.8,1.14,0.05,4.75,0.05,29.04,17.94,34.97,9.12,25.29,4.96,25.59,0.1,2.63,1.08,14.33,1.59,716.11,0.59,2.85,7.27,8.91,1078.13,7.02,20.21,0.001,0.04,1.15,16.45,0.5,1.38,530.51,0.41,0.025,2.61,0.56,0.27,0.81,171.69,0.53,14.87,83.74,85.48,0,0.0025,11927.252,8062.049,1349.0,0
111.043,2.62,5.74,98.77,0.6,0.25,0.16,1100.0,23.55,48.72,11.82,5.0,8868.23,5.75,6.8,0.1,1.35,1.03,10.94,0.36,2229.95,0.43,0.04,3.06,2.93,331.0,11000.0,71.03,0.001,11.0,37.12,4.76,1.93,1.07,5.69,0.21,0.057,2.24,0.15,0.79,0.83,34.06,2.4,7.4,11000.0,33.74,1,0.361,20477.0,6665.0,1264.0,0
0.055,3.44,2.95,62.13,0.38,0.13,3.48,0.19,12.83,4.73,20.61,0.95,23.79,2.85,12.38,0.09,0.6,0.27,5.8,0.38,637.06,0.58,0.18,2.42,6.44,201.58,5.61,11.04,0.001,0.02,3.07,5.48,0.5,2.09,440.9,0.14,0.025,1.39,0.16,0.13,0.54,75.27,0.21,5.36,51.48,32.33,0,0.0025,5163.129,6312.125,1302.0,0
0.605,0.86,2.68,45.98,0.19,0.05,0.01,0.05,1.69,1.11,17.45,2.03,19.64,0.68,1.39,0.025,0.18,0.29,0.62,0.04,195.5,0.28,0.01,0.3,1.4,41.19,9.11,20.59,0.001,0.005,32.35,0.9,0.5,0.2,9.2,0.025,0.057,0.22,0.02,0.19,0.11,8.11,0.1,0.64,12.76,4.28,0,0.0025,7688.593,6086.985,1346.024,0
0.169,3.26,10.08,45.64,0.59,0.06,1.96,0.38,12.0,7.39,17.12,1.36,8.25,4.19,8.32,0.09,0.73,0.18,6.46,1.54,1640.19,0.28,0.08,2.63,5.53,361.41,48.9,10.26,0.001,0.01,16.33,5.64,0.5,0.64,77.74,0.16,0.025,1.48,0.17,0.15,0.65,57.99,0.8,7.33,120.22,22.73,0,0.0025,11028.813,6041.332,1544.0,0
3.222,7.53,25.28,409.42,1.05,0.05,0.04,0.05,29.24,6.07,26.84,13.48,14.03,2.93,16.47,0.1,2.49,2.67,12.77,0.47,309.1,2.76,0.06,5.91,3.95,708.21,12.75,181.36,0.001,0.02,18.31,14.9,0.5,1.05,17.25,0.45,0.025,5.13,0.37,1.68,1.2,106.61,2.43,9.59,40.34,103.25,0,0.03,7812.048,6934.05,1350.519,0
0.276,4.58,25.21,996.01,0.39,0.31,0.91,0.05,31.21,7.51,29.63,3.36,29.94,5.36,13.01,0.16,1.22,2.16,15.83,0.77,321.43,12.81,0.6,3.51,3.14,444.15,6.25,103.35,0.001,1.12,1.89,15.32,0.5,0.69,142.82,0.21,0.025,2.19,0.27,1.04,0.58,89.46,0.5,9.28,19.12,51.78,0,0.0025,5438.19,6285.201,1286.0,0
9.822,1.95,497.31,93.05,0.47,0.05,0.28,0.25,3.98,2.5,23.14,4.13,9.04,1.29,4.16,0.025,0.19,0.67,1.84,0.16,122.36,4.12,0.09,0.55,2.14,98.29,16.38,49.71,0.001,0.3,44.32,1.92,0.5,0.3,25.95,0.025,0.025,0.42,0.04,0.36,0.2,25.58,0.82,1.92,15.16,6.8,1,3.082,4912.65,6713.0,1005.0,0
0.087,6.42,3.14,1362.86,1.64,0.05,0.9,0.05,61.58,1.28,16.76,1.57,8.57,1.21,15.03,0.14,2.11,2.85,30.88,0.08,360.01,0.56,2.94,8.86,1.05,92.93,13.51,78.2,0.001,0.005,1.86,10.0,0.5,2.07,220.52,0.81,0.025,15.48,0.08,0.52,3.76,3.74,0.28,29.77,30.76,57.33,0,0.0025,5677.0,6218.0,1254.0,0
0.073,9.12,28.03,448.31,1.05,0.05,5.24,0.21,35.63,19.58,39.03,6.17,32.63,5.24,19.15,0.14,3.48,1.13,15.15,2.02,839.95,1.48,1.98,7.82,17.66,1027.48,20.28,20.39,0.001,0.07,3.88,19.35,0.5,1.64,461.63,0.45,0.025,3.58,0.51,0.41,1.03,144.55,0.56,16.67,99.61,127.34,0,0.0025,11283.884,6384.383,1465.95,0
0.293,1.7,5.92,105.39,0.27,0.05,1.4,0.05,6.11,2.86,16.31,3.14,8.41,1.13,3.54,0.07,0.38,0.63,2.73,0.2,439.51,0.46,0.04,0.99,2.68,196.21,5.19,41.64,0.001,0.005,24.4,2.88,0.5,0.43,27.23,0.08,0.025,0.58,0.08,0.49,0.22,26.19,0.7,2.85,12.94,11.26,0,0.005,6990.0,7900.0,964.0,0
0.259,0.3,0.87,10.0,0.28,0.05,14.71,0.24,1.95,2.2,4.96,0.22,5.94,0.7,0.84,0.025,0.11,0.01,1.0,7.05,503.02,0.13,0.02,0.59,2.77,67.38,4.65,0.4,0.001,0.005,0.92,0.91,0.5,0.1,363.39,0.025,0.054,0.17,0.02,0.01,1.3,4.73,0.1,1.38,23.68,7.42,0,0.0025,4428.391,7574.709,389.0,0
12.821,3.15,182.38,279.97,0.45,0.13,0.04,0.29,19.49,3.89,19.35,2.8,76.4,2.55,7.7,0.025,0.87,1.52,9.67,0.12,232.39,1.43,0.05,2.53,2.43,231.89,97.15,101.22,0.001,0.07,9.45,4.85,0.5,1.69,6.25,0.2,0.26,2.49,0.15,1.0,0.65,46.79,1.04,4.07,83.27,33.91,0,0.092,6559.0,8265.0,774.0,0
0.139,6.32,21.43,289.5,1.54,0.05,0.54,0.54,43.95,1.02,3.06,10.15,3.63,1.1,13.91,0.06,2.76,2.27,29.92,0.1,650.19,1.09,1.41,6.67,1.09,111.11,19.27,104.57,0.001,0.005,6.33,2.04,0.5,1.46,47.76,0.79,0.025,20.03,0.06,0.9,4.43,1.81,0.91,21.19,51.44,85.72,0,0.0025,11691.29,8953.909,1226.3,0
0.239,6.6,5.32,2195.1,1.14,0.19,0.67,0.09,47.56,0.41,15.68,3.83,2.51,0.9,12.55,0.11,2.39,3.31,27.96,0.08,232.87,1.39,1.76,6.35,0.86,53.83,22.87,141.27,0.001,0.03,5.35,2.17,0.5,2.92,139.56,0.86,0.025,17.32,0.03,1.38,5.63,1.05,0.74,18.29,27.63,60.99,0,0.0025,5605.827,6728.348,1135.0,0
4.717,3.25,7.16,599.48,0.5,0.005,1.14,0.06,12.59,8.28,31.42,2.99,3.52,3.15,7.45,0.025,0.64,1.36,5.35,1.15,1540.44,0.36,0.2,2.3,7.29,426.94,5.75,84.04,0.001,0.005,35.04,7.76,0.5,0.63,59.95,0.14,0.025,1.13,0.19,1.02,0.2,62.26,1.45,6.26,62.71,23.32,1,6.185,6528.818,7820.133,941.609,0
0.161,2.32,3.75,291.67,0.34,0.05,0.61,0.05,9.38,7.01,22.06,1.78,6.38,1.79,5.78,0.025,0.5,0.47,4.55,0.44,431.57,0.92,0.45,1.32,3.46,207.14,8.89,28.39,0.001,0.005,2.59,4.11,0.5,0.48,131.63,0.09,0.025,0.89,0.12,0.21,0.47,53.45,0.53,4.01,29.4,19.22,0,0.0025,6324.454,7869.724,918.0,0
0.075,9.58,4.59,591.16,1.02,0.05,2.19,0.05,32.34,10.05,12.84,12.66,35.75,3.31,20.78,0.11,1.3,2.71,15.5,0.97,506.45,0.3,3.19,6.41,5.92,568.08,8.69,151.76,0.001,0.06,2.13,17.23,0.5,1.98,251.25,0.45,0.025,3.33,0.52,1.4,0.86,108.32,2.91,7.17,56.18,35.91,0,0.0025,5497.965,6489.136,1251.0,0
1.604,7.16,264.08,493.95,1.07,0.05,0.18,0.85,27.58,11.73,32.77,21.73,8.51,5.09,19.93,0.17,3.08,3.32,11.53,0.59,329.98,41.38,0.04,6.03,5.09,886.47,24.01,195.17,0.001,0.26,8.06,15.2,1.06,1.15,15.98,0.45,0.087,4.33,0.44,1.9,1.39,134.25,5.4,11.65,47.87,154.94,0,0.049,6848.0,6820.0,1298.0,0
0.257,6.65,214.27,308.88,0.64,0.1,0.05,0.16,37.95,0.32,2.87,3.98,19.49,1.71,11.25,0.1,2.77,2.99,21.94,0.16,145.59,3.57,0.13,5.44,0.68,223.97,209.11,159.06,0.001,0.02,6.72,2.23,0.5,3.3,16.92,0.58,0.025,18.17,0.07,1.83,4.17,3.65,0.58,9.49,85.16,91.89,0,0.01,4987.099,8192.271,400.0,0
0.128,8.67,2.28,540.47,1.13,0.05,4.32,0.12,43.15,18.14,32.91,29.38,14.08,4.81,19.08,0.06,3.32,1.32,21.89,1.67,691.62,0.94,1.7,5.69,8.03,797.32,9.97,68.77,0.001,0.01,5.09,17.45,0.5,1.14,298.2,0.46,0.025,5.03,0.47,0.57,1.59,145.87,0.67,20.04,103.32,108.74,0,0.0025,8273.002,6001.34,1439.559,0
4.631,1.22,18.76,87.09,0.26,0.05,0.03,0.06,4.2,1.73,20.12,2.48,15.01,0.94,2.38,0.025,0.18,0.4,2.3,0.12,142.91,15.19,0.01,0.51,2.07,87.94,57.8,24.19,0.001,0.005,34.66,1.52,0.5,0.45,11.85,0.025,0.063,0.45,0.04,0.28,0.1,16.73,0.6,1.03,35.58,7.1,0,0.017,7647.106,6134.796,1329.093,0
0.216,10.56,47.52,284.11,0.57,0.06,0.29,0.21,22.84,23.97,71.67,3.63,47.47,5.86,19.87,0.07,1.78,0.78,8.36,0.14,739.6,11.07,0.87,3.72,14.95,961.64,6.21,25.88,0.001,0.01,10.98,26.4,0.5,0.83,81.99,0.23,0.025,2.74,0.5,0.28,0.66,271.98,2.9,16.05,75.45,54.15,0,0.005,7413.037,9176.006,930.3,0
0.287,0.87,3.64,50.85,0.19,0.05,0.1,0.08,4.17,1.45,22.73,1.36,4.52,0.64,3.3,0.025,0.48,0.28,1.67,0.13,470.55,0.26,0.03,0.52,1.77,95.73,4.72,18.56,0.001,0.005,35.79,1.27,0.5,0.21,8.1,0.025,0.025,0.4,0.04,0.19,0.32,11.88,0.31,2.0,12.77,8.33,0,0.067,6433.059,7774.259,937.0,0
0.412,1.52,8.22,115.76,0.29,0.05,0.26,0.07,4.85,2.89,20.14,3.54,39.38,0.9,4.0,0.025,0.27,0.7,2.58,0.11,529.98,0.3,0.02,0.77,2.46,173.22,1.86,48.0,0.001,0.005,18.38,2.54,0.5,0.2,15.99,0.06,0.025,0.58,0.07,0.42,0.1,26.28,0.7,1.99,14.83,11.07,0,0.005,7509.852,7513.465,1244.0,0
0.246,2.68,192.95,74.03,0.75,0.2,0.03,0.85,30.82,11.17,29.4,4.34,5.91,3.36,6.53,0.08,0.27,0.66,13.72,0.07,608.76,2.65,0.01,3.84,12.18,312.56,19.98,42.38,0.001,0.01,3.52,4.92,0.5,0.92,4.43,0.27,0.025,4.77,0.16,0.38,0.95,37.57,3.79,5.19,74.11,10.07,0,0.006,3308.728,6922.639,20.0,0
0.709,3.51,29.66,257.97,0.42,0.05,0.14,0.05,10.32,5.87,15.81,6.99,14.72,2.31,6.55,0.08,1.08,1.16,5.12,0.36,395.55,13.79,0.03,2.09,3.84,297.92,49.62,75.13,0.001,0.03,24.96,6.93,0.5,0.75,14.81,0.18,0.025,2.03,0.18,0.97,0.51,61.34,3.64,5.29,37.04,36.56,0,0.017,8034.977,6508.005,1381.939,0
0.84,4.58,117.15,649.27,0.48,0.05,0.04,0.05,13.03,7.58,17.96,3.93,8.92,2.29,8.19,0.11,0.54,3.22,7.13,0.63,472.21,0.3,0.25,2.57,4.59,579.95,5.11,180.48,0.001,0.005,14.3,8.22,0.5,0.21,84.8,0.17,0.025,1.82,0.21,3.22,0.53,56.34,0.91,4.9,36.35,21.14,0,0.017,7298.535,7608.236,1206.779,0
0.061,8.5,14.1,489.69,1.24,0.25,1.17,0.15,44.99,15.47,21.92,4.73,20.23,3.99,20.01,0.14,3.02,1.35,22.64,1.6,675.18,1.06,2.73,7.8,8.41,803.56,15.3,66.19,0.001,0.1,1.34,15.58,1.0,1.9,444.85,0.63,0.096,7.42,0.42,0.54,2.0,111.96,0.87,18.77,81.52,93.56,0,0.005,7676.0,7042.0,1318.0,0
0.005,9.96,4.92,762.45,2.91,0.05,0.31,0.06,87.37,9.34,57.2,4.49,0.65,4.56,24.67,0.1,0.39,3.75,41.54,0.92,460.29,0.18,0.61,18.64,26.87,502.52,0.25,161.7,0.001,0.01,1.6,16.18,0.5,1.48,56.8,1.27,0.025,14.88,0.5,0.82,1.45,118.24,0.47,33.76,5.1,9.71,0,0.0025,11989.433,9247.174,1307.57,0
0.234,3.09,3.52,206.14,0.41,0.05,1.25,0.22,13.08,2.62,13.21,6.28,22.22,1.19,7.87,0.05,0.96,1.12,7.83,0.16,187.43,7.04,0.25,1.69,3.21,277.92,22.45,71.67,0.001,0.04,15.23,5.23,0.5,0.2,39.55,0.12,0.08,1.47,0.15,0.59,0.4,55.34,0.55,5.66,62.2,28.49,0,0.023,4641.015,6340.459,1016.7,0
2.68,1.75,2.71,93.82,0.32,0.005,0.04,0.18,2.49,2.52,17.8,2.44,19.83,0.82,3.27,0.05,0.3,0.56,1.21,0.12,255.73,3.15,0.03,0.74,1.62,138.33,113.27,48.11,0.001,0.01,28.99,2.78,0.5,0.31,8.99,0.05,0.025,0.55,0.07,0.4,0.2,30.61,0.73,1.52,125.93,11.13,0,0.008,6494.619,7376.817,1048.0,0
0.526,3.35,9.54,267.0,0.65,0.05,0.4,0.18,18.33,6.75,24.99,5.46,15.7,2.54,8.51,0.025,1.14,1.3,8.62,0.69,948.36,0.29,0.11,2.59,5.32,376.88,14.78,87.43,0.001,0.01,19.67,7.74,0.5,0.46,28.44,0.17,0.025,1.75,0.17,0.92,0.51,53.98,1.14,7.28,63.39,38.08,0,0.005,7221.856,5251.294,1354.429,0
0.38,1.95,4.59,91.9,0.38,0.05,0.08,0.07,6.39,3.38,31.71,2.04,4.72,1.24,3.88,0.06,0.73,0.52,2.7,0.19,517.96,0.32,0.07,1.11,2.53,193.61,3.47,38.29,0.001,0.005,41.42,3.98,0.5,0.46,14.37,0.08,0.025,0.75,0.1,0.47,0.2,29.47,0.67,3.05,17.11,22.53,0,0.073,6568.215,7706.599,1054.389,0
0.093,7.41,5.93,609.54,1.5,0.1,2.11,0.14,39.85,5.66,7.52,13.1,9.26,2.92,17.34,0.07,2.23,2.11,21.28,0.7,559.59,1.14,1.95,6.23,3.99,529.16,12.93,79.49,0.001,0.12,1.41,7.54,0.5,1.78,216.33,0.52,0.025,7.72,0.22,0.71,2.57,52.37,0.93,16.06,67.87,77.53,0,0.0025,7928.936,4532.386,1060.0,0
0.883,1.52,7.43,108.04,0.28,0.05,21.66,0.11,8.92,2.8,7.11,2.35,4.57,1.18,2.98,0.025,0.31,0.46,5.35,0.32,1596.11,1.02,0.03,0.82,1.96,156.64,4.55,36.0,0.001,0.005,8.98,3.14,0.5,0.2,332.16,0.05,0.025,0.58,0.07,0.35,0.29,29.44,0.59,4.44,18.61,13.74,0,0.078,6839.058,7919.794,968.0,0
0.122,8.18,6.06,661.65,1.57,0.18,4.65,0.06,30.46,20.23,44.12,25.68,23.7,5.17,19.59,0.1,3.2,2.5,15.02,1.35,1147.66,0.71,1.42,7.2,14.2,945.95,10.15,94.06,0.001,0.13,3.07,18.23,0.5,1.19,321.49,0.44,0.025,4.15,0.49,1.04,1.24,161.9,1.61,17.17,79.48,123.93,0,0.0025,8122.615,5580.841,1490.0,0
0.101,6.14,0.88,156.48,1.65,0.18,1.12,0.25,86.15,0.94,3.02,5.42,5.49,1.33,17.34,0.15,3.78,1.85,76.91,0.3,434.29,0.4,2.37,15.71,0.92,108.48,16.47,134.17,0.001,0.005,3.09,4.83,0.5,3.0,61.86,1.14,0.025,17.02,0.08,0.55,4.64,8.08,0.71,42.82,50.45,91.61,0,0.0025,13684.0,1481.0,1354.0,0
0.18,6.94,3.03,824.34,1.49,0.11,2.45,0.12,45.43,6.88,7.76,4.66,17.44,2.29,17.16,0.1,1.57,2.31,22.65,0.49,417.15,1.32,1.57,7.9,2.32,442.99,21.23,108.35,0.001,0.28,1.49,5.79,0.5,1.64,191.2,0.58,0.025,8.17,0.21,0.91,2.33,32.01,1.45,13.31,48.15,45.59,0,0.009,5274.607,6433.085,1237.0,0
0.265,7.91,18.73,424.33,1.14,0.42,2.67,0.3,34.86,12.27,11.0,7.15,119.06,5.13,18.16,0.12,0.48,1.38,14.76,1.44,647.73,2.17,2.07,6.32,2.58,696.42,13.96,68.18,0.002,0.01,7.72,15.32,1.01,8.91,348.75,0.52,0.025,7.17,0.45,0.84,1.61,134.4,1.26,22.4,109.78,13.91,0,0.013,15961.376,9122.193,1395.149,0
120.822,6.81,144.33,513.92,0.98,0.18,0.05,0.25,33.43,11.25,21.98,5.42,242.2,4.67,14.73,0.08,2.02,2.17,15.8,0.27,735.66,31.21,0.74,5.37,3.61,602.77,632.89,160.0,0.001,0.02,20.37,9.61,3.15,2.37,46.39,0.35,0.162,5.95,0.31,1.46,1.83,99.81,1.9,9.22,113.52,83.66,1,0.271,6585.25,8214.579,819.0,0
0.543,3.89,8.53,261.17,0.54,0.05,1.61,0.09,15.14,5.81,20.5,4.3,11.83,2.33,8.61,0.025,1.02,1.7,6.42,0.56,710.71,0.87,0.12,2.69,5.16,343.92,4.46,110.54,0.001,0.04,18.94,7.44,0.5,0.66,66.16,0.17,0.07,1.97,0.21,0.93,0.51,59.94,1.86,6.62,26.18,20.29,0,0.012,4641.46,6627.546,875.0,0
0.478,1.49,14.76,45.72,0.35,0.05,9.54,0.83,8.58,5.83,8.84,1.66,6.69,2.12,4.15,0.07,0.28,0.07,3.91,1.0,2135.5,2.73,0.03,0.72,3.44,135.85,9.65,4.44,0.001,0.04,32.81,2.26,0.5,0.29,111.15,0.06,0.025,0.59,0.06,0.09,0.2,28.1,0.51,6.04,103.28,10.68,0,0.0025,8976.265,6231.452,1437.289,0
0.056,8.71,8.17,201.45,0.96,0.05,3.99,0.1,27.42,14.62,6.24,8.64,13.2,4.92,20.45,0.06,3.34,0.67,10.73,1.47,855.19,0.38,1.89,6.9,2.43,774.26,11.1,8.53,0.001,0.005,3.02,17.73,0.5,1.34,381.32,0.55,0.025,5.28,0.45,0.16,2.17,132.5,0.91,16.11,68.56,116.64,0,0.0025,9932.904,9539.296,1377.0,0
0.377,5.8,14.34,202.12,0.82,0.05,7.16,0.07,28.45,13.1,15.32,10.47,16.16,3.02,11.88,0.09,1.64,1.96,13.93,1.03,1394.63,1.08,0.18,4.32,6.54,533.15,7.51,141.17,0.001,0.04,33.25,11.88,0.5,0.88,89.32,0.31,0.025,2.93,0.3,1.42,0.9,85.17,2.71,11.21,51.37,60.21,0,0.007,9593.964,5867.029,1410.489,0
0.749,3.5,41.75,191.62,0.37,0.15,0.03,0.05,14.92,2.25,15.43,5.51,6.54,1.28,4.92,0.025,1.14,1.47,8.66,0.12,120.88,2.84,0.03,2.02,1.98,186.36,30.57,103.86,0.001,0.01,9.37,3.89,0.5,0.74,7.13,0.18,0.064,3.27,0.13,0.94,0.94,32.11,1.29,4.12,30.02,46.79,0,0.017,6296.624,8160.62,738.0,0
0.06,8.19,5.91,268.3,0.85,0.05,3.31,0.01,35.42,10.44,13.59,3.69,7.67,5.13,16.93,0.13,1.25,1.03,14.34,1.78,852.49,0.13,2.14,6.18,5.72,643.76,4.91,46.18,0.001,0.02,3.65,13.89,1.06,1.09,311.41,0.42,0.025,2.9,0.45,0.74,0.74,119.32,1.37,13.72,62.39,40.32,0,0.0025,5688.0,6370.0,1353.0,0
0.1,8.97,4.09,444.27,0.96,0.05,3.91,0.1,30.47,16.03,25.9,2.03,18.8,4.92,16.94,0.1,2.43,0.92,14.19,1.57,940.39,0.78,2.26,6.07,10.13,1114.52,11.43,20.01,0.001,0.005,2.62,19.33,0.5,1.18,525.5,0.46,0.025,3.2,0.47,0.27,0.93,163.98,1.24,18.63,93.29,92.85,0,0.0025,6296.0,7506.0,987.0,0
5.593,2.54,7.27,21.51,0.39,1.4,1.97,15.59,12.42,36.15,13.79,0.67,416.29,6.99,8.24,0.14,0.79,0.02,6.53,0.5,1225.37,5.1,0.01,2.16,3.6,332.26,148.95,1.54,0.001,0.04,13.39,6.2,1.03,1.29,73.75,0.15,0.461,1.91,0.15,0.1,0.72,61.51,0.79,7.8,1333.32,25.13,0,0.02,10888.49,5866.683,1530.07,0
2.272,4.52,109.5,182.92,0.57,0.05,0.09,0.12,20.23,1.2,15.72,5.48,10.38,1.93,9.03,0.025,1.79,2.03,10.16,0.13,75.9,37.28,0.04,3.09,1.22,333.83,697.89,121.48,0.001,0.03,28.63,5.89,0.5,0.93,11.88,0.28,0.025,4.68,0.21,0.93,0.95,66.27,1.98,5.72,91.99,75.8,0,0.078,5700.856,8006.524,601.0,0
1.0,11.09,2108.16,391.71,1.94,0.51,0.11,1.85,75.87,2.99,75.81,10.4,49.41,5.16,23.55,0.15,3.01,4.15,42.35,0.41,178.15,4.18,0.14,17.86,14.77,1840.97,56.39,216.68,0.002,0.03,21.63,23.4,1.0,3.55,43.94,1.25,0.1,13.69,0.69,2.07,2.04,116.19,4.0,19.64,273.22,116.49,0,0.015,4526.23,7813.82,321.0,0
0.545,2.92,53.21,146.39,0.35,0.05,0.03,0.1,9.37,2.79,15.33,3.86,9.91,2.21,5.55,0.05,0.92,1.45,4.54,0.17,135.46,4.75,0.04,2.05,2.07,284.13,18.32,95.2,0.001,0.04,4.19,4.67,0.5,0.46,5.26,0.13,0.025,2.35,0.14,1.02,0.5,30.72,1.47,3.19,25.78,36.31,0,0.01,5421.62,7889.622,656.0,0
0.146,9.05,3.41,734.04,1.12,0.05,2.73,0.19,39.34,12.77,26.55,4.37,16.94,4.76,19.95,0.08,2.08,1.59,19.19,1.52,673.14,0.42,2.89,6.02,3.73,977.73,14.39,75.67,0.001,0.02,2.49,15.37,0.5,1.36,463.49,0.4,0.025,5.94,0.42,0.85,1.6,134.43,0.75,18.57,85.7,63.69,0,0.0025,5256.0,8076.0,527.609,0
0.072,10.85,3.57,1110.98,1.48,0.06,3.33,0.16,55.49,12.69,31.94,6.68,14.22,5.6,24.64,0.09,3.37,1.41,22.1,1.6,825.0,0.22,2.76,7.4,4.17,910.93,18.36,48.17,0.001,0.005,0.67,15.9,0.5,1.92,452.65,0.52,0.025,5.75,0.45,0.37,1.92,125.02,0.85,21.1,105.21,114.83,0,0.0025,7791.561,9130.511,1028.72,0
0.883,1.17,9.15,54.7,0.33,0.05,0.03,0.01,1.99,1.65,17.45,4.31,4.34,0.75,4.54,0.025,0.3,0.48,1.14,0.06,159.96,1.04,0.02,0.54,1.35,132.42,5.26,39.07,0.001,0.005,41.1,2.24,0.5,0.2,10.51,0.05,0.025,0.63,0.06,0.39,0.19,30.34,0.45,1.5,4.19,11.72,0,0.007,7466.576,7548.027,1246.0,0
0.1,6.96,4.28,326.33,0.83,0.22,1.39,0.13,32.69,14.85,29.54,5.09,22.19,4.77,15.19,0.12,1.26,0.86,16.37,1.99,851.6,0.45,1.87,6.38,11.97,675.62,13.91,53.36,0.001,0.01,1.34,13.09,0.5,1.2,337.88,0.39,0.025,2.71,0.43,0.57,0.7,131.09,0.57,12.82,98.79,38.52,0,0.0025,5543.563,7699.075,773.0,0
0.284,6.57,185.37,697.91,1.43,0.05,0.93,0.23,50.36,6.66,3.95,27.41,6.57,4.07,16.53,0.15,3.19,2.75,23.94,0.23,1066.27,3.87,0.12,8.78,2.16,811.68,41.36,142.48,0.001,0.02,53.25,8.27,0.5,1.43,68.03,0.64,0.025,7.65,0.33,2.18,1.9,63.23,2.37,22.98,57.86,139.92,0,0.0025,7387.851,8826.55,672.85,0
0.247,8.81,8.87,499.25,1.05,0.29,3.09,0.09,31.89,8.07,12.69,4.5,9.3,2.34,21.53,0.09,0.9,2.02,13.89,1.82,485.47,2.54,1.39,5.77,5.27,723.28,15.07,72.22,0.001,0.33,0.88,13.05,1.0,2.65,243.71,0.39,0.82,3.77,0.42,0.9,0.83,121.84,3.89,16.37,50.45,33.84,0,0.042,5098.788,6502.139,1130.0,0
0.667,4.27,11.38,133.58,0.5,0.06,0.24,0.13,12.85,6.12,26.6,3.6,36.22,2.37,7.47,0.025,0.87,0.84,5.08,0.86,805.25,0.21,0.91,1.99,5.42,426.59,8.82,54.04,0.001,0.01,10.97,6.36,0.5,0.39,44.0,0.13,0.142,1.39,0.2,0.48,0.32,52.98,1.38,4.41,46.73,24.95,0,0.005,6361.0,7666.0,878.0,0
0.105,5.36,2.96,398.53,1.06,0.05,0.63,0.09,33.4,6.01,14.24,11.81,6.2,3.68,11.71,0.09,1.29,1.72,16.53,0.63,810.79,0.47,1.06,4.55,1.76,718.74,9.67,111.94,0.001,0.02,2.46,10.33,0.5,1.12,105.98,0.34,0.025,4.35,0.32,0.83,1.12,95.94,0.94,13.14,62.5,44.78,0,0.0025,5643.0,8216.0,589.0,0
0.046,1.18,4.15,148.46,0.43,0.05,0.12,0.05,6.21,1.47,20.77,1.79,6.91,0.98,3.07,0.025,0.61,0.37,3.36,0.07,167.92,1.09,0.12,1.57,1.99,271.23,7.04,21.36,0.001,0.01,1.98,1.39,0.5,0.41,16.67,0.19,0.025,1.47,0.05,0.13,2.04,11.73,0.19,3.82,6.64,24.4,0,0.0025,14159.0,56.0,1307.0,0
0.362,8.19,12.92,1138.33,1.87,0.31,1.2,1.03,50.54,10.67,18.28,6.71,23.64,2.86,17.95,0.1,2.05,3.03,25.07,0.44,698.39,0.67,2.1,7.87,13.16,565.3,62.06,126.47,0.001,0.18,3.52,6.69,0.5,0.59,332.4,0.71,0.025,12.78,0.2,1.2,3.1,39.27,0.98,12.5,106.43,65.04,0,0.005,11802.383,8850.063,1180.08,0
2.711,2.25,12.78,156.74,0.23,0.32,0.86,0.25,7.58,1.59,22.66,2.98,37.79,5.36,6.19,0.07,0.69,0.78,3.65,0.08,235.25,41.85,0.16,1.77,1.3,409.26,615.15,47.78,0.001,0.1,11.18,3.91,0.5,0.97,42.42,0.11,0.721,1.36,0.15,0.43,0.58,46.68,1.25,2.68,92.35,37.11,0,0.028,4482.802,6411.963,947.0,0
0.029,10.18,2.39,817.75,1.7,0.005,3.24,0.05,35.02,8.41,5.18,7.42,4.27,5.25,17.56,0.08,4.02,0.95,16.25,1.41,1094.53,0.33,3.98,8.58,1.72,1625.66,37.23,26.67,0.001,0.005,2.24,7.24,0.5,2.27,653.27,0.58,0.025,3.72,0.4,0.63,1.49,55.9,0.49,20.55,252.51,160.17,0,0.0025,10026.0,8974.0,1185.0,0
0.02,8.63,9.36,740.51,2.01,0.12,0.73,0.19,59.93,16.01,35.04,6.56,19.44,4.76,20.7,0.11,1.78,1.83,34.33,0.87,742.22,0.42,2.54,10.94,10.98,713.92,3.94,100.53,0.001,0.04,3.82,17.63,1.0,2.06,214.16,0.71,0.025,6.37,0.62,0.67,1.33,120.65,0.89,25.45,40.45,65.82,0,0.0025,13637.0,7880.0,1442.0,0
0.623,4.81,428.85,85.66,1.2,3.83,0.13,0.1,4.88,6.13,44.79,2.68,128.74,4.24,18.66,0.06,2.03,0.79,2.31,0.82,106.85,3.53,0.27,10.19,5.85,299.3,86.52,35.9,0.001,0.01,46.22,13.01,2.73,5.05,35.72,0.69,0.323,6.79,0.33,0.67,4.52,87.37,12.47,10.73,21.89,81.06,0,0.012,11548.95,9832.829,1412.9,0
0.474,9.25,1.96,651.57,1.01,0.09,3.47,0.14,29.05,6.47,10.57,1.48,190.25,3.6,17.73,0.13,0.32,1.62,14.65,1.11,641.49,8.03,2.68,6.69,2.09,724.91,8.86,43.77,0.001,0.03,0.72,6.45,0.5,1.2,551.8,0.49,0.025,4.44,0.36,0.3,1.27,88.5,12.31,11.9,48.77,4.31,0,0.0025,5576.0,4860.0,794.0,0
0.053,6.02,2.66,755.38,1.48,0.11,1.74,0.12,57.86,0.98,4.05,4.01,5.12,2.02,17.57,0.13,1.97,2.11,30.57,0.12,426.62,2.0,2.22,8.95,0.83,92.81,16.03,79.41,0.001,0.01,3.24,10.84,0.5,3.56,202.25,0.77,0.025,13.13,0.08,0.55,3.06,4.38,0.32,30.56,33.69,60.27,0,0.012,5390.0,6303.0,1296.0,0
0.186,0.5,22.54,10.92,0.09,0.05,0.01,0.05,8.44,0.47,42.11,0.6,3.08,0.81,1.0,0.025,0.32,0.16,4.04,0.01,54.05,1.2,0.02,1.64,3.14,41.5,2.96,7.9,0.001,0.01,8.62,0.62,0.5,0.29,3.45,0.1,0.025,1.41,0.06,0.11,0.22,4.9,0.7,1.51,7.46,4.46,0,0.0025,4729.95,7936.9,275.0,0
2.439,6.77,18.6,162.27,1.84,3.92,0.76,38.93,44.14,0.74,29.9,3.18,530.49,3.59,14.51,0.16,0.99,0.92,18.36,1.29,1247.24,0.66,0.38,6.46,85.01,911.82,514.0,51.27,0.001,0.02,12.58,12.69,1.06,8.05,76.41,0.5,0.081,11.48,0.25,0.66,1.97,127.03,1.28,55.85,7348.9,27.32,0,0.006,11952.674,10040.002,1362.64,0
14.388,6.76,105.06,488.44,0.76,1.29,2.31,18.81,29.6,12.91,43.82,5.22,275.84,7.22,16.62,0.2,1.62,1.83,13.73,1.13,1239.96,4.16,1.5,5.44,9.76,820.8,597.23,102.64,0.001,2.14,25.12,16.17,3.24,4.45,173.59,0.35,7.092,3.2,0.43,1.4,0.96,124.52,3.67,16.44,3138.92,51.14,1,0.401,6973.099,4908.679,1117.0,0
1.034,10.12,1.91,2136.14,2.09,1.64,2.88,3.47,19.18,5.17,12.03,29.05,13.04,1.34,15.97,0.06,0.92,4.54,8.44,0.78,445.63,0.36,2.1,7.97,2.24,891.09,256.22,187.81,0.001,0.09,2.48,13.35,1.06,4.38,310.98,0.58,0.618,3.39,0.56,2.31,0.55,94.41,6.75,21.1,653.73,34.82,0,0.008,5154.828,6439.146,1186.5,0
0.392,4.84,14.21,212.08,0.56,0.05,3.27,0.16,22.99,9.85,22.13,6.13,12.11,2.8,10.91,0.1,1.37,1.57,10.35,0.66,1263.51,1.29,0.35,3.9,7.28,560.58,9.79,83.34,0.001,0.005,18.28,9.55,0.5,0.85,103.61,0.25,0.025,2.12,0.26,1.07,0.64,82.04,2.36,10.72,47.95,47.46,0,0.016,7617.0,7439.0,1215.0,0
0.054,8.06,3.22,547.67,1.21,0.05,5.23,0.14,28.05,20.04,28.85,3.21,21.69,5.13,19.45,0.07,3.75,1.28,13.08,1.44,864.35,1.68,1.94,6.3,10.88,991.21,9.04,26.83,0.001,0.01,2.02,16.95,0.5,1.31,414.13,0.51,0.025,3.69,0.53,0.3,1.35,146.16,0.71,15.4,82.48,139.79,0,0.0025,9361.382,6661.742,1417.3,0
0.178,5.49,3971.63,797.73,1.35,0.05,0.39,0.07,43.4,0.46,4.37,4.26,2.13,0.81,11.38,0.025,2.29,3.87,25.8,0.08,355.71,0.76,0.08,5.11,0.62,81.43,17.05,169.03,0.001,0.13,11.29,1.04,0.5,1.78,51.49,0.8,0.025,16.67,0.04,1.62,4.39,1.0,0.76,11.52,28.87,61.52,0,0.043,8556.85,5870.64,1368.65,0
4.045,2.54,6.96,135.73,0.47,0.14,0.82,0.27,6.35,2.0,18.36,1.88,6.37,1.1,5.84,0.025,0.31,0.84,3.2,0.13,196.44,23.46,0.23,0.49,2.17,90.23,8.27,51.05,0.001,0.19,11.01,1.52,0.5,0.31,41.46,0.025,0.613,0.49,0.04,0.4,0.11,53.29,0.48,2.08,48.6,8.98,1,1.831,4919.0,6694.0,1020.0,0
1.496,6.89,2.09,354.42,2.21,0.06,0.25,5.69,61.26,0.84,1.96,2.96,13.76,1.17,20.14,0.06,2.42,2.32,34.04,0.09,1494.53,0.87,1.25,6.6,0.52,164.33,286.9,149.69,0.001,0.005,2.04,8.86,0.5,3.43,16.8,0.67,0.025,14.78,0.07,1.22,3.06,2.92,0.18,11.31,674.88,60.83,0,0.0025,5598.0,7522.0,856.0,0
0.08,0.37,16.57,10.0,0.06,0.05,0.005,0.05,5.3,0.88,31.32,0.29,1.83,0.61,0.69,0.025,0.42,0.11,3.03,0.005,55.03,0.61,0.02,0.62,1.94,36.08,1.18,6.04,0.001,0.01,2.23,0.37,0.5,0.31,3.21,0.025,0.025,0.7,0.02,0.08,0.21,3.07,0.33,1.41,4.87,2.97,0,0.0025,4750.52,7963.7,290.0,0
0.05,4.5,1.69,214.36,0.56,0.05,9.45,0.08,22.12,5.02,18.52,10.88,11.04,1.73,12.41,0.1,0.8,1.44,12.48,0.6,865.3,0.25,0.44,3.64,4.23,469.66,5.26,97.23,0.001,0.005,14.27,9.26,0.5,0.2,108.31,0.24,0.025,1.8,0.29,1.02,0.38,85.1,1.53,9.77,24.99,21.57,0,0.006,9209.416,6371.632,1466.209,0
0.826,3.19,8.93,157.4,0.62,0.05,0.52,5.55,17.3,6.37,17.72,8.45,7.98,3.88,8.16,0.09,1.27,0.67,10.05,1.12,2483.59,1.52,0.37,2.42,4.6,462.37,37.31,48.79,0.002,0.02,52.6,6.9,0.5,0.64,74.64,0.18,0.025,2.24,0.17,0.5,0.65,62.21,1.15,9.44,766.02,71.45,0,0.005,9890.076,6738.958,1404.28,0
60.22,2.62,14.16,318.56,0.37,0.15,0.63,55.0,9.74,3.43,30.22,9.58,311.55,1.38,6.28,0.025,0.85,1.2,4.43,0.24,237.16,19.02,0.07,1.75,5.33,283.01,11000.0,85.29,0.001,1.24,33.78,4.85,4.25,0.57,43.14,0.13,0.025,1.21,0.13,0.77,0.42,51.67,0.76,3.73,8497.46,30.71,0,0.077,7837.401,5371.365,1448.0,0
0.03,8.13,1.4,697.08,0.85,0.05,4.31,0.09,22.39,20.79,22.25,4.47,37.7,5.05,19.01,0.05,3.02,0.56,12.21,2.26,881.03,0.7,3.0,5.67,11.65,1082.13,7.09,5.99,0.001,0.01,4.14,17.27,0.5,0.97,597.95,0.37,0.025,2.59,0.59,0.19,0.74,163.6,0.33,11.55,96.93,99.36,0,0.006,10751.67,9714.179,1408.0,0
0.603,8.23,144.53,269.9,1.01,0.05,0.16,0.24,51.37,18.08,40.31,40.73,16.07,4.65,22.01,0.08,2.13,3.2,19.97,0.39,1648.4,1.49,0.04,6.92,13.34,548.8,22.45,243.73,0.001,0.02,22.41,17.55,0.5,2.32,27.54,0.41,0.025,3.43,0.47,2.44,1.0,182.35,2.06,10.3,84.07,73.23,0,0.026,11050.14,6507.386,1496.27,0
0.233,5.15,9.59,142.5,0.62,0.16,6.79,0.28,14.7,14.31,15.04,5.46,68.84,23.26,27.55,0.36,0.7,0.56,5.75,3.81,2521.05,31.91,0.35,3.07,8.42,631.02,7.32,47.85,0.002,0.06,1.07,14.79,0.5,2.35,114.5,0.27,0.025,2.61,0.33,0.33,0.42,219.97,2.86,17.37,221.68,38.83,0,0.0025,5203.0,3728.0,875.0,0
0.027,6.96,25.04,143.29,0.12,7.72,0.11,0.05,27.98,0.29,11.54,0.11,7.13,0.89,10.72,0.1,0.86,0.01,15.17,0.01,22.49,4.62,0.07,6.64,0.83,1256.15,71.21,0.55,0.001,0.15,9.04,5.32,2.11,35.79,967.75,0.48,1.106,7.61,0.44,0.07,1.31,84.69,1.79,3.16,5.71,25.7,0,0.005,11124.085,6882.425,1385.65,0
0.083,0.41,6.91,21.48,0.09,0.005,0.03,0.05,8.08,2.06,25.97,0.37,5.7,1.06,1.48,0.025,0.2,0.05,4.14,0.16,217.26,0.65,0.01,2.24,2.29,135.93,1.55,3.63,0.001,0.005,1.9,0.76,0.5,0.2,2.55,0.11,0.025,1.8,0.1,0.05,0.3,8.83,0.79,3.25,13.89,3.01,0,0.0025,5228.769,7985.177,543.0,0
0.191,8.43,16.22,504.1,0.62,0.17,0.03,0.01,53.34,0.19,6.16,10.62,5.47,1.91,19.75,0.09,2.03,4.15,26.77,0.27,86.21,6.85,0.11,5.4,0.73,240.04,9.85,259.09,0.002,0.1,2.58,7.86,0.5,1.98,26.13,0.44,0.025,10.96,0.17,2.08,2.2,75.72,0.29,11.18,13.1,86.57,0,0.0025,4811.6,6128.751,1178.0,0
0.01,10.99,4.35,843.79,2.58,0.05,0.23,0.15,105.39,12.22,68.23,6.15,2.5,5.34,25.08,0.13,0.48,3.88,48.92,1.12,528.91,0.22,0.31,21.82,35.8,732.75,0.74,183.54,0.001,0.005,1.87,20.16,0.5,1.94,46.19,1.43,0.025,15.78,0.6,0.96,2.19,132.72,1.08,45.91,9.12,17.06,0,0.0025,11969.984,9250.353,1304.83,0
113.648,6.05,4470.81,146.92,1.1,147.36,0.66,12.19,38.08,2643.08,57.38,2.21,2376.07,5.07,17.71,0.08,1.21,0.36,17.42,1.01,428.69,4.21,0.42,10.06,21.06,667.12,6475.65,17.62,0.002,0.75,135.66,13.03,5.42,9.72,110.29,0.68,21.726,7.4,0.37,0.2,0.85,99.95,1.05,13.42,1242.7,34.53,1,8.391,13082.933,7638.933,1385.0,0
0.053,0.41,8.07,10.99,0.08,0.05,0.005,0.05,7.33,0.73,30.2,0.37,2.76,0.56,0.98,0.025,0.1,0.14,4.04,0.01,46.7,0.68,0.02,0.87,1.65,43.19,1.94,6.6,0.001,0.01,1.65,0.4,0.5,0.2,2.31,0.05,0.025,0.91,0.03,0.1,0.2,4.28,0.37,0.99,12.0,3.81,0,0.0025,4753.44,7963.0,290.0,0
0.137,7.21,0.99,1230.39,0.9,0.05,2.93,0.05,28.61,15.92,31.51,7.55,21.08,3.94,14.9,0.08,1.91,1.43,11.65,1.34,954.24,0.18,1.9,6.07,10.52,670.49,8.91,59.92,0.001,0.02,2.18,15.15,0.5,1.16,351.43,0.43,0.025,3.53,0.35,0.74,0.99,129.48,0.74,12.03,74.72,66.42,0,0.0025,7715.0,7227.0,1271.0,0
0.259,9.84,430.32,457.21,1.11,0.08,0.08,0.06,38.83,4.44,20.14,12.88,17.14,4.26,22.25,0.09,2.52,3.31,20.04,0.23,310.71,1.69,0.07,7.28,0.9,732.65,8.74,195.07,0.001,0.005,41.93,16.46,0.5,1.76,9.92,0.5,0.025,6.58,0.41,3.21,1.38,119.17,1.82,11.04,48.66,98.68,0,0.005,7652.489,9380.671,1004.9,0
0.04,0.53,0.58,67.18,0.29,0.005,3.47,0.12,1.92,1.53,15.67,0.86,3.36,1.02,1.31,0.025,0.1,0.08,1.07,0.18,2548.98,0.25,0.1,0.19,1.66,103.07,1.67,3.71,0.001,0.01,0.8,1.31,0.5,0.2,52.38,0.025,0.025,0.11,0.02,0.05,0.1,9.36,0.1,4.26,11.44,2.24,0,0.0025,6350.0,7659.0,877.0,0
0.495,2.93,41.54,138.02,0.36,0.05,0.05,0.05,6.87,1.97,21.32,2.8,4.07,1.35,6.94,0.025,0.8,1.27,3.57,0.14,148.07,4.81,0.03,1.42,1.46,333.56,10.55,96.84,0.001,0.01,5.8,4.61,0.5,0.58,3.59,0.14,0.091,1.52,0.14,0.83,0.44,39.01,0.96,2.65,17.95,37.94,0,0.018,5344.757,7899.473,623.0,0
6.604,6.14,108.41,377.43,1.66,0.25,0.13,0.09,47.74,3.12,5.1,18.32,3.54,1.22,15.53,0.025,2.71,2.66,21.31,0.2,254.12,1.69,0.06,7.19,0.64,98.75,31.26,152.88,0.001,0.01,13.55,3.71,0.5,3.12,22.05,0.94,0.025,15.78,0.08,1.28,4.86,16.22,1.47,15.6,41.2,63.59,0,0.057,5672.987,6627.363,1284.399,0
0.09,8.03,2.58,426.02,0.92,0.18,3.73,0.32,37.48,11.65,27.0,6.31,23.75,3.69,16.76,0.1,2.08,1.4,18.21,1.3,836.17,0.15,2.58,6.36,9.67,741.55,12.09,56.32,0.001,0.01,1.18,15.01,0.5,1.35,281.7,0.43,0.05,5.42,0.44,0.48,1.41,97.58,0.97,17.73,86.65,74.62,0,0.007,7564.0,6709.0,1317.0,0
3.619,3.58,328.04,179.5,0.55,0.05,0.06,0.67,19.13,3.92,17.46,4.21,25.19,3.64,7.48,0.05,1.63,1.53,10.11,0.12,86.96,21.77,0.04,3.26,1.76,299.59,404.93,116.66,0.001,2.49,25.58,5.46,0.5,0.93,8.77,0.25,0.025,4.36,0.16,0.86,1.07,60.19,1.49,4.68,167.94,51.94,1,0.171,5700.862,8006.657,601.0,0
0.306,2.39,24.19,116.0,0.39,0.05,0.1,0.05,28.5,2.22,19.93,2.85,19.97,1.37,6.21,0.1,1.36,0.97,16.21,0.11,182.07,2.36,0.03,2.32,1.42,313.72,7.18,75.68,0.001,0.005,10.53,5.01,0.5,0.71,5.29,0.17,0.025,3.34,0.15,0.59,0.91,48.64,1.51,5.93,17.48,61.27,0,0.0025,5506.205,8010.576,580.0,0
0.044,8.08,1.49,520.49,1.16,0.05,4.62,0.11,29.65,19.59,37.96,2.57,19.68,6.03,21.83,0.09,1.59,0.68,15.81,1.94,947.53,0.41,2.51,6.69,9.64,1022.75,9.98,16.71,0.001,0.03,0.54,15.75,0.5,1.42,576.02,0.44,0.025,2.38,0.52,0.18,0.67,152.5,0.63,16.22,96.14,56.85,0,0.0025,11568.974,7096.43,1308.0,0
1.794,6.57,100.0,1361.74,1.34,1.31,0.22,0.32,12.51,3.46,28.77,8.18,60.05,5.25,18.05,0.11,0.98,1.6,5.3,1.03,297.0,9.5,0.36,6.31,7.4,507.13,232.96,94.49,0.001,0.1,190.38,11.89,2.76,57.38,66.58,0.52,0.1,9.9,0.27,1.01,1.56,68.44,3.8,13.76,169.67,15.2,0,0.006,12428.873,9420.568,1367.92,0
