Rank,East,North,Level,Au_ppm,target_Au,KNN_pred,KNN_proba,Regresion_Logistica_pred,Regresion_Logistica_proba,Arbol_Decision_pred,Arbol_Decision_proba,Random_Forest_pred,Random_Forest_proba,KNN_Regressor_pred_ppm,Ridge_pred_ppm
1,6352.596,6830.149,1352.149,132.245,1,1,1.0,1,1.0,1,1.0,1,0.97,19.51265629083719,318.0186856702102
2,10748.904,9560.958,1370.0,0.005,0,0,0.0,0,4.655444574168757e-06,0,0.06719367588932806,0,0.04,0.39220528836763247,22.621369938174304
3,11986.986,7930.563,1364.0,0.0025,0,0,0.0,0,1.4594020516671024e-05,0,0.0,0,0.0,0.4342754772840126,16.983582501428955
4,3700.431,6073.42,573.0,0.049,0,0,0.2,0,0.001311857535633267,0,0.0,0,0.34,1.166609037604591,14.544329544492092
5,6365.0,7602.0,924.0,74.766,1,1,1.0,1,1.0,1,1.0,1,0.97,6.600423668048201,12.864221151482313
6,13082.933,7638.933,1385.0,8.391,1,1,0.6,1,0.9999318040252695,1,1.0,1,0.8,2.242486178478264,11.897235832769208
7,13083.354,7638.403,1385.0,16.681,1,1,0.6,1,0.9999999727105974,1,1.0,1,0.89,2.1489221886053627,11.324184117978781
8,4416.0,7582.0,357.0,0.0025,0,0,0.0,0,0.0007028554736676935,0,0.03278688524590164,0,0.0,0.9361369155687657,8.999819070955883
9,3936.127,7387.505,214.0,0.006,0,0,0.0,0,0.001325885782027978,0,0.03278688524590164,0,0.0,1.0092371169952237,7.061828532366558
10,6352.596,6830.149,1352.149,11.0,1,1,0.8,1,0.977124786471805,1,1.0,1,0.97,6.552837210232339,6.884340386253294
11,11861.497,9973.41,1360.34,0.016,0,0,0.0,0,6.212001668924856e-05,0,0.0,0,0.0,0.2669131436179216,6.497344755765487
12,9558.941,3114.694,1415.709,4.921,1,1,1.0,1,1.0,1,1.0,1,0.69,2.3426734991359717,6.401498115374599
13,10287.0,8689.0,1085.0,0.0025,0,0,0.0,0,0.0009631745597092124,0,0.0,0,0.0,0.31339200632907266,6.375987731207901
14,14537.603,9548.218,1452.959,6.451,1,1,0.6,1,0.9995949122693912,1,1.0,1,0.83,1.9484944133852973,6.362725863045441
15,10026.0,8974.0,1185.0,0.0025,0,0,0.0,0,0.0011891029442131736,0,0.0,0,0.0,0.38552378108909185,6.273454493618112
16,4681.005,6257.046,1088.0,13.957,1,1,1.0,1,0.999999999999998,1,1.0,0,0.48,2.839552303891425,6.2040700049977575
17,5154.828,6439.146,1186.5,0.008,0,0,0.0,0,0.0397657020572639,0,0.02702702702702703,0,0.05,0.29648201362072496,5.846913205888579
18,4422.475,7521.769,384.0,0.0025,0,0,0.0,0,0.0017980909814130411,0,0.0,0,0.0,0.29092560109856813,5.823710790654108
19,11665.294,7865.684,1314.0,0.0025,0,0,0.0,0,0.0006035674172834625,0,0.03278688524590164,0,0.0,0.29921149977487044,5.689901016820574
20,5105.85,8323.0,360.0,0.006,0,0,0.0,0,0.00044492607298754635,1,0.6666666666666666,0,0.05,0.3227956335986715,5.610408588475192
21,6327.073,8514.711,617.0,0.0025,0,0,0.0,0,0.0002412255686080633,0,0.0,0,0.0,1.3277400407895552,5.536629501367601
22,3937.027,7387.505,214.8,0.005,0,0,0.0,0,8.557761264892169e-05,0,0.0,0,0.0,0.3979290805919187,5.499388790244077
23,7664.31,4557.415,1072.0,0.0025,0,0,0.0,0,0.00937532433109149,0,0.0,0,0.01,0.3270633553995527,5.305971227961603
24,10460.726,9162.846,1276.0,0.0025,0,0,0.0,0,0.0005251706045603941,0,0.0,0,0.03,0.31339200632907266,5.229217722461137
25,5105.83,8322.0,360.0,0.0025,0,0,0.0,0,0.00011305003811796948,0,0.0,0,0.01,0.8020866269231682,5.185319063610326
26,281.0,7781.0,787.0,0.0025,0,0,0.0,0,9.968371440954158e-06,0,0.0,0,0.0,1.3277400407895552,5.18454390379747
27,6093.945,6750.018,1279.219,0.0025,0,0,0.0,0,0.013727251794228663,0,0.0,0,0.0,1.1889035836517279,5.119297290596755
28,6933.387,4491.697,959.0,0.0025,0,0,0.0,0,0.0035679879410371656,0,0.0,0,0.0,0.313119634306739,5.087780854400058
29,4428.391,7574.709,389.0,0.0025,0,0,0.0,0,0.002080638093896054,0,0.03278688524590164,0,0.02,1.0584583235431977,5.060346589163782
30,4418.0,7497.0,396.0,0.0025,0,0,0.0,0,0.0006482724125556616,0,0.03278688524590164,0,0.0,0.5800595314196089,4.945718854321423
31,8332.0,5475.0,1374.0,0.0025,0,0,0.0,0,0.005771552713619073,0,0.0,0,0.0,0.18895856196041866,4.938346343168149
32,7295.639,5755.038,1187.0,0.0025,0,0,0.0,0,0.003068764964040253,0,0.0,0,0.0,0.3270633553995527,4.527579218108942
33,10436.0,8858.0,1150.0,0.007,0,0,0.0,0,0.0006823897094157596,0,0.0,0,0.0,0.38552378108909185,4.524623143676337
34,7185.679,9242.846,909.93,0.009,0,0,0.0,0,0.06131396820880796,0,0.03278688524590164,0,0.01,0.2363896598843187,4.320339110275794
35,13493.0,7316.0,1405.0,0.0025,0,0,0.0,0,0.0030547489540948426,0,0.0,0,0.0,0.38552378108909185,4.306604278295746
36,4933.982,6270.518,1228.0,0.006,0,0,0.0,0,0.0004141713583844285,0,0.0,0,0.0,1.2319798825112362,4.262155075729744
37,10404.521,6048.041,1484.0,0.005,0,0,0.0,0,0.006637405808547982,0,0.03278688524590164,0,0.01,1.0977090252010062,4.236959121148055
38,885.0,11617.0,751.0,0.0025,0,0,0.0,0,0.010344969293536259,0,0.0,0,0.0,1.2827255904095414,4.175226088673007
39,8161.0,6671.0,1421.0,0.0025,0,0,0.0,0,0.003478347939845009,0,0.0,0,0.0,0.38552378108909185,4.065054799791824
40,7095.31,4683.005,1051.0,0.0025,0,0,0.0,0,0.033256067095292045,0,0.0,0,0.0,0.28009205566249185,4.053450205646146
41,5605.827,6728.348,1135.0,0.0025,0,0,0.0,0,4.7102307743748484e-05,0,0.0,0,0.0,1.1532947647043266,3.986098967472477
42,8618.49,5946.74,1429.29,0.0025,0,0,0.0,0,0.004744202461325972,0,0.0,0,0.01,0.28009205566249185,3.9595182255554486
43,12369.0,6246.0,1488.0,0.0025,0,0,0.0,0,0.0031079868005403463,0,0.0,0,0.0,0.28009205566249196,3.93268790290185
44,4718.322,6074.248,1131.0,0.0025,0,0,0.0,0,0.0015420310660049059,0,0.0,0,0.0,1.2695947441053914,3.9214124768007483
45,10343.0,8772.0,1110.0,0.0025,0,0,0.0,0,0.002326310733659893,0,0.0,0,0.0,0.38552378108909185,3.8873688671534907
46,6201.0,6418.0,1363.0,0.0025,0,0,0.0,0,0.03560069276318865,0,0.0,0,0.0,0.21924923808056482,3.8680960911097086
47,5231.629,7080.589,830.949,0.0025,0,0,0.0,0,5.6004840321843564e-05,0,0.0,0,0.0,1.1532947647043266,3.8165533097236755
48,7683.43,4469.841,1036.0,0.0025,0,0,0.0,0,0.010256753874581831,0,0.0,0,0.0,0.3251514733447335,3.815167495716522
49,5699.027,6580.02,1284.399,0.0025,0,0,0.0,0,0.0003838947426390987,0,0.0,0,0.0,1.3277400407895552,3.7603366202303903
50,9201.0,6520.0,1362.0,0.005,0,0,0.0,0,0.0024061848782302975,0,0.0,0,0.0,0.38552378108909185,3.7459651530843203
51,5686.08,6607.879,1284.399,3.788,1,1,1.0,1,0.9999999799045882,1,1.0,1,0.82,2.5816483878945053,3.692917149216748
52,7342.329,9283.829,938.0,0.0025,0,0,0.0,0,0.0025841171152588714,0,0.0,0,0.0,1.1532947647043266,3.6274288992931973
53,10077.0,8760.0,1081.0,0.0025,0,0,0.0,0,0.00321678511928535,0,0.0,0,0.0,0.31339200632907266,3.6136667633524553
54,6330.0,7325.0,1083.0,0.0025,0,0,0.0,0,0.004669163145356428,0,0.0,0,0.01,0.28009205566249185,3.583301196761603
55,5576.0,4860.0,794.0,0.0025,0,0,0.0,0,0.004912325523777566,0,0.0,0,0.01,0.3784051391518745,3.572785931919351
56,9429.0,6643.0,1493.0,0.021,0,0,0.2,0,0.022818982438232396,0,0.06818181818181818,0,0.04,0.5631881918436876,3.5485008273120515
57,5289.277,7052.313,926.0,0.019,0,0,0.0,0,1.5240214746842465e-05,0,0.0,0,0.02,1.3277400407895552,3.519588041836389
58,6517.0,8470.0,698.0,0.0025,0,0,0.0,0,0.00020175485986077523,0,0.0,0,0.0,0.38552378108909185,3.4903269712344205
59,7214.0,5275.0,1365.0,0.0025,0,0,0.0,0,0.0034115940645204797,0,0.0,0,0.0,0.38552378108909185,3.4880543110220175
60,12099.47,6411.755,1376.0,0.0025,0,1,0.6,0,0.10434091009928056,0,0.02702702702702703,0,0.04,0.786171356567926,3.4873288769247592
61,8435.15,5558.05,1340.28,0.0025,0,0,0.0,0,0.004233636570997522,0,0.0,0,0.0,0.38552378108909185,3.427890905387789
62,5545.507,6837.096,1156.639,0.026,0,0,0.0,0,0.00015652065622581894,0,0.0,0,0.0,1.1532947647043266,3.421716669203089
63,7316.0,5338.0,1373.0,0.0025,0,0,0.0,0,0.002285657775527848,0,0.0,0,0.0,0.3274420295532055,3.4108049980488317
64,11795.463,9115.365,1276.28,0.0025,0,0,0.0,0,0.0009522404930858346,0,0.0,0,0.0,0.38552378108909185,3.4018235801897765
65,17444.0,8340.0,1287.0,0.1,0,0,0.4,0,0.051271009151459705,0,0.0,0,0.24,1.1519413126655051,3.3992699599793585
66,5107.25,8319.5,361.0,0.087,0,0,0.0,0,0.0004799839991884871,0,0.0,0,0.02,0.7499293920838903,3.3815672275762947
67,8439.0,5192.0,1254.0,0.0025,0,0,0.0,0,0.0034238004901588097,0,0.0,0,0.0,0.28009205566249185,3.3707414879259243
68,9938.961,7979.888,1098.0,0.0025,0,0,0.0,0,0.0011371370679830568,0,0.0,0,0.0,0.27099200403208507,3.3648797675587057
69,5397.0,6603.0,1143.0,0.0025,0,0,0.0,0,0.0015226658138559803,0,0.0,0,0.0,0.38552378108909185,3.3631889043226035
70,14323.775,8943.012,1435.429,0.0025,0,0,0.0,0,0.028728615732629054,0,0.0,0,0.0,0.22467592041784817,3.358403483980142
71,6343.687,6864.89,1302.709,10.903,1,1,1.0,1,0.9999999704850833,1,1.0,1,0.98,3.7791813381517714,3.354928882655116
72,6358.081,8524.675,620.0,0.0025,0,0,0.0,0,0.0023217408872288816,0,0.0,0,0.0,1.3277400407895552,3.34972193521319
73,3191.0,6517.0,166.0,0.006,0,0,0.0,0,0.004569813674397239,0,0.03278688524590164,0,0.01,2.139780787919591,3.3332824308477202
74,5356.395,7056.879,907.18,0.0025,0,0,0.0,0,0.0033528852046452234,0,0.0,0,0.0,0.28009205566249185,3.2957629676997504
75,11263.732,7832.584,1230.37,0.0025,0,0,0.0,0,0.00032869068851092766,0,0.0,0,0.0,1.3074922699210423,3.294775455020888
76,10406.749,6048.345,1482.0,0.0025,0,0,0.0,0,0.004761168285050831,0,0.0,0,0.0,0.38552378108909185,3.2854631701285957
77,13009.704,6619.15,1544.27,0.0025,0,0,0.0,0,0.00400300194554932,0,0.0,0,0.0,0.38552378108909185,3.241032742960095
78,11899.552,10003.919,1357.18,0.0025,0,0,0.0,0,0.0008781225014082393,0,0.0,0,0.0,0.3270633553995527,3.234330926729825
79,5066.0,6581.0,1094.0,4.538,1,1,0.6,1,0.9999695175433458,1,1.0,1,0.78,1.452418246011122,3.2341893401727364
80,7830.852,9255.068,1008.92,0.0025,0,0,0.0,0,0.002145252739295792,0,0.0,0,0.0,1.4738986134548777,3.2320215019538
81,5660.019,6728.037,1156.639,0.0025,0,0,0.0,0,0.0020861435013780397,0,0.0,0,0.0,0.38552378108909185,3.218328689130872
82,10414.0,8808.0,1142.0,0.0025,0,0,0.0,0,0.0008901577012846105,0,0.02702702702702703,0,0.0,0.3251514733447335,3.199181003969248
83,11579.528,6845.732,1355.0,0.0025,0,0,0.0,0,0.005000788025769689,0,0.03278688524590164,0,0.01,0.7895535449084286,3.1398030973341373
84,7232.238,4423.497,923.0,0.0025,0,0,0.0,0,0.008201664912409541,0,0.0,0,0.0,0.2823718422498906,3.118007780715982
85,7169.087,5272.533,1387.149,0.005,0,0,0.0,0,0.0008873360680897207,0,0.0,0,0.0,1.3277400407895552,3.1082177226176237
86,8940.0,5296.0,1174.0,0.0025,0,0,0.0,0,0.008215632229206906,0,0.0,0,0.0,0.2823718422498907,3.0922082854060737
87,3932.176,6390.467,587.0,0.0025,0,0,0.0,0,0.006219339987801584,0,0.0,0,0.0,0.3979290805919188,3.0892529743955395
88,9291.764,6342.348,1418.24,0.0025,0,0,0.0,0,0.002390481949612882,0,0.0,0,0.0,0.38552378108909185,3.088861786085426
89,5677.0,6218.0,1254.0,0.0025,0,0,0.0,0,0.00025236203070588587,0,0.0,0,0.0,1.275993647500161,3.0832657734276245
90,6352.74,6819.014,1352.149,4.392,1,0,0.2,1,0.9895925732388067,1,1.0,0,0.37,1.1532947647043266,3.079825830301458
91,4717.783,6123.527,1130.0,0.0025,0,0,0.0,0,0.0014447140218397962,0,0.0,0,0.0,1.1383584500989616,3.0739774147885406
92,9159.0,6615.0,1348.0,0.006,0,0,0.0,0,0.0008196364122675412,0,0.0,0,0.0,0.28009205566249185,3.0702340926209075
93,10172.545,9339.51,1258.0,0.0025,0,0,0.0,0,0.0004580235306704017,0,0.0,0,0.0,0.38552378108909185,3.06762271743657
94,8618.0,6656.0,1378.0,0.0025,0,0,0.0,0,0.0033629644523291763,0,0.0,0,0.0,0.3065469795501437,3.0559227033752596
95,9768.449,3356.856,1483.869,0.009,0,0,0.0,0,0.00490568073112921,0,0.06719367588932806,0,0.01,0.28009205566249185,3.0524930696788286
96,6761.0,7989.0,940.0,0.0025,0,0,0.2,0,0.023521959511504945,0,0.0,0,0.01,0.38552378108909185,3.051636339901512
97,5276.797,7056.298,920.0,0.0025,0,0,0.0,0,0.0002228769839368741,0,0.0,0,0.0,1.3277400407895552,2.9974026524352078
98,9086.685,8631.27,972.53,0.0025,0,0,0.0,0,0.0014066138867091216,0,0.0,0,0.0,0.38552378108909185,2.9935360581333126
99,7823.0,4907.0,1274.0,0.0025,0,0,0.0,0,0.004171214142257051,0,0.0,0,0.0,0.3270633553995527,2.9889042755649986
100,7715.0,7227.0,1271.0,0.0025,0,0,0.0,0,0.0019842372276107187,0,0.0,0,0.0,0.4342754772840126,2.9787236832709016
101,6278.0,6571.0,1343.0,0.0025,0,0,0.0,0,0.002250628962637559,0,0.0,0,0.0,1.2892512658705955,2.9761415757990237
102,8122.0,6722.0,1411.0,0.0025,0,0,0.0,0,0.0057194356183259505,0,0.0,0,0.0,0.3251514733447335,2.970630574356262
103,5777.983,6139.979,1256.439,0.005,0,0,0.0,0,0.0013787479964491925,0,0.0,0,0.0,1.3277400407895552,2.969879735887806
104,7077.164,4740.719,1070.0,0.019,0,0,0.0,0,0.015332888976102974,0,0.0,0,0.01,0.761600442764191,2.9499368057108195
105,10861.0,9241.0,1258.0,0.0025,0,0,0.0,0,0.004648264062265306,0,0.0,0,0.0,0.42127159738165676,2.928803972430161
106,5421.191,8107.76,537.0,0.0025,0,0,0.0,0,0.0008571443718951202,0,0.0,0,0.0,1.1532947647043266,2.915994119368562
107,12929.12,6593.801,1523.09,0.0025,0,0,0.0,0,0.001643836576117766,0,0.0,0,0.0,0.38552378108909185,2.8998113112371624
108,9320.683,6575.191,1393.99,0.0025,0,0,0.0,0,0.00650478762240178,0,0.0,0,0.0,0.38552378108909185,2.886548248293074
109,5259.0,6285.0,1296.0,0.0025,0,0,0.0,0,0.001420689014861618,0,0.0,0,0.0,1.4380745357066407,2.8858616433172104
110,15215.853,8958.177,1392.959,0.008,0,0,0.0,0,0.004053464417885614,0,0.0,0,0.0,0.28009205566249185,2.885739630512366
111,4684.098,6356.318,1010.0,0.021,0,0,0.0,0,0.02000525820686234,0,0.0,0,0.03,1.2998162978162042,2.874228749264179
112,7236.054,5250.356,1354.429,0.0025,0,0,0.0,0,0.0004630616560627031,0,0.0,0,0.0,1.3277400407895552,2.872733786835782
113,6379.0,7345.0,1061.0,0.0025,0,0,0.0,0,0.004394077635326588,0,0.0,0,0.0,0.28009205566249185,2.846679297468736
114,5736.0,7994.0,610.0,0.0025,0,0,0.0,0,0.04806122790181736,0,0.0,0,0.0,1.6268296051007707,2.819143847297271
115,5742.0,6194.0,1270.0,0.0025,0,0,0.0,0,0.0020160283414263442,0,0.0,0,0.0,1.3277400407895552,2.808692077564703
116,10144.0,8642.0,1051.0,0.0025,0,0,0.0,0,0.0007425007920339213,0,0.0,0,0.0,0.38552378108909185,2.796666913491662
117,7820.0,6793.0,1329.0,0.0025,0,0,0.0,0,0.0011761471422142905,0,0.0,0,0.0,0.3274420295532055,2.7901170755437334
118,11856.873,9268.942,1288.82,0.0025,0,0,0.0,0,0.008542981537004495,0,0.0,0,0.01,0.3986283404174529,2.7854480575274625
119,7321.26,4585.761,1024.0,0.007,0,0,0.0,0,0.016830676319848314,0,0.0,0,0.0,0.6603562144717818,2.785190626558871
120,10867.0,9037.0,1247.0,0.0025,0,0,0.0,0,0.001603529930030021,0,0.0,0,0.0,0.38552378108909185,2.78030192848188
121,10565.0,9023.0,1212.0,0.0025,0,0,0.0,0,0.0007702614917594034,0,0.0,0,0.0,0.38552378108909185,2.7753698651860366
122,6343.723,8516.412,617.0,0.0025,0,0,0.0,0,0.024092586705727084,0,0.0,0,0.0,1.1532947647043266,2.768313590426096
123,6083.0,7661.0,837.0,0.0025,0,0,0.0,0,0.0057296635060987075,0,0.0,0,0.0,0.3251514733447335,2.750726263756548
124,5107.31,8318.08,362.0,0.0025,0,0,0.0,0,0.0004245702849029554,0,0.0,0,0.0,0.7775878791682885,2.7483119135005794
125,8524.72,5764.64,1333.57,0.0025,0,0,0.0,0,0.0025880092413878286,0,0.0,0,0.0,0.28009205566249185,2.746770665968284
126,9047.21,5033.1,1213.31,0.0025,0,0,0.0,0,0.0015956353030555828,0,0.0,0,0.0,0.3979290805919188,2.7432737973115984
127,6342.393,6898.786,1302.709,12.985,1,1,0.6,1,0.9999964812359926,1,1.0,1,0.94,3.1752325260566185,2.7401583487827534
128,8400.96,5594.5,1351.58,0.0025,0,0,0.0,0,0.0037916946855405973,0,0.0,0,0.02,0.3065469795501437,2.737314088303778
129,6329.307,8505.809,614.0,0.0025,0,0,0.0,0,0.009125372967246349,0,0.0,0,0.0,1.1532947647043266,2.735939541577096
130,7436.362,4377.58,944.0,0.0025,0,0,0.0,0,0.014754893494418091,0,0.0,0,0.0,0.2823718422498906,2.7359329075981798
131,5510.0,6312.0,1277.0,0.009,0,0,0.0,0,0.003625720841389403,0,0.0,0,0.0,1.4881809867190725,2.729716835735374
132,10543.592,7645.832,1239.0,0.0025,0,0,0.0,0,0.0025121868393426358,0,0.0,0,0.01,0.3218485800886181,2.729421190289462
133,12265.0,9946.0,1349.0,0.012,0,0,0.0,0,0.04810891090926546,0,0.06818181818181818,0,0.03,0.8411970698728144,2.722183570610365
134,10810.88,9670.947,1406.0,0.013,0,0,0.4,0,0.09283869148529249,0,0.0,0,0.14,1.2241840170916358,2.7218326866144706
135,4912.06,6525.365,1091.0,0.011,0,0,0.0,0,0.001644808817220351,0,0.0,0,0.0,1.1469140223327945,2.711711178603145
136,5508.585,6987.065,969.0,0.0025,0,0,0.0,0,0.0044249568161744066,0,0.0,0,0.0,0.28009205566249185,2.690070307050566
137,13560.6,7726.182,1468.89,0.0025,0,0,0.0,0,0.0009741779086108301,0,0.0,0,0.0,0.38552378108909185,2.6809261890225313
138,6360.437,8526.132,621.0,0.0025,0,0,0.0,0,0.0006633308275688523,0,0.0,0,0.0,1.1532947647043266,2.663764706011168
139,6941.902,9320.45,876.0,0.0025,0,0,0.0,0,0.001442983710211336,0,0.0,0,0.0,0.3065469795501437,2.6587694516054867
140,5882.0,3892.0,879.0,0.0025,0,0,0.0,0,0.0005425976556302244,0,0.0,0,0.0,1.2827255904095414,2.6465309503476604
141,7416.0,9167.0,948.0,0.0025,0,0,0.0,0,0.007066273594440524,0,0.0,0,0.0,0.4396326079719751,2.6450278863708307
142,5344.0,6559.0,1132.0,0.0025,0,0,0.0,0,0.0106588902155293,0,0.0,0,0.0,1.232781455669127,2.635748222454505
143,13564.38,7700.069,1464.32,0.0025,0,0,0.0,0,0.0010460743866267204,0,0.0,0,0.0,0.38552378108909185,2.629095070709768
144,4769.826,6597.82,956.0,4.187,1,1,1.0,1,0.9999999982063272,1,1.0,1,0.67,2.5816483878945062,2.614198647671714
145,11961.156,6512.366,1367.0,0.0025,0,0,0.0,0,0.0035410927613636536,0,0.0,0,0.0,0.38552378108909185,2.606213813348955
146,11252.733,7997.779,1209.82,0.0025,0,0,0.0,0,0.002413482396208771,0,0.0,0,0.0,0.34579679725036544,2.594699852103873
147,13368.477,7064.41,1456.61,0.0025,0,0,0.0,0,0.011509772923800999,0,0.0,0,0.0,0.31339200632907266,2.5943964207858046
148,6257.232,7213.196,1169.099,0.032,0,0,0.0,0,0.005803354957811807,0,0.06719367588932806,0,0.02,0.28009205566249185,2.5707812430349413
149,5572.0,6585.0,1252.0,0.0025,0,0,0.0,0,0.0023485101189457507,0,0.0,0,0.0,0.26824596460482897,2.5630638009769466
150,8346.0,5624.0,1396.0,0.0025,0,0,0.0,0,0.0009743576317629255,0,0.0,0,0.0,0.38552378108909185,2.557990828019166
151,5280.749,7050.734,924.0,0.0025,0,0,0.0,0,0.0003219252039819204,0,0.0,0,0.0,1.3277400407895552,2.531089553974705
152,10061.0,8642.0,1066.0,0.0025,0,0,0.0,0,0.0009603840565735758,0,0.0,0,0.0,0.38552378108909185,2.5216770835031332
153,5803.0,3901.0,871.0,0.0025,0,0,0.4,0,0.0006768552011903869,0,0.0,0,0.02,0.6106669134648044,2.516472308313763
154,4004.911,7451.452,206.06,0.0025,0,0,0.0,0,0.0003678959863743702,0,0.03278688524590164,0,0.0,0.3956804635111422,2.5138933989542456
155,5300.192,8533.699,486.0,2.476,1,1,1.0,1,1.0,1,1.0,1,0.83,2.0852385904434754,2.513785594579333
156,4741.763,6241.317,1092.0,1.262,1,1,1.0,1,0.9999999996295774,1,1.0,1,0.87,1.4886796796485007,2.5114499575906537
157,9897.863,6508.022,1455.0,0.029,0,0,0.0,0,0.0049093220040687694,0,0.0,0,0.02,0.2920162193514658,2.5101880381925596
158,7310.607,9216.457,947.0,0.0025,0,0,0.0,0,0.0029152976019305855,0,0.0,0,0.0,1.1532947647043266,2.5022641472900657
159,6646.269,5139.483,1171.169,0.005,0,0,0.0,0,0.00015813922816523327,0,0.0,0,0.0,1.3277400407895552,2.5020175383311223
160,7615.0,6483.0,1038.0,0.008,0,0,0.0,0,0.004194451159471604,0,0.0,0,0.0,0.2823718422498907,2.500672977853938
161,6342.393,6898.786,1302.709,11.0,1,1,0.6,1,0.999884393964148,1,1.0,1,0.94,3.4394167096578068,2.4999203304240667
162,11096.631,9642.112,1388.58,0.009,0,0,0.0,0,0.002372823679992228,0,0.0,0,0.0,0.34488357762627186,2.4990753396629097
163,12229.128,7710.341,1386.0,0.0025,0,0,0.0,0,0.0011110089407535347,0,0.0,0,0.0,0.38552378108909185,2.495291003792163
164,8358.0,5483.0,1364.0,0.0025,0,0,0.0,0,0.012764507395153377,0,0.0,0,0.0,0.38552378108909185,2.4943499080337785
165,10349.502,7840.799,1133.68,0.0025,0,0,0.0,0,0.0010775488519419157,0,0.0,0,0.0,0.3596056397226919,2.490819558796836
166,10082.0,8743.0,1075.0,0.0025,0,0,0.0,0,0.0014470672028195995,0,0.0,0,0.0,0.31339200632907266,2.4903719420723176
167,5886.376,6149.137,1254.0,0.0025,0,0,0.0,0,0.015395018926814715,0,0.0,0,0.0,0.5536365051841283,2.489817696839351
168,5497.0,6745.0,1130.0,0.0025,0,0,0.0,0,0.005224507842637442,0,0.0,0,0.0,0.28009205566249185,2.472859673644815
169,5057.557,6403.278,1240.0,0.005,0,0,0.0,0,0.003422450050583557,0,0.0,0,0.0,0.28009205566249185,2.467702732517421
170,4432.935,6459.181,958.0,0.0025,0,0,0.0,0,0.006020907150569155,0,0.0,0,0.0,1.1469140223327945,2.4654865156749235
171,10024.459,7725.949,1171.0,0.0025,0,0,0.0,0,0.001688109714838367,0,0.0,0,0.0,0.38552378108909185,2.4630913721287597
172,6343.687,6864.89,1302.709,11.0,1,1,1.0,1,0.9989823522688511,1,1.0,1,0.98,3.472365874002259,2.4483730347743218
173,12245.056,6314.937,1438.0,0.0025,0,0,0.0,0,0.0031834357071806956,0,0.0,0,0.0,0.38552378108909185,2.431099203640997
174,4031.027,7508.127,221.33,0.005,0,0,0.0,0,0.008456520238504647,0,0.03278688524590164,0,0.0,1.2762015587021893,2.4249064533888007
175,12565.265,9342.622,1297.56,0.048,0,1,0.6,0,0.003917611504800353,0,0.06719367588932806,0,0.05,0.5416662061421317,2.414768239044755
176,5203.0,3728.0,875.0,0.0025,0,0,0.2,0,0.011542101591141277,0,0.0,0,0.05,0.5778270864252761,2.4147090931990833
177,5107.28,8318.73,361.0,0.0025,0,0,0.0,0,0.0004948240015332893,0,0.0,0,0.0,0.7499293920838903,2.414215493988166
178,5566.279,6787.264,1089.0,0.0025,0,0,0.0,0,0.0005164176676660099,0,0.0,0,0.0,1.3277400407895552,2.41006465187257
179,5274.881,6429.832,1240.0,0.0025,0,0,0.0,0,0.010085623732287873,0,0.0,0,0.0,0.8097071188169611,2.3991294588565704
180,6273.473,9078.348,593.0,0.0025,0,0,0.0,0,0.0001268496873280012,0,0.0,0,0.0,1.298973212021306,2.396931276582258
181,6945.164,9331.82,879.0,0.0025,0,0,0.0,0,0.000775626628379128,0,0.0,0,0.0,0.38552378108909185,2.386980634810824
182,12283.669,9423.82,1371.49,0.009,0,0,0.0,0,0.00023604300470255143,0,0.0,0,0.0,0.7512846633543468,2.3758809931171196
183,7669.902,7218.467,1274.0,4.063,1,1,1.0,1,0.9999999996617754,1,1.0,1,0.92,2.8285066576311513,2.3709866436499647
184,8565.0,5005.0,1159.0,0.0025,0,0,0.0,0,0.01342575289846009,0,0.0,0,0.0,0.3251514733447335,2.3673568864697936
185,4993.402,8199.455,413.0,0.0025,0,0,0.4,0,0.31672907591912436,0,0.0,0,0.04,0.426819529151062,2.363242435842683
186,5190.027,7115.999,830.949,0.0025,0,0,0.0,0,0.0003412654377281512,0,0.0,0,0.0,1.1532947647043266,2.3603637199728382
187,7337.914,3846.702,1081.519,0.007,0,0,0.0,0,0.008823521522193723,0,0.0,0,0.0,0.5739163841936356,2.356310823342963
188,4129.443,6633.987,605.0,0.0025,0,0,0.0,0,0.001198958315702222,0,0.0,0,0.0,1.275993647500161,2.3514568437525805
189,13458.64,7240.536,1443.95,0.0025,0,0,0.0,0,0.0019080838004762073,0,0.0,0,0.0,0.38552378108909185,2.3382398249602216
190,13043.0,437.0,1237.0,0.0025,0,0,0.0,0,0.0003609025651371851,0,0.0,0,0.0,1.1532947647043266,2.3354979650094805
191,11812.595,7970.995,1357.0,0.0025,0,0,0.0,0,0.0014054349013714316,0,0.0,0,0.0,0.38552378108909185,2.33375567700755
192,10095.745,9271.919,1266.0,0.0025,0,0,0.0,0,0.003561261716669949,0,0.0,0,0.0,0.38552378108909185,2.3320111453509993
193,6618.0,7235.0,1093.0,0.0025,0,0,0.0,0,0.007936075914782834,0,0.0,0,0.0,0.28009205566249185,2.33124676483444
194,15934.444,9106.715,1395.149,0.042,0,0,0.0,0,0.0014419875761934701,0,0.06719367588932806,0,0.0,0.28009205566249185,2.3288206573543992
195,5357.543,6467.721,1216.0,0.0025,0,0,0.0,0,0.006141285017041178,0,0.0,0,0.0,0.3251514733447335,2.321135713438123
196,7861.0,6505.0,1337.0,0.0025,0,0,0.0,0,0.006373261364761802,0,0.0,0,0.0,0.3065469795501437,2.296870960920687
197,5068.0,6993.0,858.0,0.0025,0,0,0.0,0,0.0024867441343860803,0,0.0,0,0.0,0.3270633553995527,2.294047129768672
198,4599.0,5970.0,977.0,0.0025,0,0,0.0,0,0.0047502559764739756,0,0.0,0,0.0,1.2695947441053914,2.2908699443016975
199,6761.0,8006.0,932.0,0.0025,0,0,0.0,0,0.0025336932878303763,0,0.0,0,0.0,1.260848747140266,2.2815458467759795
200,9078.0,6711.0,1333.0,0.0025,0,0,0.0,0,0.0029710176819421957,0,0.0,0,0.0,0.38552378108909185,2.2666490712849923
201,7187.0,6671.0,1289.0,0.0025,0,0,0.0,0,0.0009914685659837134,0,0.0,0,0.0,0.38552378108909185,2.2551593825818
202,4924.965,6626.562,1066.0,6.953,1,1,1.0,1,0.997709939868111,1,1.0,1,0.96,1.925153447300512,2.245857310447062
203,7199.911,3507.765,1262.249,1.057,1,1,1.0,1,0.9999106840799558,1,1.0,1,0.8,0.7488943525767852,2.2453273228774444
204,11612.946,7838.838,1303.0,0.0025,0,0,0.0,0,0.0007458529945929776,0,0.0,0,0.0,0.3979290805919187,2.2392856784772195
205,8899.0,6746.0,1320.0,0.005,0,0,0.0,0,0.0018115053848894883,0,0.0,0,0.0,0.38552378108909185,2.2363298725405483
206,5256.0,8076.0,527.609,0.0025,0,0,0.0,0,0.003235063359778361,0,0.0,0,0.0,0.38552378108909185,2.2357789114340814
207,5118.653,7184.682,827.0,0.0025,0,0,0.0,0,0.0003361067693893671,0,0.0,0,0.01,1.1532947647043266,2.2330388325012023
208,5601.033,6584.195,1257.0,0.0025,0,0,0.0,0,0.02627273531359637,0,0.0,0,0.0,0.6603562144717818,2.2267137137823516
209,5619.311,7058.962,1013.18,0.0025,0,0,0.0,0,0.011290540730940163,0,0.0,0,0.0,1.210589368349123,2.224420672000927
210,5246.0,4123.0,764.0,0.0025,0,0,0.0,0,0.0010713627734016422,0,0.0,0,0.01,0.37915396759275116,2.2178549331636104
211,10159.0,8676.0,1065.0,0.0025,0,0,0.0,0,0.0008605472519793532,0,0.0,0,0.0,0.38552378108909185,2.210448223654125
212,7211.0,7585.0,1146.0,0.006,0,0,0.0,0,0.001864567511517466,0,0.0,0,0.0,0.27099200403208507,2.207161073557314
213,7791.561,9130.511,1028.72,0.0025,0,0,0.0,0,0.002243317781117956,0,0.0,0,0.0,0.38552378108909185,2.2062390616057233
214,13566.359,7659.223,1461.89,0.0025,0,0,0.0,0,0.016529116280273412,0,0.0,0,0.0,0.3037241218861891,2.2017675362892817
215,8918.989,8950.516,1087.94,0.0025,0,0,0.0,0,0.0009894633384637645,0,0.0,0,0.0,0.4215476378590439,2.2015649422607164
216,5472.0,6782.0,1112.0,0.0025,0,0,0.0,0,0.008435909979840216,0,0.0,0,0.0,0.28009205566249185,2.201138052307815
217,11329.408,7444.62,1286.0,0.0025,0,0,0.0,0,0.002943355287266798,0,0.0,0,0.0,0.37416817287548765,2.200129715473707
218,5221.0,6454.0,1214.0,0.0025,0,0,0.0,0,0.00902628487451242,0,0.0,0,0.0,1.1240297993881097,2.1833538780882096
219,4817.0,5968.0,1086.0,0.0025,0,0,0.0,0,0.001629545278385011,0,0.0,0,0.0,1.2695947441053914,2.1799962241546478
220,12269.916,8235.052,1215.39,0.0025,0,0,0.0,0,0.001169760920266606,0,0.0,0,0.0,0.38552378108909185,2.1735802432596385
221,4420.0,7591.0,359.0,0.0025,0,0,0.0,0,0.03249615711462402,0,0.0,0,0.0,0.8420463207151766,2.1722943522205473
222,9730.406,7705.351,1128.98,0.0025,0,0,0.0,0,0.0016819886751336588,0,0.0,0,0.0,0.43276279064428974,2.170151139167322
223,8914.314,9028.546,1108.39,0.0025,0,0,0.0,0,0.0018705033487972113,0,0.0,0,0.0,0.38552378108909185,2.169167170605199
224,7216.168,4546.768,970.0,0.0025,0,0,0.0,0,0.00921135485555937,0,0.0,0,0.0,0.6603562144717818,2.1661003831663153
225,8679.177,8864.974,1035.69,0.0025,0,0,0.0,0,0.0012956040393417804,0,0.0,0,0.0,1.3531979720508422,2.161328457868251
226,6143.0,6981.0,1257.0,0.005,0,0,0.0,0,0.010215327288100446,0,0.0,0,0.0,1.1240297993881097,2.159948952953168
227,10726.726,6353.396,1422.0,0.0025,0,0,0.0,0,0.006660518343975791,0,0.0,0,0.0,0.38552378108909185,2.15773587971422
228,7360.476,9291.407,938.0,0.0025,0,0,0.0,0,0.0014498433538064164,0,0.0,0,0.0,1.1532947647043266,2.1567920901553306
229,12174.954,6368.078,1402.0,0.0025,0,0,0.0,0,0.0013295859994297847,0,0.0,0,0.0,0.38552378108909185,2.152552498117968
230,12066.249,6446.937,1374.0,0.0025,0,0,0.0,0,0.004973919485781768,0,0.0,0,0.0,0.38552378108909185,2.149389912529625
231,6600.749,6751.646,1352.149,0.005,0,0,0.0,0,0.008801897673627187,0,0.0,0,0.0,0.3251514733447335,2.1491698557100785
232,5561.711,6797.572,1156.639,6.967,1,1,0.6,1,0.780256275524647,1,1.0,1,0.89,1.3511826379778789,2.1482633700122085
233,12831.31,6542.322,1529.17,0.0025,0,0,0.0,0,0.002571668610489447,0,0.0,0,0.0,0.4215476378590439,2.1400278906507593
234,5850.0,6442.0,1325.0,0.0025,0,0,0.0,0,0.002221932524469936,0,0.0,0,0.0,0.27099200403208507,2.1334980322644737
235,3450.497,6885.612,161.0,0.0025,0,0,0.0,0,0.002204844031307766,0,0.03278688524590164,0,0.01,0.9361369155687657,2.1332644345693472
236,9227.545,6670.634,1402.869,0.0025,0,0,0.0,0,0.004344737399598352,0,0.0,0,0.0,0.38552378108909185,2.1261024837044493
237,7388.0,5177.0,1308.0,0.0025,0,0,0.0,0,0.00587199145404589,0,0.0,0,0.01,0.28009205566249185,2.1184656647878386
238,17.0,9179.0,825.0,0.0025,0,0,0.0,0,8.634379087937189e-05,0,0.02702702702702703,0,0.0,1.4647391687207554,2.1173986064688752
239,11905.722,8212.004,1269.0,0.0025,0,0,0.0,0,0.004016195719408036,0,0.0,0,0.0,0.38552378108909185,2.1094717357629014
240,6357.364,8528.587,619.0,0.0025,0,0,0.0,0,0.014481513023550708,0,0.0,0,0.0,1.1029186177905426,2.103982914110194
241,8409.0,5162.0,1250.0,0.0025,0,0,0.0,0,3.2176938604181226e-05,0,0.0,0,0.0,1.1532947647043266,2.1008002386051876
242,6566.0,7307.0,1055.0,0.007,0,0,0.0,0,0.00486708532046384,0,0.0,0,0.0,0.28009205566249185,2.0998331327381905
243,7969.636,9072.241,1034.0,0.0025,0,0,0.0,0,0.03648861222345797,0,0.0,0,0.0,1.1029186177905423,2.0994293413455827
244,7118.649,9357.443,984.0,0.0025,0,0,0.0,0,0.011271255781323217,0,0.0,0,0.0,0.3065469795501437,2.0963733028527107
245,5448.353,8013.825,583.0,0.0025,0,0,0.0,0,0.0007415345546580191,0,0.0,0,0.01,1.1532947647043266,2.0952774836048205
246,5396.0,6578.0,1147.0,0.0025,0,0,0.0,0,0.00164888394766839,0,0.0,0,0.0,1.210589368349123,2.0952176377835627
247,10186.511,8728.796,1107.0,0.0025,0,0,0.0,0,0.0003119113902338119,0,0.0,0,0.01,0.38552378108909185,2.087090209397174
248,9249.006,6440.427,1396.53,0.0025,0,0,0.0,0,0.006062705564996318,0,0.0,0,0.0,0.38552378108909185,2.0841553740526804
249,12600.041,6529.809,1557.14,0.0025,0,0,0.0,0,0.0024902990685546187,0,0.0,0,0.0,0.38552378108909185,2.078639170823499
250,8879.033,8654.444,1019.0,0.0025,0,0,0.0,0,0.001101120919445511,0,0.0,0,0.0,0.28009205566249185,2.0702744315986155
251,4733.169,6142.799,1117.0,0.01,0,0,0.0,0,0.009681270410437877,0,0.0,0,0.0,0.38552378108909185,2.068162918217395
252,5792.0,5937.0,1174.0,0.0025,0,0,0.0,0,0.005280393678032531,0,0.0,0,0.0,0.28009205566249185,2.0643098035892273
253,5918.0,6328.0,1310.0,0.005,0,0,0.0,0,0.0004816806080008566,0,0.0,0,0.0,1.3277400407895552,2.0634697093639995
254,5893.0,6304.0,1320.0,0.0025,0,0,0.0,0,0.0026174985930212907,0,0.0,0,0.0,0.28009205566249185,2.0612778694354668
255,4493.166,7284.159,553.0,0.0025,0,0,0.0,0,0.004047574620454223,0,0.0,0,0.0,1.260848747140266,2.059523312822244
256,5359.797,8200.243,503.0,0.0025,0,0,0.0,0,0.0013522607160352757,0,0.0,0,0.0,0.38552378108909185,2.058925926020884
257,6688.0,7176.0,1172.0,0.025,0,0,0.0,0,0.004617189977057924,0,0.0,0,0.0,0.3270633553995527,2.0579482743041
258,6383.0,6745.0,1336.0,0.0025,0,0,0.0,0,0.0042119257529218135,0,0.0,0,0.0,0.38552378108909185,2.0549945024953233
259,10751.67,9714.179,1408.0,0.006,0,0,0.0,0,0.0011658118187948222,0,0.0,0,0.0,0.38552378108909185,2.0543491354297045
260,6433.0,6718.0,1335.0,0.0025,0,0,0.0,0,0.0022581730097637615,0,0.0,0,0.0,0.38552378108909185,2.041954685783349
261,12405.711,6599.967,1571.49,0.0025,0,0,0.0,0,0.0023394134292645495,0,0.0,0,0.0,0.38552378108909185,2.027863458842865
262,10776.619,9725.142,1409.0,0.005,0,0,0.0,0,0.0010143989267431942,0,0.0,0,0.0,0.38552378108909185,2.0272750665824617
263,8118.083,8580.602,933.22,0.0025,0,0,0.0,0,0.006599350418085683,0,0.0,0,0.02,0.38552378108909185,2.014758092475451
264,9909.227,6531.789,1455.0,0.021,0,0,0.0,0,0.012059516047867822,0,0.06719367588932806,0,0.0,0.3982568840098808,2.010258057206992
265,11568.974,7096.43,1308.0,0.0025,0,0,0.0,0,0.004734297738904845,0,0.0,0,0.0,0.3065469795501437,2.009729740252268
266,4784.747,6015.991,1121.0,0.0025,0,0,0.0,0,0.0016511723712727042,0,0.0,0,0.0,1.2961042273024823,2.008483673344336
267,4021.16,6431.971,635.0,0.0025,0,0,0.0,0,0.0030056534921845024,0,0.0,0,0.0,0.34586023520182446,2.0057371158013146
268,5482.0,6489.0,1245.0,0.014,0,0,0.0,0,0.006051330531219902,0,0.0,0,0.0,0.38552378108909185,2.003679364982517
269,7468.3,7510.31,1259.0,0.0025,0,0,0.2,0,0.20435393012930772,0,0.06818181818181818,0,0.15,1.3433235952047533,2.0033685305779056
270,9008.0,6622.0,1342.0,0.0025,0,0,0.0,0,0.00147129918137266,0,0.0,0,0.0,0.38552378108909185,2.0005089062604915
271,4946.0,5016.0,711.0,0.0025,0,0,0.0,0,0.0022194912965457112,0,0.02702702702702703,0,0.02,0.6603562144717818,1.9965958975094253
272,6644.0,6577.0,1249.0,0.0025,0,0,0.0,0,0.0019249345034857638,0,0.0,0,0.0,1.1532947647043266,1.9946139135909566
273,10784.418,7619.256,1283.0,0.0025,0,0,0.0,0,0.0008807915187386252,0,0.0,0,0.0,0.38552378108909185,1.9944770961762075
274,6201.0,7260.0,1100.0,0.0025,0,0,0.0,0,0.004560814530591007,0,0.0,0,0.0,0.28009205566249185,1.9914658386905837
275,7840.0,6776.0,1341.459,0.0025,0,0,0.0,0,0.001095003250963384,0,0.0,0,0.0,0.38552378108909185,1.9885026372284682
276,8458.298,8794.814,1048.8,0.0025,0,0,0.0,0,0.012974633310473823,0,0.0,0,0.0,0.3270633553995527,1.9857505538169715
277,6615.0,7184.0,1073.0,0.0025,0,0,0.0,0,0.0020799982634923,0,0.0,0,0.0,0.4215476378590439,1.9802766343463793
278,5098.0,6502.0,1130.0,0.005,0,0,0.0,0,0.006544672930310221,0,0.0,0,0.01,0.3979290805919188,1.9763516081505255
279,5861.0,6053.0,1232.0,0.0025,0,0,0.0,0,0.012303642448867702,0,0.0,0,0.0,0.3979290805919187,1.962896266188408
280,7537.0,5166.0,1320.0,0.0025,0,0,0.0,0,0.006959267573706189,0,0.0,0,0.0,0.27099200403208507,1.9617170357225775
281,13423.401,7979.578,962.0,0.011,0,0,0.0,0,0.00013155049383598607,0,0.0,0,0.01,0.2669131436179215,1.9587471949216215
282,8283.833,8336.032,900.0,0.0025,0,0,0.0,0,0.028207337499022517,0,0.0,0,0.0,0.3270633553995527,1.9539398338302045
283,7485.566,8743.402,680.21,0.0025,0,0,0.0,0,0.0013839724664238182,0,0.0,0,0.01,1.4565244956273118,1.9513252439891697
284,5896.0,6012.0,1207.0,0.0025,0,0,0.0,0,0.004446947786162035,0,0.0,0,0.0,1.2327814556691272,1.9477410160087574
285,12250.688,6333.912,1448.0,0.0025,0,0,0.0,0,0.00027968998121875177,0,0.0,0,0.0,0.38552378108909185,1.9460919069598717
286,4696.996,6207.026,1085.0,0.099,0,0,0.4,1,0.8229617420240465,0,0.06719367588932806,0,0.06,3.194045495698847,1.9436666493703667
287,10779.0,6287.0,1453.0,0.005,0,0,0.0,0,0.02502083638554735,0,0.0,0,0.0,0.5942434094993728,1.9359391825473635
288,9416.112,7499.893,1209.93,0.0025,0,0,0.0,0,0.005056761853952861,0,0.0,0,0.0,0.38552378108909185,1.9332315812975749
289,5699.316,5885.342,1135.0,0.0025,0,0,0.0,0,0.010630300726163548,0,0.0,0,0.0,0.6456221221577562,1.9324977970667871
290,9217.572,8458.713,961.09,0.0025,0,0,0.0,0,0.0005394831758524565,0,0.0,0,0.0,0.28009205566249185,1.9323394631443431
291,10920.0,6418.0,1487.0,0.0025,0,0,0.0,0,0.04818167233674297,0,0.0,0,0.03,1.319284200709451,1.9283583363440084
292,7613.912,9173.874,961.0,0.0025,0,0,0.0,0,0.008202083452989999,0,0.0,0,0.0,0.3457967972503655,1.9270180779893842
293,10374.323,7964.097,1158.44,0.0025,0,0,0.0,0,3.364916724080716e-05,0,0.0,0,0.0,1.1532947647043266,1.926718887637339
294,9898.519,6509.823,1454.0,0.023,0,0,0.0,0,0.01705050116252976,0,0.0,0,0.05,0.40933374565274044,1.9265132173800845
295,12406.572,9767.952,1396.0,0.014,0,0,0.0,0,0.003883114814914713,0,0.0,0,0.0,0.28009205566249185,1.926308997452826
296,7271.0,5300.0,1346.0,0.0025,0,0,0.0,0,0.003876660734457221,0,0.0,0,0.0,0.28009205566249185,1.9240529209610255
297,5858.0,6303.0,1327.0,0.006,0,0,0.0,0,0.0012344274277087306,0,0.0,0,0.0,1.3277400407895552,1.924027380257387
298,5559.0,6674.0,1185.0,0.0025,0,0,0.0,0,0.015434224608095262,0,0.0,0,0.0,0.8617611582290823,1.9190444391299495
299,8061.978,5620.019,1465.839,0.0025,0,0,0.0,0,0.002192884201937179,0,0.0,0,0.0,0.38552378108909185,1.9162775265744938
300,5390.0,6303.0,1296.0,0.012,0,0,0.0,0,0.00134380144177622,0,0.0,0,0.0,1.3531979720508418,1.907047080095598
301,14246.0,950.0,1287.0,0.0025,0,0,0.0,0,0.0004100085611139302,0,0.0,0,0.0,0.38552378108909185,1.904641191753952
302,8949.0,4946.0,1198.0,0.0025,0,0,0.0,0,0.0034101520489496617,0,0.0,0,0.0,0.3065469795501437,1.9015117355761522
303,12363.0,6098.0,1477.0,0.0025,0,0,0.0,0,0.0011144491356815,0,0.0,0,0.0,0.38552378108909185,1.900523306042077
304,5747.345,7762.019,756.0,0.006,0,0,0.0,0,0.10621984134871046,0,0.0,0,0.02,1.6476171795811592,1.8879296676821442
305,8309.0,5243.0,1325.0,0.0025,0,0,0.0,0,0.00014340517676118567,0,0.0,0,0.0,1.1532947647043266,1.8862580627383274
306,7983.017,6489.989,1381.939,0.0025,0,0,0.0,0,0.0027431640619172424,0,0.0,0,0.0,0.38552378108909185,1.8820917596377147
307,11013.126,6555.424,1469.53,0.0025,0,0,0.0,0,0.00022187133473927992,0,0.0,0,0.0,1.3540430783819428,1.8780079489497459
308,6296.0,7506.0,987.0,0.0025,0,0,0.0,0,0.0023649214455039335,0,0.0,0,0.0,0.38552378108909185,1.872774740820139
309,6148.0,6960.0,1293.0,0.0025,0,0,0.0,0,0.0014316891612798862,0,0.0,0,0.0,0.3979290805919188,1.8708048861696032
310,7668.103,7227.104,1273.0,2.625,1,1,0.8,1,0.9953897482772758,1,1.0,1,0.96,1.2017203414362965,1.8661487820236007
311,7040.0,7506.0,1176.0,0.0025,0,0,0.0,0,0.0030964259857566095,0,0.0,0,0.01,1.8381471809085652,1.8656785128911444
312,7593.0,7660.0,1133.0,0.0025,0,0,0.0,0,0.015437697526376946,0,0.06719367588932806,0,0.02,0.4342255679016491,1.8633474916668358
313,4910.027,6506.048,1105.0,0.026,0,0,0.0,0,0.007062850921015385,0,0.0,0,0.02,1.1469140223327945,1.862985315450795
314,7311.601,9215.031,946.0,0.0025,0,0,0.0,0,0.0040923831246457475,0,0.0,0,0.0,0.3270633553995527,1.8556494976748281
315,7555.0,5115.0,1373.0,0.0025,0,0,0.0,0,0.002634973002355909,0,0.0,0,0.0,0.28009205566249185,1.8546394619022686
316,7299.823,5787.374,1183.0,0.0025,0,0,0.0,0,0.0027641701633198215,0,0.0,0,0.0,0.28009205566249185,1.850416908893018
317,5972.0,3917.0,883.0,0.0025,0,0,0.0,0,0.0003600705095372044,0,0.0,0,0.0,0.28009205566249185,1.8483580402254394
318,4808.731,6022.562,1130.0,0.0025,0,0,0.0,0,0.003464800289546927,0,0.0,0,0.0,1.1029186177905423,1.8391074943477133
319,7504.0,7094.0,1280.0,0.0025,0,0,0.0,0,0.000300716234079825,0,0.0,0,0.0,1.2030812465920673,1.8366753790181802
320,5536.363,7110.256,970.0,0.0025,0,0,0.0,0,0.002310685561120011,0,0.0,0,0.0,0.38552378108909185,1.8352076975614482
321,6041.007,7656.266,825.0,0.0025,0,0,0.0,0,0.0012255016965164905,0,0.03278688524590164,0,0.0,0.2619062572295838,1.825324875874708
322,10718.47,9555.548,1369.0,0.016,0,0,0.0,0,0.00738091089212999,0,0.06719367588932806,0,0.0,0.3472787550108377,1.8181760691281585
323,7254.0,5305.0,1371.0,0.0025,0,0,0.0,0,0.003792405090702384,0,0.0,0,0.0,0.4215476378590439,1.8171050331244951
324,9718.066,3156.91,1463.229,0.0025,0,0,0.0,0,0.003399612202416194,0,0.0,0,0.01,0.38552378108909185,1.8166814029139733
325,4968.2,6374.2,1199.0,0.0025,0,0,0.0,0,0.0007820083534148154,0,0.0,0,0.0,0.3065469795501437,1.810792453086674
326,5873.0,6309.0,1318.0,0.0025,0,0,0.0,0,0.0017237975756297338,0,0.0,0,0.0,1.3277400407895552,1.8061470796589927
327,11802.383,8850.063,1180.08,0.005,0,0,0.0,0,0.0009504822411384395,0,0.0,0,0.01,1.2998162978162042,1.804316400260503
328,7114.945,9343.175,979.0,0.0025,0,0,0.0,0,0.019414802115455265,0,0.0,0,0.0,0.3979290805919187,1.8030011510750592
329,11027.012,6514.599,1485.18,0.009,0,0,0.0,0,0.017468312187499665,0,0.0,0,0.03,0.8122589821787154,1.8016349365815967
330,7552.0,5299.0,1399.0,0.0025,0,0,0.0,0,0.0030392145645949,0,0.0,0,0.0,0.4215476378590439,1.79686129948729
331,9461.0,6328.0,1496.709,0.014,0,0,0.2,0,0.07726849984184803,0,0.06719367588932806,0,0.14,1.8757226314355788,1.7880133988545361
332,7464.106,5159.966,1417.039,0.0025,0,0,0.0,0,0.0035878510814847664,0,0.0,0,0.0,0.38552378108909185,1.7855898828543082
333,6185.0,7104.0,1209.0,0.0025,0,0,0.0,0,0.000997005688237866,0,0.0,0,0.0,1.0908463020349035,1.7849550534833583
334,11032.974,7844.365,1359.0,0.0025,0,0,0.0,0,0.0005888599365663313,0,0.0,0,0.0,1.3540430783819428,1.783725720356691
335,7785.0,6934.0,1320.0,0.0025,0,0,0.0,0,0.0016008952282384754,0,0.0,0,0.0,0.38552378108909185,1.7819845383821105
336,7928.936,4532.386,1060.0,0.0025,0,0,0.0,0,0.00612471010463513,0,0.0,0,0.0,0.37642726147184313,1.7818043528289431
337,7446.0,7291.0,1294.0,0.0025,0,0,0.0,0,0.002534295698726101,0,0.0,0,0.0,0.38552378108909185,1.7784390514659842
338,10783.487,9699.401,1406.0,0.005,0,0,0.0,0,0.001054424637338492,0,0.0,0,0.0,0.38552378108909185,1.777431692619945
339,5115.68,7265.548,789.0,0.0025,0,0,0.0,0,0.0002311279033769018,0,0.0,0,0.0,1.3277400407895552,1.775482635498805
340,7634.969,7307.316,1221.0,0.501,1,0,0.2,1,0.8597453840025282,1,1.0,1,0.84,1.3433338091985354,1.7693492326752787
341,7906.0,6463.0,1381.939,0.0025,0,0,0.0,0,0.001862266132830709,0,0.0,0,0.0,0.38552378108909185,1.7679272561585457
342,4696.846,6207.026,1085.0,0.067,0,0,0.4,1,0.7294292926503808,0,0.06719367588932806,0,0.11,3.194045495698846,1.7660814443609953
343,5107.22,8320.15,361.0,0.006,0,0,0.0,0,0.0004005109861765262,0,0.03278688524590164,0,0.0,0.9361369155687654,1.761701645872945
344,8780.0,5308.0,1220.0,0.0025,0,0,0.0,0,0.001383786360162178,0,0.0,0,0.0,0.38552378108909185,1.758901725076083
345,5793.0,5975.0,1197.0,0.0025,0,0,0.0,0,0.0019333699509094895,0,0.0,0,0.0,0.38552378108909185,1.7574351797902796
346,7681.0,7008.0,1314.0,0.0025,0,0,0.0,0,0.0010410640925384773,0,0.0,0,0.0,0.38552378108909185,1.7560209961485949
347,5864.0,6231.0,1295.0,0.0025,0,0,0.0,0,0.0003790263307151659,0,0.0,0,0.01,1.3277400407895552,1.749570889677365
348,10073.0,8888.0,1127.0,0.0025,0,0,0.0,0,0.0030578018376787664,0,0.0,0,0.0,0.31339200632907266,1.7411548884046386
349,6410.0,6739.0,1335.0,0.0025,0,0,0.0,0,0.016372621703369138,0,0.06719367588932806,0,0.0,0.2770138185805673,1.7385460499203382
350,11573.009,7065.976,1309.0,0.0025,0,0,0.0,0,0.004002835374888392,0,0.0,0,0.0,0.3065469795501437,1.7344087196211089
351,5850.0,6456.0,1323.0,0.0025,0,0,0.0,0,0.005902032036641258,0,0.0,0,0.0,0.3251514733447335,1.7330068089437498
352,5577.393,6763.242,1156.639,0.928,1,1,1.0,1,0.9999874626125389,1,1.0,1,0.96,1.3566676386962717,1.7319819778410652
353,4619.0,5950.0,978.0,0.041,0,0,0.0,0,0.0066268791448989076,0,0.02702702702702703,0,0.01,0.3251514733447335,1.730399985554358
354,4365.662,6437.495,826.0,2.133,1,0,0.4,0,0.46611921279897167,1,1.0,1,0.78,0.677265856143198,1.7266238259712199
355,5653.383,7201.3,1056.0,0.0025,0,0,0.0,0,0.00286431338192275,0,0.0,0,0.0,0.38552378108909185,1.7221954324812527
356,5107.35,8317.33,362.0,0.005,0,0,0.0,0,0.014599964862508048,0,0.0,0,0.02,0.6870306015815892,1.7214860734456061
357,7088.0,5445.0,1267.0,0.0025,0,0,0.0,0,0.0036140074483491753,0,0.0,0,0.0,0.28009205566249185,1.7200016426961624
358,7849.0,7270.0,1214.0,0.0025,0,0,0.0,0,0.002653972198594328,0,0.0,0,0.0,1.1469140223327945,1.718725173894517
359,6352.74,6819.014,1352.149,4.363,1,0,0.2,1,0.6361826901305179,1,1.0,1,0.63,1.1532947647043266,1.7185793714229955
360,4906.796,6463.646,1144.0,0.01,0,0,0.0,0,0.0010858276448196297,0,0.0,0,0.01,0.38552378108909185,1.7173302049538837
361,6262.426,7149.453,1169.099,1.125,1,0,0.2,1,0.989533904882356,1,1.0,1,0.66,0.6211213111348797,1.7173017923191445
362,4711.0,6292.0,1057.0,0.693,1,1,0.6,0,0.38875202032005535,0,0.06719367588932806,1,0.68,0.5710883380549223,1.7118662545741858
363,9255.155,6844.422,1386.0,0.0025,0,0,0.0,0,0.007074987784158387,0,0.0,0,0.0,0.38552378108909185,1.7118130350745866
364,12145.648,9090.515,1257.1,0.0025,0,0,0.0,0,0.005662848163832147,0,0.0,0,0.0,0.34579679725036544,1.7093853839595825
365,8257.0,5550.0,1426.0,0.0025,0,0,0.0,0,0.002216233763896777,0,0.0,0,0.0,0.38552378108909185,1.7089040218640412
366,7654.096,7280.083,1252.0,0.628,1,1,0.6,1,0.9997390037312168,1,1.0,1,0.87,0.8243452653058795,1.7063150289354754
367,4726.049,6254.175,1092.0,4.093,1,1,0.8,1,0.9999960869239182,1,1.0,1,0.79,0.6121480115792222,1.7052090886769564
368,4421.501,7521.07,383.0,0.0025,0,0,0.0,0,0.04073988458988608,0,0.0,0,0.01,2.329386739482138,1.7007633201631167
369,7753.403,7446.545,1170.169,0.013,0,0,0.2,0,0.07297410741065337,0,0.0,0,0.0,0.4399718480337572,1.7006353160569863
370,6278.0,7263.0,1111.0,0.0025,0,0,0.0,0,0.0021323331767937295,0,0.0,0,0.0,0.38552378108909185,1.698265098973225
371,15961.376,9122.193,1395.149,0.013,0,0,0.0,0,0.0023393866000744994,0,0.0,0,0.01,0.28009205566249185,1.696026119102257
372,10716.626,6355.484,1437.0,0.0025,0,0,0.0,0,0.038132041028493296,0,0.0,0,0.01,0.7192643640218126,1.6944433655604754
373,10714.0,9146.0,1214.0,0.0025,0,0,0.0,0,0.002474754386057029,0,0.0,0,0.0,0.38552378108909185,1.6938429056611408
374,4780.054,6400.453,1036.0,0.021,0,0,0.0,0,0.001950592600091713,0,0.0,0,0.0,1.2030812465920673,1.6923108212861004
375,6222.612,7041.92,1277.0,0.0025,0,0,0.0,0,0.006709888460033906,0,0.0,0,0.0,1.1029186177905423,1.6891921806010317
376,8460.0,4754.0,1137.0,0.0025,0,0,0.0,0,0.002198066464314127,0,0.0,0,0.01,1.1029186177905423,1.687789655607686
377,11193.267,7771.686,1286.77,0.0025,0,0,0.0,0,0.0002469875215967171,0,0.0,0,0.0,1.3074922699210423,1.6854448762099183
378,6363.0,7674.0,879.0,0.007,0,0,0.0,0,0.08072325657624514,0,0.06719367588932806,0,0.01,0.7192643640218126,1.6826452858717436
379,6259.677,7147.453,1169.099,2.136,1,1,1.0,1,0.9994581775266617,1,1.0,1,0.81,1.6738592000755417,1.6788703940253953
380,11429.841,8653.792,1116.01,0.008,0,0,0.0,0,0.002435632025158483,0,0.0,0,0.0,0.38552378108909185,1.6711630024532322
381,7520.809,7644.348,1189.0,0.007,0,0,0.0,0,0.061135238087847016,0,0.06818181818181818,0,0.04,1.4600283257024134,1.6702223094187747
382,6348.0,7735.0,870.0,0.0025,0,0,0.0,0,0.017058249634547287,0,0.0,0,0.0,0.33261787027938006,1.6672333624190754
383,7225.0,6643.0,1289.0,0.0025,0,0,0.0,0,0.00474385936826653,0,0.0,0,0.0,0.28009205566249185,1.6668442503770668
384,14483.634,9478.922,1422.489,0.029,0,0,0.0,0,0.0014410303863029224,0,0.0,0,0.01,0.3979290805919188,1.6635916449049573
385,4375.226,6417.477,830.0,8.707,1,1,0.8,1,0.9994225200743782,1,1.0,1,0.81,1.6421695487073125,1.6572543915857343
386,7256.961,3823.359,1200.709,0.0025,0,0,0.0,0,0.0005473923897264779,0,0.0,0,0.01,1.3277400407895552,1.657229237925056
387,8187.557,5576.832,1467.0,0.0025,0,0,0.0,0,0.002127528042324953,0,0.0,0,0.0,0.38552378108909185,1.654525670617678
388,6460.0,7389.0,1038.0,0.0025,0,0,0.0,0,0.0027388902663684684,0,0.0,0,0.0,0.28009205566249185,1.6523981496747813
389,10892.864,9520.108,1412.0,0.005,0,0,0.0,0,0.001125044289276166,0,0.0,0,0.0,0.31339200632907266,1.6440289868510791
390,5929.015,6562.341,1289.0,0.0025,0,0,0.0,0,0.006665198801829266,0,0.0,0,0.0,1.1232672682996205,1.6413661368574466
391,10942.979,6014.762,1528.0,0.017,0,0,0.2,0,0.09105331859642046,0,0.06719367588932806,0,0.07,0.4297948490632352,1.6354627026972821
392,5142.0,6381.0,1183.0,0.007,0,0,0.0,0,0.005745582373338164,0,0.0,0,0.0,1.3531979720508418,1.6334986848102087
393,3974.447,6291.402,626.0,0.007,0,0,0.0,0,0.008783692316875615,0,0.0,0,0.0,0.2770138185805674,1.6332608373794137
394,7891.0,6800.0,1350.0,0.0025,0,0,0.0,0,0.0011464464717497243,0,0.0,0,0.0,0.38552378108909185,1.6294444699013395
395,6221.44,7041.817,1277.0,0.0025,0,0,0.0,0,0.001948749491545882,0,0.0,0,0.0,1.1029186177905423,1.6291938768171843
396,7629.716,7324.952,1221.0,1.001,1,1,0.6,1,0.939107710602902,1,1.0,1,0.82,0.9314603079992703,1.626332989282193
397,5576.544,6795.458,1156.639,0.011,0,0,0.0,0,0.00043906979310040327,0,0.0,0,0.0,1.3277400407895552,1.6231802405585376
398,5519.347,6483.03,1258.0,0.0025,0,0,0.0,0,0.006640562479036458,0,0.0,0,0.0,0.38552378108909185,1.6212145990757034
399,6383.933,7059.859,1228.0,0.225,1,1,0.6,0,0.2886472846441398,1,1.0,1,0.74,0.5463226826187828,1.6196943034029172
400,5322.408,6513.717,1187.0,0.0025,0,0,0.0,0,0.002803936398743615,0,0.0,0,0.0,0.38552378108909185,1.6172792068448072
401,11952.674,10040.002,1362.64,0.006,0,0,0.0,0,0.022162402285371245,0,0.06719367588932806,0,0.05,0.33572355778978447,1.6170094572151996
402,6681.0,6855.0,1300.0,0.0025,0,0,0.0,0,0.02611206208400769,0,0.0,0,0.0,0.28009205566249185,1.6145501132998925
403,9779.314,6311.982,1494.0,0.0025,0,0,0.0,0,0.11260249155702294,0,0.0,0,0.03,3.248660180277545,1.614447369668932
404,5616.0,6483.0,1292.0,0.029,0,0,0.0,0,0.010958294749525756,0,0.0,0,0.0,0.38552378108909185,1.6144446713962863
405,5947.032,6374.022,1301.529,0.0025,0,0,0.0,0,0.006552832157989704,0,0.0,0,0.0,1.1029186177905423,1.6142930089992948
406,8181.0,6586.0,1404.0,0.0025,0,0,0.0,0,0.0019812296696285875,0,0.0,0,0.0,1.849936360214105,1.61179527967783
407,2540.0,7416.0,393.0,0.0025,0,0,0.0,0,0.0009938554556245048,0,0.0,0,0.0,1.2030812465920673,1.6092792027150642
408,6846.0,7551.0,1097.0,0.0025,0,0,0.0,0,0.0012455172168546354,0,0.0,0,0.0,0.3979290805919187,1.6045690463459032
409,4005.061,7451.452,206.06,0.005,0,0,0.0,0,0.0010269435573828454,0,0.03278688524590164,0,0.01,0.7239919054478005,1.6000985370478136
410,5504.041,6986.029,1060.439,0.441,1,1,1.0,1,0.9875781520688287,1,1.0,1,0.91,1.1165379956328834,1.6000903412218321
411,6509.909,8350.544,743.0,0.0025,0,0,0.2,0,0.3126836650079094,0,0.0,0,0.02,0.42984013378309216,1.599609673882475
412,10663.0,5821.0,1457.0,0.017,0,0,0.2,0,0.2118775056929121,0,0.06719367588932806,0,0.02,0.9489345400132062,1.5989337054432629
413,11897.495,8893.909,1196.9,0.0025,0,0,0.0,0,0.0036993616811445518,0,0.0,0,0.0,1.4565244956273118,1.5972932640219701
414,6466.76,6960.407,1252.0,1.887,1,1,1.0,1,0.9978301956814183,1,1.0,1,0.95,1.2017203414362965,1.5967611389067533
415,7957.723,7749.313,1039.0,0.0025,0,0,0.0,0,0.018076695817051784,0,0.0,0,0.0,0.459644683355312,1.5935059194513066
416,7374.0,5248.0,1316.0,0.0025,0,0,0.0,0,0.004637570615944846,0,0.0,0,0.0,0.38552378108909185,1.5930044116583861
417,7651.098,7262.602,1258.0,1.881,1,1,1.0,1,0.9999797961217572,1,1.0,1,0.83,1.6435694735328819,1.5919097548142487
418,6463.657,8509.734,633.0,0.0025,0,0,0.0,0,0.003336898650490226,0,0.0,0,0.0,0.21582552872869057,1.5914108322318834
419,10469.84,7559.584,1233.0,0.0025,0,0,0.0,0,0.0014422484394672058,0,0.0,0,0.0,0.38552378108909185,1.590520369663557
420,7474.984,9394.083,1040.08,0.0025,0,0,0.2,0,0.0034607425609418626,0,0.0,0,0.03,0.36119104902073157,1.5859005977542322
421,5823.0,5922.0,1165.0,0.0025,0,0,0.0,0,0.001473653827273489,0,0.0,0,0.0,1.2695947441053914,1.5782227145788412
422,8742.03,5767.08,1420.41,0.0025,0,0,0.0,0,0.00502992179866125,0,0.0,0,0.0,0.38552378108909185,1.5776626402866136
423,7939.0,4564.0,1058.0,0.0025,0,0,0.0,0,0.011092985646048648,0,0.0,0,0.0,0.3251514733447335,1.5660538663539691
424,5353.0,6890.0,1127.0,0.0025,0,0,0.0,0,0.0020315381274687645,0,0.0,0,0.0,0.38552378108909185,1.5660382183102826
425,8475.19,5865.56,1353.28,0.0025,0,0,0.0,0,0.006956098069570558,0,0.0,0,0.0,0.38552378108909185,1.5659585154257276
426,6456.45,9044.413,610.0,0.0025,0,0,0.0,0,0.0004548297728563597,0,0.0,0,0.0,1.1532947647043266,1.559347769304806
427,7188.403,8040.524,930.0,0.0025,0,0,0.0,0,0.0012932417638194056,0,0.02702702702702703,0,0.01,1.1532947647043266,1.5567443815218132
428,11212.275,9755.951,1390.67,0.007,0,0,0.0,0,0.004251744541434594,0,0.0,0,0.01,0.3868058216444838,1.5560718731627492
429,6377.332,7068.32,1143.619,0.393,1,0,0.4,0,0.27805276632461334,0,0.06818181818181818,0,0.45,1.1094226798243005,1.554632071803125
430,7450.437,5620.751,1286.0,0.0025,0,0,0.0,0,0.004069778514109581,0,0.0,0,0.01,0.28009205566249185,1.5544621220070654
431,5514.8,6481.138,1259.0,0.0025,0,0,0.0,0,0.00694767836507214,0,0.0,0,0.0,0.38552378108909185,1.551577471379526
432,7754.63,7450.319,1158.0,0.011,0,0,0.0,0,0.10043730970743786,0,0.0,0,0.03,0.9897188401639937,1.5503146045393552
433,4928.0,6654.0,1038.0,1.317,1,1,0.6,1,0.5567926947066762,1,0.8947368421052632,1,0.93,1.0415557013904544,1.5500650372800528
434,6949.768,7873.601,989.0,0.007,0,0,0.0,0,0.2601920663455819,0,0.0,0,0.14,0.34582154298293843,1.5490217598699447
435,8423.0,5114.0,1244.0,0.0025,0,0,0.0,0,0.0017462359658963484,0,0.0,0,0.0,1.1532947647043266,1.5488923679649846
436,10810.606,6402.749,1447.88,0.0025,0,0,0.0,0,0.07550137798488665,0,0.0,0,0.01,2.258915158911733,1.5431703326720716
437,5015.0,6729.0,989.0,1.043,1,1,0.6,1,0.9964973421341919,1,1.0,1,0.75,0.9629415178908598,1.5416332285667966
438,10176.204,7722.378,1176.0,0.0025,0,0,0.0,0,0.0006670288974150931,0,0.0,0,0.0,0.38552378108909185,1.5412145415275011
439,4929.0,6655.0,1040.0,1.544,1,1,0.6,1,0.9350150723106849,1,1.0,1,0.85,2.941836627490244,1.5399030064161425
440,6688.0,7269.0,1077.0,0.0025,0,0,0.0,0,0.002955669022765394,0,0.0,0,0.0,0.3065469795501437,1.537092764958897
441,5599.0,6591.0,1223.0,0.0025,0,0,0.0,0,0.0028703963012634637,0,0.0,0,0.0,0.2823718422498907,1.5365401850662246
442,4751.525,6829.675,942.979,0.074,0,0,0.0,0,0.31600819105355765,0,0.07142857142857142,0,0.12,1.4009839029913351,1.5360565518650335
443,8567.52,5620.21,1297.17,0.0025,0,0,0.0,0,0.013204191454908839,0,0.0,0,0.0,0.3251514733447335,1.5347069515518394
444,9247.878,6391.422,1418.0,0.0025,0,0,0.0,0,0.010656586926981614,0,0.0,0,0.0,0.38552378108909185,1.534702409147147
445,4930.0,6655.0,1039.0,1.001,1,1,0.6,1,0.788137240243973,1,1.0,1,0.83,1.589416325089164,1.532998586729829
446,4919.0,6694.0,1020.0,1.831,1,0,0.2,1,0.5093867455004075,1,1.0,0,0.5,1.0415557013904542,1.5321696973045325
447,8895.97,5503.07,1276.82,0.09,0,0,0.0,0,0.003275707445491478,0,0.0,0,0.0,0.38552378108909185,1.530033543002732
448,8331.0,6099.0,1439.0,0.0025,0,0,0.0,0,0.006091470835376764,0,0.0,0,0.0,0.38552378108909185,1.5294560330112899
449,7676.0,7042.0,1318.0,0.005,0,0,0.0,0,0.0011527552314759446,0,0.0,0,0.0,0.38552378108909185,1.5279400019258178
450,12850.0,6553.0,1516.0,0.0025,0,0,0.0,0,0.004095536549110136,0,0.0,0,0.0,0.38552378108909185,1.520676488608895
451,6365.987,9165.388,646.4,0.0025,0,0,0.0,0,0.0035158992917466315,0,0.02702702702702703,0,0.02,0.6031382587260661,1.5190405224373098
452,4930.0,6656.0,1036.0,1.738,1,1,1.0,1,0.807615501390425,1,0.8947368421052632,1,0.94,0.6880491821961567,1.5188143898137296
453,5797.0,6157.0,1286.0,0.0025,0,0,0.0,0,0.0025321156264718203,0,0.0,0,0.0,0.3065469795501437,1.5181168666071836
454,7333.912,6515.929,1286.879,2.721,1,1,0.6,1,0.9906547192075396,1,1.0,1,0.89,3.0402794487787568,1.5168516010491087
455,9481.0,6465.0,1504.0,0.0025,0,0,0.0,0,0.049043956462557624,0,0.03278688524590164,0,0.0,0.6291375355152676,1.5167267768147488
456,7898.006,5423.997,1489.369,0.0025,0,0,0.0,0,0.0046697605449286,0,0.0,0,0.0,0.28009205566249185,1.5149493051971752
457,5488.0,6538.0,1217.0,0.005,0,0,0.0,0,0.007044425099101872,0,0.0,0,0.0,1.3240931896326185,1.5147643526248435
458,4651.0,7904.0,311.0,0.0025,0,0,0.0,0,0.07063191234660422,0,0.0,0,0.02,1.9622173115062451,1.5115905383481327
459,9992.0,8993.0,1185.0,0.0025,0,0,0.0,0,0.0066242603036786845,0,0.0,0,0.0,0.38552378108909185,1.509330747849455
460,10977.125,7720.589,1344.0,0.0025,0,0,0.0,0,0.00018212743631729005,0,0.0,0,0.0,0.38552378108909185,1.5091326493773642
461,8119.246,5576.896,1491.0,0.0025,0,0,0.0,0,0.00011945697226462771,0,0.0,0,0.0,1.1532947647043266,1.5081314061371
462,6428.974,6727.485,1352.149,0.012,0,0,0.0,0,0.01674535264483123,0,0.06719367588932806,0,0.01,0.38552378108909185,1.4954345992149598
463,9892.451,6741.54,1405.1,0.006,0,0,0.0,0,0.07066561262345364,0,0.0,0,0.08,0.867765532360684,1.4949363988186155
464,13738.0,1430.0,1325.0,0.0025,0,0,0.0,0,0.000178529584626916,0,0.0,0,0.0,1.2038724413540622,1.4933712346244628
465,5315.348,3201.014,1126.48,0.286,1,1,1.0,1,0.9999974666335407,0,0.0,1,0.7,0.30752945155280975,1.4932102696291083
466,5182.0,6696.0,1017.0,0.0025,0,0,0.0,0,0.0029029459789653373,0,0.0,0,0.0,0.28556526092851975,1.4926979826746947
467,5688.0,6370.0,1353.0,0.0025,0,0,0.0,0,0.004798693856679166,0,0.0,0,0.0,0.26247537742010657,1.4918099186336795
468,10058.066,6382.384,1549.0,0.096,0,0,0.0,0,0.22652958733836434,0,0.06719367588932806,0,0.05,0.6275297220794276,1.4914618520467118
469,6754.685,7727.445,1013.359,0.022,0,0,0.0,0,0.14629959523731773,0,0.06719367588932806,0,0.23,0.5894640810771108,1.4892652100777455
470,6118.036,7220.62,1147.359,0.005,0,0,0.0,0,0.003911874971858313,0,0.0,0,0.0,1.1532947647043266,1.4892418450873603
471,9115.31,6910.447,1308.9,0.0025,0,0,0.0,0,0.0044640529568673384,0,0.0,0,0.0,0.38552378108909185,1.4884835800095386
472,5858.0,6215.0,1289.0,0.0025,0,0,0.0,0,0.0019182421870289268,0,0.0,0,0.0,1.3277400407895552,1.4862519480909344
473,8216.0,6365.0,1399.0,0.0025,0,0,0.0,0,0.0035400619928656375,0,0.0,0,0.0,0.38552378108909185,1.4845379286119176
474,3880.34,6542.436,505.0,0.0025,0,0,0.0,0,0.002497035346527348,0,0.0,0,0.0,0.3065469795501437,1.483907643937068
475,6347.546,7868.278,928.0,0.0025,0,0,0.0,0,0.014613375106578983,0,0.0,0,0.0,0.9372636967418913,1.4833773337904719
476,6418.0,7540.0,959.0,0.0025,0,0,0.0,0,0.003698690633967324,0,0.0,0,0.0,1.3131219923296569,1.482589818948706
477,5105.85,8321.0,360.0,0.0025,0,0,0.0,0,2.307611480559428e-07,0,0.03278688524590164,0,0.0,0.4242808027180328,1.4821478524523743
478,7449.0,7200.0,1290.0,0.364,1,0,0.2,0,0.25618661464233167,1,0.8947368421052632,1,0.88,0.3365285456029674,1.4821472185613422
479,5751.848,6528.074,1297.839,0.021,0,0,0.0,0,0.00042227636461658055,0,0.0,0,0.0,1.3277400407895552,1.479183037594608
480,7268.085,7641.189,1206.779,0.02,0,0,0.2,0,0.018691696882663488,0,0.0,0,0.02,0.5664596551361093,1.4781348048661926
481,8687.14,5293.29,1194.68,0.0025,0,0,0.0,0,0.0010635216427440078,0,0.0,0,0.0,1.2855751044603654,1.4723384012057306
482,5543.563,7699.075,773.0,0.0025,0,0,0.0,0,0.003673984353432996,0,0.0,0,0.0,0.28009205566249185,1.4674130232236546
483,7877.0,6781.0,1350.0,0.0025,0,0,0.0,0,0.0002604110129419915,0,0.0,0,0.0,1.4565244956273116,1.467383904483268
484,5497.965,6489.136,1251.0,0.0025,0,0,0.0,0,0.02057848497839422,0,0.0,0,0.02,0.2770138185805674,1.463973685884481
485,7443.802,7447.359,1279.0,0.009,0,0,0.2,0,0.06441772068756386,0,0.06719367588932806,0,0.03,0.4771394089895854,1.461324953160358
486,5040.0,6497.0,1140.0,0.0025,0,0,0.0,0,0.015250048973913433,0,0.0,0,0.01,0.28009205566249185,1.4610178945922982
487,9655.75,3299.504,1483.869,0.029,0,0,0.0,0,0.01889843400582402,0,0.0,0,0.0,0.25029484095117177,1.4578390885124881
488,9403.312,5475.841,1342.289,0.0025,0,0,0.0,0,0.00015984274302412394,0,0.0,0,0.0,1.2038724413540622,1.4570918908393562
489,7538.414,7769.906,1120.0,0.0025,0,0,0.0,0,0.004674917037501307,0,0.0,0,0.0,0.3979290805919188,1.4561037810346988
490,10124.417,9242.645,1247.0,0.0025,0,0,0.0,0,0.0007295490213362779,0,0.0,0,0.0,0.38552378108909185,1.453013364433064
491,7327.0,7203.0,1244.0,0.0025,0,0,0.0,0,0.0017513844099105297,0,0.0,0,0.0,0.38552378108909185,1.4511429267282092
492,7134.0,6878.0,1192.0,0.0025,0,0,0.0,0,0.009339167178551192,0,0.0,0,0.0,0.38552378108909185,1.4500194476418815
493,9509.556,3317.184,1455.289,0.007,0,0,0.0,0,0.0032431297331265404,0,0.06719367588932806,0,0.01,1.1532947647043266,1.4447271732450557
494,7387.0,7845.0,1075.0,0.012,0,0,0.2,0,0.17237428261906734,0,0.06719367588932806,0,0.03,0.6805019213844002,1.4443408550808414
495,10535.913,9327.418,1321.0,0.005,0,0,0.0,0,0.0012815937863410788,0,0.0,0,0.0,0.40664622065125805,1.4437665071982198
496,10037.201,9295.062,1293.0,0.0025,0,0,0.0,0,0.011201053628953218,0,0.0,0,0.0,1.9988260721747306,1.4400396892052918
497,7160.631,3496.491,1262.249,0.0025,0,0,0.0,0,0.00039131683135749706,0,0.0,0,0.0,1.1397722206627607,1.4373223404549444
498,8463.307,4830.322,1141.09,0.0025,0,0,0.0,0,0.004470011161069882,0,0.0,0,0.0,0.3979290805919188,1.4372203954787075
499,6256.895,7080.973,1169.099,1.039,1,0,0.4,1,0.9658538488162991,1,1.0,1,0.82,0.5370554901566503,1.433395575152875
500,4917.354,6722.226,1021.0,6.466,1,0,0.4,1,0.5445404554428339,1,0.8947368421052632,1,0.83,0.8871980459880737,1.4331033031618925
501,6364.23,6659.329,1292.0,0.0025,0,0,0.0,0,0.015211066773321185,0,0.0,0,0.01,0.5390591641495125,1.4267949643967364
502,8485.0,4846.0,1141.0,0.0025,0,0,0.0,0,0.0016076835458938487,0,0.0,0,0.0,0.28009205566249185,1.4260257262813192
503,7521.699,7263.314,1282.0,1.133,1,1,1.0,1,0.9999457801168155,1,1.0,1,0.95,0.9416866840611569,1.4253366725416061
504,6240.0,7406.0,1015.0,0.0025,0,0,0.0,0,0.0011781470471215493,0,0.0,0,0.0,0.4215476378590439,1.421498740751875
505,5107.65,8316.28,362.0,0.0025,0,0,0.2,0,0.003267340427371499,0,0.03278688524590164,0,0.0,0.5968829604835371,1.4209784706472892
506,8571.0,5252.0,1239.0,0.0025,0,0,0.0,0,0.0016653443113263666,0,0.0,0,0.0,0.38552378108909185,1.4198774230261473
507,5674.958,6633.956,1284.399,0.0025,0,0,0.2,0,0.010771944438172868,0,0.0,0,0.0,0.3979290805919187,1.415960103958342
508,14025.137,9135.838,1368.509,0.01,0,0,0.0,0,0.002124745890163036,0,0.0,0,0.0,0.38552378108909185,1.4143588917272256
509,7147.0,7237.0,1152.0,0.0025,0,0,0.0,0,0.002417984757926208,0,0.0,0,0.0,0.4215476378590439,1.4140044725809364
510,5139.0,6467.0,1165.0,0.005,0,0,0.0,0,0.008539309118611392,0,0.0,0,0.0,0.6723429738206572,1.4129304552111228
511,9452.0,6471.0,1492.0,0.227,1,0,0.0,0,0.1310920022045788,0,0.06719367588932806,0,0.24,1.7614040882808446,1.4123008127998826
512,8184.0,6035.0,1431.0,0.0025,0,0,0.0,0,0.0023408664722144434,0,0.0,0,0.0,1.3277400407895552,1.4085612110210435
513,9784.293,6633.692,1408.6,0.01,0,0,0.0,0,0.0367078313685626,0,0.0,0,0.0,0.7041142092033397,1.4081491044907652
514,4307.072,7605.748,277.55,0.0025,0,0,0.0,0,0.04869828702067948,0,0.0,0,0.01,2.5240201924342966,1.4054467992704192
515,5287.779,7999.252,564.0,0.0025,0,0,0.0,1,0.5455994308812319,0,0.0,0,0.02,0.6113930303090281,1.405185680279526
516,4412.0,6361.0,894.0,0.021,0,0,0.0,0,0.026696262630974105,0,0.0,0,0.02,0.37915396759275116,1.4043789445623318
517,5245.175,3347.409,1051.68,0.0025,0,0,0.0,0,0.00048167380009966963,0,0.0,0,0.0,1.298973212021306,1.4024698052107256
518,4653.335,6315.891,1063.0,0.246,1,1,0.6,1,0.7297280443926604,1,1.0,1,0.88,0.43842382050558065,1.400411746810183
519,7349.0,7315.0,1268.0,1.103,1,1,0.6,1,0.825577512274301,1,1.0,1,0.82,1.4397306224324828,1.3945383498013582
520,10005.0,9001.0,1187.0,0.0025,0,0,0.0,0,0.0018039527790780277,0,0.0,0,0.0,0.38552378108909185,1.393623518296486
521,6732.0,7802.0,1030.0,0.0025,0,0,0.0,0,0.004946854582789789,0,0.0,0,0.0,0.38552378108909185,1.3920143795752462
522,11615.695,8856.134,1193.41,0.0025,0,0,0.0,0,0.0048607419216359,0,0.0,0,0.0,0.3065469795501437,1.389707989782825
523,13415.978,7867.289,1457.0,0.071,0,0,0.0,0,0.0009634758103102996,0,0.0,0,0.0,0.2823718422498906,1.3895551097371994
524,12148.866,6036.253,1490.58,0.0025,0,0,0.0,0,0.003735531418935195,0,0.0,0,0.0,0.27099200403208507,1.387269385388883
525,7670.801,7251.682,1265.0,0.013,0,0,0.2,0,0.2717670413691621,0,0.4666666666666667,0,0.07,0.5810072056195112,1.3779246352789836
526,9900.994,6526.062,1456.0,0.037,0,0,0.0,0,0.017659557325026408,0,0.06719367588932806,0,0.05,0.5698602230955438,1.3727734780660652
527,5730.086,3349.171,1143.25,0.102,1,1,1.0,1,0.9999786437226094,1,1.0,1,0.93,0.23438715010364816,1.3723598073439354
528,10081.898,7779.689,1124.1,0.0025,0,0,0.0,0,0.000149969337693924,0,0.0,0,0.0,1.1532947647043266,1.3681883648584185
529,10681.661,9460.156,1331.0,0.007,0,0,0.0,0,0.004775427158506628,0,0.06719367588932806,0,0.03,0.3251514733447335,1.3643139007858285
530,21906.0,5514.0,1484.0,0.0025,0,0,0.0,0,0.0011946859427848385,0,0.0,0,0.0,0.3270633553995527,1.3610417589602808
531,4962.0,6661.0,1045.0,0.102,1,1,0.8,1,0.6517857980618921,1,1.0,1,0.69,0.7862567293225395,1.356489087552078
532,10893.451,6468.323,1430.0,0.005,0,0,0.2,0,0.16715282199392065,0,0.0,0,0.04,1.4449293710455036,1.354658932252901
533,7720.564,7548.831,1121.0,0.0025,0,0,0.0,0,0.01636276765714746,0,0.0,0,0.01,1.175198285832297,1.3502676834122818
534,9657.505,3298.599,1483.869,0.0025,0,0,0.0,0,0.004011272464642678,0,0.0,0,0.0,0.38552378108909185,1.3475750986452921
535,6539.0,7750.0,975.0,0.0025,0,0,0.0,0,0.002251014855701611,0,0.0,0,0.0,1.2608487471402665,1.3469754445704727
536,6350.0,7659.0,877.0,0.0025,0,0,0.2,0,0.11382115543057078,0,0.0,0,0.0,1.6087985932722404,1.34559431977228
537,4670.455,6204.731,1066.0,0.011,0,0,0.2,0,0.03752632779940948,0,0.0,0,0.0,0.3275380915496576,1.3402856122464792
538,6356.0,7572.0,932.0,0.005,0,0,0.0,0,0.028487765768703016,0,0.0,0,0.0,0.844154319259383,1.3401648012384881
539,8526.9,5998.63,1409.48,0.0025,0,0,0.0,0,0.0004499910043047065,0,0.0,0,0.0,1.1532947647043266,1.3394687676036168
540,7174.0,5235.0,1368.0,0.0025,0,0,0.0,0,0.004070882576516438,0,0.0,0,0.0,0.38552378108909185,1.33610661506537
541,4922.1,6645.0,1051.0,4.788,1,1,1.0,0,0.4043158547272894,1,0.8947368421052632,1,0.91,0.9112279736173343,1.3347688627072893
542,12105.873,7738.184,1388.0,0.005,0,0,0.0,0,0.0023872028357539627,0,0.0,0,0.0,0.3065469795501437,1.331952580868156
543,7437.008,5468.047,1372.0,0.0025,0,0,0.0,0,0.0033370625335416423,0,0.0,0,0.0,0.38552378108909185,1.331737733088759
544,7873.0,7354.0,1165.0,0.006,0,0,0.0,0,0.056921834952485297,0,0.06719367588932806,0,0.13,0.43121193474628927,1.3309139863625932
545,8133.016,5644.055,1448.799,0.0025,0,0,0.0,0,0.004619290087660775,0,0.0,0,0.0,0.38552378108909185,1.3288485528071394
546,13489.193,7404.77,1452.45,0.0025,0,0,0.0,0,0.0068533775871805185,0,0.0,0,0.0,1.1293370969151204,1.3282971306401685
547,13292.89,7617.222,1431.0,0.0025,0,0,0.0,0,0.010762642262987693,0,0.0,0,0.0,1.3465820104867752,1.3273939727821082
548,4492.05,6485.318,883.0,0.018,0,0,0.2,0,0.04919317398691391,0,0.0,0,0.01,1.1069622771272492,1.3220180364661305
549,7403.0,9151.0,932.0,0.0025,0,0,0.0,0,0.03103760818749568,0,0.07142857142857142,0,0.09,0.585896203545012,1.3214988597035646
550,6528.818,7820.133,941.609,6.185,1,0,0.2,0,0.07062806216565781,1,0.8947368421052632,1,0.71,1.0959431099711523,1.3209145677867076
551,8843.59,5477.65,1277.49,0.0025,0,0,0.0,0,0.0003786892464880913,0,0.0,0,0.02,1.260848747140266,1.3208792862951961
552,6349.78,7849.143,929.0,0.0025,0,0,0.0,0,0.01837257978225852,0,0.0,0,0.02,1.246038143384963,1.3191866689206613
553,5284.909,8057.846,559.0,0.0025,0,0,0.0,0,0.002133259578076417,0,0.03278688524590164,0,0.0,0.8906803852775735,1.3147229435199819
554,10175.674,8736.307,1089.0,0.005,0,0,0.0,0,0.0013757442524203912,0,0.0,0,0.0,0.38552378108909185,1.3138359088932754
555,10432.228,8005.492,1206.58,0.0025,0,0,0.0,0,0.00012877687010149502,0,0.0,0,0.0,1.1532947647043266,1.3109566259650234
556,9188.867,6268.263,1424.22,0.0025,0,0,0.0,0,0.004643450111585913,0,0.0,0,0.0,0.38552378108909185,1.3100109030644824
557,5582.165,7898.066,660.0,0.0025,0,0,0.0,0,0.002020063052015536,0,0.0,0,0.0,1.1397722206627607,1.3096042664317
558,8236.987,5962.022,1438.359,0.0025,0,0,0.0,0,0.005749278363097567,0,0.0,0,0.0,0.38552378108909185,1.3086641316194223
559,4954.928,6572.46,1101.0,0.026,0,0,0.0,0,0.006556727650712101,0,0.0,0,0.0,1.1029186177905423,1.3065422743367003
560,4564.0,6217.0,981.0,0.047,0,0,0.2,0,0.3726171576778408,0,0.06818181818181818,0,0.11,0.431099421575786,1.3061284455898383
561,5401.676,8034.352,590.0,0.0025,0,0,0.0,0,0.011866374101605319,0,0.03278688524590164,0,0.01,0.7138818484676925,1.3060817311353659
562,5107.2,8320.5,361.0,0.0025,0,0,0.0,0,0.015817528823977033,0,0.0,0,0.0,3.7473529762090823,1.3056588660046349
563,8548.67,5806.69,1341.28,0.0025,0,0,0.0,0,0.0018193711863014547,0,0.0,0,0.0,0.27099200403208507,1.303730469213119
564,5669.038,6632.027,1284.399,1.89,1,1,0.8,1,0.9863445641186718,1,1.0,1,0.77,1.100642979759989,1.302236630042123
565,5556.255,6806.828,1156.639,0.654,1,1,0.6,0,0.3514200038570631,1,0.8947368421052632,1,0.76,2.451924893087211,1.2994674527879095
566,4438.089,6419.754,913.0,0.0025,0,0,0.0,0,0.000590354329921571,0,0.0,0,0.0,1.3531979720508418,1.2993705561108693
567,4582.926,6487.616,925.0,0.006,0,0,0.4,0,0.07389469474449506,0,0.0,0,0.01,1.3158976652589347,1.2982064169075942
568,10581.0,9068.0,1216.0,0.0025,0,0,0.0,0,0.0030062383072775316,0,0.0,0,0.0,0.38552378108909185,1.2981427559320255
569,13420.369,7979.213,1461.0,0.008,0,0,0.0,0,0.0016365298479806888,0,0.0,0,0.0,0.28009205566249185,1.2976774832931264
570,5671.99,6627.611,1284.399,0.742,1,1,1.0,1,0.7106746441422452,1,1.0,1,1.0,0.9845400197203911,1.2973420762043268
571,6690.0,7271.0,1074.0,0.0025,0,0,0.0,0,0.0028994551812290656,0,0.0,0,0.0,0.4215476378590439,1.2956207661439572
572,6180.73,7356.765,1044.0,0.011,0,0,0.2,0,0.2942030362707509,0,0.02702702702702703,0,0.08,0.6334845956842288,1.294904464939161
573,10975.592,6390.034,1497.3,0.0025,0,0,0.0,0,0.0630691947653641,0,0.0,0,0.0,2.258915158911733,1.2945770487378565
574,6846.612,7845.824,1031.859,0.078,0,0,0.0,0,0.12068954384111424,0,0.06719367588932806,0,0.09,0.9520482703103158,1.2940110314973525
575,7274.379,4589.765,1006.0,0.0025,0,0,0.0,0,0.0003689679496162846,0,0.0,0,0.0,1.1532947647043266,1.288223277292041
576,4647.58,7444.351,522.0,0.0025,0,0,0.0,0,0.008342312766678052,0,0.0,0,0.0,0.27917557571372725,1.2875664471204007
577,4886.0,6801.0,926.0,0.308,1,0,0.4,0,0.2659299615874125,1,1.0,1,0.72,0.559428180715102,1.2865953325822623
578,4674.0,7389.0,549.0,1.181,1,1,0.6,0,0.49292285869661506,1,1.0,1,0.9,0.5071588952042054,1.2856215353254465
579,9902.0,6303.0,1521.0,0.013,0,0,0.0,0,0.10660401070877484,0,0.0,0,0.07,1.0988401386380073,1.2828966214958801
580,11927.252,8062.049,1349.0,0.0025,0,0,0.0,0,0.005427296492433767,0,0.0,0,0.01,0.38552378108909185,1.2824172156947027
581,5472.809,7666.241,756.0,0.0025,0,0,0.4,0,0.0383864143096406,0,0.0,0,0.01,5.904492256297214,1.2821855391887813
582,5379.0,6455.0,1254.0,0.018,0,0,0.0,0,0.003341850079242522,0,0.0,0,0.0,0.2770138185805673,1.280110441518271
583,6766.474,4993.114,1117.299,0.017,0,0,0.0,0,0.01720737198528401,0,0.0,0,0.01,0.3270633553995527,1.2800928713935011
584,6551.836,5135.061,1109.419,0.0025,0,0,0.0,0,0.00020571467282633302,0,0.0,0,0.0,1.3277400407895552,1.2800805810272
585,9142.554,6308.243,1408.11,0.0025,0,0,0.0,0,0.004142586877628555,0,0.0,0,0.0,0.38552378108909185,1.2790469095697783
586,6324.454,7869.724,918.0,0.0025,0,0,0.4,0,0.06869794689767439,0,0.0,0,0.01,2.208813658148536,1.2761575934846376
587,5106.15,8330.0,355.0,1.14,1,1,1.0,1,0.9997097849647049,0,0.0,0,0.42,1.4886796796485013,1.2743457111408851
588,4884.0,6819.0,910.0,0.031,0,1,0.6,0,0.3339197173725682,0,0.02702702702702703,0,0.18,0.3874615610493989,1.2720510576174284
589,6174.443,7369.29,1034.5,0.449,1,0,0.4,0,0.4500728154846643,1,0.8947368421052632,1,0.87,0.4377809025719437,1.2717148149649287
590,9830.0,6294.0,1498.0,0.009,0,0,0.0,0,0.18999124955951824,0,0.06719367588932806,0,0.06,2.2345833017271115,1.271501614676016
591,6361.0,7666.0,878.0,0.005,0,0,0.2,0,0.09278804513756354,0,0.06719367588932806,0,0.02,0.844154319259383,1.2701426740958195
592,6850.671,4953.589,1187.309,0.01,0,0,0.0,0,0.006123281207815363,0,0.0,0,0.01,0.3270633553995527,1.2697843195625402
593,7765.0,5021.0,1284.0,0.0025,0,0,0.0,0,0.005414668484292129,0,0.0,0,0.0,0.4215476378590439,1.2696269178342574
594,5748.037,5877.193,1150.0,0.019,0,0,0.0,1,0.6631526008029742,0,0.0,0,0.05,2.732977585180685,1.2687190612187982
595,10718.315,6190.842,1442.0,0.0025,0,0,0.2,0,0.035318778931092365,0,0.0,0,0.01,0.7384978204056387,1.2665414818103966
596,6810.0,6716.0,1342.0,0.005,0,0,0.0,0,0.002801352661718605,0,0.0,0,0.0,1.1532947647043266,1.265627473711808
597,6121.046,7536.826,921.0,0.0025,0,0,0.2,0,0.04389187939058726,0,0.0,0,0.01,1.0838561349465852,1.26216307144264
598,6468.0,8267.0,717.0,0.053,0,0,0.0,0,0.3128987030901661,1,0.8947368421052632,0,0.27,1.312346106726772,1.261508305262959
599,9438.0,6320.0,1529.0,0.025,0,0,0.0,0,0.15328195618051138,0,0.0,0,0.1,1.376337274583481,1.2598180896821176
600,7680.332,7237.532,1268.0,0.047,0,0,0.2,0,0.3168006939893826,0,0.4666666666666667,0,0.13,0.8496765178652649,1.2584392287382868
601,4923.0,6645.0,1050.0,0.921,1,1,0.6,0,0.2710616922186897,0,0.07142857142857142,0,0.4,0.5723090781647735,1.2581268028444037
602,6369.0,7187.0,1154.0,0.956,1,0,0.4,0,0.3173925302217449,1,0.8888888888888888,1,0.72,0.49986894562708356,1.2566761807912639
603,5416.856,6990.309,973.0,0.0025,0,0,0.0,0,0.09260655107045655,0,0.0,0,0.01,0.3044823647206258,1.2534171110856411
604,6389.0,7482.0,974.0,0.008,0,0,0.0,0,0.038787079322204494,0,0.0,0,0.03,0.43422556790164907,1.2513143903211663
605,4386.0,6396.0,862.0,0.086,0,0,0.4,0,0.0034723496869551104,0,0.0,0,0.06,0.48596900876284693,1.2478002923277756
606,6402.0,7830.0,921.0,0.0025,0,0,0.0,0,0.0034435563807542926,0,0.0,0,0.0,0.38552378108909185,1.2475281445509938
607,4886.0,6902.0,857.0,0.043,0,1,0.6,0,0.3224582405462954,0,0.02702702702702703,0,0.13,1.0369666975413607,1.2475268533709216
608,7474.034,7385.265,1266.0,0.167,1,1,0.6,0,0.48100995601087143,1,0.8947368421052632,1,0.9,0.4942990184056951,1.247473367399263
609,8594.05,6007.62,1433.3,0.0025,0,0,0.0,0,0.005564851891317183,0,0.0,0,0.0,0.38552378108909185,1.2473401943247289
610,17504.0,8370.0,1297.0,0.029,0,0,0.4,0,0.4556642623297708,0,0.0,1,0.61,1.1310978581523108,1.2467700971677842
611,6906.0,7658.0,1113.0,0.0025,0,0,0.2,0,0.0067069651001940185,0,0.03278688524590164,0,0.0,0.23730558964012097,1.2465932319331197
612,4912.65,6713.0,1005.0,3.082,1,0,0.4,1,0.6532764316044961,1,0.8947368421052632,1,0.93,0.9670231663849469,1.245293440121999
613,8163.037,6302.033,1422.299,0.171,1,0,0.2,0,0.14796126573065022,0,0.06719367588932806,1,0.58,0.24761183807440523,1.242959649992086
614,7939.966,7733.444,1044.0,0.0025,0,0,0.0,0,0.03112417647321351,0,0.0,0,0.04,0.6342674750153195,1.2415648620706679
615,6342.413,6822.44,1332.569,0.01,0,0,0.0,0,0.0017286718557862903,0,0.0,0,0.02,1.260848747140266,1.2412648175737404
616,6307.648,7873.18,905.0,0.0025,0,0,0.0,0,0.01770364521974745,0,0.0,0,0.02,0.7523428150289939,1.2402051496312194
617,7451.714,5170.307,1417.039,0.0025,0,0,0.0,0,0.067881660628027,0,0.0,0,0.02,0.6072267614164147,1.2369296010238509
618,5636.0,6198.0,1233.0,0.008,0,0,0.0,1,0.6844785127851339,0,0.0,0,0.12,0.3555814999997139,1.2356983735399052
619,4636.646,7435.528,523.0,0.045,0,0,0.4,0,0.248985399692575,0,0.06818181818181818,0,0.03,0.8855855521686535,1.235593893208102
620,7459.135,7360.244,1275.0,0.197,1,1,0.6,1,0.9127673970047963,1,1.0,1,0.83,0.8106390679712429,1.2351290849022265
621,5428.0,7562.0,754.0,0.0025,0,0,0.0,0,0.0021945046570258217,0,0.0,0,0.0,0.7923635190571027,1.2340888703374353
622,7372.0,6388.0,1268.0,0.0025,0,0,0.0,0,0.0034771030210397533,0,0.0,0,0.0,0.38552378108909185,1.2327800122281256
623,4631.798,7151.043,697.509,0.009,0,0,0.0,0,0.13560424280066916,0,0.0,0,0.0,0.3946690107019632,1.2314840517668437
624,8431.0,7254.0,1221.999,0.0025,0,0,0.0,0,0.010208421721319574,0,0.0,0,0.0,0.4492242554703022,1.2297770412322482
625,11844.238,6031.247,1478.17,0.005,0,0,0.0,0,0.007351205018588335,0,0.0,0,0.01,0.3270633553995527,1.229537303788692
626,7754.0,6544.0,1290.0,0.0025,0,0,0.0,0,0.004391329158219392,0,0.0,0,0.0,0.38552378108909185,1.2293766867534581
627,5114.0,6678.0,1020.0,0.005,0,0,0.0,0,0.016015772143378043,0,0.0,0,0.0,0.2669131436179216,1.2265462666790747
628,7039.0,4179.0,887.0,0.015,0,0,0.0,0,0.09219728191298748,0,0.06719367588932806,0,0.11,3.340256228779095,1.2256637377838815
629,4596.0,6494.0,886.0,0.08,0,0,0.0,0,0.050295416492516884,1,0.8888888888888888,0,0.14,1.5212275794466623,1.224100261468051
630,7823.0,7392.0,1133.0,0.0025,0,0,0.0,0,0.042541929346618594,0,0.0,0,0.01,0.5241764983351281,1.2234797520050944
631,4931.0,6656.0,1040.0,0.422,1,0,0.4,1,0.5522429699413862,0,0.07142857142857142,1,0.73,1.0415557013904544,1.222954243540193
632,8456.0,4768.0,1110.0,0.005,0,0,0.0,0,0.0567606992852185,0,0.02702702702702703,0,0.03,0.7088257045305228,1.2223630356734054
633,3883.004,7343.405,137.65,0.04,0,0,0.0,0,0.0006776600228365832,0,0.0,0,0.03,1.1077626819371214,1.2202984561064096
634,11691.29,8953.909,1226.3,0.0025,0,0,0.0,0,0.0009661123941650112,0,0.0,0,0.0,1.1532947647043266,1.219905450204743
635,4656.668,6316.063,1063.0,0.519,1,0,0.4,1,0.8899292813594972,1,1.0,1,0.8,3.0402794487787568,1.2177586889507173
636,9748.088,7293.679,1274.99,0.165,1,1,0.6,0,0.19717464596716416,1,1.0,1,0.68,0.4554352330652114,1.217449217453988
637,7085.137,5361.376,1307.0,0.029,0,0,0.0,0,0.007174883467336196,0,0.06719367588932806,0,0.02,0.37131287469483537,1.2162920269134154
638,6336.118,7526.399,980.0,0.0025,0,0,0.0,0,0.029375800348845408,0,0.06818181818181818,0,0.07,0.5561249159422963,1.215986312852461
639,4182.324,7636.848,196.69,0.031,0,0,0.2,0,0.12546330776090572,0,0.06719367588932806,0,0.08,0.32093524448004096,1.2147092000082547
640,6763.869,4867.874,1013.559,0.006,0,0,0.0,0,0.01408442691997058,0,0.0,0,0.03,0.3081153560059544,1.2141307409112017
641,5445.411,8326.43,557.0,0.0025,0,0,0.4,0,0.11423987073080846,0,0.0,0,0.02,1.093315064615449,1.213826875623477
642,4913.899,6732.387,995.0,0.442,1,1,0.8,0,0.30116188828201773,0,0.4666666666666667,1,0.93,0.9112279736173341,1.2133242794344166
643,8913.102,6278.424,1470.419,0.011,0,0,0.2,0,0.034261847167969796,0,0.0,0,0.01,0.6258095778037116,1.212000333359385
644,5266.044,7286.197,716.069,2.02,1,1,0.6,1,0.6830802039040462,1,1.0,1,0.88,1.6131060244864102,1.20944069465326
645,9890.076,6738.958,1404.28,0.005,0,0,0.0,0,0.02750126989096415,0,0.06719367588932806,0,0.02,0.8327186207174274,1.2090588663394624
646,6757.469,8011.793,945.0,0.005,0,0,0.0,0,0.02503796746427368,0,0.06719367588932806,0,0.02,0.39143202216122985,1.2079778188944426
647,7043.0,6955.0,1179.0,0.0025,0,0,0.0,0,0.01139912872567576,0,0.0,0,0.0,1.1029186177905423,1.2066912044736537
648,4902.394,6760.422,959.0,0.676,1,0,0.4,0,0.3093860035218923,1,0.8888888888888888,1,0.7,0.4762699673695493,1.206398354726535
649,6500.656,7831.902,931.0,22.424,1,1,0.6,0,0.4366102653020717,1,0.8947368421052632,1,0.69,2.301442093150472,1.2062157591174114
650,7940.583,7733.243,1044.0,0.0025,0,0,0.2,0,0.3227910061715651,0,0.0,0,0.13,0.6404400737391167,1.2050771910778524
651,4386.0,6395.0,863.0,0.079,0,0,0.0,0,0.22819058476219906,0,0.07142857142857142,0,0.04,0.9147984380741099,1.2043529051094315
652,6350.0,7607.0,906.0,0.024,0,0,0.0,0,0.16080005591977956,0,0.06719367588932806,0,0.03,1.746212564020189,1.203866390907572
653,7593.904,8778.542,756.0,0.0025,0,0,0.0,0,0.000481202242017476,0,0.0,0,0.0,0.3270633553995527,1.2030680015446635
654,3948.927,7387.505,226.81,0.006,0,0,0.0,0,0.03328487551442727,0,0.0,0,0.0,0.9200187435447968,1.2010511645897797
655,5144.416,7638.749,617.0,0.009,0,0,0.2,0,0.04110148529172618,0,0.06719367588932806,0,0.03,0.4102634937315411,1.2009308414049442
656,7304.746,7591.771,1206.779,0.021,0,0,0.2,0,0.2729808039269043,0,0.06818181818181818,0,0.09,0.6839416854058122,1.1984960957658373
657,9464.0,6717.0,1500.0,0.009,0,0,0.2,0,0.14314710101646086,0,0.06818181818181818,0,0.01,1.6087985932722404,1.1981899138959202
658,7173.931,3507.424,1262.249,0.0025,0,0,0.0,0,0.12748237478406982,0,0.06818181818181818,0,0.05,0.6516571979107227,1.1979324925721502
659,6934.0,6780.0,1294.0,0.0025,0,0,0.0,0,0.001822883381462241,0,0.0,0,0.0,1.1532947647043266,1.1946716505255766
660,4922.559,8130.166,340.0,0.0025,0,0,0.0,0,0.11464450238686813,0,0.06818181818181818,0,0.04,0.5708150197435153,1.1928727798835186
661,9908.209,6530.959,1455.0,0.016,0,0,0.0,0,0.02773635448426253,0,0.06719367588932806,0,0.04,0.3156281459320887,1.190244374331342
662,10811.606,6137.087,1467.77,0.007,0,0,0.0,0,0.09417160276322431,0,0.06818181818181818,0,0.02,0.8015437776205938,1.189636232862513
663,5294.175,7040.576,938.0,0.0025,0,0,0.0,0,0.0020136044953842033,0,0.0,0,0.0,1.1532947647043266,1.1885913203394705
664,8273.002,6001.34,1439.559,0.0025,0,0,0.0,0,0.0039001533621699216,0,0.0,0,0.0,0.36590801797156886,1.188511599267002
665,4539.081,6498.288,892.0,0.078,0,0,0.0,0,0.03813783554949876,0,0.4666666666666667,0,0.06,1.5140906413728854,1.187033127713292
666,7338.0,7187.0,1248.0,0.0025,0,0,0.0,0,0.00550418750904891,0,0.0,0,0.0,0.2770138185805674,1.1870085830533363
667,6825.562,6722.534,1337.959,0.011,0,0,0.0,0,0.0018356077733966494,0,0.0,0,0.0,1.2732827615568096,1.1862533771485317
668,5098.394,6502.069,1130.0,0.013,0,0,0.0,0,0.009986619252759064,0,0.0,0,0.01,0.6116546221224608,1.1856646381897082
669,3940.427,6443.621,579.0,0.062,0,0,0.2,0,0.013926233736172557,0,0.06719367588932806,0,0.08,0.8848025485272626,1.1850728659128
670,5560.612,6970.5,1002.42,0.0025,0,0,0.0,0,0.004865447620605422,0,0.0,0,0.0,0.3065469795501437,1.1849427151025824
671,3919.959,6658.304,514.0,0.0025,0,0,0.0,0,0.0041925777122302135,0,0.0,0,0.0,1.260848747140266,1.1848278107576007
672,7391.0,7457.0,1258.0,0.008,0,0,0.2,0,0.15727055908686766,0,0.06818181818181818,0,0.01,3.702741049914534,1.1830786183487083
673,9593.972,5866.032,1410.489,0.0025,0,0,0.0,0,0.0025341264578002507,0,0.0,0,0.0,0.38552378108909185,1.1820271823161985
674,10809.965,5979.418,1512.0,0.0025,0,0,0.0,0,0.07242270890593702,0,0.0,0,0.01,0.8471790528365175,1.181897194409805
675,5098.788,6502.139,1130.0,0.042,0,0,0.0,0,0.025158755434351428,0,0.0,0,0.0,0.28009205566249185,1.181772922643943
676,4593.717,6484.722,909.0,0.086,0,0,0.0,0,0.15900400793869668,0,0.06818181818181818,0,0.04,4.314593608688688,1.1797431153995408
677,8212.049,6290.027,1422.299,0.012,0,0,0.0,0,0.10533555733009296,0,0.06719367588932806,0,0.05,0.44967577748418264,1.1791386214770236
678,6764.912,4994.066,1117.299,0.005,0,0,0.0,0,0.0028240926796249182,0,0.0,0,0.0,1.2030812465920673,1.1769601513888848
679,13563.0,7802.0,1468.0,0.0025,0,0,0.0,0,0.0004163871826857931,0,0.0,0,0.01,0.38552378108909185,1.175953836736117
680,5670.158,6626.205,1284.399,0.115,1,0,0.2,1,0.8178685242534434,1,1.0,1,0.73,0.19590705311433354,1.1747145942760948
681,6339.352,6818.917,1332.569,0.037,0,0,0.0,0,0.02292583122231044,0,0.02702702702702703,0,0.01,0.7902466512068262,1.174097019073355
682,6365.0,7602.0,924.0,0.063,0,0,0.2,0,0.34227927521216256,0,0.06719367588932806,0,0.1,0.5120097251110034,1.1728568346137929
683,5747.557,3743.596,962.22,0.076,0,0,0.4,0,0.0003437871218532949,0,0.0,0,0.33,0.3676095946884047,1.172847982647688
684,7540.48,7444.068,1247.0,0.006,0,0,0.0,0,0.23677202461603597,0,0.4666666666666667,0,0.1,1.9296151283803349,1.172543000975696
685,6177.32,7413.31,1011.0,0.01,0,0,0.4,0,0.056256047637711304,0,0.06818181818181818,0,0.01,1.5032824476495061,1.1701813491723017
686,12283.92,9911.181,1378.0,0.01,0,0,0.0,0,0.01721413617175597,0,0.0,0,0.06,0.9011733200336376,1.1683558349841048
687,8976.265,6231.452,1437.289,0.0025,0,0,0.0,0,0.07410789472341488,0,0.06818181818181818,0,0.05,0.25584541958923845,1.1678006360568631
688,5748.141,5875.98,1150.0,0.007,0,0,0.2,1,0.6855198431558581,0,0.0,0,0.1,2.5945916770908535,1.1677203580486513
689,7611.929,7485.914,1201.0,0.008,0,0,0.0,0,0.02715979398374752,0,0.0,0,0.0,0.41572276741122255,1.1674711380286507
690,3975.356,6291.86,626.0,0.006,0,0,0.0,0,0.0030744730966933663,0,0.0,0,0.0,0.2846814136805973,1.1661812609439806
691,4702.059,6705.683,942.979,0.033,0,0,0.2,0,0.35251684761572416,0,0.06719367588932806,1,0.59,0.7862379621130913,1.1659587297785907
692,6666.0,7816.0,1002.0,0.0025,0,0,0.0,0,0.0023651320978866418,0,0.0,0,0.0,1.2608487471402665,1.1654176456362024
693,4691.611,6233.29,1094.0,1.743,1,0,0.4,0,0.2782073485924321,0,0.06719367588932806,1,0.83,0.8698079576211376,1.1630676747226203
694,5811.0,7865.0,702.0,0.029,0,0,0.0,0,0.17115290178704293,0,0.4666666666666667,0,0.21,2.9458118564907627,1.1620383079526917
695,9463.0,6618.0,1510.0,0.011,0,0,0.0,0,0.1318089993575124,0,0.06719367588932806,0,0.06,4.546220298670198,1.161399298110341
696,5881.436,6165.981,1262.0,0.0025,0,0,0.0,0,0.014296179486166571,0,0.0,0,0.0,1.1469140223327945,1.1596344179116522
697,7886.0,4822.0,1195.0,0.0025,0,0,0.0,0,0.004759964288304563,0,0.0,0,0.0,0.38552378108909185,1.1589406032939547
698,10924.817,6010.615,1523.0,0.0025,0,0,0.0,0,0.02467246441144117,0,0.0,0,0.0,0.4954050746193628,1.1575233176214486
699,6325.0,7608.0,919.0,0.025,0,0,0.2,0,0.2637443454838566,0,0.06719367588932806,0,0.04,1.6131060244864108,1.1557600407425548
700,5668.96,6628.041,1284.399,0.216,1,0,0.4,0,0.386362210329624,1,0.8947368421052632,1,0.87,2.6474973578345065,1.1551381045331433
701,8678.013,6675.971,1375.089,0.008,0,0,0.2,0,0.33485651841826797,0,0.0,0,0.11,0.6404400737391165,1.1540106986286733
702,7676.014,7243.243,1268.0,0.018,0,0,0.0,0,0.225240597983827,0,0.06818181818181818,0,0.02,0.7821208066022061,1.1532739918258965
703,7239.0,6993.0,1197.0,0.0025,0,0,0.0,0,0.00419269693535607,0,0.0,0,0.0,1.1532947647043266,1.1519320429102327
704,6555.308,8188.868,802.0,1.751,1,1,0.8,1,0.999829172170269,1,1.0,1,0.83,0.9247197052001033,1.1518236839590315
705,5676.019,6626.142,1284.399,0.033,0,0,0.0,0,0.009496073818903232,0,0.0,0,0.0,1.1029186177905423,1.1512884515601185
706,5861.0,3911.0,859.0,0.163,1,0,0.4,1,0.9179846079846927,1,1.0,1,0.88,0.7066465023438994,1.1486225453832053
707,7352.0,7355.0,1272.0,0.168,1,0,0.4,0,0.45068309470345425,1,1.0,1,0.82,0.7775326416060615,1.1471300381006941
708,10820.694,5822.978,1528.93,0.054,0,0,0.4,0,0.34830530543506066,0,0.07142857142857142,0,0.09,0.25706062626765885,1.1461300594453119
709,7516.522,7507.41,1234.0,0.021,0,0,0.0,0,0.17275001918635913,0,0.4666666666666667,0,0.07,0.4371570952340108,1.1460717947178347
710,4413.0,6360.0,879.0,0.081,0,0,0.2,0,0.029755363767248584,0,0.06719367588932806,0,0.07,0.21094327723986084,1.1458596390494353
711,13272.551,7774.733,1386.92,0.005,0,0,0.0,0,0.04341025222273937,0,0.0,0,0.02,0.5333609063727339,1.1453817673066682
712,10985.236,6465.938,1476.65,0.0025,0,0,0.0,0,0.10248312709449629,0,0.0,0,0.0,3.26448902531916,1.1438613125033235
713,6335.0,7610.0,892.0,0.028,0,0,0.0,0,0.19456595515594838,0,0.07142857142857142,0,0.04,1.9622173115062451,1.1417412108087208
714,12479.768,9390.582,1367.0,0.882,1,1,0.6,1,0.9915827373823907,1,1.0,1,0.72,1.5636977616332697,1.1416842336052957
715,6506.0,7595.0,947.0,0.075,0,0,0.2,0,0.18779946008452386,0,0.0,0,0.12,1.1880930174866016,1.1416233034362
716,11057.485,7814.044,1351.0,0.0025,0,0,0.0,0,2.848555631269921e-05,0,0.0,0,0.0,1.2038724413540622,1.137219449707539
717,6340.245,7833.639,918.0,0.0025,0,0,0.0,0,0.04365493360372506,0,0.0,0,0.02,0.6274843557595235,1.1359395148195361
718,10736.057,8016.064,1271.95,0.0025,0,0,0.0,0,0.002585866271672823,0,0.0,0,0.0,0.38552378108909185,1.1332629519962432
719,12175.563,6025.04,1493.97,0.0025,0,0,0.0,0,0.0018097560855553695,0,0.06719367588932806,0,0.0,0.27099200403208507,1.1329059941927906
720,6158.0,6579.0,1309.0,0.0025,0,0,0.0,0,0.005618800195367613,0,0.0,0,0.0,0.401984242217607,1.1328274088298005
721,10790.0,8782.0,1154.0,0.0025,0,0,0.0,0,0.001496248738900926,0,0.0,0,0.02,0.38552378108909185,1.1322579956036856
722,7539.928,7445.966,1253.209,0.0025,0,0,0.2,0,0.21441188753348964,0,0.06818181818181818,0,0.02,1.4434226893096116,1.131672229978017
723,5730.094,6776.153,1121.78,0.867,1,1,0.8,1,0.9082930420000274,1,1.0,1,0.75,0.8741207220444243,1.130995883821655
724,5710.122,7776.634,748.0,0.0025,0,0,0.2,0,0.16662390177449324,0,0.0,0,0.08,2.6474973578345073,1.129320873421382
725,4995.0,6854.0,907.0,0.018,0,0,0.2,0,0.2470863004582247,0,0.06818181818181818,0,0.05,0.6422798588367769,1.1290268747581225
726,10817.573,6198.023,1468.48,0.026,0,0,0.4,0,0.1435440011108978,0,0.0,0,0.07,2.509366191921441,1.1282111089221742
727,6341.541,7527.155,982.0,0.005,0,0,0.2,0,0.08034202105404654,0,0.02702702702702703,0,0.03,1.4532233203478055,1.127300622707334
728,7270.265,3810.471,1200.709,0.245,1,0,0.4,1,0.8548816165455901,1,1.0,1,0.76,0.7205552288833773,1.1250682735446655
729,7354.0,7321.0,1264.0,1.59,1,0,0.4,1,0.6641623709552145,1,1.0,1,0.84,0.6557323950124614,1.1243709661737242
730,10884.151,6855.847,1420.0,0.0025,0,0,0.0,0,0.011578570560512404,0,0.0,0,0.04,0.4615379354832948,1.1240107413868727
731,5345.0,6312.0,1305.0,0.005,0,0,0.0,0,0.014696463987289327,0,0.0,0,0.0,0.3270633553995527,1.1233552679587073
732,7760.933,5627.106,1399.449,0.0025,0,0,0.0,0,0.0014620368136126374,0,0.0,0,0.0,0.38552378108909185,1.1205170514081189
733,4605.0,6333.0,1010.0,0.272,1,0,0.4,1,0.917527944900248,1,1.0,0,0.47,1.6421695487073125,1.1193103532318402
734,8067.281,5575.402,1503.0,0.037,0,1,0.6,0,0.25830072613238075,0,0.06719367588932806,0,0.22,1.3614953393298523,1.1190880258662674
735,9344.245,6551.274,1420.729,0.005,0,0,0.0,0,0.005680594862583269,0,0.0,0,0.0,0.38552378108909185,1.11693641356504
736,6339.0,7627.0,882.0,0.0025,0,0,0.0,0,0.07667161591174332,0,0.02702702702702703,0,0.04,1.2831640983631358,1.1164797996688058
737,6613.204,7601.88,964.0,0.005,0,0,0.4,0,0.1586070972120277,0,0.0,0,0.01,1.9844162623393502,1.1152141420242188
738,6412.0,8294.0,698.0,1.377,1,0,0.4,0,0.28706371551581994,0,0.07142857142857142,1,0.67,1.4573319987163558,1.1138266138227653
739,9466.0,6711.0,1501.0,0.006,0,0,0.2,0,0.15626112219824984,0,0.06719367588932806,0,0.14,2.0115517847884745,1.1132095236865907
740,5669.828,6624.638,1218.0,0.261,1,0,0.4,1,0.9946529019091985,1,1.0,1,0.83,0.2200632896451033,1.112999464907427
741,9799.325,6367.975,1475.0,0.093,0,0,0.2,1,0.6845540047014678,0,0.38461538461538464,0,0.16,0.7473087559607011,1.1127480288087552
742,5614.553,7977.078,616.0,0.0025,0,0,0.2,0,0.28321636850416815,0,0.0,0,0.0,4.3804767411146175,1.107851139680647
743,6415.764,8103.782,773.0,0.0025,0,0,0.0,0,0.11703329546648883,0,0.06719367588932806,0,0.05,0.6499769734771309,1.1077135382236691
744,12506.71,9377.052,1326.0,0.079,0,0,0.2,0,0.0005384896079922467,0,0.0,0,0.18,0.30208733227261236,1.1051902341519186
745,7564.0,6709.0,1317.0,0.007,0,0,0.0,0,0.0036479677480903004,0,0.0,0,0.0,0.38552378108909185,1.1047609672997611
746,4601.089,6364.632,1021.28,2.873,1,0,0.2,1,0.9324349862442182,1,1.0,1,0.85,0.701874846945432,1.1037088592019406
747,9307.264,6330.462,1427.14,0.0025,0,0,0.0,0,0.0027231334902221203,0,0.0,0,0.0,0.38552378108909185,1.1029979618227435
748,6459.0,7315.0,1078.0,0.0025,0,0,0.0,0,0.005986418181450694,0,0.0,0,0.0,0.4215476378590439,1.101196040972238
749,7559.0,7715.0,1108.0,0.0025,0,1,0.6,0,0.1859913707210573,0,0.0,0,0.01,2.5240201924342966,1.1006701903660243
750,7942.0,4860.0,1215.0,0.0025,0,0,0.0,0,0.003882939495867673,0,0.0,0,0.0,0.3270633553995527,1.1002262629054729
751,9944.644,6620.537,1462.0,0.0025,0,0,0.0,0,0.0027066868988655773,0,0.0,0,0.0,0.38552378108909185,1.099660168351897
752,9638.037,5563.973,1435.879,2.193,1,0,0.4,1,0.749189094178457,1,0.7,1,0.81,1.1011929026590486,1.0991069628126555
753,9012.0,6404.0,1409.0,0.0025,0,0,0.0,0,0.0032656653011528185,0,0.0,0,0.0,0.38552378108909185,1.097527230511253
754,4619.826,6358.339,1022.22,0.38,1,1,0.6,1,0.9120144286780878,1,1.0,1,0.86,0.5813670145680553,1.0975037805412107
755,5942.0,7246.0,1100.0,0.0025,0,0,0.0,0,0.001920294911835026,0,0.0,0,0.0,0.3065469795501437,1.0963231742978075
756,10367.968,8022.029,1192.059,0.0025,0,0,0.0,0,9.17184313616215e-05,0,0.0,0,0.0,1.1532947647043266,1.0955758052081725
757,5716.123,7160.875,1038.02,0.438,1,0,0.4,0,0.3638676416997672,1,0.8947368421052632,1,0.87,1.8070057866872555,1.094573993276666
758,6062.01,7576.883,867.529,0.014,0,0,0.0,0,0.012063849122849028,0,0.03278688524590164,0,0.01,0.867765532360684,1.094112252424325
759,12426.408,9765.04,1399.0,0.012,0,0,0.0,0,0.014901052185370309,0,0.06719367588932806,0,0.13,0.5333609063727338,1.0937592201048199
760,7730.599,6044.462,1345.151,0.018,0,0,0.2,0,0.18998200494882767,0,0.06719367588932806,0,0.1,1.029285708347762,1.0932404708419372
761,6090.277,9033.208,574.0,0.026,0,0,0.2,0,0.02545090719382384,0,0.0,0,0.01,1.8857940184374031,1.093209497512926
762,5497.22,7002.321,1060.439,0.6,1,1,0.8,1,0.9646317742046873,1,1.0,1,0.81,0.6457814481334575,1.0928497987973713
763,8227.0,4879.0,1167.0,0.0025,0,0,0.0,0,0.005016748943261282,0,0.0,0,0.0,0.3270633553995527,1.0927408408342638
764,5541.781,6837.542,1156.639,0.093,0,0,0.0,0,0.2663966480695584,0,0.06719367588932806,0,0.13,1.8466534236078929,1.0925159779267328
765,7538.573,7314.581,1266.0,0.134,1,1,0.6,0,0.3642060797695095,0,0.38461538461538464,1,0.92,0.5633415337637966,1.091552474168553
766,7523.241,7290.346,1275.0,0.035,0,0,0.2,0,0.16971964678726073,0,0.06719367588932806,0,0.02,2.6474973578345073,1.0915521345698362
767,4878.0,6847.0,903.0,0.054,0,0,0.4,0,0.2607433290519737,0,0.02702702702702703,0,0.12,0.3848360343715123,1.0907268676519208
768,3935.62,6142.321,600.0,0.006,0,0,0.0,0,0.0042252521344141895,0,0.0,0,0.0,0.28009205566249185,1.0885903947376172
769,6142.599,7479.788,1055.819,0.021,0,0,0.0,0,0.03995831659664393,0,0.03278688524590164,0,0.03,0.9345242905373776,1.088249584178231
770,8766.983,6230.037,1470.419,0.0025,0,0,0.0,0,0.003816636401229439,0,0.0,0,0.0,0.3979290805919188,1.0876659319694715
771,6581.0,7080.0,1177.0,0.28,1,0,0.2,1,0.5378558005565648,1,1.0,1,0.96,0.5162702278298128,1.0864293043387974
772,5319.665,8036.053,590.0,0.009,0,0,0.0,0,0.24659526380300203,0,0.0,0,0.03,0.305783041149033,1.0862011137566767
773,13273.051,7774.233,1386.92,0.211,1,1,1.0,1,0.9999999997418847,1,1.0,1,0.8,1.2790193274187311,1.0858922521630885
774,4394.729,7653.401,364.0,0.005,0,0,0.0,0,0.0017609724200560292,0,0.0,0,0.01,0.38552378108909185,1.0845398382593772
775,4686.67,6204.417,1080.0,0.855,1,1,0.8,1,0.9998635525752001,1,1.0,1,0.77,1.9727156701221398,1.084175054377802
776,5705.875,3342.532,1138.08,0.309,1,1,0.8,1,0.9999238802061945,1,1.0,1,0.94,0.19706656522073104,1.0831215778910006
777,10827.774,5969.127,1502.0,0.0025,0,0,0.2,0,0.016173175709194115,0,0.0,0,0.01,0.937263696741891,1.0818666385398092
778,7252.0,9301.0,989.0,0.0025,0,0,0.0,0,0.02929630596692313,0,0.0,0,0.01,0.3141849987962253,1.0794849663190098
779,6671.0,6994.0,1249.0,0.0025,0,0,0.0,0,0.002105973571443955,0,0.0,0,0.0,0.4215476378590439,1.0785876174293962
780,6415.0,7251.0,1107.0,0.028,0,0,0.4,0,0.30166974868139196,0,0.02702702702702703,0,0.13,0.42799043666759107,1.0784137574634285
781,9932.904,9539.296,1377.0,0.0025,0,0,0.0,0,0.0031658688757407166,0,0.0,0,0.0,0.3717251917789475,1.0782749575723465
782,6223.649,7274.05,1101.0,0.707,1,0,0.4,1,0.751208791563251,1,1.0,1,0.83,1.1182574418277378,1.0767682014485291
783,9332.306,6918.581,1392.0,0.011,0,0,0.0,0,0.058568221012420076,0,0.06719367588932806,0,0.04,0.5427711406964798,1.0761135347899162
784,9425.0,6697.0,1496.0,0.081,0,0,0.0,0,0.13889818040078253,0,0.06719367588932806,0,0.07,3.122958654601597,1.0760459756980916
785,9430.0,6324.0,1519.0,0.007,0,0,0.2,0,0.14714895789689822,0,0.06719367588932806,0,0.08,2.090412740710752,1.0758545938145514
786,8630.2,5842.56,1396.0,0.02,0,0,0.2,0,0.225387148340678,0,0.06719367588932806,0,0.06,1.9622173115062451,1.0754440916662356
787,8110.039,5616.972,1448.799,0.0025,0,0,0.0,0,0.0002613684161878974,0,0.0,0,0.0,1.2038724413540622,1.0754242989591676
788,6330.647,7866.237,922.0,0.005,0,0,0.4,0,0.02891846873319059,0,0.06719367588932806,0,0.0,1.0484209665289999,1.0742835238859327
789,5816.0,7775.0,724.0,0.011,0,1,0.6,0,0.1591640400190924,0,0.03278688524590164,0,0.0,0.9417391941056503,1.0741321372311319
790,6574.0,7159.0,1131.0,0.025,0,1,0.6,0,0.32010349637594565,0,0.07142857142857142,0,0.17,0.5631881918436876,1.073542395364644
791,5747.782,5878.525,1150.0,0.01,0,0,0.2,0,0.20583493802889166,0,0.0,0,0.04,1.1965164679909388,1.0734548317786885
792,8937.0,5192.0,1170.0,0.0025,0,0,0.0,0,0.017620792500339016,0,0.0,0,0.02,1.1192393677391612,1.073449723770439
793,7472.0,7511.0,1245.0,0.008,0,0,0.0,0,0.22554240969742062,0,0.06719367588932806,0,0.02,0.2335829482240772,1.0726207803234664
794,7088.075,7888.41,1026.789,0.0025,0,0,0.2,0,0.2170170401315544,0,0.0,0,0.0,1.9622173115062451,1.0724402212289539
795,4592.201,6508.979,885.0,0.033,0,0,0.2,0,0.1474214650630873,0,0.0,0,0.07,2.6474973578345065,1.0715616666819523
796,6183.13,7394.712,1013.0,0.008,0,1,0.6,0,0.25132203683346277,0,0.06719367588932806,0,0.07,0.6587361527023079,1.0708466533016958
797,6466.191,9148.689,663.15,0.0025,0,0,0.0,0,7.592499000222871e-05,0,0.0,0,0.0,1.3277400407895552,1.069671750552341
798,9456.0,6383.0,1510.0,0.0025,0,0,0.2,0,0.10191958260227187,0,0.0,0,0.03,4.441589028102009,1.0683215825699968
799,7549.156,4548.131,1069.0,0.0025,0,0,0.0,0,0.13025080603136593,0,0.0,0,0.01,0.3270633553995527,1.0681410855557345
800,6662.0,7068.0,1203.0,0.0025,0,0,0.0,0,0.0030011092790479888,0,0.0,0,0.0,0.4215476378590439,1.0680741398872098
801,4933.863,6580.251,1080.0,0.015,0,0,0.0,0,0.013226375664076168,0,0.0,0,0.0,0.3478238985318011,1.0680317134522217
802,6562.195,8529.096,667.0,0.0025,0,0,0.0,0,0.1388918329198196,0,0.0,0,0.0,0.2755732992725425,1.0676409272270557
803,7353.587,7342.322,1299.0,0.998,1,1,0.6,0,0.2813230356053745,1,0.8947368421052632,1,0.85,0.6587361527023079,1.0657135002482818
804,3972.212,6290.54,626.0,0.0025,0,0,0.0,0,0.005245903924455507,0,0.02702702702702703,0,0.01,0.2770138185805674,1.0635032482569828
805,4369.427,6430.501,832.0,0.047,0,1,0.6,0,0.2530126159898422,0,0.06818181818181818,0,0.09,0.6904782158513358,1.0628223438739923
806,5734.634,3345.364,1143.99,0.23,1,0,0.4,1,0.9955221590843161,1,1.0,1,0.91,0.3193926071893723,1.0625814267803513
807,5274.607,6433.085,1237.0,0.009,0,0,0.0,0,0.006052816309215144,0,0.0,0,0.0,1.2695947441053912,1.0619404954558493
808,5866.0,7857.0,688.0,0.03,0,0,0.4,0,0.3445267084570997,0,0.07142857142857142,0,0.21,0.5843564882362899,1.0603764377180485
809,5445.0,6549.0,1222.0,0.011,0,0,0.0,0,0.011633065503772945,0,0.0,0,0.0,0.8688234441075802,1.0603752354081288
810,5149.893,7419.615,659.0,0.923,1,1,0.8,0,0.3062954583330091,1,0.8947368421052632,1,0.93,0.97661541503913,1.0583232163269405
811,6534.289,7776.823,941.609,4.41,1,1,0.6,0,0.21296416655736733,1,0.8947368421052632,1,0.89,2.556802164978831,1.0575051986369697
812,7053.0,4168.0,894.0,0.018,0,0,0.0,1,0.9733351190417744,0,0.0,0,0.26,1.0746429851708885,1.056421196325548
813,9739.973,6295.477,1498.0,0.188,1,0,0.4,0,0.4913265671479439,1,1.0,1,0.75,0.8666700379865794,1.056167858910218
814,5634.161,6203.318,1244.0,0.0025,0,0,0.0,0,0.007028771267413037,0,0.0,0,0.0,0.38552378108909185,1.0554728712569104
815,6213.113,7308.349,1081.0,0.014,0,0,0.4,0,0.32643265487331224,0,0.06719367588932806,0,0.14,0.6334845956842289,1.0549199690204834
816,5712.936,7851.486,710.0,0.0025,0,1,0.6,0,0.23010769192274236,0,0.0,0,0.01,2.2828933619608653,1.0539735586123824
817,5325.264,6509.152,1190.0,0.006,0,0,0.0,0,0.00450356296821948,0,0.0,0,0.0,0.38552378108909185,1.052615879835458
818,7288.013,8908.907,685.0,0.0025,0,0,0.0,0,8.187604627448365e-05,0,0.0,0,0.0,0.38552378108909185,1.052152260617982
819,6330.809,8106.534,769.0,0.024,0,0,0.2,0,0.21605303741769138,0,0.06719367588932806,0,0.27,0.13328069730979214,1.05211300668581
820,7513.254,5653.021,1293.0,0.0025,0,0,0.0,0,0.010762913403047055,0,0.0,0,0.0,0.38552378108909185,1.0477120925284964
821,3936.495,6142.107,599.0,0.024,0,0,0.0,0,0.003386373572611024,0,0.0,0,0.0,0.38552378108909185,1.0471793437459926
822,5664.0,6310.0,1336.0,0.005,0,0,0.0,0,0.0037515037026730337,0,0.0,0,0.0,0.28009205566249185,1.0449164698452162
823,3962.551,6742.066,493.0,0.028,0,0,0.0,0,0.013422543424659103,0,0.0,0,0.0,0.28009205566249185,1.0446626953016436
824,7354.737,7341.691,1299.0,0.084,0,0,0.2,0,0.2503517820510427,1,0.8947368421052632,0,0.36,0.5531378041850534,1.0442132502239414
825,7688.593,6086.985,1346.024,0.0025,0,1,0.6,0,0.19372617489532154,0,0.06818181818181818,0,0.19,0.5071588952042054,1.0438952550754992
826,4948.0,6623.0,1056.0,0.0025,0,0,0.0,0,0.004104556813228331,0,0.0,0,0.0,1.2732827615568092,1.043113981264593
827,5671.274,6625.091,1218.0,2.35,1,1,0.8,1,0.6936260848290501,1,1.0,1,0.97,0.7064223352135877,1.0428085758158794
828,4916.8,6713.0,1005.0,5.153,1,0,0.4,1,0.5927316136151075,1,0.8947368421052632,1,0.68,1.6041229870089064,1.0420635456731957
829,5648.0,6381.0,1349.0,0.0025,0,0,0.0,0,0.004691005960819522,0,0.0,0,0.0,0.38552378108909185,1.0417485309456977
830,9900.955,6524.649,1456.0,0.024,0,0,0.0,0,0.028021245085221472,0,0.06719367588932806,0,0.01,0.5395016843880159,1.0397264867532685
831,5670.538,6624.916,1218.0,0.317,1,1,1.0,1,0.7931096049992049,1,1.0,1,0.91,0.6895197607425462,1.0382375927014174
832,3981.282,6312.947,637.0,0.0025,0,1,0.6,0,0.2286921247872553,0,0.06818181818181818,0,0.13,1.4884497179985412,1.038178095381293
833,7588.664,8765.428,753.0,0.0025,0,0,0.0,0,0.001454149988906937,0,0.0,0,0.0,0.3472787550108377,1.036924944574203
834,14248.236,9077.789,1385.149,0.009,0,0,0.0,0,0.04600112240102348,0,0.0,0,0.0,0.48921715867829935,1.0367194989818742
835,8284.0,6467.0,1415.0,0.0025,0,0,0.0,0,0.003106053602813499,0,0.0,0,0.0,0.38552378108909185,1.0353359160085662
836,7563.0,7166.0,1300.0,0.005,0,0,0.0,0,0.0010904758101814703,0,0.0,0,0.0,0.38552378108909185,1.0341065891317234
837,7610.0,6650.0,1284.0,0.018,0,0,0.0,0,0.0005654997596140944,0,0.0,0,0.0,0.38552378108909185,1.0319126717860052
838,6323.0,7596.0,916.0,0.01,0,0,0.2,0,0.16238301191611496,0,0.06719367588932806,0,0.01,2.166617791646361,1.0310122071222598
839,6181.372,7345.085,1052.0,0.088,0,0,0.4,0,0.2261661089081193,0,0.4666666666666667,0,0.25,1.2578386148606286,1.0302676428601873
840,6348.0,7608.0,910.0,0.02,0,0,0.0,0,0.07938168062338147,0,0.06719367588932806,0,0.05,0.7192643640218126,1.0290163433796553
841,9462.0,6419.0,1506.0,0.0025,0,0,0.0,0,0.14088618088217414,0,0.06818181818181818,0,0.02,1.4597613440306958,1.0288541569005474
842,4846.925,6213.846,1157.0,0.017,0,0,0.2,0,0.0417436456869403,0,0.02702702702702703,0,0.01,0.8213559576625606,1.0276332021357422
843,14986.584,9037.492,1378.789,0.02,0,0,0.0,0,0.24642124823464318,0,0.06719367588932806,0,0.07,0.860397747634996,1.026695196005555
844,7811.14,6926.42,1336.467,0.005,0,1,0.6,0,0.19806069197441736,0,0.0,0,0.01,0.7949633634075155,1.0260585891445275
845,6766.0,7761.0,1053.0,0.693,1,0,0.4,0,0.09062181110803519,0,0.06719367588932806,1,0.66,0.5113847380112861,1.0256016667148706
846,6498.007,7771.762,960.0,3.216,1,0,0.4,0,0.28489828741408313,1,0.8888888888888888,1,0.78,3.542985545419982,1.0255890660341156
847,9371.0,6266.0,1495.0,0.024,0,0,0.2,0,0.1349008143929965,0,0.06719367588932806,0,0.05,0.40347787366673205,1.0247324573252867
848,9698.348,6299.905,1498.0,0.071,0,0,0.2,0,0.14431473053652127,0,0.06719367588932806,0,0.11,1.4537997230143334,1.0230728535981233
849,6107.0,7601.0,874.0,0.0025,0,0,0.0,0,0.015150223796748,0,0.0,0,0.0,0.19919639626349755,1.0214082359490333
850,4359.698,6426.525,829.0,0.013,0,0,0.0,0,0.0016096114597527235,0,0.0,0,0.0,0.38552378108909185,1.0213302007780285
851,10056.202,6374.427,1527.38,0.035,0,0,0.2,0,0.11231731945097363,0,0.06719367588932806,0,0.08,0.8063440383157783,1.0211768172918496
852,7652.186,7268.54,1217.0,0.014,0,0,0.4,0,0.38429807869531163,0,0.07142857142857142,0,0.03,0.9755203442035436,1.021103099766183
853,6364.0,7635.0,909.0,0.018,0,0,0.0,0,0.02606021259950782,0,0.0,0,0.0,0.6235933124681812,1.0209574774274708
854,13794.0,0.0,1260.0,0.005,0,0,0.2,0,0.009233398379754027,0,0.0,0,0.01,0.4195987555031496,1.0192159791643736
855,5387.0,6442.0,1265.0,0.0025,0,0,0.0,0,0.002297255109337465,0,0.0,0,0.0,0.38552378108909185,1.0189322938855632
856,5539.0,8339.0,585.0,0.023,0,0,0.0,0,0.12823284794543913,0,0.06818181818181818,0,0.0,0.7693493439967537,1.0184891098972204
857,10035.323,6380.144,1518.7,0.015,0,0,0.0,0,0.11917146679484619,0,0.06818181818181818,0,0.01,0.6689207910005345,1.017385975761789
858,8686.428,8977.299,1091.36,0.006,0,0,0.0,0,0.003014655848154729,0,0.0,0,0.02,0.38552378108909185,1.016591093469546
859,7746.633,3283.81,1452.149,0.063,0,0,0.2,1,0.5733285014141498,1,1.0,0,0.49,0.34708823267825556,1.0165164317733506
860,5057.794,7710.406,563.0,0.0025,0,0,0.0,0,0.0012915889471848535,0,0.0,0,0.0,0.38552378108909185,1.0158575771584926
861,9436.986,7788.053,1123.439,0.0025,0,0,0.0,0,0.028325426221286684,0,0.0,0,0.0,0.38552378108909185,1.0150431620152156
862,6589.0,7741.0,1010.0,0.0025,0,0,0.2,0,0.1749313279747421,0,0.0,0,0.01,2.6474973578345065,1.014329719534223
863,5370.292,8166.589,504.0,0.009,0,0,0.0,0,0.13798096633622997,0,0.06818181818181818,0,0.02,0.24710123570214196,1.0137710254824712
864,6410.0,7249.0,1107.0,0.481,1,0,0.2,0,0.31820465490099503,0,0.4666666666666667,1,0.71,0.9167574406836608,1.0133372161609004
865,7638.491,5312.616,1412.109,0.016,0,0,0.0,0,0.24346470339970072,0,0.06719367588932806,0,0.08,0.6143947688136546,1.0131294707074328
866,6335.0,7119.0,1193.0,0.071,0,0,0.0,0,0.29335112755472054,0,0.4666666666666667,0,0.06,0.44366360574007657,1.0127529265329551
867,5922.0,6353.0,1316.0,0.0025,0,0,0.0,0,0.001679893246059819,0,0.0,0,0.0,0.28009205566249185,1.0112329179357133
868,4918.146,6702.394,1030.0,0.17,1,0,0.4,0,0.05215804802205644,0,0.06818181818181818,1,0.62,0.759527663864497,1.0110190419020522
869,8783.263,5458.917,1292.699,0.0025,0,0,0.0,0,0.06497805409570788,0,0.06818181818181818,0,0.01,0.6014392923595357,1.0105890126760422
870,7652.0,6888.0,1282.0,0.0025,0,0,0.0,0,0.0011281791224404107,0,0.0,0,0.0,0.38552378108909185,1.0105696037470504
871,13113.212,6577.722,1538.0,0.0025,0,0,0.0,0,0.0003952424971834615,0,0.02702702702702703,0,0.01,0.38552378108909185,1.0105334389907616
872,12449.398,9397.661,1351.71,0.009,0,0,0.0,0,0.030001038285998535,0,0.0,0,0.03,0.328430003811734,1.0095953619034825
873,6503.0,7681.0,953.0,0.52,1,0,0.4,0,0.1839052169404634,0,0.06818181818181818,1,0.72,1.4797384672544514,1.0092731015462963
874,4995.0,8213.0,382.0,0.01,0,0,0.2,0,0.19326922773422966,0,0.0,0,0.02,0.43820993901165295,1.008125804933023
875,6524.896,7858.805,941.609,0.079,0,0,0.4,0,0.042539858885342584,1,0.8888888888888888,0,0.18,1.0302431662739948,1.0074562613455644
876,6507.0,7857.0,911.0,2.643,1,1,0.8,0,0.14513504164218155,1,0.8947368421052632,1,0.85,4.121691425764724,1.0072579958923318
877,7675.07,7199.327,1275.0,0.028,0,0,0.2,0,0.3059145297921295,0,0.06719367588932806,0,0.12,0.37972095482130486,1.0071295562320701
878,6751.775,6472.681,1229.269,0.0025,0,1,0.6,0,0.1839661628272195,0,0.06818181818181818,0,0.27,4.620860539051815,1.0067665124253902
879,6529.129,7813.508,941.609,1.999,1,0,0.2,0,0.14018614548710684,1,0.8888888888888888,1,0.82,1.733030970158923,1.0065323346264257
880,10038.807,6374.509,1516.88,0.008,0,0,0.2,0,0.09370736714242754,0,0.06818181818181818,0,0.02,0.777820862878198,1.0057461276596584
881,6542.0,7604.0,960.0,0.007,0,0,0.2,0,0.19024190076799163,0,0.06818181818181818,0,0.05,1.5392848341738592,1.0049044222685724
882,6411.0,8998.0,553.0,0.0025,0,0,0.0,0,0.08385949894880242,0,0.0,0,0.01,1.9622173115062451,1.0034319518460102
883,5255.0,3758.0,877.0,0.032,0,0,0.2,0,0.2546213455094592,0,0.0,0,0.0,2.6971003389217194,1.0027613031568938
884,7607.886,6190.909,1317.929,0.0025,0,0,0.2,0,0.19461133996811245,0,0.06818181818181818,0,0.15,0.28985190997020155,1.001812223845228
885,6529.833,7847.383,936.0,3.389,1,1,0.6,0,0.21142327885227957,0,0.06719367588932806,1,0.57,2.688647734097266,1.0016484129791892
886,6508.272,7588.003,951.059,0.037,0,0,0.4,0,0.16377143598726313,0,0.06818181818181818,0,0.1,3.8429129066425394,1.001248575671626
887,8136.054,6446.05,1414.849,0.014,0,0,0.0,0,0.09690633713853274,0,0.06719367588932806,0,0.06,1.365911948779556,1.000724595090687
888,8041.528,6522.543,1383.583,0.14,1,0,0.2,1,0.7085222506675632,1,1.0,1,0.86,0.5290946373570453,1.0002821921316858
889,5866.0,6076.0,1240.0,0.0025,0,0,0.0,0,0.008502076678378998,0,0.0,0,0.01,0.3979290805919188,1.0002656101587521
890,6136.853,7489.084,1055.819,0.048,0,0,0.4,0,0.2806421866476661,0,0.0,0,0.1,2.0019601059834726,0.99937083997131
891,9424.0,6328.0,1512.0,0.007,0,0,0.2,0,0.12090690191272467,0,0.06719367588932806,0,0.03,2.4945834920673193,0.9983063399009299
892,10961.628,5933.863,1531.18,0.01,0,0,0.0,0,0.016990104122231824,0,0.06719367588932806,0,0.03,0.2933987766475144,0.9981790677675625
893,5204.905,7350.857,707.0,0.156,1,0,0.4,0,0.2880813061661314,1,0.8947368421052632,1,0.86,0.9097430325617594,0.9977391059100253
894,6876.91,4935.207,1075.0,0.019,0,0,0.0,0,0.005435830164921977,0,0.06719367588932806,0,0.01,0.33894522896076823,0.9977156528440044
895,7502.394,7983.141,1014.0,0.005,0,0,0.0,0,0.012880266440224341,0,0.06719367588932806,0,0.02,0.4140024452400755,0.9971683323489944
896,10875.946,6040.388,1480.46,0.0025,0,0,0.0,0,0.022315307462370936,0,0.06719367588932806,0,0.01,0.30448236472062573,0.9969070597071327
897,5817.0,7768.0,721.0,1.094,1,1,0.8,0,0.10107286192664469,1,0.8888888888888888,1,0.69,4.0316023493216635,0.9951396914794397
898,5382.0,6412.0,1267.0,0.0025,0,0,0.0,0,0.03617042744470737,0,0.0,0,0.05,0.24752605566394836,0.9942451824685641
899,5707.779,3745.325,968.7,0.01,0,0,0.2,0,0.20087670203037786,0,0.06818181818181818,0,0.15,1.175885943576447,0.9937845828380593
900,4620.526,6358.339,1022.22,0.135,1,0,0.4,0,0.29050270151067376,1,0.8888888888888888,1,0.83,0.9283490889700832,0.9922577673014846
901,6361.0,9036.0,564.0,0.0025,0,0,0.2,0,0.11863819189754317,0,0.0,0,0.01,2.0419965257994486,0.9916692615783912
902,9490.0,6916.0,1469.0,0.005,0,0,0.0,0,0.09250051134457145,0,0.06818181818181818,0,0.02,0.7627466363097876,0.9909186798209206
903,7000.0,5421.0,1220.0,0.0025,0,0,0.0,0,0.010942047990983257,0,0.0,0,0.0,0.28009205566249185,0.9908021666800841
904,8163.963,6310.01,1422.299,0.041,0,0,0.2,0,0.22754877426760603,0,0.06719367588932806,0,0.1,0.48679051002596585,0.9891058611853742
905,5274.423,7299.46,835.679,0.0025,0,1,0.6,0,0.185818509752273,0,0.0,0,0.05,0.4797957018511507,0.9884047433764368
906,7367.743,7316.765,1295.0,0.022,0,0,0.0,0,0.24829126965488624,0,0.06719367588932806,0,0.04,0.929507176139492,0.987776134734002
907,7597.031,7412.596,1225.0,0.016,0,0,0.0,0,0.15354538045649893,0,0.06719367588932806,0,0.02,0.6176639193018353,0.9865259043844465
908,5604.192,7861.974,673.0,0.017,0,0,0.0,0,0.35275991143868163,0,0.0,0,0.12,0.4758679501100301,0.9864614307132348
909,5235.0,6155.0,1225.0,0.0025,0,0,0.0,0,0.008498785848192822,0,0.0,0,0.0,0.3270633553995527,0.9847481737847056
910,6454.0,7701.0,937.0,0.014,0,0,0.2,0,0.11450826992540807,0,0.0,0,0.03,1.25014282118981,0.9843338268881794
911,7164.0,7507.0,1180.0,0.0025,0,0,0.0,0,0.000653408926099522,0,0.0,0,0.0,1.1651372633151982,0.9835767063499644
912,5336.513,6529.943,1181.0,0.01,0,0,0.0,0,0.008098629945266484,0,0.0,0,0.01,0.6375778238615782,0.9825061824362601
913,6530.685,7774.565,968.0,4.934,1,1,0.8,0,0.16537504067576939,1,0.8947368421052632,1,0.89,7.0661733112962395,0.9819949078038526
914,5346.698,8030.614,593.0,0.012,0,0,0.0,0,0.29786379371597227,0,0.0,0,0.02,0.5058881284222067,0.9817556821584202
915,6528.118,7809.41,960.0,1.358,1,1,0.6,0,0.17710736867896631,0,0.06719367588932806,1,0.72,1.3500280102909479,0.9813891174409106
916,6798.0,8116.0,878.0,0.0025,0,0,0.0,0,0.0006885716606737287,0,0.0,0,0.0,1.3277400407895552,0.9802424997791435
917,6391.0,7541.0,949.0,0.0025,0,0,0.0,0,0.002116483742213495,0,0.0,0,0.0,1.1532947647043266,0.9800789124946679
918,6498.297,7316.089,1082.0,0.561,1,0,0.4,0,0.2236644200117331,0,0.4666666666666667,1,0.89,1.8070057866872555,0.979707263305645
919,7361.0,7467.0,1242.0,0.04,0,0,0.2,0,0.3475309537225146,0,0.06719367588932806,0,0.07,0.8429967966578266,0.9789773699303116
920,4997.0,6855.0,911.0,0.019,0,0,0.2,0,0.3862471382462785,0,0.0,0,0.05,1.1157901245446196,0.9787978088201963
921,10918.725,7958.742,1309.56,0.0025,0,0,0.0,0,2.5280288024540404e-05,0,0.0,0,0.0,1.1532947647043266,0.9777496981312133
922,6729.996,7747.946,1013.359,0.085,0,0,0.2,0,0.16613335395397455,0,0.06719367588932806,0,0.13,6.220562812611661,0.9774672390155708
923,7548.625,7331.734,1265.0,0.067,0,0,0.2,0,0.4490119059333427,0,0.06719367588932806,0,0.16,0.37972095482130497,0.977178123599305
924,8760.931,5472.188,1292.699,0.01,0,0,0.0,0,0.06785270015134373,0,0.0,0,0.14,0.40114424522770137,0.9761895921768533
925,7692.013,7224.965,1271.0,0.01,0,0,0.2,0,0.2059483366024072,0,0.06719367588932806,0,0.1,3.092612384918717,0.975638107070868
926,6525.819,7759.798,971.0,0.836,1,1,0.6,0,0.23633165392145056,1,0.8888888888888888,1,0.67,2.619919615602302,0.9740466109601765
927,9447.0,6429.0,1497.0,0.006,0,0,0.0,0,0.10616003970799055,0,0.03278688524590164,0,0.02,0.2759026270804661,0.9736059025068724
928,4602.829,6404.056,1015.0,0.032,0,0,0.0,0,0.005975743573367955,0,0.0,0,0.02,0.28009205566249185,0.9721517557301469
929,8006.979,7150.022,1224.319,0.0025,0,0,0.0,0,0.10658489424765889,0,0.0,0,0.02,0.29390936648319194,0.9721077768245967
930,4577.892,6490.05,920.0,0.0025,0,0,0.0,0,0.11012167982081122,0,0.0,0,0.04,0.9189615975002698,0.9706282573126254
931,6340.953,6898.741,1302.709,0.014,0,0,0.0,0,0.000776829025376123,0,0.0,0,0.03,1.1532947647043266,0.9705455175340355
932,6842.361,7921.866,970.0,0.183,1,0,0.4,0,0.20335719834453586,0,0.03278688524590164,1,0.71,0.48530844280358015,0.9702546609683843
933,5514.904,6482.132,1258.0,0.0025,0,0,0.0,0,0.005972414903566565,0,0.0,0,0.0,0.3979290805919187,0.9679737490424223
934,3973.353,6290.887,626.0,0.0025,0,0,0.0,0,0.013586087833292348,0,0.06719367588932806,0,0.0,0.2770138185805673,0.9678773652246513
935,6875.539,7952.171,901.279,0.011,0,0,0.0,0,0.021533461387417394,0,0.0,0,0.02,0.6603562144717818,0.9662384593637455
936,4627.629,6320.873,1030.0,0.073,0,0,0.0,0,0.14523557989417293,0,0.06719367588932806,0,0.21,0.7984280312524447,0.9659122033318177
937,6529.013,7791.281,941.609,13.986,1,1,0.8,0,0.30557810266438173,1,0.8947368421052632,1,0.88,5.308363076882898,0.9646932554773462
938,8605.53,5590.24,1286.7,0.005,0,0,0.0,0,0.054069591749535524,0,0.0,0,0.01,0.48496585863189035,0.9633009573128914
939,9635.037,5568.045,1435.879,6.095,1,0,0.4,0,0.0916762126124913,1,0.7,1,0.8,1.2407711243896293,0.9628646854406034
940,7993.0,5462.0,1490.0,0.029,0,0,0.0,0,0.07235582147151302,0,0.06719367588932806,0,0.02,0.4521344196355782,0.9627930863031692
941,8361.979,6222.042,1443.039,0.019,0,0,0.0,0,0.00029971574499413484,0,0.0,0,0.01,1.3277400407895552,0.9624347140570818
942,7647.106,6134.796,1329.093,0.017,0,1,0.8,0,0.2560391333404014,0,0.38461538461538464,1,0.66,0.8839064638033227,0.9623347824029392
943,13273.551,7773.733,1386.92,0.0025,0,0,0.0,0,0.03013145386224436,0,0.0,0,0.01,0.32120414961575605,0.9621872188691766
944,7537.487,5489.147,1370.0,0.035,0,0,0.4,0,0.09658656013466503,0,0.06719367588932806,0,0.03,0.6968074661729736,0.9612825732904303
945,8911.725,6276.022,1470.419,0.0025,0,0,0.0,0,0.0022994543480214383,0,0.0,0,0.0,0.38552378108909185,0.9603916649855473
946,4692.0,7856.0,342.0,0.0025,0,0,0.0,0,0.16222379449276583,0,0.0,0,0.0,1.9622173115062451,0.9602085631615118
947,9444.0,6426.0,1495.0,0.006,0,0,0.0,0,0.08128381290529267,0,0.03278688524590164,0,0.01,0.4560910772311464,0.9600335458480207
948,7648.0,7087.0,1323.0,0.0025,0,0,0.0,0,0.006032969969851692,0,0.0,0,0.0,1.3531979720508418,0.9595062961353322
949,7085.0,5361.0,1307.0,0.026,0,0,0.0,0,0.07008570715742286,0,0.06719367588932806,0,0.08,2.467810370907944,0.9591411758136303
950,7190.329,3570.463,1262.249,4.25,1,1,1.0,1,0.9999999995843825,1,1.0,1,0.83,1.8496122186919581,0.9589410401334657
951,7595.0,6888.0,1280.0,0.007,0,0,0.0,0,0.15483062470682038,0,0.0,0,0.04,1.7227610857061566,0.9577768858011962
952,5886.0,6149.0,1254.0,0.0025,0,0,0.0,0,0.00012237383441396753,0,0.0,0,0.0,1.1397722206627607,0.9574012302659014
953,8769.0,5532.67,1306.81,0.0025,0,0,0.0,0,0.18785010977814054,0,0.0,0,0.04,1.7056460535215965,0.9563259123018997
954,9452.0,6423.0,1502.0,0.007,0,0,0.0,0,0.1108225062414999,0,0.06719367588932806,0,0.0,0.7718976355467692,0.9554861612457206
955,4309.524,6338.249,825.0,0.005,0,0,0.0,0,0.0047792989243510865,0,0.0,0,0.0,0.3065469795501437,0.9549501174217354
956,5713.0,6363.0,1363.0,0.0025,0,0,0.0,0,0.006000749640591934,0,0.0,0,0.0,0.28009205566249185,0.9544435625900809
957,4914.05,6713.0,1005.0,0.983,1,0,0.4,0,0.23731594997708869,0,0.06719367588932806,1,0.71,0.39967988118859255,0.9532376042040657
958,5203.0,3730.0,877.0,0.0025,0,1,0.6,0,0.3956334941415704,0,0.0,0,0.14,0.7912256330592696,0.9530611844278114
959,6527.941,7809.983,941.609,1.077,1,1,0.6,0,0.09683259526018674,0,0.4666666666666667,1,0.78,1.2674178424238087,0.9528647940950308
960,5225.282,7644.835,649.0,0.0025,0,0,0.0,0,0.06815790681863935,0,0.0,0,0.0,1.490894484285063,0.9525749327926707
961,6381.42,6659.103,1352.149,0.0025,0,0,0.2,0,0.017234510048801874,0,0.0,0,0.0,0.38552378108909185,0.9502166413866451
962,6461.315,7685.196,951.059,0.0025,0,0,0.2,0,0.1859937910951922,0,0.0,0,0.07,5.500295913240852,0.9493724201364485
963,10405.918,6048.194,1483.0,0.008,0,0,0.0,0,0.003621745187951725,0,0.0,0,0.02,0.47262745924327487,0.9477546441050522
964,6791.0,7992.0,938.0,0.0025,0,0,0.2,0,0.13526575413570963,0,0.02702702702702703,0,0.06,2.0500754889374235,0.9473172259238535
965,8243.0,8411.0,923.0,0.0025,0,1,0.8,0,0.13357682864861256,0,0.0,0,0.02,4.149028223607108,0.946826706621497
966,5902.868,7715.943,763.0,0.009,0,0,0.4,0,0.1532402148538397,0,0.06719367588932806,0,0.11,0.9784904852937808,0.9452412859529176
967,6352.0,7618.0,898.0,0.005,0,0,0.0,0,0.032053703144802145,0,0.0,0,0.0,0.36322570785681424,0.9445170026627877
968,5756.057,3348.502,1143.0,0.054,0,0,0.4,1,0.7208362258788261,0,0.0,0,0.28,0.7928978633367866,0.9438439623967064
969,5297.0,6446.0,1232.0,0.0025,0,0,0.0,0,0.0023579918254550865,0,0.0,0,0.0,0.3979290805919188,0.9432342557769192
970,5939.501,3655.298,1025.64,0.103,1,0,0.4,1,0.8490441919869146,1,1.0,1,0.77,0.8823024573942919,0.9429787476809466
971,4999.0,6744.0,974.0,0.142,1,0,0.4,1,0.577043530255758,1,1.0,1,0.84,1.499754752581952,0.9423310391352107
972,7576.876,7528.326,1204.0,0.011,0,0,0.0,0,0.0014973267687688819,0,0.0,0,0.0,0.401984242217607,0.9422247073588835
973,4715.121,6236.843,1077.0,0.019,0,0,0.4,0,0.22566961886479675,0,0.06719367588932806,0,0.11,0.22909296472609136,0.9415970694048141
974,7688.0,7382.0,1187.0,0.005,0,0,0.0,0,0.022111528308810944,0,0.0,0,0.01,0.4557223897891898,0.9405531395063735
975,7498.381,9379.659,1057.0,0.0025,0,0,0.2,0,0.04605516755601004,0,0.0,0,0.01,0.5364671240516602,0.9402472020824609
976,6525.656,8558.077,627.0,0.0025,0,0,0.0,0,0.024965775649987785,0,0.0,0,0.0,0.3195718768842223,0.9398763912441102
977,5476.0,6746.0,1126.0,0.0025,0,0,0.0,0,0.013039473841079084,0,0.0,0,0.0,1.1029186177905423,0.939791135240687
978,7434.0,7645.0,1241.0,0.0025,0,0,0.0,0,0.00144634827282456,0,0.0,0,0.0,0.4215476378590439,0.9394877231355252
979,4834.949,6210.729,1102.589,0.021,0,0,0.4,0,0.17696452115690642,0,0.02702702702702703,0,0.06,0.4420969601141798,0.9384624600422469
980,7755.485,8594.815,823.0,0.0025,0,0,0.0,0,0.0013902798465757493,0,0.0,0,0.0,0.38552378108909185,0.937894708256068
981,8557.7,5871.49,1368.65,0.005,0,0,0.4,0,0.3035919715569337,0,0.03278688524590164,0,0.17,0.31121869677711356,0.9377560143568295
982,6125.7,7520.748,916.0,0.024,0,0,0.4,0,0.24307291391734748,0,0.0,0,0.14,2.1904933070766233,0.9371325967956634
983,7306.977,5770.591,1186.0,0.007,0,0,0.0,0,0.056526467002980425,0,0.0,0,0.0,0.6376558630136808,0.9371324913528225
984,10713.582,6204.9,1445.0,0.009,0,0,0.0,0,0.03612737277067948,0,0.06719367588932806,0,0.02,0.6271988553385881,0.9367926249667213
985,11028.813,6041.332,1544.0,0.0025,0,0,0.0,0,0.035784104644970775,0,0.0,0,0.04,0.7041142092033397,0.9366840133966629
986,6369.0,7466.0,993.0,0.037,0,0,0.0,0,0.0692297049926183,0,0.0,0,0.1,1.008237575805208,0.9362371113239438
987,12101.296,5681.129,1419.069,0.0025,0,0,0.0,0,0.07266255683562883,0,0.0,0,0.06,0.6456221221577562,0.9358127285015514
988,12070.821,9999.697,1367.0,0.005,0,0,0.0,0,0.00022628027523473435,0,0.0,0,0.01,0.38552378108909185,0.9353267263364233
989,5341.0,7902.0,609.0,0.011,0,0,0.0,0,0.26221102595582496,0,0.0,0,0.0,1.0698438891561795,0.934575844159307
990,4734.633,6238.41,1096.0,0.045,0,0,0.0,0,0.17355457526069196,0,0.0,0,0.07,0.6120035430994626,0.934282293660795
991,6494.619,7376.817,1048.0,0.008,0,1,0.6,0,0.2540853017810482,0,0.0,0,0.29,1.0345292750177015,0.931938637040653
992,5752.0,7443.0,953.0,0.0025,0,0,0.0,0,0.0027813063714411724,0,0.0,0,0.0,0.38552378108909185,0.9318509572793989
993,7765.708,5612.842,1399.449,0.0025,0,0,0.2,0,0.005311226861574278,0,0.0,0,0.0,0.38552378108909185,0.9316010931290545
994,6429.0,7311.0,1089.0,0.0025,0,0,0.0,0,0.0019403666616446714,0,0.0,0,0.0,0.38552378108909185,0.9306593257957523
995,7585.278,6345.557,1298.502,0.011,0,0,0.4,0,0.059627566643191444,0,0.06719367588932806,0,0.07,1.0458078355366571,0.9305883731165354
996,6504.192,7831.845,933.0,0.771,1,0,0.4,0,0.16721212808927582,1,0.8888888888888888,1,0.8,1.6764262988169722,0.9298500266717046
997,4677.064,6180.09,1087.0,0.033,0,0,0.0,0,0.05693276810103857,0,0.0,0,0.01,0.7971074893040758,0.928988071091178
998,5524.0,7946.0,603.0,0.0025,0,0,0.0,0,0.007657171142465792,0,0.0,0,0.0,1.1532947647043266,0.9287776564682546
999,5832.0,6399.0,1341.0,0.0025,0,0,0.0,0,0.0034479024456054697,0,0.0,0,0.0,0.3182451595576301,0.9286403215461815
1000,6586.0,7102.0,1158.0,1.221,1,0,0.4,1,0.9795860821003446,1,1.0,1,0.72,0.44720580014255495,0.9282050985315525
1001,6586.203,7508.036,1054.389,0.088,0,0,0.2,0,0.17522312253329478,0,0.06719367588932806,0,0.1,1.510202509905393,0.9277940230194446
1002,11613.932,7840.834,1303.0,0.0025,0,0,0.0,0,1.3250473631119839e-06,0,0.0,0,0.0,1.1532947647043266,0.9276842499373198
1003,8054.946,6334.044,1365.179,0.032,0,0,0.2,0,0.23731728176354874,1,1.0,1,0.55,0.7470144971437462,0.9272224019961735
1004,8167.498,6296.955,1403.378,0.077,0,1,0.6,0,0.1528585953009456,0,0.06719367588932806,0,0.05,2.7770069720289445,0.9266591617181084
1005,11971.046,5960.377,1509.829,0.005,0,0,0.0,0,0.03360810138239454,0,0.0,0,0.03,0.7971074893040758,0.9265820097636431
1006,4596.395,6492.619,900.0,0.027,0,0,0.2,0,0.04462391776869272,0,0.0,0,0.03,0.7704986797077191,0.9263654184053375
1007,9372.0,6273.0,1492.0,0.034,0,0,0.0,0,0.0735717444788094,0,0.0,0,0.14,0.43209140740259117,0.9259922620612648
1008,6310.0,7611.0,943.0,0.028,0,0,0.2,0,0.17819027059005704,0,0.07142857142857142,0,0.24,1.7570479619914274,0.925296056827261
1009,5068.828,6388.097,1251.0,0.01,0,0,0.0,0,0.06001535738252102,0,0.0,0,0.01,0.47161058553981294,0.9233889170882509
1010,7548.013,7478.601,1244.0,0.005,0,0,0.0,0,0.15630098720385036,0,0.0,0,0.0,0.4371570952340108,0.922835988401612
1011,4879.0,6217.0,1172.0,0.0025,0,0,0.0,0,0.003900817316130279,0,0.0,0,0.0,0.38552378108909185,0.9223213384504694
1012,6167.105,7408.005,1007.0,0.016,0,0,0.4,0,0.19763396397716698,0,0.0,0,0.17,0.9755203442035436,0.9223000949399421
1013,6847.0,6690.0,1358.0,0.0025,0,0,0.0,0,0.006668282440907003,0,0.0,0,0.0,0.28009205566249196,0.9202274937129079
1014,9122.0,6366.0,1390.0,0.0025,0,0,0.0,0,0.010694291731945818,0,0.0,0,0.0,0.38552378108909185,0.919404537510975
1015,6566.274,7175.239,1134.0,0.63,1,1,0.6,0,0.24647340762199127,1,0.8888888888888888,1,0.85,0.7839582130029646,0.9184202674298069
1016,6526.955,7843.95,941.609,6.736,1,0,0.2,0,0.19995570101916826,1,0.8947368421052632,1,0.91,3.3138840982674624,0.9175719500290206
1017,7539.822,8752.368,615.0,0.0025,0,0,0.0,0,0.002502640439691104,0,0.0,0,0.0,1.3240931896326185,0.9171135845591196
1018,8484.024,6823.968,1391.239,0.0025,0,0,0.0,0,0.09662098535553136,0,0.0,0,0.11,0.7243762139021963,0.9170767133766636
1019,5745.785,3734.941,977.0,0.0025,0,0,0.2,0,0.013382610217424065,0,0.06719367588932806,0,0.07,0.3626057725404334,0.9150298587130816
1020,7466.576,7548.027,1246.0,0.007,0,0,0.4,0,0.24311278667489164,0,0.06719367588932806,0,0.3,1.845259222705352,0.9139447679040925
1021,4749.609,6228.706,1102.0,0.351,1,1,0.8,1,0.7827303215773903,1,0.8947368421052632,1,0.8,0.8085380764918022,0.9132339104254302
1022,10774.114,9705.094,1406.0,0.005,0,0,0.0,0,0.003979728328996136,0,0.06719367588932806,0,0.04,0.772691519198695,0.9129518083211973
1023,7372.0,7821.0,1093.0,0.005,0,0,0.2,0,0.07314302579093171,0,0.0,0,0.01,1.0364103074989914,0.9127991716973711
1024,9687.255,7199.058,1285.0,0.024,0,0,0.0,0,0.08419127736342734,0,0.06719367588932806,0,0.14,2.0547988977233023,0.9124520034354529
1025,6234.0,7203.0,1135.0,0.039,0,0,0.0,0,0.000919421105420534,0,0.0,0,0.01,1.2608487471402665,0.9122836366193335
1026,7866.813,5725.574,1465.839,0.025,0,0,0.2,0,0.2550514138321038,0,0.06719367588932806,0,0.11,0.3562133620127618,0.9120432872771738
1027,8119.451,8580.064,926.0,0.0025,0,0,0.0,0,0.0077152597718488656,0,0.0,0,0.0,0.3270633553995527,0.9112541130573746
1028,7802.957,6929.993,1350.519,0.0025,0,0,0.0,0,0.16170835914015444,0,0.0,0,0.04,0.3177931003270637,0.9108629672463981
1029,7444.054,7339.262,1281.0,0.321,1,0,0.4,1,0.7351928062332271,1,1.0,1,0.83,0.4258409498054846,0.9106808113393875
1030,5337.142,6521.718,1186.0,0.005,0,0,0.0,0,0.008260714357815719,0,0.0,0,0.0,1.0700649382387943,0.9099695430850192
1031,6164.058,7410.504,1055.819,0.2,1,0,0.4,0,0.3286324285718311,1,0.8947368421052632,1,0.87,0.6745444617341543,0.9091386018722846
1032,6470.0,7775.0,936.0,0.02,0,0,0.0,0,0.000968441428090477,0,0.0,0,0.01,0.7996322213595494,0.9090601604110058
1033,10803.614,9687.717,1408.0,0.005,0,0,0.0,0,0.0027906956730735302,0,0.0,0,0.0,0.38552378108909185,0.9071098440623474
1034,4390.621,7631.221,361.0,0.0025,0,0,0.0,0,0.00025349354718237247,0,0.0,0,0.0,0.5114419354304174,0.9062424351154694
1035,13684.0,1481.0,1354.0,0.0025,0,0,0.0,0,8.744479372413295e-05,0,0.0,0,0.0,1.2030812465920673,0.9058305822617752
1036,6530.714,7826.906,945.0,2.496,1,1,0.8,0,0.16519123126159727,1,0.8888888888888888,1,0.79,1.6661998397765192,0.9057576987005016
1037,4784.829,6145.35,1150.0,0.718,1,1,0.6,1,0.9797995097711606,1,1.0,1,0.84,0.9351561731396688,0.9055780447648716
1038,10766.031,6153.87,1460.0,0.006,0,0,0.0,0,0.11960538185936356,0,0.03278688524590164,0,0.01,0.258408826713561,0.9055605784534323
1039,4289.216,7630.576,272.04,0.0025,0,0,0.0,0,0.027657074982857716,0,0.0,0,0.01,2.208813658148536,0.9054427103056476
1040,10299.045,6102.594,1500.0,0.014,0,0,0.0,0,0.0862055486778612,0,0.06818181818181818,0,0.01,0.32691826581581124,0.9052929017302971
1041,5920.297,7074.473,1147.359,0.0025,0,0,0.0,0,0.00423396226519104,0,0.0,0,0.0,1.3277400407895552,0.9050998654861353
1042,5195.0,6506.0,1162.0,0.006,0,0,0.0,0,0.00277291703443845,0,0.0,0,0.0,0.3270633553995527,0.9044872263792424
1043,5740.198,3719.372,979.56,0.0025,0,0,0.4,0,0.14909428700759914,0,0.06818181818181818,0,0.02,0.33219743060734314,0.9035762785841736
1044,4519.0,7265.0,550.0,0.015,0,0,0.0,0,0.06005172200547141,0,0.06818181818181818,0,0.01,0.37019790092159777,0.9025132723994953
1045,5699.0,5931.0,1137.0,0.0025,0,0,0.0,0,0.010828519374554743,0,0.0,0,0.0,0.3979290805919188,0.9022353724125955
1046,6564.0,8249.0,779.0,0.266,1,1,0.8,1,0.9290824994523988,1,1.0,1,0.84,0.755762292343908,0.9020100946682631
1047,5675.0,6015.0,1162.0,0.0025,0,0,0.0,0,0.0018501469245315563,0,0.0,0,0.0,0.28009205566249185,0.9016413437418167
1048,21814.0,5432.0,1450.0,0.007,0,0,0.0,0,0.0003625415760057132,0,0.0,0,0.01,0.7746044845047737,0.9008839892068441
1049,6188.95,7374.591,1033.0,0.12,1,0,0.2,0,0.3549773799610092,0,0.38461538461538464,1,0.72,0.3116068835022923,0.9003468088816964
1050,7509.852,7513.465,1244.0,0.005,0,0,0.2,0,0.17752759644198693,0,0.0,0,0.09,2.1749140784667733,0.8984443574369669
1051,4677.064,6179.99,1087.0,0.028,0,0,0.2,0,0.011687941182078642,0,0.0,0,0.0,0.4655549604587669,0.8975067180803269
1052,7121.0,5311.0,1351.0,0.0025,0,0,0.0,0,0.00035062713941482246,0,0.0,0,0.0,1.2038724413540622,0.89728843604991
1053,5497.623,6490.076,1250.0,0.06,0,0,0.0,0,0.0026721483251833053,0,0.0,0,0.0,0.38552378108909185,0.8966735723037925
1054,9571.773,5811.561,1410.489,0.0025,0,0,0.4,0,0.04307059955746856,0,0.06818181818181818,0,0.04,0.4998405783429457,0.8964932796093685
1055,5770.249,8262.428,690.999,0.016,0,0,0.4,0,0.19855107579750278,0,0.06719367588932806,0,0.28,0.3162087314498775,0.8952595012263499
1056,5570.832,6791.101,1156.639,0.029,0,0,0.0,0,0.022597414187520763,0,0.0,0,0.02,0.2770138185805674,0.8938808077584225
1057,7596.0,5163.0,1381.0,0.0025,0,0,0.0,0,0.0037683039172675113,0,0.0,0,0.0,0.38552378108909185,0.8938694151665414
1058,7177.255,7692.244,1077.0,0.017,0,1,0.6,0,0.14937482270576175,0,0.06818181818181818,0,0.08,4.149028223607108,0.8921656537320489
1059,8556.85,5870.64,1368.65,0.043,0,0,0.2,0,0.04831631830147377,0,0.0,0,0.01,1.1532947647043266,0.89161062709803
1060,4558.992,7331.059,529.0,0.0025,0,0,0.0,0,0.0006855296585840006,0,0.0,0,0.0,1.3277400407895552,0.891111666452486
1061,9915.388,6636.172,1453.0,0.0025,0,0,0.0,0,0.0020354481054108975,0,0.0,0,0.0,0.38552378108909185,0.8897845766398123
1062,5362.457,6464.279,1216.0,0.0025,0,0,0.0,0,0.0008761226347062618,0,0.0,0,0.0,0.38552378108909185,0.8895080600314831
1063,6420.0,7282.0,1089.0,0.011,0,0,0.0,0,0.1650322031257562,0,0.0,0,0.03,1.5995164158259843,0.8889150964758926
1064,6497.0,7701.0,953.0,0.673,1,0,0.2,0,0.06449118005108055,0,0.4666666666666667,1,0.73,0.574802482106731,0.8885127515963187
1065,12398.056,9596.601,1406.0,0.008,0,0,0.0,0,5.779784337480964e-06,0,0.0,0,0.01,0.38552378108909185,0.8883629646985344
1066,7521.0,7266.0,1282.0,0.586,1,1,0.8,1,0.6577263540542126,1,1.0,1,0.95,0.6545841447475813,0.8879044968969882
1067,9206.111,7092.305,1328.98,0.0025,0,0,0.0,0,0.003502535087632006,0,0.0,0,0.0,0.38552378108909185,0.8870947942051264
1068,3970.725,6290.229,626.0,0.005,0,0,0.0,0,0.008583359176354268,0,0.02702702702702703,0,0.04,0.38552378108909185,0.884996742688068
1069,6075.138,7582.255,876.0,0.006,0,0,0.0,0,0.014380464671900694,0,0.03278688524590164,0,0.01,0.867765532360684,0.8844428079071192
1070,8189.0,5453.0,1423.0,0.0025,0,0,0.0,0,0.00017351955741628464,0,0.0,0,0.0,1.1532947647043266,0.8841782893774123
1071,4921.0,6629.0,1051.0,0.007,0,0,0.0,0,0.01012713596335592,0,0.0,0,0.0,0.38552378108909185,0.8840762087694403
1072,7826.0,7298.0,1201.0,0.011,0,0,0.2,0,0.1572829784513014,0,0.06818181818181818,0,0.0,1.8111008442597067,0.8837139091087189
1073,6251.0,6377.0,1292.0,0.0025,0,0,0.0,0,0.00033542424226284576,0,0.0,0,0.0,1.3277400407895552,0.8834833318434839
1074,9275.735,6609.744,1397.0,0.005,0,0,0.0,0,0.005092012153292267,0,0.0,0,0.0,0.38552378108909185,0.8834362342058308
1075,3367.765,6979.527,43.0,0.071,0,0,0.4,1,0.6397717194872576,0,0.0,0,0.02,0.4610154093628133,0.8830404003933432
1076,5835.0,6038.0,1232.0,0.0025,0,0,0.0,0,0.001191350987915585,0,0.0,0,0.0,0.38552378108909185,0.8812780584841591
1077,5962.0,7775.0,743.0,0.006,0,0,0.4,0,0.2135965611926503,0,0.0,0,0.18,2.2580432431630344,0.8808504452825778
1078,5802.0,6339.0,1359.0,0.0025,0,0,0.0,0,0.009723045788876315,0,0.0,0,0.0,0.27099200403208507,0.8807212653185409
1079,6187.004,7383.143,1025.0,0.032,0,0,0.0,0,0.282578357458575,0,0.06719367588932806,0,0.04,0.37972095482130497,0.8806180881716967
1080,7378.042,8799.857,683.0,0.0025,0,0,0.0,0,0.002203134868311117,0,0.0,0,0.0,1.3240931896326185,0.8806126838943086
1081,7715.0,7324.0,1229.0,0.0025,0,0,0.0,0,0.0021223475288204723,0,0.0,0,0.0,0.38552378108909185,0.8804228286541119
1082,9489.0,6789.0,1480.0,0.0025,0,0,0.0,0,0.08456007851304659,0,0.06719367588932806,0,0.01,0.9658741651154917,0.8804043795147447
1083,6502.193,7783.962,959.0,1.197,1,0,0.2,0,0.18865125497112128,1,0.8888888888888888,1,0.86,0.6954945103095755,0.8803670348288121
1084,5053.624,6403.46,1235.0,0.0025,0,0,0.0,0,0.01242111651350743,0,0.0,0,0.0,0.2560285004030862,0.8802932122817135
1085,10781.239,5714.179,1554.56,0.318,1,1,0.6,1,0.9980380074657916,1,1.0,1,0.85,1.2804469113875805,0.8799617332402566
1086,8450.08,6044.907,1444.589,0.086,0,1,0.8,0,0.39325241455309706,0,0.06818181818181818,0,0.12,2.649178063644281,0.8794868760136307
1087,6731.0,7833.0,1030.0,0.0025,0,0,0.0,0,0.002341483122903556,0,0.0,0,0.0,1.2608487471402665,0.8794065134970277
1088,9361.382,6661.742,1417.3,0.0025,0,0,0.0,0,0.004729494351881164,0,0.0,0,0.0,0.38552378108909185,0.8789956239667782
1089,3862.251,6485.861,510.0,0.028,0,0,0.0,0,0.22988261618310596,0,0.0,0,0.02,0.4385651195697785,0.8782538548815216
1090,6737.494,6511.198,1229.269,0.026,0,0,0.4,0,0.33703088349546106,0,0.06719367588932806,0,0.3,0.28841869317763874,0.8764244595300212
1091,7354.052,7406.034,1280.549,0.032,0,0,0.2,0,0.23976425775197788,0,0.06719367588932806,0,0.12,0.6287618840262937,0.8761505139143139
1092,6531.783,7789.934,965.0,13.727,1,1,0.6,0,0.28054275490154607,1,0.8947368421052632,1,0.8,4.0316023493216635,0.8759598013810536
1093,10730.866,5868.33,1497.0,0.0025,0,0,0.0,0,0.03698418877419702,0,0.06719367588932806,0,0.04,0.7192643640218126,0.875190542516256
1094,7518.399,5690.262,1286.0,0.005,0,0,0.0,0,0.017194748787761695,0,0.0,0,0.01,0.4541074493123069,0.8742604826220184
1095,5421.11,7889.084,656.0,0.0025,0,0,0.0,0,0.22756006636728332,0,0.0,0,0.01,1.0698438891561797,0.8732942244429234
1096,5854.0,6335.0,1336.0,0.021,0,0,0.0,0,0.0009465918825267356,0,0.0,0,0.0,1.3277400407895552,0.8729891778646481
1097,4457.0,7673.0,363.0,0.0025,0,0,0.0,0,0.13887795456887658,0,0.0,0,0.01,1.2915562094254642,0.8719562840038574
1098,7193.381,5264.183,1387.149,0.0025,0,0,0.0,0,0.07919013458103595,0,0.06719367588932806,0,0.07,0.8845892290312977,0.8718272315612272
1099,5264.026,6500.068,1171.5,0.0025,0,0,0.0,0,0.0069526387775574825,0,0.0,0,0.0,0.38552378108909185,0.8713963758689671
1100,9484.0,6782.0,1481.0,0.0025,0,0,0.2,0,0.1385999878348954,0,0.06719367588932806,0,0.04,1.6429742373718794,0.8672956883691593
1101,7130.849,4715.697,1055.0,0.015,0,0,0.0,0,0.023678377312449587,0,0.06719367588932806,0,0.04,0.6456221221577562,0.8672060368755025
1102,6550.153,7726.833,969.0,0.176,1,1,0.6,0,0.17188501964814626,0,0.0,0,0.16,2.770391134357018,0.8666132783111735
1103,4688.76,6297.202,1068.0,0.209,1,0,0.0,0,0.3469292797608994,1,1.0,0,0.39,1.584242888545356,0.8665378474029938
1104,5052.817,6403.458,1235.0,0.0025,0,0,0.0,0,0.013872904768536315,0,0.0,0,0.0,0.28009205566249196,0.8665280178082787
1105,5455.559,8296.044,540.0,0.044,0,0,0.2,0,0.2800359354403933,0,0.06719367588932806,0,0.01,0.9073950855504441,0.8664562413060618
1106,6323.518,8116.386,757.0,0.0025,0,0,0.0,0,0.14919304062412966,0,0.06719367588932806,0,0.04,2.090133869998031,0.8663167014602525
1107,6167.262,7412.052,1055.819,0.009,0,0,0.0,0,0.0415058934972429,0,0.03278688524590164,0,0.01,0.777820862878198,0.8660008845550444
1108,4463.0,7642.0,388.0,0.0025,0,0,0.0,0,0.0845453540478086,0,0.0,0,0.0,2.451924893087211,0.865696423324988
1109,5830.0,6386.0,1348.0,0.085,0,0,0.0,0,0.0006701573662401607,0,0.06719367588932806,0,0.01,1.3277400407895552,0.865083529391018
1110,7280.813,7626.337,1206.779,0.012,0,0,0.4,0,0.10860835202087303,0,0.0,0,0.03,0.5370554901566503,0.8643897726793708
1111,9650.171,3166.114,1463.229,2.262,1,1,1.0,1,0.9999999999998295,1,1.0,1,0.72,1.8271566173738514,0.8636073645321726
1112,5642.476,7842.945,697.0,0.006,0,0,0.0,0,0.16756606340966804,0,0.0,0,0.0,3.072253836069082,0.8627392301539597
1113,4843.648,8047.978,320.0,0.0025,0,0,0.2,0,0.3978221001464729,0,0.0,0,0.02,1.4674825200539034,0.8621108038138134
1114,5020.0,6714.0,1000.0,0.126,1,0,0.0,0,0.21685673071965814,0,0.06818181818181818,0,0.06,0.2954082744579763,0.8608818223010335
1115,5851.0,6080.0,1252.0,0.0025,0,0,0.0,0,0.0024072709486237086,0,0.0,0,0.0,0.38552378108909185,0.8595370344985975
1116,6519.29,7859.273,941.609,0.402,1,0,0.2,0,0.15618210711077532,0,0.0,0,0.06,0.868046605191306,0.8592057530003291
1117,12346.345,6084.521,1512.0,0.445,1,0,0.0,0,0.1019546914067963,0,0.38461538461538464,0,0.36,0.5367797907138216,0.8569878263275259
1118,7711.0,6971.0,1317.0,0.0025,0,0,0.0,0,0.015195622676918449,0,0.0,0,0.0,0.2823718422498907,0.8554710376279808
1119,6136.528,7512.999,937.0,0.049,0,0,0.0,0,0.14260705020538994,0,0.06818181818181818,0,0.07,0.5463250187851839,0.8531564118291068
1120,7741.41,7368.99,1195.0,0.0025,0,0,0.0,0,0.02390753472268169,0,0.0,0,0.01,0.7591736839586514,0.8526276767839414
1121,9460.0,6415.0,1506.0,0.0025,0,0,0.2,0,0.12662606112183206,0,0.03278688524590164,0,0.06,0.41561996764674347,0.8512572282262343
1122,7756.197,7418.672,1175.0,0.013,0,0,0.0,0,0.07342251877165806,0,0.0,0,0.02,0.519474409023532,0.8498370450870499
1123,12358.239,6165.869,1493.21,0.069,0,0,0.0,0,0.0873374884580933,0,0.0,0,0.07,1.3277400407895552,0.8492326850853694
1124,4420.576,7520.641,382.0,0.0025,0,0,0.0,0,0.09843866977870783,0,0.02702702702702703,0,0.04,2.451924893087211,0.8490198584561983
1125,8873.549,8732.284,1049.08,0.0025,0,0,0.0,0,0.004980796714584385,0,0.0,0,0.0,0.4215476378590439,0.8477204394281338
1126,5342.0,6604.0,1120.0,0.007,0,0,0.0,0,0.05452231307972174,0,0.0,0,0.02,0.3367678377086529,0.846853494833063
1127,7878.329,7367.657,1121.959,0.0025,0,0,0.0,0,0.07908143195605623,0,0.0,0,0.08,0.40913386054130707,0.8463300505034692
1128,5146.0,6408.0,1210.0,0.008,0,0,0.0,0,0.051713823234180174,0,0.0,0,0.0,1.1029186177905426,0.8458538548533845
1129,10403.693,6047.974,1485.0,0.0025,0,0,0.0,0,0.006607028936548829,0,0.0,0,0.01,0.38552378108909185,0.845817194488773
1130,7393.0,7494.0,1257.0,0.009,0,0,0.0,0,0.0063299044821759605,0,0.06719367588932806,0,0.0,0.38552378108909185,0.844967608762937
1131,8224.0,4869.0,1157.0,0.0025,0,0,0.0,0,0.0019016023013936738,0,0.0,0,0.0,0.38552378108909185,0.8437078425407859
1132,6162.162,7450.71,977.0,0.646,1,0,0.4,0,0.013633600681772025,0,0.0,0,0.03,0.5406901029897719,0.8413109614423471
1133,6737.0,6730.0,1357.0,0.007,0,0,0.0,0,0.00171567381514316,0,0.0,0,0.0,1.2608487471402665,0.8402305354170626
1134,10797.556,5978.833,1509.0,0.0025,0,0,0.0,0,0.03392199434009847,0,0.0,0,0.0,0.5241764983351281,0.838778473182097
1135,14297.813,8945.08,1479.419,0.0025,0,0,0.0,0,0.07334254771062368,0,0.0,0,0.02,1.0900570225463067,0.8387023727441997
1136,7728.064,7196.688,1269.0,0.013,0,0,0.2,0,0.08708253988691002,1,0.8888888888888888,0,0.12,0.40242095234280784,0.8382948954079628
1137,7595.705,7475.786,1208.0,0.0025,0,0,0.0,0,0.030669640852904818,0,0.0,0,0.0,0.2768455490152389,0.8374504726505382
1138,7275.33,7627.355,1206.779,0.024,0,0,0.0,0,0.03253288945379278,0,0.0,0,0.01,0.5949902433924396,0.8354633483409415
1139,6494.297,6741.99,1352.149,0.188,1,0,0.2,0,0.47303990589784256,1,0.8947368421052632,1,0.85,0.786237962113091,0.8351724575154522
1140,10791.388,6067.744,1466.0,0.0025,0,0,0.0,0,0.0404103987643255,0,0.0,0,0.0,0.7308858912325434,0.8348666546360881
1141,6000.052,7621.173,839.0,0.011,0,0,0.0,0,0.171620737682372,0,0.0,0,0.02,2.1974888956550744,0.8344431125219232
1142,10934.55,6544.0,1443.0,0.0025,0,0,0.2,0,0.041010204250440184,0,0.03278688524590164,0,0.01,0.41734513349410524,0.8335341297593305
1143,9274.334,7160.944,1393.0,0.005,0,0,0.0,0,0.014639958414129645,0,0.0,0,0.0,0.38552378108909185,0.8335331425491086
1144,7749.635,7376.631,1198.0,0.005,0,0,0.0,0,0.12079184774421581,0,0.06818181818181818,0,0.01,0.7839582130029646,0.8322766911454389
1145,7507.0,7425.0,1249.0,0.011,0,0,0.0,0,0.0018880732299818345,0,0.0,0,0.0,0.4215476378590439,0.8320037490949382
1146,7483.145,7669.697,1193.0,0.0025,0,0,0.2,0,0.014265282400328955,0,0.03278688524590164,0,0.0,0.21282257268496418,0.831089073765115
1147,6620.139,7621.084,1054.389,0.006,0,0,0.2,0,0.10807869787459043,0,0.06719367588932806,0,0.07,1.051685096956809,0.8307026661122373
1148,7154.0,7480.0,1199.0,0.0025,0,0,0.0,0,0.003032660564508937,0,0.0,0,0.0,0.38552378108909185,0.8300598407817759
1149,7818.0,7408.0,1145.0,0.018,0,0,0.0,0,0.1291775296446162,0,0.0,0,0.02,0.7707552553899129,0.8298454469683306
1150,8595.7,5999.6,1428.0,0.0025,0,0,0.0,0,0.00045422338376079416,0,0.0,0,0.0,1.1532947647043266,0.8298429459622048
1151,9384.0,6263.0,1464.0,0.01,0,0,0.2,0,0.09736363936026393,0,0.06719367588932806,0,0.04,0.8063440383157783,0.8296101436752977
1152,5901.0,7826.0,707.0,0.03,0,0,0.4,0,0.1932522207860886,0,0.0,0,0.06,4.0316023493216635,0.8283323332647926
1153,7595.07,6301.487,1300.025,0.018,0,0,0.0,0,0.026762558402552664,0,0.0,0,0.09,1.5721869166663263,0.8274193951056007
1154,5200.0,6440.0,1203.0,0.0025,0,0,0.0,0,0.015718802387335765,0,0.0,0,0.0,0.38552378108909185,0.8260444079482734
1155,7684.86,7184.357,1275.0,0.022,0,0,0.0,0,0.23357163524687166,0,0.06719367588932806,0,0.03,1.3370865875645614,0.8248220608724437
1156,6645.285,7494.12,1040.969,0.0025,0,0,0.0,0,0.20321428887462425,0,0.0,0,0.01,1.1453334872395577,0.8243056057693885
1157,4964.6,6649.0,1056.0,0.738,1,1,0.6,0,0.17573757381279298,0,0.02702702702702703,1,0.7,0.7971074893040758,0.8239684391978447
1158,6314.459,8125.515,757.0,0.006,0,0,0.0,0,0.16807481849809763,0,0.06719367588932806,0,0.1,2.1232242873304292,0.8237604147422414
1159,6516.94,7262.883,1102.0,0.828,1,0,0.4,0,0.2826563005682894,1,0.8888888888888888,1,0.89,1.1990400633545557,0.8236719050733424
1160,6227.834,8305.679,650.0,0.012,0,0,0.0,0,0.15339862795498005,0,0.06719367588932806,0,0.01,3.072253836069082,0.8228229567255929
1161,9466.0,6973.0,1451.0,0.01,0,0,0.0,0,0.11487381034059022,0,0.06719367588932806,0,0.01,0.49501945391610724,0.8215321450782189
1162,9474.0,6879.0,1461.0,0.006,0,0,0.0,0,0.08608042535688609,0,0.06719367588932806,0,0.02,0.696877603086502,0.821078369163028
1163,6530.422,7826.883,941.609,1.304,1,1,0.6,0,0.12405800119092146,1,0.8888888888888888,1,0.65,1.3380325410656857,0.8209210232765947
1164,8500.269,5902.138,1436.569,0.0025,0,0,0.0,0,0.0037041273228576805,0,0.0,0,0.0,0.38552378108909185,0.8203226208661147
1165,8050.927,5914.231,1378.58,0.024,0,0,0.0,0,0.28013844635334834,0,0.06719367588932806,0,0.1,0.5352063965660936,0.8192675783287038
1166,5682.075,3747.497,969.12,0.012,0,0,0.0,0,0.32086025500371423,0,0.0,0,0.14,1.0279626331557463,0.8191550196402596
1167,8232.041,6952.02,1317.179,0.012,0,0,0.0,0,0.0850575218728082,0,0.06719367588932806,0,0.01,0.4368981410482777,0.8190910223763288
1168,6565.277,7703.711,967.0,0.032,0,0,0.4,0,0.13800768855788656,0,0.0,0,0.04,2.527059901233513,0.81820859908787
1169,7259.886,7654.695,1206.779,0.009,0,0,0.4,0,0.21719017763708992,0,0.0,0,0.11,1.0784491103263023,0.8180257349766377
1170,10050.0,6372.0,1533.0,0.012,0,0,0.0,0,0.11879738420963765,0,0.06818181818181818,0,0.01,0.4006189576262412,0.8169192076478202
1171,6892.0,7999.0,929.0,0.017,0,0,0.0,0,0.12345143567052273,0,0.03278688524590164,0,0.01,0.2759026270804661,0.8162600750817602
1172,4920.0,6466.0,1124.0,0.005,0,0,0.2,0,0.07685383714274413,0,0.0,0,0.03,0.37724538704467625,0.815482273911424
1173,5666.99,8011.368,599.0,0.0025,0,0,0.4,0,0.2297252803855568,0,0.06818181818181818,0,0.08,1.4884497179985412,0.8154164587778002
1174,9316.0,6235.965,1466.209,0.009,0,0,0.0,0,0.008928425070102691,0,0.0,0,0.0,0.38552378108909185,0.8148239971416477
1175,5292.965,8045.829,567.0,0.01,0,0,0.0,0,0.11807538411617412,0,0.0,0,0.0,0.303953189447368,0.8142138336245114
1176,9016.0,5096.0,1190.0,0.0025,0,0,0.0,0,0.018951615846470544,0,0.0,0,0.0,0.3251514733447335,0.8133450961713553
1177,7338.0,6556.0,1276.0,0.203,1,0,0.4,0,0.21621289842797062,1,0.8947368421052632,1,0.82,0.7226673257248644,0.8130786494618287
1178,4994.65,8198.165,413.0,0.0025,0,0,0.0,0,0.13768224445605096,0,0.0,0,0.02,2.6474973578345073,0.8129484134701563
1179,5655.921,7832.334,706.0,0.005,0,0,0.0,0,0.2569638777512412,0,0.0,0,0.37,0.17328920003585582,0.8127206831304714
1180,4635.393,7157.17,657.0,0.0025,0,0,0.0,0,0.14278861726675568,0,0.38461538461538464,0,0.15,2.0901338699980316,0.8123405882630914
1181,4615.867,6342.23,1039.0,0.034,0,0,0.4,0,0.2040084105875362,0,0.06818181818181818,0,0.02,0.4584140027903739,0.8120685365309747
1182,6411.0,7961.0,850.0,6.157,1,1,0.8,0,0.21920759292685033,1,0.8947368421052632,1,0.84,4.1311059707441915,0.8119612967464594
1183,8901.754,8800.469,1050.12,0.006,0,0,0.0,0,0.0018563373952989132,0,0.0,0,0.0,0.3979290805919187,0.8108324938949141
1184,4524.35,7815.5,320.0,0.014,0,0,0.0,0,0.20885211431139197,0,0.06719367588932806,0,0.02,2.451924893087211,0.81034458493587
1185,6494.224,7362.694,1055.0,0.01,0,0,0.4,0,0.19330113720031314,0,0.0,1,0.57,0.877730958259406,0.8099671364171808
1186,6777.825,7997.316,955.0,0.182,1,0,0.2,0,0.0865333139180036,0,0.06818181818181818,1,0.69,0.4106623900406509,0.8095090889526514
1187,5411.491,6352.539,1317.0,0.0025,0,0,0.0,0,0.014955007644732,0,0.0,0,0.0,0.2770138185805673,0.8075184436727807
1188,7108.0,7442.0,1182.0,0.0025,0,0,0.0,0,0.0035223862745006403,0,0.0,0,0.0,1.1905338233743896,0.8064646592685157
1189,4622.267,6284.322,1009.39,0.076,0,0,0.2,0,0.20209498562716247,0,0.0,0,0.04,0.3172658618607039,0.806298399978771
1190,4984.0,6404.0,1193.0,0.017,0,0,0.0,0,0.24345919900342866,0,0.06719367588932806,0,0.06,0.4298412347031888,0.805612185445258
1191,5338.0,6092.0,1214.0,0.01,0,0,0.0,0,0.08614965290579989,0,0.0,0,0.03,0.46154284215624136,0.8055222964471682
1192,7777.029,9421.947,1001.08,0.047,0,0,0.4,0,0.28058170115576475,0,0.0,0,0.16,0.6345137980870095,0.8052731832869471
1193,5392.416,8028.566,593.0,0.038,0,0,0.0,0,0.19362327329152038,0,0.06719367588932806,0,0.05,0.36887483222919454,0.8050955122428555
1194,6972.504,4908.509,1047.699,0.187,1,0,0.4,1,0.9995974415507465,1,1.0,1,0.88,1.9854797135763198,0.8049680464857099
1195,6489.419,7447.858,1009.0,0.045,0,0,0.0,0,0.24388527176734698,0,0.38461538461538464,0,0.13,1.7849698260011517,0.8048900221588884
1196,10293.22,6104.378,1471.83,0.008,0,0,0.0,0,0.10714939981326048,0,0.0,0,0.06,0.48700733618273656,0.8044382810903308
1197,4685.526,6211.428,1080.0,0.555,1,0,0.4,0,0.20812337486241583,1,1.0,1,0.68,0.3104228497542828,0.8042637033016713
1198,6878.0,7953.0,955.0,0.82,1,0,0.4,0,0.17763189595249199,0,0.02702702702702703,0,0.11,1.9988260721747306,0.8030711294400935
1199,6269.458,8200.522,731.0,0.0025,0,0,0.0,0,0.1649076244685664,0,0.06818181818181818,0,0.01,0.21813474561844415,0.8028991516618618
1200,4909.606,6284.592,1227.0,0.062,0,0,0.0,0,0.12146237564445608,0,0.0,0,0.08,0.45575240782187376,0.8017375062705303
1201,5802.0,5952.0,1185.0,0.0025,0,0,0.0,0,0.0013229132802924223,0,0.0,0,0.0,0.28009205566249185,0.800892944859775
1202,7707.292,7211.075,1270.0,0.048,0,0,0.0,0,0.19226741884418944,0,0.0,0,0.0,0.37972095482130497,0.8007495501037335
1203,6350.0,7608.0,910.0,0.026,0,0,0.0,0,0.1351963474895587,0,0.06719367588932806,0,0.08,2.3048112871071442,0.800374083590148
1204,9842.0,6739.0,1407.0,0.0025,0,0,0.0,0,0.029134670771784926,0,0.0,0,0.05,0.748985853843971,0.799415057895988
1205,4686.067,6211.508,1080.0,0.019,0,0,0.0,0,0.08223495283019513,0,0.06719367588932806,0,0.03,0.6563635562516308,0.798555542547243
1206,6977.414,8982.512,654.68,0.0025,0,0,0.0,0,0.0005229198786932456,0,0.0,0,0.0,0.38552378108909185,0.7976523840436801
1207,13432.143,7643.936,1456.0,0.0025,0,0,0.0,0,0.0033141473451971165,0,0.0,0,0.0,0.38552378108909185,0.7968274358478404
1208,14159.0,56.0,1307.0,0.0025,0,0,0.0,0,0.04751947445721887,0,0.0,0,0.0,3.825618684842951,0.7967882580114221
1209,6610.596,7633.559,968.0,0.053,0,0,0.4,0,0.07021539527563023,0,0.0,0,0.02,1.1170055073980056,0.7965616242239117
1210,9884.0,6720.0,1428.0,0.039,0,0,0.0,0,0.06578925096779097,0,0.0,0,0.08,0.26520919929433906,0.7963630761628678
1211,7837.401,5371.365,1448.0,0.077,0,0,0.4,1,0.5238226593489518,0,0.0,0,0.18,1.0714396018896521,0.7953840791684171
1212,7424.562,8619.624,632.81,0.024,0,0,0.4,0,0.15777248354654683,0,0.38461538461538464,0,0.31,0.6592642661651947,0.7892626577282503
1213,9946.424,9323.672,1333.0,0.0025,0,0,0.0,0,0.0027560633211522207,0,0.0,0,0.0,0.38552378108909185,0.7885786272993915
1214,8730.17,5566.78,1299.12,0.006,0,0,0.4,0,0.16822019286716464,0,0.06719367588932806,0,0.13,0.2759026270804661,0.7861171537848579
1215,5555.949,6806.014,1156.639,0.493,1,0,0.4,1,0.6993506621338434,1,1.0,1,0.85,1.5058967003939314,0.7859892980692618
1216,5429.0,6508.0,1235.0,0.0025,0,0,0.0,0,0.0027658650239583706,0,0.0,0,0.0,0.38552378108909185,0.7854993531464322
1217,7607.818,7389.85,1225.0,0.017,0,0,0.0,0,0.17993231334587403,0,0.0,0,0.0,1.3097794499392155,0.7854315322712625
1218,4632.068,6302.892,1037.3,0.266,1,0,0.2,0,0.3876835252846052,0,0.06818181818181818,0,0.07,0.9784068845240059,0.7851478538724863
1219,5886.0,6230.0,1288.0,0.0025,0,0,0.0,0,0.006772239928550776,0,0.0,0,0.0,1.232781455669127,0.7842663824743472
1220,5111.019,6689.958,1012.639,0.0025,0,0,0.0,0,0.009600838998667174,0,0.0,0,0.0,0.38552378108909185,0.7842242832268373
1221,5548.681,6813.17,1073.0,0.187,1,1,0.6,0,0.2490034300007326,0,0.06719367588932806,1,0.61,0.7229478603075677,0.7841390015667812
1222,7736.492,5339.727,1412.109,0.005,0,0,0.2,0,0.13849815458131443,0,0.0,0,0.01,1.231748521164469,0.783054329828837
1223,4845.475,8046.445,320.0,0.0025,0,0,0.2,0,0.10523802347311219,0,0.0,0,0.05,2.6474973578345065,0.7829195777100711
1224,5236.634,6403.641,1236.0,0.0025,0,0,0.0,0,0.012795700459907935,0,0.0,0,0.0,0.38552378108909185,0.7812432805697458
1225,7779.157,7350.879,1186.0,0.0025,0,0,0.0,0,0.01286160215607761,0,0.0,0,0.0,0.5739163841936356,0.7807858438036019
1226,5983.0,7749.0,759.0,0.099,0,0,0.0,0,0.2141529676622563,1,0.8947368421052632,0,0.31,0.38756778870147707,0.7805503048573456
1227,7634.055,9150.665,936.0,0.0025,0,0,0.0,0,0.025236116682423242,0,0.0,0,0.0,0.38552378108909185,0.7797195124480398
1228,7564.877,6330.717,1304.417,0.043,0,0,0.0,0,0.12235159604439538,0,0.0,0,0.11,0.4646161681423823,0.7785711194964243
1229,5423.357,6357.37,1317.0,0.05,0,0,0.0,0,0.23647144345308754,0,0.06818181818181818,0,0.0,0.5969650550843933,0.7780111922886733
1230,7728.0,6814.0,1298.0,0.0025,0,0,0.0,0,0.0017188200103579005,0,0.0,0,0.0,0.4215476378590439,0.7768303008981098
1231,4692.994,6235.841,1096.0,0.058,0,0,0.0,0,0.1306848151682988,0,0.0,0,0.02,0.759527663864497,0.7767135641184649
1232,8122.615,5580.841,1490.0,0.0025,0,0,0.0,0,0.013179985787976857,0,0.0,0,0.01,0.31892907400416276,0.776129636113934
1233,10305.331,6101.508,1476.73,0.012,0,0,0.2,0,0.1011855850291411,0,0.03278688524590164,0,0.05,0.7996322213595494,0.7756567659778745
1234,9782.049,6637.738,1408.01,0.018,0,0,0.4,0,0.11546100044951794,0,0.0,0,0.01,0.8872087741027168,0.7756298384141557
1235,6775.243,9176.615,699.85,0.0025,0,0,0.0,0,0.0025606688159148868,0,0.0,0,0.0,0.3065469795501437,0.7754803132611114
1236,7395.408,7478.71,1258.0,0.021,0,0,0.0,0,0.24607271704685366,0,0.06719367588932806,0,0.04,0.37972095482130497,0.7749809531920582
1237,5938.795,7716.363,771.0,0.0025,0,0,0.0,0,0.0008870817773699147,0,0.06719367588932806,0,0.02,1.3277400407895552,0.7740616753249463
1238,6433.059,7774.259,937.0,0.067,0,0,0.4,0,0.18478362765239398,0,0.0,0,0.17,2.945811856490762,0.7739271572176796
1239,5598.0,8339.0,600.0,0.006,0,0,0.0,0,0.11931028429565303,0,0.0,0,0.01,1.584242888545356,0.7724526050267765
1240,4716.0,7924.0,287.0,0.0025,0,0,0.0,0,0.09123391017165933,0,0.0,0,0.0,2.6474973578345073,0.7708759971045589
1241,10508.997,9305.912,1307.0,0.0025,0,0,0.0,0,0.0715189960941711,0,0.0,0,0.03,2.837357724324578,0.770844755255653
1242,7356.0,7344.0,1276.0,2.868,1,0,0.4,0,0.2035602968163872,1,0.8947368421052632,1,0.81,0.8478987936680069,0.7697492990214851
1243,6808.0,6730.0,1357.0,0.0025,0,0,0.0,0,0.0017848083287976537,0,0.0,0,0.0,0.38552378108909185,0.7693971343377312
1244,7633.0,7377.0,1218.0,0.0025,0,0,0.0,0,0.0034319913236015606,0,0.0,0,0.0,0.38552378108909185,0.7681178940051491
1245,9499.0,6813.0,1450.0,0.007,0,0,0.0,0,0.0692053045199143,0,0.06719367588932806,0,0.01,0.8697524710900213,0.7679829969808923
1246,5414.602,7890.204,657.0,0.005,0,0,0.0,0,0.29580120814941785,0,0.0,0,0.02,0.786237962113091,0.7674155110644167
1247,6868.257,5977.895,1080.259,0.0025,0,0,0.0,0,0.048060830377397466,0,0.0,0,0.03,0.8811947458656548,0.7672003009084781
1248,5672.987,6627.363,1284.399,0.057,0,0,0.0,0,0.004570490108115806,0,0.0,0,0.09,1.1532947647043266,0.7662218361072297
1249,8240.0,5118.0,1298.0,0.0025,0,0,0.0,0,0.005979500333731638,0,0.0,0,0.0,0.38552378108909185,0.765726349707271
1250,7549.7,7443.748,1247.0,0.032,0,0,0.0,0,0.08381109477621136,0,0.06719367588932806,0,0.1,0.46204428159655125,0.7646843779438939
1251,9392.0,6302.0,1502.0,0.005,0,0,0.0,0,0.05612698354724883,0,0.0,0,0.03,0.32344099712461105,0.7645315837318517
1252,7391.12,6471.84,1306.569,0.02,0,0,0.0,0,0.0697018900534295,0,0.06719367588932806,0,0.03,1.4018541504466067,0.7641565053314452
1253,7806.013,3268.358,1452.149,0.017,0,0,0.2,1,0.8517170253372456,1,1.0,0,0.35,0.31797753260326195,0.7640508532781223
1254,6990.0,7900.0,964.0,0.005,0,0,0.2,0,0.12821702831295784,0,0.0,0,0.06,3.4622894229691212,0.7638395307158856
1255,10782.41,6115.233,1459.0,0.007,0,0,0.0,0,0.06991855640592282,0,0.0,0,0.0,0.7300573108156975,0.7637890808908792
1256,6359.0,7629.0,909.0,0.037,0,1,0.8,0,0.19915388352747126,0,0.06818181818181818,0,0.42,1.8544137167564863,0.7636962278937524
1257,7723.405,7197.07,1270.0,0.0025,0,0,0.0,0,0.10400441343893069,0,0.0,0,0.02,1.8672929220728591,0.7620465057455563
1258,4429.134,6500.58,813.0,0.023,0,0,0.4,0,0.05373836788548964,0,0.0,0,0.04,1.4382973799252894,0.7613332628253925
1259,6504.013,7693.299,951.059,0.013,0,0,0.0,0,0.12175663852336484,0,0.06818181818181818,0,0.01,0.64503390054001,0.7597765324539335
1260,9385.0,6308.0,1494.0,0.0025,0,0,0.0,0,0.09239070864336837,0,0.0,0,0.02,0.5171718853956205,0.7592864947589869
1261,10777.316,5702.359,1551.11,0.135,1,0,0.2,0,0.1419220347170927,1,1.0,1,0.68,0.2598378004885789,0.7581801217177884
1262,5334.0,6584.0,1125.0,0.013,0,0,0.4,0,0.47448877087360186,0,0.0,0,0.03,1.538047907208936,0.7580988075019988
1263,9454.029,5302.049,1301.459,0.007,0,0,0.0,0,0.09589234566845443,0,0.06818181818181818,0,0.01,0.8582506738470685,0.7575768956959474
1264,9494.0,6797.0,1480.0,0.012,0,0,0.2,0,0.1517438343336696,0,0.0,0,0.08,0.434139165896601,0.7572820348888829
1265,6419.0,7850.0,899.0,11.494,1,1,0.8,0,0.42819266547110363,1,0.8947368421052632,1,0.56,1.8544137167564863,0.7566427367121099
1266,6866.0,7805.0,1027.0,0.008,0,0,0.0,0,0.1703021796016624,0,0.06719367588932806,0,0.02,0.4923838325056785,0.7562173487532668
1267,7166.81,5271.386,1387.149,0.0025,0,0,0.0,0,0.17205761397496677,0,0.0,0,0.01,0.8035770337303764,0.7560055947110451
1268,8054.023,7068.042,1224.319,0.093,0,0,0.4,0,0.142717289249117,0,0.0,0,0.06,1.1184557493840073,0.7549667954776759
1269,5672.192,6625.17,1218.0,0.544,1,1,0.6,1,0.7958886003081315,1,1.0,1,0.72,0.32801416288798924,0.7548116873896442
1270,9250.801,7427.507,1239.39,0.0025,0,0,0.0,0,0.000134893529563776,0,0.0,0,0.0,0.38552378108909185,0.7525129785775246
1271,6076.893,7066.71,1156.0,0.009,0,0,0.0,0,0.001363719885478001,0,0.0,0,0.0,1.1532947647043266,0.7522625111260508
1272,7841.34,5381.136,1450.0,0.007,0,0,0.0,0,0.06902576692827725,0,0.4666666666666667,0,0.12,0.756916738285293,0.7507526670683601
1273,9512.361,5371.409,1342.289,0.015,0,0,0.0,0,0.018223223326122737,0,0.0,0,0.01,0.24033544031281104,0.7491039201848884
1274,5073.0,6457.0,1167.0,0.027,0,0,0.2,0,0.0368239750412704,0,0.0,0,0.02,0.8646042660601592,0.7483820302547475
1275,4665.0,7909.0,312.0,0.005,0,0,0.0,0,0.12933911604973974,0,0.06719367588932806,0,0.02,2.451924893087211,0.7474494518201085
1276,10756.416,5703.675,1545.18,0.024,0,0,0.0,0,0.10742063944787626,1,1.0,0,0.38,0.3451121413065779,0.7469707011596075
1277,11718.693,9882.244,1377.61,0.005,0,0,0.0,0,0.1744594273246641,0,0.0,0,0.04,0.7432911466322227,0.7466576652410397
1278,5481.0,8260.0,521.0,0.135,1,0,0.2,0,0.11935815194002047,0,0.06719367588932806,1,0.73,0.3045114715524038,0.7466564102043226
1279,5105.0,6609.0,1060.0,0.111,1,0,0.4,0,0.36673652893833714,1,1.0,1,0.64,0.20344797290742972,0.7462943032453362
1280,6430.254,7774.135,936.0,0.026,0,0,0.0,0,0.15861477450982958,0,0.0,0,0.03,0.49501945391610747,0.7449459092523838
1281,9337.693,7044.911,1387.87,0.0025,0,0,0.0,0,0.004626057079014748,0,0.0,0,0.0,0.38552378108909185,0.7445049316460783
1282,7570.82,7393.386,1226.0,0.007,0,0,0.2,1,0.5217922383440241,0,0.02702702702702703,0,0.06,1.8126621176540518,0.7440947768510613
1283,7149.0,7626.0,1129.0,0.0025,0,0,0.0,0,0.00244720463781123,0,0.0,0,0.0,0.4215476378590439,0.7403952819703804
1284,7298.535,7608.236,1206.779,0.017,0,0,0.0,0,0.07759676025674193,0,0.06719367588932806,0,0.12,0.7234078708243546,0.7394013804951287
1285,7647.991,7330.175,1242.0,0.007,0,0,0.2,0,0.1627054976844073,0,0.06719367588932806,0,0.02,1.231748521164469,0.7393421636163581
1286,5366.878,7888.632,633.0,0.006,0,0,0.0,0,0.252594344930409,0,0.0,0,0.0,0.27830005681521647,0.7390304784018416
1287,7644.533,5312.194,1449.0,0.011,0,0,0.0,0,0.19813655759118826,0,0.06719367588932806,0,0.09,0.8253531010519216,0.7389595886082571
1288,8019.0,6444.007,1381.939,0.0025,0,0,0.0,0,0.006578265375153611,0,0.0,0,0.0,0.38552378108909185,0.7375033035782137
1289,7767.173,7369.335,1199.0,0.01,0,0,0.0,0,0.06895424448067951,0,0.0,0,0.02,0.4374865668493377,0.7370857669895007
1290,10033.823,6380.144,1518.7,0.007,0,0,0.0,0,0.11207984529862343,0,0.0,0,0.0,0.5658582675153507,0.7367187143797445
1291,6352.0,7610.0,906.0,0.0025,0,0,0.0,0,0.02211874255506971,0,0.0,0,0.02,0.6456221221577562,0.7361974475208213
1292,10828.719,5975.07,1500.0,0.0025,0,0,0.0,0,0.04933316928246884,0,0.0,0,0.04,0.6781507103454606,0.7344327141091156
1293,3368.882,6976.376,43.0,0.02,0,0,0.0,0,0.22407131867299257,0,0.0,0,0.27,0.30659438346601775,0.7342647065770788
1294,4633.993,6580.535,873.0,0.069,0,0,0.2,0,0.2924702886433391,0,0.06818181818181818,0,0.09,0.7873127556981572,0.7338659893215888
1295,9757.765,6577.131,1416.75,0.019,0,0,0.2,0,0.024183649031298365,0,0.06719367588932806,0,0.05,0.5720644428612864,0.7327707226412898
1296,6387.0,8328.0,673.0,0.0025,0,0,0.0,0,0.2306969042446124,0,0.0,0,0.0,0.4283856764903148,0.7325742041529704
1297,6527.582,5117.217,1130.799,0.009,0,0,0.4,0,0.15403797116448,0,0.0,0,0.0,3.164763588506541,0.7314064481110004
1298,7110.061,7747.009,1026.789,0.005,0,0,0.2,0,0.1631943776587697,0,0.06818181818181818,0,0.05,1.0003336295104497,0.7311778705280355
1299,7360.87,6499.947,1302.579,0.014,0,0,0.0,0,0.10470510073521103,0,0.0,0,0.1,0.9598931867131714,0.7308212372753744
1300,3883.004,7343.405,138.0,0.0025,0,0,0.0,0,0.06651436038343586,0,0.02702702702702703,0,0.05,2.6474973578345065,0.7305315180534758
1301,6171.418,7391.818,1024.0,0.193,1,1,0.8,0,0.25015570857436753,1,0.8947368421052632,1,0.79,1.8544137167564863,0.7289609375934027
1302,6846.961,7923.449,968.0,0.422,1,1,0.6,0,0.17139343947953137,0,0.03278688524590164,1,0.68,1.7897215104182582,0.7288272078603412
1303,7484.0,6817.0,1293.0,0.005,0,0,0.0,0,0.0006889699110879618,0,0.0,0,0.0,0.38552378108909185,0.7270375825904092
1304,6197.795,7319.488,1070.0,0.023,0,0,0.2,0,0.1874436017590104,1,0.8947368421052632,0,0.26,0.5267639407375799,0.7249318807008657
1305,7637.571,7300.337,1220.0,0.021,0,0,0.0,0,0.34226969216133746,0,0.02702702702702703,0,0.02,1.9988260721747306,0.7229422478418931
1306,4359.389,6425.588,828.0,0.018,0,0,0.0,0,0.012396139731221766,0,0.0,0,0.0,0.6456221221577562,0.7227471867157237
1307,7746.951,7334.899,1214.0,0.007,0,0,0.0,0,0.09775148748037728,0,0.06818181818181818,0,0.0,0.4159177973449592,0.7218783029727569
1308,10041.788,6370.285,1529.95,0.005,0,0,0.0,0,0.05510035755503384,0,0.03278688524590164,0,0.0,0.9417391941056503,0.7218226016632082
1309,8373.013,6836.033,1391.239,0.009,0,0,0.2,0,0.07946007932425594,0,0.0,0,0.0,4.846900410294284,0.7217405790973541
1310,4542.0,6036.0,947.0,0.114,1,0,0.4,0,0.4630142648124385,1,0.7,1,0.87,1.0006603540980765,0.719397303547217
1311,6418.026,7869.974,941.609,0.114,1,0,0.2,0,0.09790034215613291,0,0.4666666666666667,0,0.19,0.27942217721771456,0.7182697802552938
1312,6568.215,7706.599,1054.389,0.073,0,1,0.6,0,0.20801033096100685,0,0.0,0,0.07,2.396584623362246,0.7180779227547925
1313,8975.109,6234.498,1437.289,0.0025,0,0,0.0,0,0.004307769093488522,0,0.0,0,0.0,0.38552378108909185,0.7177804230298441
1314,7169.04,7722.022,1026.789,0.006,0,0,0.0,0,0.17326939680547626,0,0.0,0,0.01,0.8646631803358211,0.717651569848089
1315,5184.997,6989.987,934.069,0.0025,0,0,0.0,0,0.0017614482988313877,0,0.0,0,0.0,0.38552378108909185,0.7168544932573457
1316,7335.0,6601.0,1263.0,0.035,0,0,0.2,0,0.15335539566584547,0,0.06719367588932806,0,0.09,1.4884497179985412,0.7161851452585635
1317,5727.759,6451.983,1332.0,0.008,0,0,0.0,0,0.29076781551357267,0,0.0,0,0.03,0.2803388408095406,0.7139263714017283
1318,5552.0,8319.0,598.0,0.101,1,0,0.4,0,0.14806742041586804,0,0.06719367588932806,1,0.73,0.40454055412007905,0.7135398896150473
1319,10838.0,6970.0,1379.0,0.0025,0,0,0.0,0,0.0002995286399651372,0,0.0,0,0.0,1.1532947647043266,0.7127660019602113
1320,5350.305,7950.648,621.0,0.0025,0,0,0.0,0,0.042693215060689085,0,0.0,0,0.03,0.5831197813353244,0.7125722814796467
1321,7983.101,9073.868,1036.0,0.0025,0,0,0.0,0,0.009193139911368478,0,0.0,0,0.0,1.1532947647043266,0.7123287964139633
1322,7449.0,7200.0,1277.0,0.365,1,0,0.2,0,0.06940742854247536,0,0.0,0,0.49,0.4869494002765556,0.711519479843594
1323,6839.696,7926.911,901.279,0.076,0,0,0.4,0,0.21923370768607622,0,0.03278688524590164,0,0.03,0.9417391941056503,0.7101724976163517
1324,5418.365,6355.573,1317.0,0.005,0,0,0.0,0,0.029968755482255464,0,0.0,0,0.0,0.3270633553995527,0.7095425749321782
1325,8037.84,5634.98,1473.75,0.02,0,0,0.0,0,0.13873263928685722,0,0.06719367588932806,0,0.04,0.6317299810120653,0.708552994657794
1326,8042.978,5316.014,1361.209,0.0025,0,0,0.0,0,0.0027277408835190997,0,0.0,0,0.0,0.3979290805919187,0.7083147051439855
1327,4687.25,7916.45,314.0,0.0025,0,0,0.2,0,0.1372125852628785,0,0.0,0,0.01,2.451924893087211,0.7070640131110029
1328,9571.97,5812.991,1410.489,0.0025,0,0,0.0,0,0.006965815947881808,0,0.0,0,0.0,0.38552378108909185,0.7068298061218664
1329,5413.998,7121.349,887.999,0.024,0,0,0.0,0,0.08520974835633245,0,0.0,0,0.03,0.9598931867131714,0.7066959575814209
1330,4751.85,7963.31,290.0,0.0025,0,0,0.0,0,0.09292630817091604,0,0.0,0,0.0,2.451924893087211,0.7054516189033506
1331,5474.0,6817.0,1095.0,0.072,0,0,0.4,0,0.49833252457783933,0,0.06719367588932806,0,0.08,0.5026296469291128,0.7054046749218003
1332,5022.0,6829.0,1005.0,0.025,0,0,0.0,0,0.13283799068394028,0,0.06818181818181818,0,0.04,1.0619428101585828,0.7049563795514158
1333,7831.989,5577.365,1399.449,0.005,0,0,0.0,0,0.04196627119730182,0,0.06719367588932806,0,0.01,0.7496229928339706,0.7024589741669931
1334,6768.0,7610.0,1070.0,0.005,0,0,0.0,0,0.002093794146511626,0,0.0,0,0.0,0.38552378108909185,0.7015156288022328
1335,9402.0,6294.0,1509.0,0.0025,0,0,0.0,0,0.07040326490333382,0,0.03278688524590164,0,0.01,0.4703520266465486,0.6998285534940913
1336,5300.878,8029.965,566.0,0.006,0,0,0.0,0,0.11016893822250308,0,0.0,0,0.0,0.14949600918574585,0.6994065897302829
1337,6505.977,7827.952,941.609,0.263,1,0,0.2,0,0.0631972099772216,0,0.06818181818181818,1,0.63,0.9676840572370469,0.6993169434148103
1338,4525.71,7814.43,321.0,0.02,0,0,0.4,0,0.20483774439860822,0,0.06719367588932806,0,0.38,3.085776336975822,0.6991898011251823
1339,5364.713,8030.412,598.0,0.009,0,0,0.0,0,0.12430983980958929,0,0.0,0,0.0,0.3740079997638797,0.6981020494959446
1340,8157.017,7013.962,1317.179,0.013,0,1,0.8,0,0.16562090636862134,0,0.06719367588932806,0,0.29,0.5663040435212161,0.6979412289243709
1341,4986.0,6355.0,1310.0,0.006,0,0,0.0,0,0.00978164023634552,0,0.0,0,0.0,0.3274420295532055,0.6978050120566044
1342,12425.317,9432.147,1369.02,0.071,0,0,0.4,1,0.5854311847999734,0,0.0,0,0.18,0.7950584616583081,0.6960796427152423
1343,5479.011,6750.046,1111.139,0.028,0,0,0.0,0,0.19839220635202992,0,0.0,0,0.02,0.2509460767620266,0.6947006816900234
1344,5636.188,6207.932,1246.0,0.0025,0,0,0.0,0,0.003663553685353817,0,0.0,0,0.0,0.38552378108909185,0.6935130157638478
1345,4750.52,7963.7,290.0,0.0025,0,0,0.0,0,0.14149658510099597,0,0.0,0,0.0,2.451924893087211,0.6922793919331625
1346,6572.0,7167.0,1125.0,0.0025,0,0,0.0,0,0.18998533004078064,0,0.0,0,0.16,0.27557583668372354,0.6919807317430721
1347,8117.04,5373.946,1432.549,0.0025,0,0,0.0,0,0.0518600041588794,0,0.02702702702702703,0,0.04,0.5720644428612864,0.6919151054053738
1348,6486.056,8346.481,736.0,0.106,1,0,0.4,0,0.464580182103881,1,0.7,1,0.76,0.1928125604710041,0.6910450355764812
1349,5560.397,6800.527,1156.639,0.657,1,0,0.4,0,0.4709098479421657,0,0.38461538461538464,1,0.82,0.4179477357230701,0.6875636327540974
1350,11060.061,6529.653,1513.0,0.007,0,0,0.0,0,0.021027171522333098,0,0.03278688524590164,0,0.01,0.8560349550808817,0.6867979882204127
1351,6417.0,7865.0,889.0,5.287,1,0,0.4,0,0.2360651221393247,1,0.8947368421052632,1,0.87,0.9417391941056503,0.6865488004765854
1352,5144.728,7682.647,610.0,0.0025,0,0,0.0,0,0.002316468448515861,0,0.0,0,0.01,1.1532947647043266,0.6862421445286692
1353,7004.949,7857.834,1026.789,0.007,0,0,0.0,0,0.1135747361220149,0,0.0,0,0.01,0.6904451319327782,0.68616057153954
1354,6274.909,7994.661,829.0,0.222,1,1,0.6,1,0.9658988591169136,1,1.0,1,0.86,1.0092386497371586,0.6860895978077081
1355,7731.366,7189.951,1270.0,0.038,0,0,0.4,0,0.14370004948372742,0,0.03278688524590164,0,0.05,0.2591847648178402,0.6859851157363395
1356,6582.0,7104.0,1164.0,0.021,0,0,0.0,0,0.21695857642511504,0,0.07142857142857142,0,0.12,0.2734480919947506,0.6858458528967591
1357,10791.762,5947.719,1493.0,0.0025,0,0,0.0,0,0.006483806836629609,0,0.0,0,0.01,0.28009205566249185,0.6854549441598926
1358,4969.5,6685.0,1030.0,0.164,1,0,0.4,0,0.21834345019389492,0,0.06719367588932806,1,0.88,0.35330401790452187,0.6851569340129017
1359,6421.0,7821.0,915.0,1.254,1,0,0.2,0,0.065877598212452,0,0.06719367588932806,1,0.74,0.4305179761098234,0.6845501827435049
1360,6614.474,7625.654,1054.389,0.09,0,0,0.2,0,0.15330740072476304,0,0.06818181818181818,0,0.05,1.6429742373718794,0.6843734058399
1361,7865.218,7301.202,1121.959,0.0025,0,0,0.0,0,0.002514255755376603,0,0.0,0,0.0,1.2104343513637787,0.6810232112935218
1362,6362.703,6658.752,1292.0,0.009,0,0,0.2,0,0.08359466148871415,0,0.06818181818181818,0,0.07,0.2801586871026583,0.6802409151506418
1363,5638.0,6216.0,1236.0,0.014,0,0,0.2,0,0.06188799887465399,0,0.0,0,0.02,0.717439497500026,0.6796998627753864
1364,7392.36,5724.571,1235.0,0.005,0,0,0.0,0,0.05075391983534121,0,0.06719367588932806,0,0.09,0.6900118953588961,0.6794711547732675
1365,6590.512,7503.86,1054.389,0.268,1,0,0.2,0,0.17318730380816702,0,0.06719367588932806,0,0.14,0.26065897747932565,0.6788037683891781
1366,5322.32,7998.088,586.0,0.009,0,0,0.0,0,0.11759080930163485,0,0.0,0,0.01,0.37019790092159777,0.6786182486363215
1367,4922.31,8130.262,340.0,0.0025,0,0,0.0,0,0.20647616582094147,0,0.06818181818181818,0,0.01,0.584975247798458,0.6761184895740725
1368,13481.737,7834.28,1461.28,0.01,0,0,0.2,0,0.1238801731660634,0,0.0,0,0.07,0.8317236167013481,0.6735020994590551
1369,9376.996,6265.009,1496.709,0.0025,0,0,0.0,0,0.0049564959363034,0,0.0,0,0.01,0.38552378108909185,0.6732604831898087
1370,4272.918,6310.418,807.0,0.008,0,0,0.0,0,0.00874563753715189,0,0.0,0,0.0,0.6456221221577562,0.6731747308270697
1371,5186.0,6509.0,1164.0,0.0025,0,0,0.0,0,0.0020272215618531877,0,0.0,0,0.0,0.38552378108909185,0.6729732251492202
1372,9311.03,6885.561,1391.0,0.029,0,0,0.0,0,0.0003629895233037603,0,0.38461538461538464,0,0.04,0.7557264765272448,0.67281009841862
1373,4880.819,6577.501,1052.0,0.0025,0,0,0.0,0,0.0013766797997042542,0,0.02702702702702703,0,0.0,1.1532947647043266,0.6726663182812629
1374,5520.65,7715.18,753.0,0.0025,0,0,0.0,0,0.08754321726931583,0,0.0,0,0.02,1.4694613997071506,0.6722938101912448
1375,5635.487,3346.942,1112.64,0.204,1,0,0.4,1,0.876742045379171,1,1.0,1,0.9,1.1239204899949407,0.6715351407967711
1376,5629.737,7831.999,703.0,0.031,0,0,0.4,0,0.1757696124696345,0,0.07142857142857142,0,0.06,3.048327201222622,0.6715292909289384
1377,7313.698,9144.563,881.19,0.01,0,0,0.0,0,6.604724697954089e-05,0,0.0,0,0.0,0.38552378108909185,0.6707047481718935
1378,4687.35,7915.15,315.0,0.0025,0,0,0.0,0,0.09767048803861544,0,0.0,0,0.0,2.156939590545333,0.6696526614916931
1379,5325.548,8181.649,498.0,0.0025,0,0,0.2,0,0.14048254281657765,0,0.0,0,0.05,0.36887483222919454,0.6692550062957145
1380,7685.385,7385.344,1208.0,0.005,0,0,0.0,0,0.011494880226759365,0,0.0,0,0.03,0.6603562144717818,0.6687216833635615
1381,5568.791,8001.131,589.0,0.006,0,0,0.0,0,0.11905208502452315,0,0.0,0,0.08,0.4305179761098234,0.6682117361416118
1382,11283.884,6384.383,1465.95,0.0025,0,0,0.0,0,0.002374107204056652,0,0.0,0,0.0,0.38552378108909185,0.6681789491090142
1383,5531.158,7963.812,610.0,0.0025,0,0,0.0,0,0.013274152403034464,0,0.0,0,0.0,0.34281747369264054,0.6675225477350929
1384,5382.598,8030.441,596.0,0.0025,0,0,0.0,0,0.1798583204408373,0,0.0,0,0.0,0.21813474561844415,0.6665296229646647
1385,4753.44,7963.0,290.0,0.0025,0,0,0.0,0,0.09948071403473184,0,0.0,0,0.0,2.451924893087211,0.6659695508204282
1386,6397.0,9029.0,565.0,0.0025,0,0,0.0,0,0.08996872668458648,0,0.03278688524590164,0,0.04,0.867765532360684,0.6648459283720798
1387,6432.989,7796.449,935.0,0.422,1,1,0.6,0,0.14326497213431616,1,1.0,1,0.74,1.9988260721747306,0.6643188360887655
1388,6890.705,8028.199,901.279,0.0025,0,0,0.0,0,0.01652451298400461,0,0.0,0,0.05,1.0851914765150918,0.6640411880278438
1389,6164.288,7407.268,1009.0,0.0025,0,0,0.0,0,0.12644785254873286,0,0.0,0,0.0,0.8085568941486025,0.6639317029077487
1390,7354.327,7341.923,1299.0,0.2,1,0,0.2,0,0.17800204645905687,1,0.8947368421052632,1,0.8,0.19556580700474452,0.6630341785394368
1391,8171.022,7022.044,1317.179,0.005,0,0,0.0,0,0.10525986127311296,0,0.03278688524590164,0,0.0,0.4424272153437822,0.6628990485430274
1392,13568.183,7743.042,1492.0,0.143,1,0,0.4,1,0.6188798803710629,1,1.0,1,0.6,0.7626838859765612,0.6627479289723024
1393,5426.0,6631.0,1134.0,0.018,0,0,0.0,0,0.004576080704654562,0,0.0,0,0.0,0.6456221221577562,0.6615581601324294
1394,7823.0,7323.0,1185.0,0.008,0,0,0.0,0,0.04160360031951149,0,0.06719367588932806,0,0.05,0.9339547997281369,0.6613569498897263
1395,4136.389,7618.941,183.79,0.005,0,0,0.4,0,0.05648678716833768,0,0.0,0,0.03,3.951843834289037,0.6605872333135097
1396,8995.996,6265.957,1437.289,0.0025,0,0,0.0,0,0.0030291377286863954,0,0.0,0,0.0,0.38552378108909185,0.6598951641881667
1397,8189.023,6997.946,1317.179,0.017,0,0,0.0,0,0.1124500596571637,0,0.06818181818181818,0,0.01,0.4258409498054846,0.6598436131987194
1398,3969.182,6290.314,626.0,0.011,0,0,0.0,0,0.007683381043110331,0,0.06719367588932806,0,0.01,0.6603562144717818,0.6594082769663092
1399,4498.715,6423.28,949.0,0.031,0,0,0.0,0,0.14269073407302918,0,0.06719367588932806,0,0.09,0.6592642661651946,0.6559541212516131
1400,4487.885,6418.159,947.0,0.028,0,0,0.0,0,0.05719719856409192,1,1.0,0,0.37,0.3514209687577721,0.6556679342028431
1401,7409.0,7319.0,1289.0,0.147,1,0,0.2,0,0.10251816484727219,1,0.8947368421052632,1,0.75,0.41734513349410524,0.6553990949313898
1402,7221.856,5251.294,1354.429,0.005,0,0,0.0,0,0.10723464103086748,0,0.06818181818181818,0,0.08,0.35117955735101714,0.6527159249222003
1403,3936.527,7387.505,214.3,0.0025,0,0,0.0,0,0.05841023824960847,0,0.0,0,0.0,0.7696463958571381,0.652195171024869
1404,8034.977,6508.005,1381.939,0.017,0,0,0.2,0,0.10596749442472334,0,0.06719367588932806,0,0.12,0.23093519725754127,0.6507096369695481
1405,6598.299,9015.171,624.0,0.0025,0,0,0.0,0,0.0005890318890099777,0,0.0,0,0.0,1.3277400407895552,0.6495798974484309
1406,4995.068,8197.667,413.0,0.0025,0,0,0.0,0,0.06763185434387556,0,0.0,0,0.03,4.268840844720026,0.6479785667470732
1407,8275.955,6903.998,1317.179,0.017,0,0,0.0,0,0.03571490537171849,0,0.03278688524590164,0,0.02,0.38230187187926495,0.6477746679271263
1408,7694.761,7222.483,1271.0,0.007,0,0,0.0,0,0.14224086145862022,0,0.06818181818181818,0,0.01,0.37617871150989646,0.646225940098437
1409,6966.877,7891.534,1031.859,0.0025,0,0,0.4,0,0.04060357566512328,0,0.06818181818181818,0,0.01,0.759527663864497,0.6460888265368064
1410,12571.0,9326.0,1258.0,0.114,1,1,0.8,1,0.8861345091474181,1,1.0,1,0.78,0.5319838335518964,0.6459042325232558
1411,6529.503,7821.969,941.609,1.118,1,0,0.4,0,0.308474453769545,1,0.8888888888888888,1,0.67,0.6408855283877491,0.6455611653604638
1412,4687.2,7917.35,314.0,0.005,0,0,0.0,0,0.1062352685066251,0,0.0,0,0.05,1.4694613997071506,0.6450445018906088
1413,13208.56,7703.28,1397.28,0.136,1,0,0.2,0,0.20408726022127716,0,0.06719367588932806,0,0.18,0.1863238018848707,0.6447581122095078
1414,7749.347,7367.764,1200.0,0.008,0,0,0.0,0,0.14962934069476053,0,0.0,0,0.01,1.5107014761709778,0.6425008674908097
1415,5752.0,7944.0,632.0,0.005,0,1,0.6,0,0.10535470813599221,0,0.0,0,0.01,1.7570479619914274,0.6415618458819228
1416,6277.041,8190.147,727.0,0.012,0,0,0.0,0,0.2108195363563243,0,0.06719367588932806,0,0.04,0.3641016562847111,0.6390580517796312
1417,4963.1,6649.0,1053.0,1.405,1,1,0.6,1,0.502948258039929,0,0.4666666666666667,1,0.63,0.4299081459520242,0.6371134771627791
1418,10031.0,6376.0,1529.0,0.011,0,0,0.4,0,0.06560528822371653,0,0.03278688524590164,0,0.0,0.867765532360684,0.6361384126593865
1419,5256.0,7041.0,925.0,0.0025,0,0,0.0,0,0.002926973490764038,0,0.0,0,0.0,0.4215476378590439,0.6359949382429035
1420,5006.964,6547.981,1146.899,0.01,0,0,0.0,0,0.023202989422415075,0,0.0,0,0.0,0.7512846633543468,0.6359269628085856
1421,7706.097,7302.684,1237.0,0.006,0,0,0.0,0,0.08791000060253899,0,0.0,0,0.0,0.8067736461341971,0.6352321903178291
1422,7960.116,5487.462,1483.98,0.263,1,0,0.0,0,0.06654601176549652,0,0.0,0,0.09,0.21367823760707105,0.6351233011378036
1423,6025.987,6152.051,1219.529,0.017,0,0,0.0,0,0.009924322559360918,0,0.0,0,0.01,0.38552378108909185,0.6333823227530675
1424,7832.785,5574.106,1399.449,0.0025,0,0,0.2,0,0.02869333475280198,0,0.0,0,0.0,0.38552378108909185,0.6330696860057923
1425,8038.942,5594.018,1485.94,0.007,0,0,0.0,0,0.063669154645117,0,0.06719367588932806,0,0.02,0.4591866749701137,0.6324084165343118
1426,8057.901,6335.051,1376.543,0.03,0,0,0.2,0,0.1488936150193479,0,0.0,1,0.57,0.4056549688171743,0.6323662752621125
1427,12444.785,9426.588,1361.35,0.052,0,0,0.0,0,0.13104819585614677,0,0.06719367588932806,0,0.12,0.9012565313888131,0.632171416177111
1428,9717.191,3167.71,1463.229,0.005,0,0,0.0,0,2.138882480658033e-05,0,0.0,0,0.02,1.1532947647043266,0.631681460157761
1429,9332.496,6908.476,1409.0,0.007,0,0,0.0,0,0.08466218781533379,0,0.0,0,0.0,0.7388441733536648,0.6304127254732752
1430,5480.0,6817.0,1095.0,0.021,0,0,0.2,0,0.11897125710378273,0,0.06719367588932806,0,0.06,1.584242888545356,0.6303676934960233
1431,10943.0,6540.0,1446.0,0.006,0,0,0.0,0,0.025553986584084403,0,0.03278688524590164,0,0.03,0.867765532360684,0.6303362161859263
1432,6255.471,8251.829,697.0,0.097,0,0,0.0,0,0.29768433957756374,0,0.07142857142857142,0,0.21,0.2937019443984848,0.6301818749295235
1433,5538.733,6831.542,1068.0,0.073,0,0,0.0,0,0.23574310098166956,0,0.06719367588932806,0,0.3,0.49501945391610747,0.6299654484951234
1434,7335.0,6499.0,1291.0,0.071,0,0,0.0,0,0.1505747315739275,0,0.06719367588932806,0,0.37,0.9656679669593178,0.6293656393966521
1435,7447.608,6456.685,1294.868,0.014,0,0,0.0,0,0.08705036904168635,0,0.06719367588932806,0,0.11,1.0418796983764036,0.6287996299335866
1436,6839.058,7919.794,968.0,0.078,0,0,0.4,0,0.12449206960558575,0,0.02702702702702703,0,0.08,0.9417391941056503,0.6273021955706197
1437,5344.757,7899.473,623.0,0.018,0,0,0.0,0,0.2469288038495842,0,0.06818181818181818,0,0.03,0.2725388305042511,0.6269326726833608
1438,4604.995,6403.68,1015.0,0.03,0,0,0.0,0,0.10516206453230845,0,0.06818181818181818,0,0.02,1.4028407463001678,0.6262790192998747
1439,4610.451,6339.269,1037.0,0.021,0,0,0.4,0,0.15389794950153543,0,0.0,0,0.03,0.32817185768255164,0.625998602052378
1440,8402.877,4944.364,1182.22,0.02,0,0,0.2,0,0.04776750517698006,0,0.06719367588932806,0,0.08,0.23405307363468564,0.624404843766581
1441,7284.0,6575.0,1281.0,0.0025,0,0,0.0,0,0.006218880440312781,0,0.0,0,0.0,0.27099200403208507,0.6242104813098199
1442,4814.979,6131.063,1178.0,0.0025,0,0,0.0,0,0.027210238669772128,0,0.0,0,0.0,0.7072978991643355,0.6235524406490911
1443,7168.444,7722.349,1026.789,0.008,0,0,0.0,0,0.16697489433771542,0,0.06818181818181818,0,0.08,0.5993597880013287,0.6234265332982021
1444,5650.0,8191.0,643.0,0.025,0,0,0.0,0,0.1632526914275142,0,0.0,0,0.01,0.6014392923595355,0.623193484126292
1445,4875.0,5989.0,1102.0,0.007,0,0,0.0,0,0.039789915132905355,0,0.0,0,0.0,0.3353819945746854,0.6231925183633094
1446,5424.0,6768.0,1098.0,0.853,1,1,0.6,0,0.41788940498151433,1,1.0,1,0.87,0.47014694418921266,0.6229813252716336
1447,7580.65,7420.142,1224.0,0.029,0,0,0.0,0,0.0714426769776177,0,0.06719367588932806,0,0.02,0.3332972469871474,0.6223150730869877
1448,5556.843,6807.053,1156.639,0.713,1,1,0.6,0,0.49711374634475863,1,1.0,1,0.85,0.4403241940051798,0.6219544592609438
1449,12091.205,9306.671,1322.09,0.005,0,0,0.0,0,0.000596490354984165,0,0.0,0,0.01,0.38552378108909185,0.6212214589988929
1450,4966.0,6375.4,1196.0,0.0025,0,0,0.0,0,0.004057437693056512,0,0.0,0,0.03,0.21563460419787941,0.6201236927240825
1451,7347.0,7301.0,1265.0,2.376,1,0,0.4,0,0.36455669028766374,1,1.0,1,0.88,0.6902085339373987,0.6189018241751703
1452,6287.057,7483.666,1003.0,0.06,0,0,0.0,0,0.217811783006931,0,0.0,0,0.0,0.3514209687577721,0.6184516161776965
1453,10822.434,5814.74,1528.48,0.0025,0,0,0.0,0,0.00363492488877555,0,0.03278688524590164,0,0.02,0.23065375246762837,0.6146792712291753
1454,8243.993,6942.042,1317.179,0.006,0,0,0.0,0,0.07366544460947166,0,0.0,0,0.01,0.37898687954531257,0.6146556524374986
1455,5539.211,6856.855,1055.0,0.09,0,0,0.2,0,0.18066265371596635,0,0.06719367588932806,0,0.21,0.293406076163469,0.6144792607047826
1456,6297.102,7185.915,1163.0,0.119,1,0,0.4,0,0.4251685347713425,0,0.38461538461538464,1,0.83,0.19112827165721527,0.6142042037651094
1457,4372.395,6423.466,837.0,0.879,1,0,0.2,0,0.10647086158795176,1,1.0,1,0.7,0.5036550375037463,0.6139384255299571
1458,3197.0,6043.0,249.0,0.007,0,0,0.2,0,0.06052612714288066,0,0.07142857142857142,0,0.05,2.5000505991783126,0.6136071170667436
1459,8271.246,6002.333,1439.559,0.0025,0,0,0.0,0,0.0014137077195184595,0,0.0,0,0.0,1.1532947647043266,0.6118560086724675
1460,8318.001,6855.961,1330.039,0.014,0,1,0.6,0,0.14961105951008258,0,0.03278688524590164,0,0.02,1.8544137167564863,0.6118112526859494
1461,6132.0,8384.0,578.0,0.015,0,0,0.0,0,0.19173864379476524,0,0.06719367588932806,0,0.05,0.21813474561844415,0.6115048481969619
1462,10728.797,5871.829,1491.0,0.0025,0,0,0.0,0,0.0011442492453408231,0,0.0,0,0.0,0.38552378108909185,0.6105677486796754
1463,10865.939,6284.559,1508.86,0.006,0,0,0.0,0,0.06080694923306034,0,0.03278688524590164,0,0.0,0.772691519198695,0.60937928169545
1464,4641.015,6340.459,1016.7,0.023,0,0,0.0,0,0.14349964551526712,0,0.0,0,0.06,0.2504933982232629,0.6088581911845858
1465,5738.977,6437.243,1336.0,0.008,0,0,0.0,0,0.2573157513814554,0,0.0,0,0.02,0.3491431575058325,0.6083968459080662
1466,10336.166,9037.969,1222.0,0.005,0,0,0.0,0,0.0038688581566480233,0,0.0,0,0.0,0.4215476378590439,0.6081511656245768
1467,7711.0,7373.0,1182.0,0.0025,0,0,0.0,0,0.05226964126721353,0,0.06818181818181818,0,0.04,0.3332972469871474,0.6055051328440202
1468,8756.96,5544.4,1312.57,0.056,0,1,0.6,0,0.4368606848595871,0,0.0,0,0.19,1.134095944418832,0.6042769820270941
1469,4750.0,7966.4,275.0,0.0025,0,0,0.0,0,0.06343031854286364,0,0.0,0,0.01,2.6226252633181457,0.6028273223678136
1470,5448.0,6346.0,1312.0,0.0025,0,0,0.0,0,0.0051266980391278996,0,0.0,0,0.0,0.28009205566249185,0.6025585072158652
1471,7646.0,7414.0,1201.0,0.019,0,0,0.0,0,0.023307792600420523,0,0.0,0,0.01,0.29923344290028636,0.6010304298342848
1472,7362.0,7374.0,1272.0,0.086,0,0,0.0,0,0.22162866834108624,1,0.8947368421052632,0,0.47,0.270966704854778,0.6003013965680681
1473,5627.657,8011.16,592.0,0.0025,0,0,0.2,0,0.18398267545289096,0,0.06719367588932806,0,0.05,1.431973845396025,0.6002425555319091
1474,5163.129,6312.125,1302.0,0.0025,0,0,0.0,0,0.06830457377663048,0,0.0,0,0.0,0.5592526272411601,0.5993952026731064
1475,10756.416,5702.925,1545.18,0.0025,0,0,0.0,0,0.017181457396370965,0,0.0,0,0.04,0.5739163841936356,0.599179791264935
1476,10163.711,6252.092,1530.0,0.024,0,0,0.0,0,0.029042483170340878,0,0.06719367588932806,0,0.06,0.27395035537032897,0.5990931716129618
1477,7287.0,7426.0,1265.0,0.006,0,0,0.0,0,0.00029642554993615153,0,0.0,0,0.0,0.38552378108909185,0.5958826583869044
1478,4944.847,6598.249,1076.0,0.014,0,0,0.0,0,0.008320214160194114,0,0.0,0,0.0,0.38552378108909185,0.5954645078594942
1479,10798.596,6155.73,1473.0,0.005,0,0,0.0,0,0.03891442403925045,0,0.06719367588932806,0,0.03,0.5554770097090901,0.5950467831035091
1480,7276.552,7631.228,1206.779,0.02,0,0,0.0,0,0.033578911562706086,0,0.06818181818181818,0,0.04,0.5508175301649926,0.5946138188260457
1481,6983.0,7895.0,964.0,0.007,0,0,0.0,0,0.1354454838168162,0,0.0,0,0.0,0.5383649191790223,0.5943522609209726
1482,5338.112,8030.053,590.0,0.0025,0,0,0.0,0,0.08431635382568313,0,0.0,0,0.01,0.4305179761098234,0.5907757489601927
1483,5870.247,7706.339,777.0,0.0025,0,0,0.0,0,0.08155889763835844,0,0.0,0,0.02,0.5202116332352162,0.5903788456482654
1484,5772.328,3350.648,1143.47,0.171,1,0,0.4,1,0.9792496947164205,1,1.0,1,0.89,0.22816861320472748,0.5901752813076739
1485,8143.953,6998.028,1317.179,0.058,0,0,0.0,0,0.10485816257131862,0,0.0,0,0.01,1.241317176748416,0.5890467214561383
1486,5427.29,8016.623,590.0,0.015,0,0,0.0,0,0.11277975773690717,0,0.0,0,0.0,0.3199300451493018,0.5887126430193176
1487,5290.0,6460.0,1204.0,0.146,1,0,0.2,0,0.11207453465561489,0,0.06818181818181818,1,0.69,0.5731953128716277,0.5884177421644949
1488,6748.0,6734.0,1363.0,0.0025,0,0,0.0,0,0.004218669015302886,0,0.0,0,0.0,0.38552378108909185,0.5881958234614506
1489,6934.998,9138.164,715.3,0.0025,0,0,0.0,0,0.0018873289253694282,0,0.0,0,0.01,1.260848747140266,0.5880295892592291
1490,6165.021,7407.497,1008.0,0.006,0,0,0.4,0,0.1528022993756048,0,0.03278688524590164,0,0.01,0.7556990079866456,0.5865567411535062
1491,5842.0,6145.0,1272.0,0.0025,0,0,0.0,0,0.006981735399379965,0,0.0,0,0.0,0.27099200403208507,0.5857380905304519
1492,6774.302,7629.914,1085.0,0.021,0,0,0.0,0,0.13903477784090632,0,0.06719367588932806,0,0.02,0.574802482106731,0.5853994248376984
1493,5272.752,8025.306,556.0,0.0025,0,0,0.0,0,0.12411088645801853,0,0.0,0,0.01,0.7438791896653091,0.5845113923425063
1494,9437.991,6308.0,1496.709,0.008,0,0,0.0,0,0.059315598378581864,0,0.06719367588932806,0,0.05,0.37190889816946904,0.5837633527039184
1495,7399.22,8631.432,642.17,0.0025,0,0,0.0,0,0.0018310685560040108,0,0.0,0,0.0,0.7333911889553449,0.5836631986082204
1496,7827.658,7305.075,1170.169,0.0025,0,0,0.0,0,0.05103758591282617,0,0.03278688524590164,0,0.01,0.8492175899817223,0.5834488359795802
1497,6864.498,7807.703,1031.859,0.03,0,0,0.0,0,0.19191183677738638,0,0.06719367588932806,0,0.01,0.5331138592526266,0.5829988423708675
1498,3880.602,7340.938,137.65,0.0025,0,0,0.0,0,0.022594716481163128,0,0.0,0,0.03,3.150267271355808,0.5829591730429864
1499,4749.68,7967.0,275.0,0.0025,0,0,0.0,0,0.10471683129299794,0,0.0,0,0.0,1.4694613997071506,0.5826165997282506
1500,6313.0,7609.0,919.0,0.0025,0,0,0.0,0,0.049172613503447024,0,0.0,0,0.0,0.5026776884220513,0.5819392472073617
1501,4766.736,2771.936,1333.0,0.0025,0,0,0.0,0,0.0005294983355356192,0,0.0,0,0.0,1.298973212021306,0.5815438061748117
1502,3475.379,6987.782,95.0,0.0025,0,0,0.0,0,0.018354428203705597,0,0.0,0,0.0,2.5530502235532717,0.5811660483011354
1503,5830.552,8239.037,696.0,0.005,0,0,0.0,0,0.15938096532796997,0,0.06719367588932806,0,0.01,1.3016174809109984,0.5790408821093165
1504,5260.0,6527.0,1154.0,0.056,0,0,0.0,0,0.13493196497933724,0,0.06719367588932806,0,0.06,1.8012739776727833,0.5767403957109674
1505,6296.624,8160.62,738.0,0.017,0,0,0.0,0,0.10589411505325609,0,0.06719367588932806,0,0.08,0.19556580700474452,0.5751870475044871
1506,5342.774,7989.736,601.0,0.028,0,0,0.0,0,0.07189115674171132,0,0.0,0,0.0,0.3223068047177787,0.5749155030576085
1507,5337.0,6603.0,1121.0,0.302,1,1,0.6,1,0.5432947584603464,1,1.0,1,0.75,0.9321182120298406,0.5743822332511377
1508,3706.803,6092.985,573.0,0.35,1,0,0.4,0,0.14394988138337156,1,1.0,1,0.75,0.28841869317763874,0.5741723694731764
1509,5155.399,6439.088,1186.9,0.006,0,0,0.2,0,0.032987149479624014,0,0.0,0,0.04,0.29648201362072496,0.5739189877391542
1510,7843.0,7359.0,1144.0,0.0025,0,0,0.0,0,0.13101991440627417,0,0.03278688524590164,0,0.02,0.4022518705207637,0.5735600480939144
1511,7593.259,6351.699,1293.285,0.009,0,0,0.2,0,0.09697117820389692,0,0.06818181818181818,0,0.03,3.150267271355808,0.5733179679837609
1512,5643.0,8216.0,589.0,0.0025,0,0,0.0,0,0.015395041212113148,0,0.0,0,0.01,0.7870716263679034,0.5731454198121522
1513,4625.0,7866.0,315.0,0.0025,0,0,0.0,0,0.09843373647715342,0,0.06818181818181818,0,0.02,2.166617791646361,0.573088239276331
1514,5051.42,6403.026,1236.0,0.0025,0,0,0.0,0,0.011642816370323337,0,0.0,0,0.0,0.3275380915496576,0.5727598521403907
1515,5555.229,6806.051,1156.639,3.108,1,1,0.6,1,0.5770051165160649,1,1.0,1,0.85,0.7879085122862611,0.5722698466399472
1516,13162.24,7721.219,1399.0,0.132,1,1,0.6,1,0.7197351114259529,0,0.06719367588932806,0,0.41,0.27366907629168585,0.5713744092640214
1517,4393.198,7633.17,361.0,0.0025,0,0,0.0,0,0.0005382462100652593,0,0.0,0,0.0,0.3275380915496576,0.5713283559509343
1518,6576.0,8180.0,797.0,0.046,0,0,0.0,0,0.14099958804794185,0,0.0,0,0.08,2.090133869998031,0.5710420424104604
1519,3220.0,6270.0,208.0,0.0025,0,0,0.0,0,0.04835097642645496,0,0.0,0,0.01,0.40377644461421847,0.5692479267262784
1520,5336.5,6602.0,1121.0,0.063,0,0,0.4,0,0.3053721423614844,0,0.0,0,0.03,0.3697570817920627,0.5672520193792214
1521,4730.0,7936.0,275.0,0.0025,0,0,0.0,0,0.06975367325126376,0,0.0,0,0.01,1.945753096399772,0.5665253704694245
1522,6585.25,8214.579,819.0,0.271,1,0,0.2,1,0.9851443774292489,1,1.0,1,0.86,0.7148815974459514,0.5660952327929641
1523,8628.965,6719.967,1375.089,0.008,0,0,0.0,0,0.10379366956235427,0,0.0,0,0.04,1.2626317675957817,0.5658886529818026
1524,7777.02,5872.0,1369.029,0.0025,0,0,0.4,0,0.07987695646416902,1,0.8888888888888888,0,0.13,0.5331138592526267,0.565436792150424
1525,7032.841,8908.628,658.0,0.005,0,0,0.0,0,0.0024146347556245206,0,0.03278688524590164,0,0.04,0.8906803852775735,0.5644254269884407
1526,4729.95,7936.9,275.0,0.0025,0,0,0.0,0,0.10017333203769786,0,0.0,0,0.01,1.9622173115062451,0.5638247317063703
1527,5863.0,3931.0,844.0,0.0025,0,0,0.2,0,0.26938506231229786,0,0.06818181818181818,0,0.03,0.4807567579028462,0.5624928213775588
1528,5795.0,6186.0,1293.0,0.0025,0,0,0.2,0,0.0800981270209851,0,0.0,0,0.0,0.21454629931543162,0.5611155737468043
1529,5415.241,6352.257,1292.149,0.0025,0,0,0.0,0,0.2812985178228601,0,0.06818181818181818,0,0.01,0.3915132895280827,0.5604646267997502
1530,5136.996,6318.009,1292.959,0.082,0,0,0.0,0,0.053012629473186045,0,0.06719367588932806,0,0.11,0.3638554404035507,0.5592760513652858
1531,5674.576,3343.853,1130.0,0.256,1,1,1.0,1,0.9982179369343852,1,1.0,1,0.75,0.19706656522073104,0.5591839558876328
1532,20477.0,6665.0,1264.0,0.361,1,0,0.4,1,0.9855255560108858,1,1.0,0,0.4,2.0682843557283377,0.5543047011426695
1533,7343.085,8828.71,697.0,0.033,0,0,0.0,0,0.03658924158196683,0,0.0,0,0.01,0.45156210870259195,0.5539129068427768
1534,4630.0,7871.0,316.0,0.01,0,0,0.0,0,0.08295517722935077,0,0.06719367588932806,0,0.02,2.690370707725244,0.5536638185527581
1535,7734.0,5341.987,1412.109,0.008,0,0,0.2,0,0.08089213471381605,0,0.06719367588932806,0,0.1,1.3238307337324429,0.5536357472635549
1536,5272.383,8025.099,556.0,0.0025,0,0,0.0,0,0.11735566648877842,0,0.0,0,0.0,0.36887483222919454,0.5529493145385376
1537,13637.0,7880.0,1442.0,0.0025,0,0,0.0,0,0.00361246826048313,0,0.0,0,0.0,0.38552378108909185,0.5508314523689104
1538,5110.0,6425.0,1190.0,0.066,0,0,0.4,0,0.1918359559721854,0,0.0,0,0.11,0.1790716091693414,0.5497265486003331
1539,3967.317,6290.059,626.0,0.006,0,0,0.0,0,0.004607646445944792,0,0.0,0,0.0,0.6603562144717818,0.5490123953934739
1540,5857.7,6231.0,1297.0,0.0025,0,0,0.0,0,0.007736349628627865,0,0.0,0,0.0,0.28009205566249185,0.5486128474656806
1541,6112.919,7128.661,1147.359,0.008,0,0,0.0,0,0.0022486102510970067,0,0.0,0,0.0,1.3277400407895552,0.5472262010550348
1542,5377.0,6984.0,973.0,0.0025,0,0,0.0,0,0.0025584619008849206,0,0.0,0,0.0,0.38552378108909185,0.546950592909575
1543,3880.602,7340.998,137.0,0.0025,0,0,0.2,0,0.07333291612067762,0,0.0,0,0.04,2.8732930035625777,0.5450233910218006
1544,5296.0,5976.0,1178.0,0.009,0,0,0.0,0,0.015283652616593257,0,0.0,0,0.01,0.26154697431436547,0.5446460361998242
1545,6204.0,7106.0,1207.0,0.0025,0,0,0.0,0,0.004871155624657825,0,0.0,0,0.0,0.3275380915496576,0.5435796987933208
1546,6756.568,7967.345,968.0,0.0025,0,0,0.0,0,0.14452333091399155,0,0.03278688524590164,0,0.06,1.9988260721747306,0.543482131599784
1547,9431.033,6312.041,1496.709,0.006,0,0,0.0,0,0.031014077251810265,0,0.06719367588932806,0,0.01,0.3251514733447335,0.5419911941920008
1548,7314.843,7553.961,1206.779,0.005,0,0,0.4,0,0.09466725280052397,0,0.06818181818181818,0,0.0,0.2681894543813378,0.5415887554930061
1549,7412.519,8835.057,677.0,0.0025,0,0,0.0,0,0.0026697973372350244,0,0.0,0,0.0,0.3972496056255347,0.5410438546220546
1550,3311.214,6922.763,20.0,0.0025,0,0,0.0,0,0.08059991705581171,0,0.0,0,0.02,4.0316023493216635,0.5397148232396289
1551,6235.006,8239.024,694.0,0.0025,0,0,0.2,0,0.13374591565073168,0,0.0,0,0.05,0.37019790092159777,0.5396749349323274
1552,4448.574,6502.089,832.0,0.463,1,0,0.2,0,0.14584805371459042,1,1.0,0,0.39,0.38006176183292295,0.5396337074164081
1553,7575.762,7439.146,1229.0,0.011,0,0,0.2,0,0.1361682489412248,0,0.06719367588932806,0,0.09,0.5463250187851839,0.5386013983159044
1554,4625.0,7887.0,310.0,0.0025,0,0,0.0,0,0.06459666851109185,0,0.06818181818181818,0,0.01,1.945753096399772,0.5363023823861224
1555,4412.266,7508.274,381.0,0.0025,0,0,0.0,0,1.2698475220512378e-06,0,0.0,0,0.02,0.3270633553995527,0.5354362332320219
1556,10896.122,5998.548,1514.0,0.0025,0,0,0.0,0,0.006380362755609747,0,0.0,0,0.0,0.3044823647206258,0.5343036294305819
1557,7128.0,7342.0,1155.0,0.009,0,0,0.4,0,0.09944204362262825,0,0.0,0,0.01,2.1951635500374658,0.533235895612541
1558,7756.236,7420.633,1173.0,0.0025,0,0,0.0,0,0.07519385049526692,0,0.03278688524590164,0,0.0,0.22462595043377404,0.5328622802992814
1559,7572.724,6320.114,1310.916,0.016,0,0,0.0,0,0.02452192355848281,0,0.0,0,0.37,0.8262520108398246,0.5325835855038774
1560,6335.46,9129.624,635.0,0.007,0,0,0.0,0,0.018118849814420458,0,0.06818181818181818,0,0.03,0.8144755319233385,0.5323540355980482
1561,4723.0,5995.0,1040.0,0.042,0,0,0.0,0,0.09500690612695974,0,0.0,0,0.09,0.26154697431436547,0.5318714073710167
1562,8133.972,6448.141,1393.621,0.017,0,0,0.0,0,0.06395220145030275,0,0.06818181818181818,0,0.06,0.5518085785059272,0.5309760276337818
1563,6504.037,7781.998,941.609,0.051,0,0,0.0,0,0.08940087573230619,0,0.06818181818181818,0,0.02,0.4962800857542099,0.5307088795053505
1564,353.0,8869.0,792.0,0.005,0,0,0.0,0,0.0720438959048235,0,0.06719367588932806,0,0.03,3.04463314284921,0.5303901850613368
1565,4513.0,7794.0,335.0,0.073,0,0,0.2,0,0.21147590257603174,0,0.0,0,0.17,1.2251499444637322,0.5294849034993909
1566,4698.232,6240.856,1101.0,0.029,0,0,0.2,0,0.10030751768821775,0,0.06719367588932806,0,0.04,0.642823384885232,0.529033605181847
1567,5306.604,8039.198,577.0,0.009,0,0,0.0,0,0.09293456906741172,0,0.03278688524590164,0,0.01,0.2736263681919215,0.5287042552681459
1568,4912.899,6732.387,995.0,0.333,1,1,0.6,0,0.15061258706815167,1,1.0,1,0.74,0.5114378683622137,0.5283807178075688
1569,5475.0,6812.0,1097.0,0.0025,0,0,0.0,0,0.04765538202279992,0,0.0,0,0.0,0.6456221221577562,0.5282852873978033
1570,10305.26,6105.792,1479.71,0.011,0,0,0.0,0,0.07592228352045023,0,0.06818181818181818,0,0.01,0.7138818484676925,0.5255989751829885
1571,6348.912,7353.111,1040.209,0.018,0,0,0.0,0,0.0010883818016991565,0,0.02702702702702703,0,0.0,1.2030812465920673,0.5251821173843202
1572,10888.49,5866.683,1530.07,0.02,0,0,0.2,0,0.05807388293668405,0,0.0,0,0.1,0.3949779786067518,0.524185180159727
1573,3327.0,6108.0,359.0,0.081,0,0,0.0,0,0.030441174744379133,0,0.07142857142857142,0,0.04,0.867765532360684,0.5229701163046913
1574,7646.0,7409.0,1213.0,0.005,0,0,0.0,0,0.07918913008964774,0,0.0,0,0.01,0.4915888632108397,0.522236684654904
1575,4500.0,7796.0,333.0,0.006,0,0,0.2,0,0.06597995591967967,0,0.06818181818181818,0,0.07,2.8012899384595498,0.5218721847094827
1576,4844.595,6211.493,1255.079,0.007,0,0,0.0,0,0.0066954945147849505,0,0.0,0,0.0,0.44963778792612696,0.5209809399923166
1577,6645.372,5139.584,1171.169,0.011,0,0,0.2,0,0.013833899798682388,0,0.0,0,0.0,0.38552378108909185,0.5190961959065751
1578,5771.154,3427.561,1136.18,0.008,0,0,0.2,0,0.13761930564282118,0,0.0,0,0.18,0.1884816751837392,0.5182553881676574
1579,6550.342,8313.49,772.0,0.082,0,0,0.0,0,0.10473007730069303,0,0.06719367588932806,0,0.09,0.3506934920509861,0.5164180622719478
1580,5426.278,6358.629,1317.0,0.005,0,0,0.0,0,0.017582111537196222,0,0.0,0,0.0,0.3270633553995527,0.5153663606663159
1581,7572.304,5131.126,1417.039,0.009,0,0,0.0,0,0.08711021514746425,0,0.06818181818181818,0,0.04,0.7556990079866458,0.5151743837699119
1582,4717.746,6243.939,1077.0,0.754,1,0,0.2,0,0.08969442679042265,1,1.0,1,0.75,0.3435303899431743,0.5149215890349628
1583,5412.525,8021.974,589.0,0.021,0,0,0.2,0,0.10441322027075356,0,0.06719367588932806,0,0.26,0.5042496565151025,0.5139329732388391
1584,4215.749,6669.771,639.0,0.016,0,0,0.0,0,0.036494851640312985,0,0.0,0,0.01,0.5198649419321464,0.5135991109527995
1585,7763.773,7522.919,1115.0,0.0025,0,0,0.0,0,0.02242143791280872,0,0.0,0,0.0,1.5238623088541305,0.5132586475645028
1586,4641.46,6627.546,875.0,0.012,0,0,0.0,0,0.17276484380368018,0,0.06818181818181818,0,0.07,0.4591866749701137,0.5127549188613164
1587,7181.995,5262.575,1387.149,0.006,0,0,0.0,0,0.12569460549213032,0,0.06719367588932806,0,0.04,0.6258095778037116,0.5123258298196501
1588,7389.0,7344.0,1285.0,0.086,0,0,0.0,0,0.4202215238513959,1,0.8947368421052632,0,0.13,0.379401664951964,0.5118670271787691
1589,8527.44,5936.09,1379.58,0.029,0,0,0.0,0,8.25268194214922e-05,0,0.0,0,0.0,1.1532947647043266,0.5107865554221596
1590,8260.229,8339.02,890.0,0.0025,0,0,0.0,0,0.12291380232123693,0,0.0,0,0.02,0.39384290434389113,0.5088467019302927
1591,7090.549,8873.495,656.0,0.0025,0,0,0.0,0,0.0006125508395597514,0,0.0,0,0.0,0.38552378108909185,0.503913158364136
1592,6101.0,7776.0,774.0,0.0025,0,0,0.0,0,0.050601280931227996,0,0.03278688524590164,0,0.01,1.9988260721747306,0.5038853692077541
1593,6973.099,4908.679,1117.0,0.401,1,0,0.2,1,0.5657831073282102,1,1.0,1,0.8,0.4869043355376148,0.4998056090139754
1594,8045.973,6590.005,1381.939,0.007,0,0,0.2,0,0.09275538728536761,0,0.06719367588932806,0,0.09,0.21471249401676262,0.4990509590309702
1595,6746.803,7654.855,1054.389,0.017,0,0,0.0,0,0.11233328388593666,0,0.0,0,0.06,0.36681153191302734,0.4981199565071011
1596,4181.874,7636.848,196.69,0.013,0,0,0.0,0,0.011399973173143866,0,0.06719367588932806,0,0.01,0.6877321930069441,0.4980871938779036
1597,6559.0,8265.0,774.0,0.092,0,0,0.0,0,0.20323543174575726,0,0.0,0,0.4,0.19134108715617842,0.4971667201109649
1598,9473.0,6468.0,1501.0,0.009,0,0,0.0,0,0.09749789029020718,0,0.06719367588932806,0,0.06,0.7556990079866456,0.49680733154245715
1599,5415.344,7888.669,657.0,0.008,0,0,0.2,0,0.18855643160961572,0,0.0,0,0.03,0.16856678423600555,0.4963234620880091
1600,8606.778,5875.272,1436.569,0.005,0,0,0.2,0,0.10333240219259121,0,0.0,0,0.03,1.3850928397310818,0.49523658460105
1601,4918.0,6713.0,1005.0,0.21,1,0,0.4,0,0.042532271609804426,1,0.8888888888888888,1,0.75,0.7971074893040758,0.49516677385849633
1602,6457.475,8521.712,631.0,0.0025,0,0,0.0,0,0.032240594585645675,0,0.06719367588932806,0,0.04,0.5573545727342072,0.4948726025634976
1603,5475.0,6712.0,1135.0,0.012,0,0,0.0,0,0.14497176009494192,0,0.0,0,0.01,0.496373975266243,0.4947116696773371
1604,3943.527,6421.15,586.0,0.01,0,0,0.2,0,0.06484709788188575,0,0.0,0,0.01,0.8314774929919642,0.49318233978312864
1605,5407.75,8024.675,590.0,0.009,0,0,0.0,0,0.10882781668928806,0,0.0,0,0.01,0.14949600918574585,0.49073995467066944
1606,4846.153,6213.969,1157.0,0.235,1,0,0.4,0,0.24901071564223626,1,1.0,0,0.31,0.4420969601141798,0.48980242665735885
1607,6478.008,7737.954,941.609,0.416,1,0,0.2,0,0.11442334181631629,0,0.06719367588932806,0,0.28,0.27741561621161615,0.4895757686172858
1608,9717.313,3175.588,1463.229,0.29,1,0,0.2,1,0.879154358987684,1,1.0,1,0.74,1.1532947647043266,0.4885212218905095
1609,8654.0,6665.0,1371.0,0.0025,0,0,0.4,0,0.017734767624263188,0,0.0,0,0.0,0.3979290805919187,0.48781508117994243
1610,5340.0,8030.0,586.0,0.007,0,0,0.0,0,0.08372405582177904,0,0.0,0,0.05,0.5181242811592743,0.4865153676103211
1611,12448.019,9465.28,1366.139,0.246,1,0,0.2,0,0.44856929494770537,1,1.0,1,0.69,0.3308657942470722,0.4863972444216842
1612,6836.096,7897.925,985.0,0.013,0,0,0.0,0,0.12477132256620539,0,0.06818181818181818,0,0.05,1.9988260721747306,0.4860222897618902
1613,8104.991,6453.993,1414.849,0.009,0,0,0.0,0,0.02284266508047227,0,0.0,0,0.0,0.21692920804572766,0.48594652122155846
1614,5795.033,8225.54,685.0,0.019,0,0,0.0,0,0.14810588840459574,0,0.06818181818181818,0,0.0,0.2725388305042511,0.48329936850917987
1615,12428.873,9420.568,1367.92,0.006,0,0,0.0,0,0.006656722726765008,0,0.06719367588932806,0,0.08,0.3564281388379975,0.48261154197597866
1616,5941.0,8500.0,510.0,0.0025,0,0,0.0,0,0.07888996604113013,0,0.0,0,0.02,0.6452825720761317,0.4816265602818514
1617,5110.048,6320.006,1292.959,0.007,0,0,0.0,0,0.0024519688422677054,0,0.0,0,0.0,0.38552378108909185,0.4810684752069707
1618,7692.0,7180.0,1275.0,0.047,0,0,0.2,0,0.1960992702702087,0,0.06719367588932806,0,0.15,0.31492170200469916,0.47952875746343315
1619,6647.031,5139.525,1171.169,0.006,0,0,0.0,0,0.07331931717386402,0,0.0,0,0.05,0.6603562144717818,0.47877893236640173
1620,5478.022,6750.038,1111.139,0.024,0,0,0.0,0,0.007409508144781121,0,0.0,0,0.0,0.7798154784357898,0.47833581642114864
1621,6183.965,8349.394,624.0,0.008,0,0,0.0,0,0.05237947449412561,0,0.0,0,0.02,0.3079006477325389,0.47579812689526074
1622,2506.0,13023.0,1097.0,0.0025,0,0,0.0,0,0.0010582360150513043,0,0.0,0,0.0,0.38552378108909185,0.4757712957871909
1623,6778.701,7628.489,1086.0,0.011,0,0,0.2,0,0.15665696361706755,0,0.03278688524590164,0,0.02,0.7601661206991284,0.4750959127890201
1624,5419.722,6356.106,1317.0,0.012,0,0,0.0,0,0.022324351271492234,0,0.0,0,0.01,0.3270633553995527,0.47467990553988626
1625,12182.615,9451.037,1345.29,0.0025,0,0,0.0,0,0.000508041719221303,0,0.06719367588932806,0,0.06,0.3270633553995527,0.47353486996573513
1626,9473.0,6878.0,1461.0,0.0025,0,0,0.0,0,0.07465836892979993,0,0.0,0,0.0,0.43026243519031376,0.4697840539465551
1627,5424.413,6358.067,1317.0,0.073,0,0,0.0,0,0.12527961540268417,0,0.06818181818181818,0,0.01,1.231835628701291,0.46879295271349986
1628,3366.177,6982.82,43.0,0.019,0,0,0.0,0,0.03377369663533998,0,0.38461538461538464,0,0.05,2.6474973578345065,0.46844176459259984
1629,14537.849,9549.684,1452.959,0.475,1,1,1.0,1,0.9994685783789888,1,0.7,1,0.78,1.0571207764127415,0.4671173782038439
1630,6427.052,7799.977,941.609,0.052,0,0,0.2,0,0.1132687964234996,0,0.03278688524590164,0,0.04,0.8492175899817225,0.4665064133305207
1631,5521.08,8370.677,586.0,0.007,0,0,0.0,0,0.14805434764264425,0,0.0,0,0.05,1.0509155315129313,0.4649895185747326
1632,7391.854,7454.328,1259.0,0.012,0,0,0.0,0,0.06901204461092297,0,0.06719367588932806,0,0.05,0.8317236167013481,0.4648464071753484
1633,4994.261,8198.576,413.0,0.0025,0,0,0.0,0,0.056686008392750786,0,0.06818181818181818,0,0.01,1.0030876182638038,0.4639535295829147
1634,12372.0,9466.0,1400.0,0.026,0,0,0.2,0,0.12208522863433148,0,0.06719367588932806,0,0.05,0.2948700784028428,0.46300287634789006
1635,5106.18,8329.73,355.0,0.113,1,0,0.2,0,0.32438708744760136,1,1.0,1,0.65,0.32093524448004096,0.46241949937646143
1636,7473.67,5171.429,1417.039,0.0025,0,0,0.0,0,0.0027410271749323126,0,0.0,0,0.0,1.1532947647043266,0.4621165964141488
1637,5528.433,7720.967,753.0,0.0025,0,0,0.0,0,0.02841503436788811,0,0.0,0,0.0,1.7570479619914274,0.46077092986162776
1638,13401.108,7930.185,1451.0,0.015,0,0,0.0,0,0.0008118466156939702,0,0.0,0,0.0,0.2770138185805673,0.46058631093458047
1639,7138.644,8878.503,642.0,0.0025,0,0,0.0,0,0.001419803609234058,0,0.0,0,0.0,1.3277400407895552,0.4604565312770611
1640,5951.538,3707.239,993.34,0.532,1,1,1.0,1,0.9999997923347097,1,1.0,1,0.92,1.0608217103487565,0.46005597812563004
1641,6756.999,7698.019,1054.389,0.046,0,0,0.2,0,0.1482678479151308,0,0.06719367588932806,0,0.04,0.4171976068815252,0.459693037042919
1642,5516.238,6887.632,1040.0,0.119,1,0,0.2,0,0.1535731451479314,0,0.06719367588932806,1,0.78,0.36887483222919454,0.4593283047359712
1643,4482.802,6411.963,947.0,0.028,0,0,0.0,0,0.13118860496480605,0,0.06719367588932806,0,0.12,0.19096504705989925,0.45879686016429705
1644,10484.254,9252.733,1298.0,0.005,0,0,0.0,0,0.0037504509629265716,0,0.0,0,0.0,0.3439207102864855,0.4548397302572264
1645,5866.906,6076.423,1240.0,0.0025,0,0,0.2,0,0.20815764671963985,0,0.0,0,0.01,0.2789623828106821,0.4534020075968498
1646,4685.0,7904.0,320.0,0.0025,0,0,0.0,0,0.050666314626768676,0,0.0,0,0.03,3.35541615142843,0.45285043827588056
1647,4916.943,6722.159,1021.0,0.434,1,0,0.2,1,0.6040099397571328,1,0.8947368421052632,1,0.81,0.3735103351097082,0.4519825946268114
1648,4587.0,6403.0,1007.0,0.119,1,0,0.2,0,0.041245435078905116,1,1.0,1,0.68,0.38552378108909185,0.45178019430224303
1649,4848.251,6220.151,1155.0,0.254,1,0,0.4,1,0.9408340387786356,1,1.0,1,0.73,0.189655488262843,0.4510513560059596
1650,4982.0,6735.0,984.0,0.054,0,0,0.0,0,0.084320440477369,0,0.0,0,0.04,0.6603562144717818,0.44946794221665287
1651,2579.966,2221.598,516.659,0.197,1,1,0.8,1,0.9820895809317359,1,1.0,1,0.92,0.6530959113559103,0.44909850051527983
1652,4993.0,8197.0,396.0,0.0025,0,0,0.0,0,0.0782169813791213,0,0.0,0,0.01,2.6474973578345073,0.4487221217041337
1653,6351.051,7687.279,863.0,0.006,0,0,0.0,0,0.09006738654678784,0,0.06818181818181818,0,0.03,0.21463766824256172,0.44557376590642295
1654,4649.203,6287.79,1064.0,0.026,0,0,0.0,0,0.08641569629535531,0,0.06719367588932806,0,0.05,0.6603562144717818,0.44441674244672447
1655,4925.0,8133.0,332.0,0.03,0,0,0.0,1,0.5858113745288248,0,0.38461538461538464,0,0.19,0.6571518730744634,0.44354127383853914
1656,7390.36,8812.382,690.0,0.01,0,0,0.0,0,0.0191126064821279,0,0.0,0,0.05,0.5156288481116104,0.44189049867865954
1657,5348.0,6605.0,1119.0,0.02,0,1,0.6,0,0.24913838842483715,0,0.0,0,0.02,0.3695965143461422,0.43642119451058925
1658,7879.174,5764.615,1465.839,0.006,0,0,0.2,0,0.1132273699126958,0,0.06719367588932806,0,0.05,0.9816794443744505,0.43636264733533203
1659,5412.298,6352.81,1317.0,0.0025,0,0,0.0,0,0.015051924486557518,0,0.0,0,0.0,0.2763503195288376,0.4355824198627182
1660,7136.525,8878.642,641.0,0.0025,0,0,0.0,0,0.00037511203668030016,0,0.0,0,0.0,0.38552378108909185,0.4351375604262222
1661,5392.816,7889.858,640.0,0.011,0,0,0.0,0,0.17922728957410194,0,0.0,0,0.03,0.23709061587734462,0.43504714398453453
1662,6199.521,7206.243,1169.099,0.011,0,0,0.0,0,0.005339389547031654,0,0.0,0,0.0,0.38552378108909185,0.43459361054308443
1663,6072.0,8449.0,564.0,0.012,0,0,0.0,0,0.08976794143230352,0,0.0,0,0.01,0.5210973085861356,0.43217592387418524
1664,6847.915,6724.651,1337.959,0.0025,0,0,0.0,0,0.0036658900803937062,0,0.0,0,0.0,0.38552378108909185,0.42963764784647235
1665,7173.952,8898.108,666.35,0.098,0,0,0.2,0,0.00330602099396777,0,0.06719367588932806,0,0.08,0.698398016541767,0.4279954275748218
1666,7625.0,9168.0,914.0,0.0025,0,0,0.0,0,0.14871559342172957,0,0.0,0,0.02,1.1355087111420565,0.42750456009641147
1667,5421.62,7889.622,656.0,0.01,0,0,0.0,0,0.15560550210004484,0,0.06818181818181818,0,0.03,0.20017147685941877,0.42521981204789366
1668,5259.459,6499.908,1175.0,0.0025,0,0,0.0,0,0.008120012629636637,0,0.0,0,0.0,0.34046017597791484,0.4250437572201695
1669,3885.334,7346.629,138.0,0.0025,0,0,0.0,0,0.002699107295065639,0,0.02702702702702703,0,0.03,0.6126694345145667,0.4244022603247901
1670,4845.839,2874.287,1312.0,0.0025,0,0,0.0,0,2.3461680714559357e-05,0,0.0,0,0.0,1.1532947647043266,0.42408113203785314
1671,5228.769,7985.177,543.0,0.0025,0,0,0.0,0,0.049009617655124946,0,0.0,0,0.01,2.253745959901584,0.4237169938953189
1672,5515.665,6887.556,1040.0,0.056,0,0,0.4,0,0.29701445094091605,0,0.0,0,0.03,0.23992530372986381,0.42277469515842464
1673,7747.847,7168.944,1272.0,0.025,0,0,0.2,0,0.10674155693822705,0,0.06719367588932806,0,0.09,0.30418616305335144,0.4213666225726628
1674,6360.191,7690.664,879.0,0.0025,0,0,0.0,0,0.05608225407055325,0,0.03278688524590164,0,0.0,0.21463766824256172,0.41999890817841273
1675,7359.948,7465.966,1280.549,0.292,1,0,0.0,1,0.6459927755550388,1,1.0,0,0.48,0.37940166495196403,0.41730142605471504
1676,8183.008,6994.023,1317.179,0.01,0,0,0.0,0,0.05360614552840922,0,0.06719367588932806,0,0.02,0.344403436502582,0.41710490166097736
1677,5557.228,8030.05,569.0,0.0025,0,0,0.0,0,0.0738252012896923,0,0.0,0,0.0,0.2748189640429631,0.41675993935758604
1678,4180.011,6659.249,625.0,0.018,0,0,0.0,0,0.06009650668403641,0,0.02702702702702703,0,0.02,0.7138818484676923,0.416268187501724
1679,8207.95,6967.989,1317.179,0.047,0,0,0.0,0,0.03540785111653812,0,0.0,0,0.0,0.21476576465519834,0.41361666417920306
1680,5076.036,7728.606,561.0,0.008,0,0,0.0,0,0.012471298105054698,0,0.0,0,0.0,1.1532947647043266,0.41355688452176315
1681,8503.516,5901.5,1436.569,0.008,0,0,0.0,0,0.03647278158615689,0,0.06719367588932806,0,0.11,0.24597975446923148,0.4129883352142645
1682,9450.959,6322.051,1496.709,0.014,0,0,0.0,0,0.08331870063216411,0,0.06719367588932806,0,0.03,0.40486753432334255,0.41241482789096434
1683,3884.067,6550.643,511.0,0.013,0,0,0.0,0,0.007021379080520778,0,0.0,0,0.02,0.4215476378590439,0.41171959461512864
1684,4515.0,6105.0,943.0,0.015,0,0,0.0,0,0.09593599729326319,0,0.0,0,0.02,0.8429942430182458,0.41126699027406644
1685,7591.791,8775.412,755.0,0.0025,0,0,0.0,0,0.020396868904675645,0,0.0,0,0.02,0.33167570944504426,0.40970379284525227
1686,4881.0,5974.0,1097.0,0.011,0,0,0.0,0,0.011841293759117338,0,0.0,0,0.01,0.22324674386625395,0.40845213988772705
1687,7413.037,9176.006,930.3,0.005,0,0,0.0,0,0.08880579100652487,0,0.0,0,0.01,0.38552378108909185,0.4083891672864198
1688,4687.45,7913.95,315.0,0.005,0,0,0.0,0,0.026382038670580907,0,0.06818181818181818,0,0.0,0.9043550322269829,0.4063826523902436
1689,6895.546,5170.002,1296.379,0.007,0,0,0.0,0,0.0010434245917108076,0,0.0,0,0.0,0.38552378108909185,0.4060225457465441
1690,5259.106,7957.47,567.0,0.0025,0,0,0.0,0,0.06279906210881529,0,0.0,0,0.0,0.6262094155402735,0.4054734419293521
1691,9402.416,6919.178,1364.12,0.011,0,0,0.0,0,0.08232349273755844,0,0.03278688524590164,0,0.01,0.21463766824256172,0.4052155640174687
1692,5417.933,7122.751,881.0,0.011,0,0,0.0,0,0.06083043148565925,0,0.06719367588932806,0,0.0,0.46851839798465056,0.40471876156435127
1693,6376.753,6661.73,1293.0,0.009,0,0,0.0,0,0.3722582043549594,0,0.0,0,0.03,0.34046017597791484,0.4035170106057313
1694,5398.0,6853.0,1052.0,0.073,0,0,0.0,0,0.2130225580500033,0,0.06818181818181818,0,0.05,0.4583532489167295,0.4034643115639764
1695,7516.58,7507.325,1234.0,0.028,0,0,0.2,0,0.034069277016291186,0,0.06818181818181818,0,0.07,0.35800586612278285,0.4003478576631665
1696,10722.304,7925.479,1305.0,0.0025,0,0,0.0,0,5.669681453662295e-05,0,0.0,0,0.0,1.3540430783819428,0.3975611460561646
1697,5415.317,7886.495,657.0,0.009,0,0,0.0,0,0.13482283899969696,0,0.0,0,0.0,0.3199581099474837,0.3960250645974116
1698,5414.701,6353.784,1317.0,0.0025,0,0,0.0,0,0.008849177921918073,0,0.0,0,0.0,0.2770138185805673,0.3959481332496952
1699,5512.583,8019.745,569.0,0.008,0,0,0.0,0,0.10202559245951559,0,0.0,0,0.0,0.42437470215796097,0.39220700929037167
1700,4978.0,6777.0,940.0,0.022,0,0,0.0,0,0.12322278290449194,0,0.0,0,0.08,0.3842920309379133,0.39197802254204644
1701,7634.0,7420.0,1220.0,0.011,0,0,0.0,0,0.05397589639393007,0,0.06818181818181818,0,0.05,0.3798396859361727,0.39087882955165415
1702,6526.869,7759.846,941.609,0.296,1,0,0.2,0,0.0628008028199926,0,0.06818181818181818,1,0.74,0.5848314025771588,0.3856504545071582
1703,11813.631,6042.868,1490.58,0.0025,0,0,0.0,0,0.002100095988875518,0,0.0,0,0.04,0.3270633553995527,0.38548778521971244
1704,6363.367,6658.965,1292.0,0.01,0,0,0.2,0,0.052127493309418176,0,0.0,0,0.02,0.3263977263200935,0.38528118896192665
1705,4916.0,6713.0,1005.0,0.471,1,0,0.4,0,0.026301304913980705,1,0.8888888888888888,1,0.68,0.38552378108909185,0.3847824906233982
1706,10760.0,6173.0,1454.0,0.009,0,0,0.2,0,0.09861403601259913,0,0.06719367588932806,0,0.08,0.20344797290742975,0.3847378462383716
1707,7333.999,7453.029,1280.549,0.013,0,0,0.0,0,0.058606123175401884,0,0.06719367588932806,0,0.08,0.4831533937795223,0.38390863830610533
1708,9926.649,9451.377,1364.0,0.0025,0,0,0.0,0,0.01646751615057154,0,0.0,0,0.02,0.33057508587079576,0.3826832108406106
1709,5523.253,8011.928,571.0,0.0025,0,0,0.0,0,0.07507210133764539,0,0.06719367588932806,0,0.01,0.5210973085861356,0.3824776080397763
1710,6383.0,7480.0,975.0,0.0025,0,0,0.0,0,0.0020750492319091076,0,0.0,0,0.0,0.38552378108909185,0.38217464655435945
1711,7303.975,9180.48,885.98,0.0025,0,0,0.0,0,0.0010305822984401538,0,0.02702702702702703,0,0.0,0.38552378108909185,0.3820463990847872
1712,6140.26,3753.21,1002.98,0.0025,0,0,0.0,0,0.004530599150955289,0,0.0,0,0.02,0.38020164305206133,0.38191855270205805
1713,7985.52,5480.849,1514.0,0.096,0,0,0.0,0,0.04040689487847638,0,0.06719367588932806,0,0.06,0.21463766824256172,0.38050946264424607
1714,9371.006,6257.988,1496.709,0.005,0,0,0.0,0,0.00834100039031663,0,0.0,0,0.01,0.31892907400416276,0.37159073764328754
1715,5074.0,6454.0,1170.0,0.027,0,0,0.0,0,0.08515800567513093,0,0.0,0,0.01,0.6116546221224608,0.37083542880634535
1716,10960.114,6020.15,1530.0,0.007,0,0,0.0,0,0.03180061784109868,0,0.06719367588932806,0,0.19,0.3044823647206258,0.3691790071992881
1717,7744.797,7279.979,1228.0,0.009,0,0,0.0,0,0.14476227590111176,0,0.06719367588932806,0,0.09,0.19556580700474455,0.3687009892517168
1718,8410.048,6107.97,1444.589,0.129,1,0,0.0,0,0.0500995527830491,0,0.06719367588932806,0,0.21,0.5720644428612864,0.36846118753170576
1719,5337.068,6535.113,1183.0,0.006,0,0,0.0,0,0.04017045678904622,0,0.0,0,0.01,0.3275380915496576,0.3681915913459371
1720,8684.346,8882.298,1024.02,0.0025,0,0,0.0,0,0.03273108972641693,0,0.03278688524590164,0,0.01,0.9417391941056503,0.3667241983399029
1721,4830.908,3029.586,1298.34,0.0025,0,0,0.0,0,0.00028804866688746604,0,0.0,0,0.0,1.1532947647043266,0.3666528740582466
1722,3887.125,7344.043,138.0,0.0025,0,0,0.0,0,0.0009492210046395078,0,0.02702702702702703,0,0.04,0.7138818484676925,0.3657698231156028
1723,5266.486,6328.552,1308.0,0.01,0,0,0.0,0,0.010939761503815214,0,0.0,0,0.0,0.38552378108909185,0.3646733333352913
1724,6554.0,6930.0,1267.069,0.0025,0,0,0.0,0,0.0017324761782112005,0,0.0,0,0.0,1.4147130680143842,0.36454525031617185
1725,5039.128,6497.076,1140.0,0.006,0,0,0.0,0,0.020577730055514207,0,0.0,0,0.0,0.28009205566249185,0.3631560803117162
1726,15213.821,8954.097,1392.959,0.007,0,0,0.0,0,2.1223348669464428e-05,0,0.0,0,0.01,1.1532947647043266,0.36075945515954105
1727,7595.851,8804.479,799.0,0.0025,0,0,0.0,0,0.032643534031373586,0,0.03278688524590164,0,0.03,0.20658227498102433,0.3598538173230394
1728,4697.819,6262.421,1090.0,0.403,1,1,0.6,0,0.1747947563983014,0,0.06719367588932806,1,0.66,0.37724538704467625,0.35925572177597104
1729,9276.343,7158.845,1383.0,0.005,0,0,0.2,0,0.02403448004767089,0,0.0,0,0.07,0.3596696015093262,0.35907098999696896
1730,7646.665,9257.735,960.0,0.011,0,0,0.0,0,0.05776104776556732,0,0.0,0,0.04,1.231748521164469,0.35855748590249936
1731,11635.881,9834.686,1395.03,0.021,0,0,0.0,0,0.0003831274055602692,0,0.06719367588932806,0,0.04,1.177770310169651,0.35850133513334514
1732,5335.222,6547.512,1146.0,0.006,0,0,0.0,0,0.1437561428819658,0,0.0,0,0.02,0.6456221221577562,0.357797308833531
1733,363.0,8021.0,790.0,0.0025,0,0,0.4,0,0.225495223946444,0,0.0,0,0.02,0.4378340358567687,0.35440581792489917
1734,6312.578,9072.216,596.0,0.0025,0,0,0.0,0,0.018720165646474544,0,0.0,0,0.0,0.8213559576625604,0.3535659341449548
1735,4183.024,7636.848,196.69,0.018,0,0,0.0,0,0.0037403339172200362,0,0.06719367588932806,0,0.01,1.1397722206627607,0.3526336344983201
1736,10760.233,5765.308,1540.0,0.05,0,0,0.2,0,0.13679690331555225,0,0.06719367588932806,0,0.17,0.433938876104343,0.3517005293408895
1737,7868.927,5392.414,1461.0,0.011,0,0,0.0,0,0.025730932275466988,0,0.03278688524590164,0,0.0,0.32870654023310814,0.35155313722459225
1738,9918.749,9347.723,1339.0,0.0025,0,0,0.0,0,0.3073450813872146,0,0.0,0,0.0,0.33764016276791314,0.34990804421182975
1739,7748.306,7163.76,1273.0,0.014,0,0,0.2,0,0.11356609853018602,0,0.06818181818181818,0,0.07,0.4869494002765556,0.3476799042554253
1740,7312.0,6446.0,1284.0,0.011,0,0,0.0,0,0.08329637108310882,0,0.06719367588932806,0,0.02,0.5931134027302898,0.34525955589088414
1741,7387.408,8806.318,681.0,0.03,0,0,0.0,0,0.09220904386432692,0,0.0,0,0.04,0.23022780905108176,0.34454685821316683
1742,7406.545,8845.414,719.0,0.016,0,0,0.0,0,0.02604031245872567,0,0.0,0,0.01,0.26248806170507294,0.3437983034111355
1743,7617.0,7439.0,1215.0,0.016,0,0,0.0,0,0.04136763597506093,0,0.0,0,0.04,0.35896665554830487,0.3436633284337482
1744,9962.632,6620.384,1473.0,0.0025,0,0,0.0,0,0.003010329356221352,0,0.0,0,0.0,0.38552378108909185,0.34088959380364825
1745,4727.0,6633.0,912.0,0.048,0,0,0.0,0,0.06049225486428609,0,0.06719367588932806,0,0.05,0.2846814136805973,0.3404081951828494
1746,5382.0,6414.0,1268.0,0.005,0,0,0.0,0,0.013356735236109833,0,0.0,0,0.01,0.39251483680423993,0.3388097329003113
1747,5755.815,7795.417,735.0,0.027,0,0,0.4,0,0.25132521252621254,0,0.0,0,0.22,0.34186282039704885,0.3379110586967169
1748,5455.093,7871.946,659.0,0.016,0,0,0.0,0,0.14192949490214365,0,0.06719367588932806,0,0.17,0.14251474765561228,0.33642069801435986
1749,4822.481,6135.919,1178.0,0.0025,0,0,0.0,0,0.011775622692859073,0,0.0,0,0.0,0.35248813472866225,0.33615374114148205
1750,7575.139,7477.736,1205.0,0.011,0,0,0.0,0,0.06082457836563554,0,0.06818181818181818,0,0.0,0.44497440103514957,0.3351959273338498
1751,4994.42,8197.143,410.0,0.005,0,0,0.0,0,0.0388840030162843,0,0.06719367588932806,0,0.06,1.231748521164469,0.33514578011462337
1752,4633.032,6145.424,1032.0,0.017,0,0,0.2,0,0.057720457008108524,0,0.06818181818181818,0,0.03,0.6339298888202651,0.33508795831128846
1753,11355.961,5366.114,1408.659,0.006,0,0,0.0,0,0.004512207998595991,0,0.0,0,0.01,0.3270633553995527,0.3344294062549464
1754,5370.0,7897.0,616.0,0.013,0,0,0.4,0,0.12714584580147023,0,0.0,0,0.02,0.188184463422172,0.3334472067089824
1755,5492.003,8007.473,580.0,0.0025,0,0,0.0,0,0.12828370586662752,0,0.0,0,0.02,0.2748189640429631,0.33309642759966007
1756,5412.399,8021.496,592.0,0.0025,0,0,0.2,0,0.07912327246568338,0,0.0,0,0.05,0.36887483222919454,0.3326798401693478
1757,4380.674,6388.949,890.0,0.976,1,0,0.4,0,0.08860245498329783,1,1.0,1,0.75,0.5167341029572918,0.3316873963213597
1758,5407.893,6351.173,1320.0,0.0025,0,0,0.0,0,0.012882712404711665,0,0.0,0,0.0,0.28009205566249185,0.3308451463821368
1759,5320.663,8036.777,592.0,0.0025,0,0,0.0,0,0.055890987174355054,0,0.03278688524590164,0,0.0,0.7817608803551404,0.33041363279394265
1760,5747.685,5881.423,1150.0,0.0025,0,0,0.0,0,0.1361007665662187,0,0.0,0,0.01,0.32754668748947197,0.32975290617693426
1761,5328.0,6576.0,1129.0,0.077,0,0,0.2,0,0.27380751181912594,0,0.06719367588932806,0,0.03,0.9527541899857099,0.32964521361950566
1762,6463.948,7037.448,1206.0,0.401,1,0,0.2,0,0.4245979630938453,1,0.8947368421052632,1,0.91,0.36866902215042197,0.3293593090524333
1763,4313.229,7637.361,297.83,0.0025,0,0,0.0,0,0.004138676921946986,0,0.0,0,0.0,0.6662763394781046,0.32814803628777156
1764,4687.65,7911.85,316.0,0.0025,0,0,0.0,0,0.010504896955908944,0,0.0,0,0.01,0.8012793179798555,0.32678440754667715
1765,7391.054,8812.927,689.0,0.0025,0,0,0.0,0,0.005915023957058946,0,0.0,0,0.01,0.4754949367252999,0.3264959904145436
1766,4525.12,7814.83,321.0,0.123,1,0,0.2,1,0.6379503158928485,1,1.0,0,0.48,0.2267869269000893,0.32536805803966456
1767,8478.0,4706.0,1119.0,0.005,0,0,0.0,0,0.00022911702674058317,0,0.0,0,0.0,0.38552378108909185,0.3238670939064693
1768,6736.715,6504.185,1229.269,0.008,0,0,0.2,0,0.21022811761754936,0,0.0,0,0.02,0.3275380915496576,0.32329762006590546
1769,7450.0,7219.0,1283.0,0.007,0,0,0.0,0,0.0012118787432585224,0,0.06719367588932806,0,0.02,0.4001888689402283,0.3227968466602293
1770,5106.5,8327.524,355.0,0.0025,0,0,0.0,0,0.013441717322267751,0,0.06719367588932806,0,0.09,1.2608487471402665,0.3227456903499581
1771,6081.364,7555.682,867.529,0.023,0,0,0.0,0,0.0022855856283821112,0,0.0,0,0.0,1.1532947647043266,0.3216413761731535
1772,20654.0,6445.0,1305.0,0.68,1,1,0.6,1,0.8499232382307371,1,1.0,1,0.7,0.5869557646492017,0.3210188607724751
1773,4458.0,7667.0,364.0,0.0025,0,0,0.0,0,0.0006237576863393509,0,0.0,0,0.0,0.3979290805919187,0.3201082107120569
1774,3885.334,7347.029,138.0,0.005,0,0,0.0,0,0.00019969845522562832,0,0.02702702702702703,0,0.02,0.19098316218632494,0.3178019383197361
1775,5514.741,6892.746,1019.0,0.016,0,0,0.2,0,0.13315822512695946,0,0.03278688524590164,0,0.02,0.4011442452277014,0.31611355359922
1776,7578.767,7490.655,1201.0,0.01,0,0,0.0,0,0.2284827580455007,0,0.06719367588932806,0,0.07,0.7439135186572836,0.31602346265694437
1777,4902.0,6377.0,1228.0,0.008,0,0,0.0,0,0.007547087515128706,0,0.0,0,0.0,0.3908209499702011,0.3092707803241854
1778,8185.938,5699.085,1450.0,0.005,0,0,0.0,0,0.0009997195493456645,0,0.0,0,0.0,1.1532947647043266,0.3073002906812622
1779,7386.669,8862.305,736.0,0.0025,0,0,0.0,0,0.006273267630361865,0,0.0,0,0.0,0.3945674808423197,0.3069053888634521
1780,7997.0,8498.0,840.0,0.015,0,0,0.0,0,0.06517998819194154,0,0.06719367588932806,0,0.02,0.9979373264957003,0.3063816926832175
1781,5427.85,6359.209,1317.0,0.0025,0,0,0.0,0,0.006557824777554799,0,0.0,0,0.0,0.38552378108909185,0.3052745543981147
1782,6433.0,7620.0,919.0,0.0025,0,0,0.0,0,0.0026426812989765753,0,0.0,0,0.0,1.260848747140266,0.3046301232888851
1783,5656.0,8013.0,593.0,0.039,0,0,0.0,0,0.08477503110867475,0,0.0,0,0.0,0.3152658647020276,0.3034208563287415
1784,4926.39,6626.541,1066.0,0.475,1,0,0.2,0,0.056726250859308894,1,1.0,0,0.22,0.6456221221577562,0.3015218234176557
1785,12325.0,9308.0,1336.0,0.013,0,0,0.0,0,0.020103071471548925,0,0.06719367588932806,0,0.02,0.34253726893615294,0.3013075774601072
1786,10746.435,5781.052,1519.0,0.0025,0,0,0.2,0,0.03385525048380572,0,0.0,0,0.0,0.4222637116468276,0.3010849015555743
1787,10847.687,5985.819,1505.0,0.0025,0,0,0.0,0,0.01450476485554107,0,0.0,0,0.0,0.3044823647206258,0.30024417042399326
1788,8398.0,5926.0,1416.0,0.0025,0,0,0.0,0,0.0010120409429282607,0,0.0,0,0.0,0.38552378108909185,0.29763282482730236
1789,12626.487,7964.014,1250.32,0.009,0,0,0.0,0,0.0018010101844274395,0,0.0,0,0.04,0.3270633553995527,0.2954711965940929
1790,5258.0,6370.0,1252.0,0.0025,0,0,0.0,0,0.016827877346565337,0,0.0,0,0.01,0.38552378108909185,0.294936076625678
1791,5425.399,6358.291,1317.0,0.0025,0,0,0.0,0,0.019100943807783436,0,0.0,0,0.0,0.3270633553995527,0.2908967013258714
1792,10194.0,7588.0,1212.0,0.0025,0,0,0.0,0,0.0004941134883836743,0,0.0,0,0.0,1.1532947647043266,0.2851787369380458
1793,5377.0,6983.0,973.0,0.0025,0,0,0.0,0,0.0016541470715457358,0,0.0,0,0.0,0.38552378108909185,0.2840099579552865
1794,4403.0,7712.0,356.0,0.17,1,0,0.2,0,0.03655201690123207,1,1.0,1,0.62,3.1141357245578782,0.28392412554533986
1795,5294.0,6431.0,1219.0,0.14,1,0,0.4,0,0.18879523678922086,1,1.0,1,0.82,0.31042284975428286,0.2822217233922064
1796,5700.856,8006.524,601.0,0.078,0,0,0.2,0,0.12249963158064282,0,0.06719367588932806,0,0.39,0.2162564310442303,0.2815360715270212
1797,5598.0,7522.0,856.0,0.0025,0,0,0.0,0,0.016297507781935953,0,0.02702702702702703,0,0.03,1.1532947647043266,0.28120829167862343
1798,5700.844,8006.847,601.0,0.053,0,0,0.2,0,0.2469672863692953,0,0.06719367588932806,0,0.12,0.3458044158853223,0.2803129433315732
1799,9570.979,7583.363,1204.78,0.0025,0,0,0.0,0,1.8528155617180152e-05,0,0.0,0,0.0,1.1532947647043266,0.2785276152887352
1800,5317.0,6395.0,1250.0,0.011,0,0,0.2,0,0.07571749037005696,0,0.0,0,0.01,0.42014093666432567,0.2784696265183911
1801,5432.275,8355.507,561.0,0.0025,0,0,0.0,0,0.037509142380954826,0,0.0,0,0.01,0.42437470215796097,0.27788485169786564
1802,5106.36,8328.474,355.0,0.051,0,0,0.2,0,0.16896478018511182,0,0.0,0,0.16,0.7985651076897643,0.27682342339423105
1803,6275.028,8226.694,721.0,1.254,1,0,0.2,1,0.9531442832501948,1,1.0,1,0.81,0.5210973085861356,0.2763297765572607
1804,10736.495,5788.955,1512.0,0.005,0,0,0.0,0,0.03368785179625793,0,0.06719367588932806,0,0.11,0.349253393167018,0.2750280366510046
1805,6764.997,7673.952,1054.389,0.047,0,0,0.2,0,0.10816513489946142,0,0.06719367588932806,0,0.06,0.26818945438133784,0.27347037718470185
1806,4620.0,6407.0,998.0,0.047,0,0,0.0,0,0.002615771148947716,0,0.0,0,0.02,0.2897314518829461,0.2731922629590781
1807,5447.0,8323.0,539.0,0.014,0,0,0.0,0,0.04947554683925384,0,0.0,0,0.01,1.2590711648003683,0.2727820034437321
1808,6292.924,9084.253,609.0,0.0025,0,0,0.0,0,0.012367710014612765,0,0.0,0,0.03,1.0558379907780586,0.272687156197391
1809,6298.897,6480.536,1285.0,0.026,0,0,0.2,0,0.04465310003018796,1,0.6666666666666666,0,0.14,0.4620836355616785,0.2720244069781491
1810,4647.522,6205.076,1053.0,0.0025,0,0,0.2,0,0.07260142313047792,0,0.0,0,0.0,0.3904571196178407,0.2701195169545151
1811,5309.807,7918.561,599.0,0.021,0,0,0.0,0,0.06420329470594666,0,0.0,0,0.01,0.31492170200469904,0.2678752027821366
1812,5437.789,6313.731,1305.0,0.039,0,0,0.0,0,0.05472352800335206,0,0.0,0,0.01,0.4785933390057144,0.2672120846423702
1813,5599.653,7836.193,694.0,0.01,0,0,0.2,0,0.1373301402125002,0,0.06719367588932806,0,0.07,0.4653754124494589,0.26605558483606606
1814,10785.805,5765.804,1558.0,0.019,0,0,0.2,0,0.14047015220658446,0,0.06719367588932806,0,0.07,0.542596768689208,0.2630974235226854
1815,5218.0,8313.0,372.0,0.009,0,0,0.0,0,0.0073581948389229756,1,0.6666666666666666,0,0.05,0.4209509590726559,0.26271346441566984
1816,6117.019,9021.901,574.0,0.0025,0,0,0.0,0,0.013897773187668926,0,0.0,0,0.0,0.3386063942305115,0.2618246540800054
1817,26.0,9211.0,817.0,0.0025,0,0,0.0,0,0.03273767192103339,0,0.0,0,0.01,0.3486912567814475,0.2604292587036084
1818,11929.604,9407.668,1288.72,0.0025,0,0,0.0,0,5.023003565017189e-05,0,0.0,0,0.0,0.38552378108909185,0.25956715513389184
1819,5422.146,6356.866,1317.0,0.014,0,0,0.0,0,0.017734733596856244,0,0.0,0,0.02,0.38552378108909185,0.2588820163747467
1820,8040.999,5315.998,1361.209,0.0025,0,0,0.0,0,0.057798723505884816,0,0.06719367588932806,0,0.0,0.3589666555483048,0.2581784034176294
1821,6159.193,8369.36,614.0,0.13,1,0,0.2,0,0.10134954277752944,0,0.06719367588932806,1,0.63,0.49998448159996145,0.2515187082509564
1822,3885.334,7347.179,138.0,0.008,0,0,0.0,0,0.0025999470961509245,0,0.0,0,0.05,0.8534023509842696,0.250531629555531
1823,4565.0,6230.0,972.0,0.018,0,0,0.4,0,0.11778703622359371,0,0.0,0,0.06,0.34447114946219937,0.25013693832969874
1824,5295.573,8026.062,567.0,0.009,0,0,0.0,0,0.03854955098420627,0,0.0,0,0.02,0.36887483222919454,0.2488117550524379
1825,11178.51,7648.406,1289.0,0.0025,0,0,0.0,0,5.2499497225620994e-05,0,0.0,0,0.0,1.1532947647043266,0.2484237178758423
1826,9209.416,6371.632,1466.209,0.006,0,0,0.0,0,0.07404674834958425,0,0.03278688524590164,0,0.04,0.21692920804572768,0.2481033015824754
1827,5596.648,7870.94,671.0,0.008,0,0,0.2,0,0.12679084464622656,0,0.06719367588932806,0,0.05,0.1911282716572153,0.24012724918669168
1828,4183.924,7636.848,196.69,0.018,0,0,0.0,0,0.00333913436492067,0,0.06719367588932806,0,0.01,1.1397722206627607,0.2380329763846148
1829,10848.709,9609.613,1406.0,0.01,0,0,0.0,0,0.1177632476764681,0,0.06719367588932806,0,0.08,0.3749935969149101,0.23677047606361223
1830,8188.116,5693.62,1451.0,0.017,0,0,0.0,0,0.0021091730883208083,0,0.06719367588932806,0,0.02,1.1532947647043266,0.23654876239013659
1831,5399.0,6853.0,1052.0,0.059,0,0,0.0,0,0.13134603972343273,0,0.06719367588932806,0,0.05,0.6935706742638277,0.23567566229674192
1832,5416.947,6354.975,1317.0,0.035,0,0,0.2,0,0.05411934083050682,0,0.06818181818181818,0,0.03,0.39148211846699243,0.23511621849427253
1833,12403.73,9449.517,1389.59,0.033,0,0,0.0,0,0.047154093397144714,0,0.06719367588932806,0,0.06,0.6052640376544947,0.23508963068578892
1834,5132.958,6328.05,1292.959,0.0025,0,0,0.0,0,0.00599230412092221,0,0.0,0,0.0,0.38552378108909185,0.23190889583805982
1835,5624.0,8011.0,583.0,0.008,0,0,0.0,0,0.16437025554830426,0,0.38461538461538464,0,0.12,0.5516116502526565,0.23109841283290977
1836,5297.0,6442.0,1235.0,0.005,0,0,0.0,0,0.026270873979266276,0,0.0,0,0.0,0.38552378108909185,0.22982492076406066
1837,4993.825,8199.003,413.0,0.0025,0,0,0.0,0,0.023815517720093705,0,0.06818181818181818,0,0.03,3.860510258590261,0.2282475832341762
1838,6495.463,8452.627,700.0,0.067,0,0,0.0,0,0.01753569180128337,0,0.06719367588932806,0,0.01,0.3749935969149101,0.22763298177807545
1839,5566.688,6787.367,1089.0,0.114,1,0,0.4,1,0.6521301097555738,0,0.06719367588932806,1,0.76,0.6440481332093404,0.22685134645123728
1840,9593.964,5867.029,1410.489,0.007,0,0,0.0,0,0.06575742051668833,0,0.0,0,0.03,0.6851837423931506,0.22547868602065038
1841,11989.433,9247.174,1307.57,0.0025,0,0,0.0,0,0.0010222887788258685,1,1.0,0,0.0,0.2770138185805673,0.2253446848524663
1842,4735.0,3780.0,870.0,0.0025,0,0,0.0,0,0.00031794842931689884,0,0.0,0,0.0,1.298973212021306,0.22398894372772865
1843,7969.405,9071.236,1033.0,0.0025,0,0,0.0,0,0.02008795260269415,0,0.0,0,0.0,0.38552378108909185,0.2227542575002457
1844,10781.339,5714.579,1554.56,0.014,0,0,0.2,1,0.7350208289969452,0,0.0,0,0.11,0.3140727742556302,0.22050101441008568
1845,11929.28,8279.309,1212.58,0.0025,0,0,0.0,0,0.0079894904610376,0,0.0,0,0.01,1.2608487471402665,0.21988014930275546
1846,12971.0,6609.0,1524.0,0.005,0,0,0.2,0,0.06271333100361344,0,0.06719367588932806,0,0.24,0.3900944131800162,0.21982230136661335
1847,4902.379,6640.091,1064.0,0.022,0,0,0.2,0,0.0905261160617533,0,0.06818181818181818,0,0.04,0.7103538360933066,0.21921130143598974
1848,5407.242,6350.894,1320.0,0.0025,0,0,0.0,0,0.01161820161157017,0,0.0,0,0.0,0.38552378108909185,0.21880004369640974
1849,5225.0,6407.0,1231.0,0.008,0,0,0.0,0,0.012642741129335494,0,0.0,0,0.03,0.4342754772840126,0.21607291720195676
1850,5826.848,8257.536,690.999,0.045,0,0,0.2,0,0.08680402487675602,0,0.06719367588932806,0,0.05,0.6539109968140937,0.21376217063307867
1851,7982.963,8490.224,851.0,0.015,0,0,0.0,0,0.03344825777173316,0,0.0,0,0.21,0.2261194645060643,0.21372784999574312
1852,5427.199,6358.933,1317.0,0.005,0,0,0.0,0,0.020754899486969937,0,0.0,0,0.0,0.3270633553995527,0.21342291967091298
1853,5647.0,6771.0,1134.0,0.025,0,0,0.0,0,0.11641781284790537,0,0.06719367588932806,0,0.01,0.8535134711339887,0.208320151519923
1854,6277.332,9078.652,596.0,0.0025,0,0,0.0,0,0.007942036829341841,0,0.0,0,0.01,1.2640521819010142,0.20825462595223249
1855,6147.995,8364.259,612.0,0.0025,0,0,0.0,0,0.038907338956957485,0,0.0,0,0.03,0.7157453176951598,0.19891774299195653
1856,7755.732,8593.776,824.0,0.0025,0,0,0.0,0,0.0001332253635998424,0,0.0,0,0.01,1.3277400407895552,0.19808409708188202
1857,8247.712,8643.854,1008.0,0.176,1,1,0.6,1,0.9824013948303969,1,0.6666666666666666,1,0.68,0.4589660621744764,0.19759855761689799
1858,6332.121,6896.556,1302.709,0.039,0,0,0.2,0,0.03651213035854088,0,0.06719367588932806,0,0.05,0.227861830925457,0.1972725105866841
1859,13113.21,6580.892,1538.0,0.0025,0,0,0.0,0,0.002114244129716335,0,0.06719367588932806,0,0.01,0.38552378108909185,0.1966781254989194
1860,12459.734,9409.679,1351.56,0.065,0,0,0.0,0,0.047192839557094475,0,0.0,0,0.12,1.4884497179985412,0.19588926778443858
1861,5739.666,6437.321,1336.0,0.006,0,0,0.0,0,0.2216130878255709,0,0.0,0,0.03,0.3287624169657234,0.19439107710334105
1862,4845.201,6214.071,1157.0,0.006,0,0,0.0,0,0.00671905857267039,0,0.0,0,0.0,0.3879913368548482,0.1914715249156067
1863,5710.66,7849.902,722.0,0.0025,0,0,0.0,0,0.12306534159584462,0,0.0,0,0.01,0.36887483222919454,0.1902880406290809
1864,6160.0,3987.0,887.0,0.0025,0,0,0.0,0,0.0001255042356899831,0,0.0,0,0.0,1.2732827615568092,0.18922442061342726
1865,6843.0,6708.0,1360.0,0.0025,0,0,0.0,0,0.006490590843937706,0,0.0,0,0.0,1.1532947647043266,0.18688554923970077
1866,6467.292,8361.484,729.0,0.025,0,0,0.2,0,0.014222819630812155,0,0.06719367588932806,0,0.08,0.805353077441053,0.18565077758838358
1867,6776.562,7590.348,1054.389,0.017,0,0,0.4,0,0.0230080991283613,0,0.0,0,0.02,0.6603562144717818,0.18446437261561505
1868,13481.987,7834.53,1461.28,0.093,0,0,0.0,0,0.03519946240542901,1,1.0,0,0.35,0.43103395344738515,0.1829896218244288
1869,4979.0,6726.0,985.0,0.013,0,0,0.0,0,0.11581872427130813,0,0.06818181818181818,0,0.05,0.589015815336764,0.18045350048922998
1870,4829.0,3773.0,879.0,0.0025,0,0,0.0,0,0.00017355000078956044,0,0.0,0,0.0,1.1532947647043266,0.17899625584168424
1871,4635.889,6191.478,1039.0,0.041,0,1,0.6,1,0.5636408273319233,0,0.0,0,0.09,1.43588033003832,0.17814831266912892
1872,4873.0,6068.0,1442.0,0.008,0,0,0.0,0,0.004759012301251507,0,0.0,0,0.0,0.658664140157622,0.1772296001779628
1873,5522.985,8011.88,572.0,0.005,0,0,0.0,0,0.1155037026365559,0,0.0,0,0.01,0.36887483222919454,0.17722402018702116
1874,6100.995,8209.643,699.0,0.064,0,0,0.2,0,0.17627639166175282,0,0.0,0,0.25,0.22909296472609134,0.17254980255874108
1875,5408.565,6351.44,1320.0,0.0025,0,0,0.0,0,0.008158081484455104,0,0.0,0,0.0,0.2770138185805673,0.17007058448543608
1876,8050.362,6589.467,1393.671,0.005,0,0,0.0,0,0.06616945942531546,0,0.0,0,0.0,0.3842920309379133,0.1697051572873909
1877,7766.117,5612.502,1399.449,0.007,0,0,0.0,0,0.09686578519359199,0,0.06719367588932806,0,0.19,0.37209624069829395,0.1665495494088519
1878,4985.642,8193.464,400.0,0.0025,0,0,0.0,0,0.0010741081283566632,0,0.06719367588932806,0,0.02,1.2608487471402665,0.16488325862572054
1879,3988.282,6697.804,516.0,0.009,0,0,0.0,0,0.027132142896878736,0,0.0,0,0.01,0.761600442764191,0.1625685185765464
1880,4882.0,6347.0,1254.0,0.0025,0,0,0.2,0,0.026634674855217078,0,0.0,0,0.0,0.2650802979544471,0.15952701588697268
1881,4630.442,6102.064,1039.0,0.05,0,0,0.4,1,0.9969051878909729,0,0.02702702702702703,0,0.34,0.189655488262843,0.15902333042707972
1882,5110.0,6420.0,1194.0,0.033,0,0,0.2,0,0.257271982346046,0,0.0,0,0.12,0.20344797290742972,0.15827049494611325
1883,10795.355,5751.462,1533.93,0.014,0,0,0.0,0,0.04875138931176946,0,0.06719367588932806,0,0.05,0.39481158327257054,0.15681439641314174
1884,8579.84,5678.53,1304.19,0.006,0,0,0.0,0,0.0030747320390755156,0,0.0,0,0.02,1.260848747140266,0.15660327822828746
1885,5243.787,7153.792,839.0,0.041,0,0,0.2,0,0.029579199069314898,0,0.0,0,0.04,0.4255941806407033,0.153486128920248
1886,5438.19,6285.201,1286.0,0.0025,0,0,0.4,0,0.0178622503419232,0,0.0,0,0.01,0.7764775419725538,0.15114198757240904
1887,7388.521,8826.55,672.85,0.0025,0,0,0.0,0,0.00625258852437289,0,0.0,0,0.0,0.45156210870259195,0.14975878575448617
1888,6949.532,9387.872,916.0,0.0025,0,0,0.0,0,0.0010783178250430602,0,0.0,0,0.0,0.38552378108909185,0.14819530806584788
1889,7388.151,8826.55,672.85,0.0025,0,0,0.0,0,0.02012987681243698,0,0.0,0,0.05,0.5104271952948012,0.14484140090192718
1890,6769.0,8253.0,800.0,0.051,0,0,0.0,0,0.1548730046727266,0,0.06719367588932806,0,0.04,0.7438791896653093,0.14295463518277768
1891,12235.003,9655.366,1353.57,0.184,1,1,0.8,1,0.864732782229154,1,1.0,1,0.72,0.19054983888060506,0.14048303942976953
1892,4508.0,7800.0,336.0,0.053,0,0,0.4,0,0.12785097579133345,1,0.7,0,0.21,0.4147869240794344,0.13968205403700062
1893,5700.837,8007.122,601.0,0.006,0,0,0.0,0,0.07612747634509077,0,0.06719367588932806,0,0.02,0.17328920003585582,0.13910629256698104
1894,7615.0,7430.0,1216.0,0.028,0,0,0.0,0,0.022877214003660055,0,0.0,0,0.0,0.18243922873878227,0.13885124943675062
1895,6362.176,6658.167,1292.0,0.007,0,0,0.0,0,0.27719619284840447,0,0.0,0,0.02,0.6520508865330843,0.13853849032370014
1896,4817.645,6132.79,1178.0,0.0025,0,0,0.0,0,0.02827065014909035,0,0.0,0,0.0,0.3596695653564899,0.13848065307201335
1897,4896.0,6357.0,1250.0,0.006,0,0,0.4,0,0.03096693020011291,0,0.0,0,0.02,0.3526806104952262,0.13815497583353306
1898,12333.0,9378.0,1370.0,0.02,0,0,0.2,0,0.01065164090001619,0,0.06719367588932806,0,0.08,0.2870353712146351,0.13649521399347947
1899,4617.052,6342.172,1039.0,0.045,0,0,0.2,0,0.1169052238465211,0,0.0,0,0.13,0.21446085677298735,0.1360934535324353
1900,6080.0,8427.0,566.0,0.043,0,0,0.0,0,0.10106860405501848,0,0.06818181818181818,0,0.03,0.30395318944736793,0.13581969211888187
1901,11548.95,9832.829,1412.9,0.012,0,0,0.0,0,0.035360245684602915,0,0.06818181818181818,0,0.07,0.44832501474308817,0.13538186749051012
1902,5326.0,6553.0,1154.0,0.042,0,0,0.4,0,0.1982563329456984,0,0.06719367588932806,0,0.1,0.2748920624876429,0.13401789854873125
1903,12485.0,9297.0,1266.0,0.013,0,0,0.2,0,0.009789881969586354,0,0.06719367588932806,0,0.0,0.34253726893615294,0.13351594922595142
1904,4723.448,6225.89,1105.0,0.238,1,0,0.2,0,0.12884256483143827,0,0.06719367588932806,1,0.77,0.32817185768255164,0.12711737713433308
1905,7359.267,8649.93,635.17,0.0025,0,0,0.0,0,0.003146622159035923,0,0.0,0,0.0,0.4620836355616785,0.12416243069814346
1906,12418.742,6312.14,1511.66,0.372,1,1,0.6,1,0.7779571621311974,1,1.0,1,0.51,0.6156209210549932,0.12265720971444571
1907,6951.182,8939.598,628.0,0.0025,0,0,0.0,0,0.005919426528095059,0,0.0,0,0.0,0.3270633553995527,0.12233173648664142
1908,11008.37,6690.639,1475.0,0.01,0,0,0.0,0,0.010988640993555164,0,0.03278688524590164,0,0.01,0.21692920804572766,0.11991040560007155
1909,5302.0,8023.0,557.0,0.009,0,0,0.0,0,0.02455275838842692,0,0.0,0,0.0,0.19818692344748437,0.1175995302330967
1910,5629.405,7831.748,703.0,0.023,0,0,0.2,0,0.07543753527669574,0,0.0,0,0.11,0.3736097837639398,0.11523905643608844
1911,5097.0,6362.0,1265.0,0.0025,0,0,0.0,0,0.032653429560322425,0,0.0,0,0.0,0.3270633553995527,0.11390974798224723
1912,5123.258,6357.067,1291.0,0.0025,0,0,0.0,0,0.01945136299298184,0,0.0,0,0.01,0.28009205566249185,0.11112321889347486
1913,5065.2,6581.0,1094.0,0.011,0,0,0.0,0,0.02758322801269407,0,0.06719367588932806,0,0.0,0.26154697431436547,0.10538502454988806
1914,6331.199,8106.937,769.0,0.0025,0,0,0.0,0,0.013837323052740432,0,0.0,0,0.0,0.39941074247014624,0.10465365499220705
1915,6872.263,8977.7,624.0,0.0025,0,0,0.0,0,0.0021563915700776736,0,0.0,0,0.03,0.2245857854535507,0.10360239440550095
1916,6267.186,9103.737,593.68,0.0025,0,0,0.0,0,0.009797499407922006,0,0.0,0,0.03,1.558974744963495,0.1006535796800491
1917,5738.327,6437.205,1336.0,0.006,0,0,0.2,0,0.22358505488699917,0,0.0,0,0.03,0.22636853622274397,0.10058800059466923
1918,5413.353,6353.14,1317.0,0.014,0,0,0.2,0,0.14198954548635812,0,0.06818181818181818,0,0.02,0.2997954119478122,0.10022337759157689
1919,6074.296,3725.401,992.74,0.0025,0,0,0.0,0,0.0016830563722832514,0,0.0,0,0.01,1.2732827615568096,0.09739499031252154
1920,4857.822,2887.272,1325.0,0.0025,0,0,0.0,0,6.70209222040509e-05,0,0.0,0,0.01,1.2038724413540622,0.0961959601018821
1921,8400.0,5163.0,1248.0,0.156,1,0,0.2,0,0.13638368929573919,0,0.06719367588932806,1,0.66,0.29648201362072496,0.0952741002540485
1922,7387.851,8826.55,672.85,0.0025,0,0,0.0,0,0.003726965495566781,0,0.0,0,0.0,0.45156210870259195,0.0946948511277938
1923,12517.115,9391.492,1330.0,0.022,0,0,0.2,0,0.004834116992334072,0,0.06719367588932806,0,0.1,0.7638804696861311,0.09122210315357643
1924,11747.495,5863.982,1459.979,0.17,1,0,0.4,1,0.5884957123521409,1,1.0,1,0.78,0.5977698243604068,0.08983654248140821
1925,6471.14,6998.602,1227.0,0.868,1,0,0.4,1,0.9749989480548384,1,1.0,1,0.55,0.6102470602023031,0.08868172181243106
1926,12484.0,9294.0,1297.0,0.019,0,0,0.0,0,0.005253859451248548,0,0.06818181818181818,0,0.0,0.6909526133865282,0.08697252317049964
1927,7870.033,5722.899,1465.839,0.005,0,0,0.2,0,0.1083064627332071,0,0.0,0,0.01,0.7971074893040758,0.08386869972573774
1928,5409.71,6351.854,1317.0,0.005,0,0,0.2,0,0.05954612674099604,0,0.0,0,0.06,0.4543968214038635,0.07939904592150378
1929,5420.998,6356.61,1317.0,0.135,1,1,0.6,0,0.37869845469303703,1,1.0,1,0.73,0.332504345476128,0.07935492914354747
1930,8247.33,8642.427,1007.0,0.191,1,1,0.6,1,0.9657756146030382,0,0.0,0,0.41,0.18064051834882117,0.07924687236678438
1931,5218.0,6372.0,1257.0,0.005,0,0,0.2,0,0.05570824845693105,0,0.0,0,0.01,0.32817185768255175,0.07826013298695383
1932,5604.457,7862.093,673.0,0.0025,0,0,0.0,0,0.15109935398480975,0,0.06719367588932806,0,0.17,0.3643373095940933,0.0780257893006835
1933,7371.567,8851.021,717.0,0.0025,0,0,0.0,0,0.008929424866317884,0,0.0,0,0.0,0.3972496056255347,0.07800531019838076
1934,6268.728,8201.253,730.0,0.018,0,0,0.0,0,0.13264914762405283,0,0.0,0,0.17,0.27676701546148375,0.07656760905878177
1935,5154.877,6439.086,1186.8,0.079,0,0,0.2,0,0.07261616021170984,0,0.0,0,0.13,0.4110395648821172,0.07631005413006414
1936,16047.285,9179.101,1375.689,0.046,0,0,0.2,0,3.759056936213115e-05,1,1.0,0,0.37,0.4148376876106746,0.06514061746566259
1937,4897.314,6639.522,1068.0,0.01,0,0,0.0,0,0.04143748268163234,0,0.0,0,0.01,0.6563635562516308,0.06404520026008105
1938,4523.01,7816.72,320.0,0.027,0,0,0.0,0,0.04221316520765319,0,0.0,0,0.13,0.6184616061067787,0.06394443562210768
1939,13419.12,7082.566,1453.09,0.0025,0,0,0.0,0,0.004314513702093024,0,0.0,0,0.0,0.8955250427503684,0.06177501604053024
1940,8009.0,4723.0,1132.0,0.0025,0,0,0.0,0,0.0032461067384644297,0,0.0,0,0.01,0.3979290805919188,0.061701979271873916
1941,5066.8,6581.0,1094.0,0.034,0,0,0.0,0,0.06272458569189095,0,0.06719367588932806,0,0.01,0.25920655518239977,0.061473981478489016
1942,4207.095,6642.626,640.0,0.007,0,0,0.0,0,0.05148083592979613,0,0.0,0,0.03,0.6839923174872174,0.05966070419090803
1943,2869.306,1880.466,673.609,0.352,1,0,0.4,0,0.1143816411874718,1,1.0,1,0.79,0.3666046397552807,0.05624691712039304
1944,4451.654,5964.343,909.0,0.0025,0,0,0.0,0,0.18066093457259647,0,0.0,0,0.0,0.4492242554703022,0.053190892080159424
1945,4621.0,5993.0,986.0,0.006,0,0,0.2,0,0.08659694149292643,0,0.06818181818181818,0,0.08,0.6104126975476397,0.05277917353955622
1946,5334.076,6546.709,1146.0,0.013,0,0,0.2,0,0.11526743008177091,0,0.0,0,0.02,0.6603562144717818,0.052646266939246684
1947,4375.362,7677.273,366.0,0.0025,0,0,0.0,0,0.034977924725287025,0,0.06719367588932806,0,0.01,0.5761881674404971,0.05094771751478073
1948,5843.894,3519.717,1088.55,0.012,0,0,0.4,0,0.07267537976667732,0,0.06719367588932806,0,0.09,0.5746546880903095,0.049492588647616235
1949,5700.862,8006.657,601.0,0.171,1,1,1.0,0,0.27156532965893604,1,0.7,1,0.79,0.37090775262193326,0.04428599873525758
1950,4815.0,5866.0,1018.0,0.023,0,0,0.2,0,0.36172823882650873,0,0.0,0,0.0,0.4656403731340618,0.04348178013501865
1951,4995.594,8197.018,413.0,0.006,0,0,0.0,0,0.08029943234204936,0,0.06719367588932806,0,0.01,0.2770138185805674,0.04327685060667704
1952,7504.0,7697.0,1157.0,0.119,1,0,0.2,0,0.013766127058518103,0,0.06719367588932806,0,0.04,0.6952742369311213,0.042339813417052376
1953,5779.0,7932.0,636.0,0.157,1,1,0.6,0,0.4919029254784682,0,0.38461538461538464,1,0.88,0.3785942616731327,0.0417986323922204
1954,4816.15,6131.683,1178.0,0.008,0,0,0.0,0,0.031046542252922662,0,0.0,0,0.0,0.19120548611199087,0.04176274250408285
1955,6866.761,8979.233,634.0,0.0025,0,0,0.0,0,0.2225652841761933,0,0.0,0,0.03,0.3275380915496576,0.0415753336792088
1956,4811.6,6128.751,1178.0,0.0025,0,0,0.0,0,0.021873556107207606,0,0.0,0,0.02,0.25888805343206217,0.03900871684917486
1957,5688.0,5839.0,1103.0,0.0025,0,0,0.0,0,0.0005371981227297248,0,0.0,0,0.0,1.2038724413540622,0.03867398932399838
1958,5802.0,7144.0,1083.0,0.0025,0,0,0.0,0,0.0007929505233189166,0,0.0,0,0.0,1.3277400407895552,0.037024723055290004
1959,3309.582,6922.716,20.0,0.005,0,0,0.0,0,0.0070402350931824936,0,0.0,0,0.01,0.5637244756748532,0.03346156906621401
1960,4384.887,7684.654,374.0,0.02,0,0,0.0,0,0.012578169768776636,0,0.06719367588932806,0,0.02,0.572736966395243,0.032924933451103595
1961,4813.369,6129.726,1178.0,0.005,0,0,0.0,0,0.026919641506034868,0,0.0,0,0.0,0.28793994502396375,0.0257657563464741
1962,6137.0,7008.0,1255.0,0.0025,0,0,0.0,0,0.0016990067121880185,0,0.0,0,0.01,0.38552378108909185,0.02387095850482547
1963,10759.075,9711.097,1407.0,0.007,0,0,0.0,0,0.005694171139725506,0,0.0,0,0.17,0.3275380915496576,0.020348813366501437
1964,4577.0,6061.0,967.0,0.0025,0,0,0.0,0,0.00734455323494504,0,0.0,0,0.01,0.4215476378590439,0.01819635966359785
1965,4616.461,6342.215,1039.0,0.013,0,0,0.0,0,0.09750135076493242,0,0.0,0,0.01,0.24167374942368297,0.017849062216528364
1966,4967.0,6374.35,1198.0,0.0025,0,0,0.0,0,0.00015972978085190684,0,0.0,0,0.0,0.21563460419787941,0.016662248392691977
1967,5106.28,8329.074,355.0,0.027,0,0,0.2,0,0.363542157589122,1,0.7,0,0.1,1.2802904811759137,0.016284909170583464
1968,5107.69,8315.03,362.0,0.009,0,0,0.0,0,0.00418184444782549,0,0.0,0,0.0,0.3945674808423197,0.015449531805149734
1969,5244.806,7153.649,839.0,0.02,0,0,0.0,0,0.031907652502585586,0,0.0,0,0.03,0.39255656096135155,0.012526246356865464
1970,5405.0,6830.0,1063.0,0.04,0,0,0.0,0,0.07243456990794697,0,0.06719367588932806,0,0.02,0.6563635562516308,0.008804313481549485
1971,3257.0,6787.0,31.0,0.005,0,0,0.0,0,8.58353801314144e-05,0,0.06719367588932806,0,0.01,1.1532947647043266,0.00038967366817113213
1972,6245.654,8241.899,694.0,0.0025,0,0,0.0,0,0.024461966096194807,0,0.06719367588932806,0,0.01,0.3682340879946799,-0.000778491617885592
1973,6847.858,7846.75,1031.859,0.007,0,0,0.2,0,0.1224827688565325,0,0.0,0,0.11,0.3580058661227829,-0.0010554176630649256
1974,7313.698,9144.563,880.19,0.0025,0,0,0.0,0,0.00521357879973138,0,0.0,0,0.01,0.3291183650851148,-0.0028532214597263438
1975,4913.4,6713.0,1005.0,0.153,1,0,0.2,0,0.17980589932746494,1,0.6666666666666666,1,0.76,0.3599387099388288,-0.007360046157346003
1976,10305.31,6105.992,1479.71,0.011,0,0,0.0,0,0.03813868014679569,0,0.0,0,0.0,0.3275380915496576,-0.015299478910295455
1977,5760.749,8300.895,690.999,0.038,0,0,0.0,0,0.01551241693541872,0,0.0,0,0.03,0.6862048386760107,-0.01574114088436651
1978,12729.132,7543.819,1356.0,0.0025,0,0,0.0,0,0.0038685370135826706,0,0.0,0,0.01,0.3979290805919187,-0.018013047259901948
1979,7812.048,6934.05,1350.519,0.03,0,0,0.0,0,0.09851432753207054,0,0.0,0,0.3,0.4512491406376537,-0.018283285147689152
1980,4831.0,7511.0,557.0,0.023,0,0,0.0,0,0.018837141501747444,0,0.0,0,0.01,0.5977044246813168,-0.018480243400007864
1981,3308.728,6922.639,20.0,0.006,0,0,0.0,0,0.0225047673393418,0,0.0,0,0.03,0.5706012779039109,-0.019942227147968786
1982,4904.0,6354.0,1254.0,0.014,0,0,0.2,0,0.04791772250583931,0,0.0,0,0.03,0.32817185768255175,-0.021447310018055273
1983,10857.0,8825.0,1159.0,0.0025,0,0,0.0,0,0.008086093693064232,0,0.06719367588932806,0,0.01,0.38552378108909185,-0.02639650704257344
1984,5278.899,6322.572,1312.0,0.013,0,0,0.2,0,0.0973292558979624,0,0.0,0,0.01,0.296122223358499,-0.02759464970289885
1985,4914.8,6713.0,1005.0,0.035,0,0,0.2,0,0.03518098232394283,0,0.02702702702702703,0,0.01,0.38552378108909185,-0.03027786692127998
1986,12318.48,6071.788,1493.43,0.005,0,0,0.2,0,0.01940723778487083,0,0.0,0,0.02,0.6456221221577562,-0.03149710574220587
1987,5410.541,6352.091,1317.0,0.0025,0,0,0.0,0,0.035913205318695095,0,0.0,0,0.0,0.38552378108909185,-0.03347503166847394
1988,10890.816,5852.129,1531.8,0.0025,0,0,0.0,0,0.013009794231499757,0,0.0,0,0.0,0.38552378108909185,-0.033781978162537266
1989,10960.155,7735.912,1336.0,0.0025,0,0,0.0,0,0.004491994236586199,0,0.0,0,0.01,1.2989732120213062,-0.03464649461214936
1990,10975.154,7744.34,1346.0,0.0025,0,0,0.0,0,0.00025918914916503753,0,0.0,0,0.01,1.1532947647043266,-0.036076369398189166
1991,5488.196,8046.583,563.0,0.008,0,0,0.0,0,0.013635271352799011,0,0.0,0,0.0,0.5330717160201408,-0.03667260144403098
1992,10061.589,6373.738,1530.51,0.005,0,0,0.2,0,0.03506013634109539,0,0.0,0,0.01,0.3275380915496576,-0.043081702452670824
1993,10751.655,7228.413,1349.56,0.006,0,0,0.0,0,0.009109483111443094,0,0.0,0,0.02,1.2831640983631358,-0.044634145919326115
1994,12227.806,9830.008,1333.33,0.005,0,0,0.2,0,0.0011413175402669028,0,0.0,0,0.0,0.6824652472165331,-0.04478632825894427
1995,7777.329,9421.947,1001.08,0.0025,0,0,0.0,0,0.01052142718840589,0,0.0,0,0.02,1.1029186177905423,-0.047010609451514106
1996,12185.944,9866.588,1324.53,0.006,0,0,0.0,0,0.0001763977294128982,0,0.0,0,0.03,0.2770138185805674,-0.04876915755114788
1997,5497.022,7200.974,956.0,0.0025,0,0,0.0,0,0.004117311381679704,0,0.0,0,0.0,1.1397722206627607,-0.05430718647760094
1998,5265.87,6328.584,1308.0,0.011,0,0,0.4,0,0.03374681466785166,0,0.0,0,0.08,0.324823880447794,-0.054347715125879874
1999,6283.533,8306.076,651.0,0.0025,0,0,0.0,0,0.009279379287762877,0,0.0,0,0.01,0.38552378108909185,-0.05435109703763295
2000,14063.0,1189.0,1265.0,0.0025,0,0,0.0,0,0.0002763469698095617,0,0.0,0,0.0,1.2038724413540622,-0.05609499668431925
2001,5341.0,6810.0,1037.0,0.011,0,0,0.2,0,0.11862507705676258,0,0.0,0,0.12,0.8171600738876637,-0.05760349064272013
2002,5444.036,7875.812,660.0,0.007,0,0,0.0,0,0.04286397965650841,0,0.06818181818181818,0,0.02,0.14949600918574585,-0.06093116353527496
2003,7405.778,8845.406,719.0,0.006,0,0,0.0,0,0.007601616053795128,0,0.0,0,0.01,0.37926433419013833,-0.06359831734327417
2004,7834.0,5424.0,1436.0,0.005,0,0,0.2,0,0.012722357749369986,0,0.0,0,0.0,0.43103395344738515,-0.06848304705591274
2005,8678.575,8986.867,1093.85,0.0025,0,0,0.0,0,0.01357179591500683,0,0.03278688524590164,0,0.0,1.9988260721747306,-0.0712083504128595
2006,4578.505,6378.437,1012.0,0.022,0,0,0.2,0,0.02631574853207584,0,0.0,0,0.03,0.38552378108909185,-0.07261813349743013
2007,5636.0,6208.0,1246.0,0.043,0,0,0.4,0,0.0664590350258079,0,0.0,0,0.08,0.31042284975428286,-0.07284023811117403
2008,5292.0,6407.0,1250.0,0.037,0,0,0.0,0,0.09097529126076538,0,0.06719367588932806,0,0.05,0.9649406259836083,-0.07714539378533847
2009,5931.0,8505.0,504.0,0.0025,0,0,0.0,0,0.020342007059230054,0,0.0,0,0.01,0.42437470215796097,-0.07943463081389124
2010,4820.35,6134.421,1178.0,0.005,0,0,0.0,0,0.02975592953221296,0,0.0,0,0.01,0.2879399450239638,-0.08185501422870099
2011,10628.872,7928.656,1257.61,0.0025,0,0,0.0,0,0.00019065403420677677,0,0.0,0,0.0,1.1532947647043266,-0.08363198021356866
2012,10936.135,7160.599,1357.46,0.0025,0,0,0.0,0,0.0066279848738545165,0,0.0,0,0.01,0.36881345161447016,-0.08619194730132136
2013,5506.205,8010.576,580.0,0.0025,0,0,0.0,0,0.03089986661091226,0,0.0,0,0.01,0.5590160451331694,-0.08673072062994219
2014,10847.003,9608.365,1404.0,0.006,0,0,0.0,0,0.06513750513578839,0,0.06719367588932806,0,0.01,0.34488357762627186,-0.08973966910785508
2015,4650.153,6304.18,1061.0,0.255,1,1,0.6,0,0.3026163749054447,0,0.4666666666666667,1,0.67,0.29453633229988724,-0.09060001266811162
2016,9751.766,7554.263,1177.4,0.0025,0,0,0.0,0,1.8717787493965535e-05,0,0.0,0,0.0,1.1532947647043266,-0.09307943183499942
2017,6294.0,6781.0,1342.0,0.0025,0,0,0.0,0,0.0057263606112954194,0,0.0,0,0.0,0.38552378108909185,-0.09390451715215783
2018,4687.75,7910.9,316.0,0.0025,0,0,0.0,0,0.0046558663930847,0,0.0,0,0.0,0.5176798114726735,-0.09414921174375865
2019,12478.309,9381.667,1336.14,0.0025,0,0,0.0,0,0.007900404102810505,0,0.0,0,0.04,0.5873491075454258,-0.09744545798756005
2020,6935.59,8947.851,632.0,0.0025,0,0,0.0,0,0.0030696125177543184,0,0.0,0,0.0,0.38552378108909185,-0.09891032918528253
2021,4873.81,6262.021,1196.0,0.019,0,0,0.0,0,0.04260632772971604,0,0.06719367588932806,0,0.05,0.2770138185805674,-0.10044623015309419
2022,5269.0,6263.0,1288.0,0.005,0,0,0.0,0,0.11022035018281494,0,0.0,0,0.01,0.7512914977975399,-0.1027446763228316
2023,8617.115,5860.976,1436.569,0.045,0,0,0.2,0,0.37892957577309916,0,0.38461538461538464,0,0.21,0.6790201510468123,-0.1031420549642179
2024,12989.375,6612.729,1539.38,0.073,0,0,0.0,0,0.039840908317404396,0,0.0,0,0.12,0.38291561360124066,-0.10398336811148612
2025,6460.375,8364.004,728.0,0.013,0,0,0.0,0,0.0054074712274357365,0,0.06719367588932806,0,0.12,0.23675008942651043,-0.10652735855279352
2026,10822.434,5812.74,1528.48,0.009,0,0,0.0,0,0.018235413633938102,0,0.0,0,0.02,0.38552378108909185,-0.10863868527685473
2027,4987.099,8192.271,400.0,0.01,0,0,0.0,0,0.0012394377700700684,0,0.0,0,0.01,1.2608487471402665,-0.10891725077028694
2028,9548.52,9701.509,1430.0,0.0025,0,0,0.0,0,0.00504630441495462,0,0.0,0,0.01,0.3275380915496576,-0.11189569063430038
2029,7365.083,8645.858,635.17,0.0025,0,0,0.0,0,0.029437961839043368,0,0.0,0,0.0,0.33788022742134616,-0.11582489952238754
2030,4749.0,5890.0,1012.0,0.024,0,0,0.0,0,0.04402203023880051,0,0.02702702702702703,0,0.01,0.7971074893040758,-0.11645016381389973
2031,5218.0,8311.0,370.0,0.0025,0,0,0.2,0,0.0028532796304898936,0,0.06719367588932806,0,0.04,0.38552378108909185,-0.12017698483602626
2032,8251.755,8310.912,881.0,0.0025,0,0,0.0,0,0.002132358882893635,0,0.0,0,0.0,0.38552378108909185,-0.12246995202235211
2033,5098.834,6331.705,1295.0,0.005,0,0,0.0,0,0.02936212427659859,0,0.02702702702702703,0,0.01,0.3979290805919187,-0.13060419619833344
2034,10768.307,7210.64,1354.6,0.0025,0,0,0.0,0,0.002221540114642499,0,0.0,0,0.04,0.5015331008676444,-0.13159342907726204
2035,5340.0,6575.0,1122.0,0.053,0,0,0.0,0,0.06895070981361956,0,0.0,0,0.0,0.6563635562516308,-0.14128652293778582
2036,4392.777,7690.321,371.0,0.0025,0,0,0.0,0,0.012865866005172252,0,0.0,0,0.0,0.8012793179798555,-0.14183479575525978
2037,5107.181,7796.021,543.0,0.0025,0,0,0.0,0,0.013999407490465165,0,0.0,0,0.01,0.2595348445061761,-0.14451111911551048
2038,5073.0,6630.0,1049.0,0.028,0,0,0.2,0,0.3081982176938138,0,0.0,0,0.13,0.20344797290742966,-0.15998111029039352
2039,7652.489,9380.671,1004.9,0.005,0,0,0.2,0,0.08143960606744595,0,0.0,0,0.03,0.29648201362072496,-0.165570996082455
2040,6848.0,6820.0,1298.0,0.049,0,0,0.4,0,0.13972385799091022,1,0.6666666666666666,0,0.25,0.298900460301644,-0.17188616075299126
2041,13113.231,6578.797,1538.0,0.021,0,0,0.0,0,0.004689933836147439,0,0.0,0,0.01,0.3275380915496576,-0.1786073166306003
2042,4986.764,8192.549,400.0,0.25,1,0,0.2,0,0.005902824189788644,1,0.7,1,0.77,0.6182711847270623,-0.18275701690397725
2043,7128.681,8945.348,672.58,0.0025,0,0,0.0,0,0.0019864726538279583,0,0.0,0,0.01,0.21563460419787941,-0.18417247311135648
2044,11969.984,9250.353,1304.83,0.0025,0,0,0.0,0,0.00010325073607299417,0,0.0,0,0.0,0.28534740572923856,-0.18553395524910782
2045,7352.003,8779.044,681.0,0.0025,0,0,0.0,0,0.04127154047204962,0,0.0,0,0.0,0.3275380915496576,-0.18576227780350976
2046,10768.307,7211.44,1354.0,0.0025,0,0,0.0,0,0.017586477705798523,0,0.0,0,0.08,1.0762589786015593,-0.18865633788453048
2047,6285.813,8211.679,715.0,0.095,0,0,0.0,0,0.03781664948223584,0,0.06719367588932806,0,0.03,0.303953189447368,-0.19154969571621558
2048,5333.216,6546.106,1146.0,0.006,0,0,0.0,0,0.08609435184823672,0,0.0,0,0.0,0.28468141368059724,-0.19289823217056987
2049,4903.065,6295.829,1229.0,0.04,0,0,0.2,0,0.024943340108611222,0,0.0,0,0.05,0.374746955666133,-0.198528595905671
2050,9549.563,9700.593,1430.0,0.0025,0,0,0.0,0,0.08120293252072425,0,0.0,0,0.01,0.33057508587079565,-0.19909969824686294
2051,5560.141,6800.232,1156.639,0.083,0,0,0.0,0,0.02178423480221979,0,0.06719367588932806,0,0.03,0.2846814136805973,-0.20074963778375482
2052,13542.711,7621.113,1484.0,0.0025,0,0,0.0,0,0.0001505450132341228,0,0.03278688524590164,0,0.02,0.38552378108909185,-0.20114121482494324
2053,5211.113,7777.32,594.0,0.0025,0,0,0.0,0,0.017582901781101563,0,0.0,0,0.01,0.29648201362072496,-0.20216498591101587
2054,7346.043,8769.035,678.0,0.0025,0,0,0.0,0,0.07671936851800698,0,0.0,0,0.02,0.3275380915496576,-0.20220014293409927
2055,9405.001,6281.946,1496.709,0.0025,0,0,0.0,0,0.013200297609218729,0,0.03278688524590164,0,0.0,0.3879913368548482,-0.20226643866069294
2056,4632.452,6103.056,1039.0,0.011,0,0,0.0,0,0.002458538402266964,0,0.02702702702702703,0,0.02,0.31892907400416276,-0.2062355106131093
2057,10792.955,7196.518,1359.29,0.0025,0,0,0.0,0,0.0667269019253785,0,0.0,0,0.01,1.7145118848005523,-0.21238024778284867
2058,3880.602,7340.948,137.3,0.015,0,0,0.0,0,9.658393167483007e-07,0,0.0,0,0.12,1.2241840170916358,-0.21657666158912403
2059,10160.057,6251.813,1537.0,0.0025,0,0,0.0,0,0.0161932749132896,0,0.03278688524590164,0,0.01,0.26108452669192095,-0.21835671665909603
2060,11050.14,6507.386,1496.27,0.026,0,0,0.2,0,0.07237993731067714,0,0.0,0,0.0,0.46208363556167853,-0.22294258801535283
2061,13093.248,7644.019,1383.0,0.0025,0,0,0.0,0,0.0006384845812452631,0,0.0,0,0.0,0.38552378108909185,-0.23107536012452892
2062,5415.843,6354.501,1317.0,0.019,0,0,0.2,0,0.09156909502670683,0,0.0,0,0.02,0.8438325933250335,-0.23639675572706026
2063,6428.0,8316.0,711.0,0.028,0,0,0.0,0,0.01878509011646168,0,0.06719367588932806,0,0.23,0.2712417580484984,-0.24115421340914528
2064,352.0,8030.0,790.0,0.005,0,0,0.2,0,0.057197682159965554,0,0.0,0,0.06,0.312588913291552,-0.2451399092448353
2065,5674.004,5869.13,1122.0,0.031,0,0,0.0,0,0.0011265214026846915,0,0.0,0,0.0,1.2030812465920673,-0.2501869518208355
2066,5403.0,7888.0,632.0,0.016,0,0,0.0,0,0.1419292046465259,0,0.0,0,0.03,0.55744065127762,-0.25745579302577204
2067,5360.0,6440.0,1234.0,0.03,0,0,0.0,0,0.07923960087179117,0,0.06719367588932806,0,0.08,0.2981736065244086,-0.260507805484654
2068,10496.96,7999.158,1253.83,0.034,0,0,0.0,0,0.0008798423199556848,0,0.0,0,0.04,1.1532947647043266,-0.26089656298594743
2069,6268.254,8201.132,730.0,0.007,0,0,0.0,0,0.012034207374323803,0,0.0,0,0.01,0.40737745283668647,-0.26105348394825034
2070,5000.0,8195.0,392.0,0.0025,0,0,0.0,0,7.048350312599569e-07,0,0.06719367588932806,0,0.03,0.3270633553995527,-0.263269526804202
2071,4687.6,7912.45,326.0,0.006,0,0,0.0,0,0.0011641241015008812,0,0.0,0,0.0,0.4174771255075812,-0.2666147933410802
2072,5269.0,6292.0,1306.0,0.095,0,0,0.4,0,0.08063525357265829,0,0.0,0,0.03,0.9036786114185575,-0.28547082808845803
2073,5430.223,8352.772,559.0,0.0025,0,0,0.0,0,0.030152403709521398,0,0.0,0,0.0,0.2754528116260484,-0.28807427287432774
2074,12767.646,6507.378,1557.0,0.0025,0,0,0.0,0,0.00203325334418622,0,0.0,0,0.0,0.4165436763926632,-0.29288690799157024
2075,13113.204,6579.749,1538.0,0.022,0,0,0.0,0,0.0013749840494222904,0,0.0,0,0.03,0.3879913368548482,-0.30361735192154593
2076,3359.985,7087.879,0.0,0.172,1,1,0.8,0,8.960328966901293e-14,0,0.0,0,0.37,0.22251977308035728,-0.3094803381237824
2077,10055.108,6385.345,1541.0,0.005,0,0,0.0,0,0.04724860344693384,0,0.0,0,0.0,0.3177482940675893,-0.3115285218152417
2078,5694.0,5809.0,1097.0,0.0025,0,0,0.0,0,0.0010218465156584633,0,0.0,0,0.01,1.2038724413540622,-0.3119193370316348
2079,5155.0,6439.0,1187.0,0.039,0,0,0.0,0,0.05997610467651997,0,0.02702702702702703,0,0.05,0.42835580708948495,-0.3141774356990477
2080,10811.044,7179.966,1360.29,0.0025,0,0,0.0,0,0.03352678249534211,0,0.0,0,0.0,2.540683100714594,-0.3198748640042778
2081,7407.153,8845.411,719.0,0.007,0,0,0.0,0,0.002176158051434349,0,0.0,0,0.01,0.3972496056255347,-0.327648000398404
2082,3885.334,7347.289,138.0,0.0025,0,0,0.0,0,0.001814386319973867,0,0.0,0,0.04,0.30560433105985907,-0.334252021651522
2083,14164.0,45.0,1311.0,0.0025,0,0,0.0,0,0.005290330473509893,0,0.03278688524590164,0,0.0,0.2120729907940337,-0.33965079070357596
2084,10793.805,7197.368,1359.29,0.0025,0,0,0.0,0,0.03546332715099266,0,0.0,0,0.0,2.3936371464250117,-0.34213779641176334
2085,10796.085,5752.192,1533.93,0.013,0,0,0.2,0,0.05098226189879684,0,0.06719367588932806,0,0.06,0.49396384221596307,-0.34800274621757205
2086,4969.0,6374.0,1194.0,0.052,0,0,0.0,0,0.00011984260370426161,0,0.06719367588932806,0,0.01,0.3065469795501437,-0.3513938420038448
2087,5153.999,7735.219,593.0,0.013,0,0,0.2,0,0.021477978066976135,0,0.0,0,0.02,0.30494264708450575,-0.35945792333648574
2088,5635.132,6203.076,1244.0,0.043,0,0,0.4,0,0.18056234355571535,0,0.0,0,0.15,0.31042284975428286,-0.3663738005077368
2089,16242.11,9301.554,1357.729,0.033,0,0,0.0,0,0.035119262980781836,0,0.0,0,0.13,0.30824719396115513,-0.3664348910351616
2090,12184.714,9619.928,1349.43,0.236,1,0,0.4,1,0.7776184726191064,1,1.0,0,0.36,0.31706482263030994,-0.3669748620662473
2091,11801.243,9925.7,1367.0,0.035,0,0,0.0,0,0.011865224320695453,0,0.06818181818181818,0,0.04,0.29950966184740535,-0.36828786099950583
2092,10810.244,7179.166,1360.29,0.0025,0,0,0.0,0,0.0326858610350258,0,0.0,0,0.0,1.7570479619914274,-0.3699078146096393
2093,4985.997,8193.225,400.0,0.007,0,0,0.0,0,0.02884413544250649,0,0.0,0,0.07,0.24285092387734078,-0.3773911523217594
2094,7969.0,4654.0,1109.0,0.0025,0,0,0.0,0,0.032564244228858404,0,0.0,0,0.0,2.146768927063849,-0.39170003501513456
2095,5683.0,5858.0,1097.0,0.006,0,0,0.0,0,0.010566259455137835,0,0.0,0,0.0,1.2038724413540622,-0.398329315687592
2096,6896.213,8964.498,616.0,0.0025,0,0,0.0,0,0.008511493716976857,0,0.0,0,0.0,0.38552378108909185,-0.40675937328048795
2097,12291.151,9344.202,1358.05,0.017,0,0,0.0,0,0.0026640013673611875,1,1.0,0,0.41,0.2835903640706803,-0.42355953279112085
2098,5091.0,6441.0,1176.0,0.03,0,0,0.0,0,0.12220942547905451,0,0.06719367588932806,0,0.12,0.7383401894231267,-0.429447768732281
2099,13551.816,7643.218,1460.51,0.0025,0,0,0.0,0,0.00011312762233713806,0,0.0,0,0.0,0.4165436763926632,-0.4461233556149703
2100,13082.343,7639.524,1385.0,0.039,0,0,0.0,0,0.0057175819086388024,0,0.06719367588932806,0,0.06,0.3979290805919187,-0.4474210544607944
2101,4837.258,2969.117,1315.0,0.0025,0,0,0.0,0,2.946227473716398e-05,0,0.0,0,0.0,1.2038724413540622,-0.4500689355154983
2102,4843.982,6213.846,1255.079,0.013,0,0,0.0,0,0.00014129192252929242,0,0.0,0,0.01,0.3270633553995527,-0.45137531168825035
2103,4687.5,7913.05,316.0,0.0025,0,0,0.0,0,0.00010978911912488978,0,0.0,0,0.0,0.32592383214274734,-0.46246198484933343
2104,6482.379,8362.637,730.0,0.018,0,0,0.0,0,0.0019312117657772825,0,0.0,0,0.01,0.6106401561338004,-0.46781445421166246
2105,10748.0,7228.556,1345.99,0.0025,0,0,0.0,0,2.8709082005203283e-05,0,0.0,0,0.02,0.41716030629787015,-0.4686814656843824
2106,4326.012,7648.652,334.0,0.0025,0,0,0.0,0,0.002907715560133943,0,0.0,0,0.0,1.2845358172811545,-0.47541482922958206
2107,7837.047,9323.753,1021.0,0.0025,0,0,0.0,0,0.0010100586169468,0,0.0,0,0.0,0.3275380915496576,-0.4879448659364388
2108,4687.75,7910.0,316.0,0.0025,0,0,0.0,0,0.001731197943190498,0,0.0,0,0.01,0.38552378108909185,-0.48841304661386525
2109,8314.001,6036.027,1444.589,0.017,0,0,0.0,0,6.789048249737429e-05,0,0.06719367588932806,0,0.03,1.1532947647043266,-0.49487203157143983
2110,8013.0,4689.0,1114.0,0.007,0,0,0.0,0,0.03339592745508563,0,0.0,0,0.1,1.3602868158399957,-0.4969781019181198
2111,5221.0,6365.0,1257.0,0.013,0,0,0.0,0,0.05384269039267435,0,0.0,0,0.02,0.6456221221577562,-0.5015680123487171
2112,4986.355,8192.968,400.0,0.019,0,0,0.0,0,0.03983175435330939,0,0.06719367588932806,0,0.03,0.2846814136805973,-0.5065367791130516
2113,13529.16,7590.352,1458.09,0.0025,0,0,0.0,0,0.0001603103258668043,0,0.0,0,0.0,0.4165436763926632,-0.509035706206585
2114,6276.2,9078.549,596.0,0.0025,0,0,0.0,0,3.5199252033255295e-05,0,0.0,0,0.0,0.2763503195288376,-0.5099923452433106
2115,12175.346,10011.087,1386.0,0.011,0,0,0.0,0,0.0015060689726969644,1,0.7,0,0.02,0.4165436763926632,-0.5112234400991523
2116,4687.0,7919.0,313.0,0.007,0,0,0.0,0,0.0002656055950908397,0,0.06719367588932806,0,0.03,0.30560433105985907,-0.5658649921423387
2117,5275.099,7313.326,762.0,0.0025,0,0,0.0,0,5.23497975760484e-05,0,0.0,0,0.0,0.2453082175335171,-0.5679939764224614
2118,5429.87,8352.753,559.0,0.02,0,0,0.0,0,0.07145482198710035,0,0.06719367588932806,0,0.01,0.23459315156382612,-0.5750810713769318
2119,16.0,9177.0,825.0,0.0025,0,0,0.0,0,0.00014630679438417527,0,0.0,0,0.02,0.3345595497600227,-0.5768453178145514
2120,10768.307,7215.64,1354.0,0.015,0,0,0.0,0,0.001992520429939659,0,0.0,0,0.01,1.7573839671442584,-0.5837113138429557
2121,11124.085,6882.425,1385.65,0.005,0,0,0.0,0,0.00014363256634303934,0,0.0,0,0.0,0.3204909396358369,-0.5931183945656434
2122,8906.997,8785.388,1045.77,0.0025,0,0,0.0,0,0.0005598141883290984,0,0.03278688524590164,0,0.01,0.9417391941056503,-0.5936621793257005
2123,12478.483,9389.735,1367.0,0.034,0,0,0.2,0,5.556257892658186e-05,1,0.6666666666666666,0,0.13,0.4620836355616785,-0.6087246818306699
2124,21562.0,2883.0,1392.0,0.02,0,0,0.0,0,0.021359619287199722,0,0.0,0,0.01,0.21590066710397443,-0.6138428033791936
2125,12593.212,9322.593,1287.22,0.042,0,0,0.0,0,0.00119006395111345,0,0.06719367588932806,0,0.05,0.30494264708450575,-0.630010991963299
2126,10795.755,5751.862,1533.93,0.0025,0,0,0.0,0,0.004172990870863547,0,0.0,0,0.0,0.3855237810890919,-0.6513610124622446
2127,11973.089,10040.492,1363.75,0.01,0,0,0.0,0,4.457527549866632e-05,0,0.06719367588932806,0,0.2,0.29713755284451776,-0.6538044619880958
2128,13474.491,7297.585,1471.0,0.005,0,0,0.0,0,0.04135630997296742,0,0.0,0,0.04,0.39384290434389124,-0.6687500286629606
2129,0.0,9216.0,817.0,0.0025,0,0,0.0,0,6.985283056179243e-05,0,0.0,0,0.0,0.28534740572923867,-0.6755075257766822
2130,10874.845,6988.61,1376.58,0.006,0,0,0.0,0,0.0005790936556124592,0,0.0,0,0.02,0.7056599329045754,-0.6771302553488763
2131,3935.627,7373.154,213.61,0.0025,0,0,0.0,0,6.260708517284256e-06,0,0.0,0,0.0,0.38552378108909185,-0.7101998563773563
2132,6274.946,9078.549,595.0,0.0025,0,0,0.0,0,1.8273682006836241e-06,0,0.0,0,0.0,0.2763503195288377,-0.7172156408567292
2133,3310.345,6922.672,20.0,0.019,0,0,0.0,0,0.00010238927723117962,0,0.0,0,0.04,0.2850098579325963,-0.7398510397179059
2134,12421.0,9484.0,1365.0,0.014,0,0,0.0,0,1.4506286978124335e-05,0,0.0,0,0.03,0.2723670741207424,-0.7422208595275578
2135,4522.1,7817.8,320.0,0.005,0,0,0.0,0,0.0005191124932632965,0,0.0,0,0.04,0.29306503832381803,-0.7530696580895123
2136,12353.194,9530.005,1391.44,0.019,0,0,0.0,0,0.023344126902828274,0,0.0,0,0.01,0.20904903154759377,-0.7560513633026182
2137,4526.23,7813.82,321.0,0.015,0,0,0.0,0,0.0017182132674221457,0,0.06719367588932806,0,0.04,0.22356764044824984,-0.7578874164936014
