Rank,East,North,Level,Au_ppm,target_Au,KNN_pred,KNN_proba,Regresion_Logistica_pred,Regresion_Logistica_proba,Arbol_Decision_pred,Arbol_Decision_proba,Random_Forest_pred,Random_Forest_proba,KNN_Regressor_pred_ppm,Ridge_pred_ppm,Arbol_Decision_Regressor_pred_ppm,Random_Forest_Regressor_pred_ppm
1,6352.596,6830.149,1352.149,132.245,1,1,1.0,1,1.0,1,1.0,1,0.97,19.51265629083719,318.0186856702102,132.24499999999998,81.85919438197384
2,6365.0,7602.0,924.0,74.766,1,1,1.0,1,1.0,1,1.0,1,0.97,6.600423668048201,12.864221151482313,74.76600000000002,43.31505552856851
3,6352.596,6830.149,1352.149,11.0,1,1,0.8,1,0.977124786471805,1,1.0,1,0.97,6.552837210232339,6.884340386253294,11.0,12.800120374993273
4,6342.393,6898.786,1302.709,12.985,1,1,0.6,1,0.9999964812359926,1,1.0,1,0.94,3.1752325260566185,2.7401583487827534,12.985,11.103856560562917
5,6342.393,6898.786,1302.709,11.0,1,1,0.6,1,0.999884393964148,1,1.0,1,0.94,3.4394167096578068,2.4999203304240667,11.0,10.59769306476138
6,6343.687,6864.89,1302.709,10.903,1,1,1.0,1,0.9999999704850833,1,1.0,1,0.98,3.7791813381517714,3.354928882655116,10.903000000000002,10.511932575702762
7,6343.687,6864.89,1302.709,11.0,1,1,1.0,1,0.9989823522688511,1,1.0,1,0.98,3.472365874002259,2.4483730347743218,11.0,10.495681555898926
8,6500.656,7831.902,931.0,22.424,1,1,0.6,0,0.4366102653020717,1,0.8947368421052632,1,0.69,2.301442093150472,1.2062157591174114,10.665890931652221,8.889559998153992
9,13083.354,7638.403,1385.0,16.681,1,1,0.6,1,0.9999999727105974,1,1.0,1,0.89,2.1489221886053627,11.324184117978781,16.681000000000004,8.397961912828826
10,6529.013,7791.281,941.609,13.986,1,1,0.8,0,0.30557810266438173,1,0.8947368421052632,1,0.88,5.308363076882898,0.9646932554773462,10.665890931652221,8.125776738561157
11,6531.783,7789.934,965.0,13.727,1,1,0.6,0,0.28054275490154607,1,0.8947368421052632,1,0.8,4.0316023493216635,0.8759598013810536,10.665890931652221,6.233218743121704
12,6419.0,7850.0,899.0,11.494,1,1,0.8,0,0.42819266547110363,1,0.8947368421052632,1,0.56,1.8544137167564863,0.7566427367121099,10.665890931652221,6.1361336576724685
13,4681.005,6257.046,1088.0,13.957,1,1,1.0,1,0.999999999999998,1,1.0,0,0.48,2.839552303891425,6.2040700049977575,10.665890931652221,5.751071165113921
14,9558.941,3114.694,1415.709,4.921,1,1,1.0,1,1.0,1,1.0,1,0.69,2.3426734991359717,6.401498115374599,4.921,5.4225744709017905
15,4993.402,8199.455,413.0,0.0025,0,0,0.4,0,0.31672907591912436,0,0.0,0,0.04,0.426819529151062,2.363242435842683,132.24499999999998,5.392341712560041
16,4917.354,6722.226,1021.0,6.466,1,0,0.4,1,0.5445404554428339,1,0.8947368421052632,1,0.83,0.8871980459880737,1.4331033031618925,6.465999999999999,5.251265203385275
17,4375.226,6417.477,830.0,8.707,1,1,0.8,1,0.9994225200743782,1,1.0,1,0.81,1.6421695487073125,1.6572543915857343,4.509632847636605,5.126282627124416
18,6526.955,7843.95,941.609,6.736,1,0,0.2,0,0.19995570101916826,1,0.8947368421052632,1,0.91,3.3138840982674624,0.9175719500290206,10.665890931652221,5.027956903657426
19,13082.933,7638.933,1385.0,8.391,1,1,0.6,1,0.9999318040252695,1,1.0,1,0.8,2.242486178478264,11.897235832769208,10.665890931652221,4.932481949390113
20,363.0,8021.0,790.0,0.0025,0,0,0.4,0,0.225495223946444,0,0.0,0,0.02,0.4378340358567687,0.35440581792489917,132.24499999999998,4.553723166274277
21,7637.571,7300.337,1220.0,0.021,0,0,0.0,0,0.34226969216133746,0,0.02702702702702703,0,0.02,1.9988260721747306,0.7229422478418931,6.465999999999999,4.114133363101517
22,7190.329,3570.463,1262.249,4.25,1,1,1.0,1,0.9999999995843825,1,1.0,1,0.83,1.8496122186919581,0.9589410401334657,1.8931737585878774,4.051826803916397
23,4995.0,8213.0,382.0,0.01,0,0,0.2,0,0.19326922773422966,0,0.0,0,0.02,0.43820993901165295,1.008125804933023,132.24499999999998,4.047989705509775
24,6411.0,7961.0,850.0,6.157,1,1,0.8,0,0.21920759292685033,1,0.8947368421052632,1,0.84,4.1311059707441915,0.8119612967464594,10.665890931652221,3.936802569930772
25,6415.0,7251.0,1107.0,0.028,0,0,0.4,0,0.30166974868139196,0,0.02702702702702703,0,0.13,0.42799043666759107,1.0784137574634285,4.788,3.875685653869407
26,6352.74,6819.014,1352.149,4.392,1,0,0.2,1,0.9895925732388067,1,1.0,0,0.37,1.1532947647043266,3.079825830301458,2.571601384670821,3.754466004622947
27,7669.902,7218.467,1274.0,4.063,1,1,1.0,1,0.9999999996617754,1,1.0,1,0.92,2.8285066576311513,2.3709866436499647,2.283190799812593,3.7144841854559116
28,5561.711,6797.572,1156.639,6.967,1,1,0.6,1,0.780256275524647,1,1.0,1,0.89,1.3511826379778789,2.1482633700122085,10.665890931652221,3.645149502532708
29,4924.965,6626.562,1066.0,6.953,1,1,1.0,1,0.997709939868111,1,1.0,1,0.96,1.925153447300512,2.245857310447062,1.8931737585878774,3.5633201625412174
30,4922.1,6645.0,1051.0,4.788,1,1,1.0,0,0.4043158547272894,1,0.8947368421052632,1,0.91,0.9112279736173343,1.3347688627072893,4.788,3.5448645685367155
31,6528.818,7820.133,941.609,6.185,1,0,0.2,0,0.07062806216565781,1,0.8947368421052632,1,0.71,1.0959431099711523,1.3209145677867076,0.6181337712268828,3.5136544573213895
32,6417.0,7865.0,889.0,5.287,1,0,0.4,0,0.2360651221393247,1,0.8947368421052632,1,0.87,0.9417391941056503,0.6865488004765854,2.283190799812593,3.494384593955499
33,6352.74,6819.014,1352.149,4.363,1,0,0.2,1,0.6361826901305179,1,1.0,1,0.63,1.1532947647043266,1.7185793714229955,2.571601384670821,3.4489888862811924
34,14537.603,9548.218,1452.959,6.451,1,1,0.6,1,0.9995949122693912,1,1.0,1,0.83,1.9484944133852973,6.362725863045441,3.9300265719365046,3.4421618392783344
35,6530.685,7774.565,968.0,4.934,1,1,0.8,0,0.16537504067576939,1,0.8947368421052632,1,0.89,7.0661733112962395,0.9819949078038526,3.7885560479251046,3.2831987549357096
36,5686.08,6607.879,1284.399,3.788,1,1,1.0,1,0.9999999799045882,1,1.0,1,0.82,2.5816483878945053,3.692917149216748,4.509632847636605,3.214311809018694
37,5066.0,6581.0,1094.0,4.538,1,1,0.6,1,0.9999695175433458,1,1.0,1,0.78,1.452418246011122,3.2341893401727364,4.509632847636605,3.196538980938348
38,6529.833,7847.383,936.0,3.389,1,1,0.6,0,0.21142327885227957,0,0.06719367588932806,1,0.57,2.688647734097266,1.0016484129791892,3.7885560479251046,3.11427519724926
39,9635.037,5568.045,1435.879,6.095,1,0,0.4,0,0.0916762126124913,1,0.7,1,0.8,1.2407711243896293,0.9628646854406034,2.571601384670821,3.0984371641830237
40,6534.289,7776.823,941.609,4.41,1,1,0.6,0,0.21296416655736733,1,0.8947368421052632,1,0.89,2.556802164978831,1.0575051986369697,2.283190799812593,3.075761260105584
41,5707.779,3745.325,968.7,0.01,0,0,0.2,0,0.20087670203037786,0,0.06818181818181818,0,0.15,1.175885943576447,0.9937845828380593,0.921,3.0706161299955936
42,4769.826,6597.82,956.0,4.187,1,1,1.0,1,0.9999999982063272,1,1.0,1,0.67,2.5816483878945062,2.614198647671714,2.571601384670821,3.0628936452093836
43,4916.8,6713.0,1005.0,5.153,1,0,0.4,1,0.5927316136151075,1,0.8947368421052632,1,0.68,1.6041229870089064,1.0420635456731957,0.722991173496274,3.0170020448920702
44,4994.65,8198.165,413.0,0.0025,0,0,0.0,0,0.13768224445605096,0,0.0,0,0.02,2.6474973578345073,0.8129484134701563,1.181,2.9979746616808467
45,9650.171,3166.114,1463.229,2.262,1,1,1.0,1,0.9999999999998295,1,1.0,1,0.72,1.8271566173738514,0.8636073645321726,3.9300265719365046,2.9785782454553997
46,5748.141,5875.98,1150.0,0.007,0,0,0.2,1,0.6855198431558581,0,0.0,0,0.1,2.5945916770908535,1.1677203580486513,132.24499999999998,2.9706066463626355
47,4420.0,7591.0,359.0,0.0025,0,0,0.0,0,0.03249615711462402,0,0.0,0,0.0,0.8420463207151766,2.1722943522205473,6.465999999999999,2.9503639114174063
48,4834.949,6210.729,1102.589,0.021,0,0,0.4,0,0.17696452115690642,0,0.02702702702702703,0,0.06,0.4420969601141798,0.9384624600422469,3.7885560479251046,2.8990448141632505
49,4692.0,7856.0,342.0,0.0025,0,0,0.0,0,0.16222379449276583,0,0.0,0,0.0,1.9622173115062451,0.9602085631615118,6.465999999999999,2.6965160683058613
50,7403.0,9151.0,932.0,0.0025,0,0,0.0,0,0.03103760818749568,0,0.07142857142857142,0,0.09,0.585896203545012,1.3214988597035646,2.283190799812593,2.677348577725968
51,7652.186,7268.54,1217.0,0.014,0,0,0.4,0,0.38429807869531163,0,0.07142857142857142,0,0.03,0.9755203442035436,1.021103099766183,2.571601384670821,2.661723956087214
52,5300.192,8533.699,486.0,2.476,1,1,1.0,1,1.0,1,1.0,1,0.83,2.0852385904434754,2.513785594579333,1.8931737585878774,2.6595902522408315
53,6498.007,7771.762,960.0,3.216,1,0,0.4,0,0.28489828741408313,1,0.8888888888888888,1,0.78,3.542985545419982,1.0255890660341156,3.7885560479251046,2.593055298898282
54,4912.65,6713.0,1005.0,3.082,1,0,0.4,1,0.6532764316044961,1,0.8947368421052632,1,0.93,0.9670231663849469,1.245293440121999,0.722991173496274,2.5058462187664414
55,6361.0,9036.0,564.0,0.0025,0,0,0.2,0,0.11863819189754317,0,0.0,0,0.01,2.0419965257994486,0.9916692615783912,0.17964990763046554,2.2946187732151095
56,6507.0,7857.0,911.0,2.643,1,1,0.8,0,0.14513504164218155,1,0.8947368421052632,1,0.85,4.121691425764724,1.0072579958923318,1.0310368953501068,2.269318806142213
57,4307.072,7605.748,277.55,0.0025,0,0,0.0,0,0.04869828702067948,0,0.0,0,0.01,2.5240201924342966,1.4054467992704192,6.465999999999999,2.247603847613678
58,7333.912,6515.929,1286.879,2.721,1,1,0.6,1,0.9906547192075396,1,1.0,1,0.89,3.0402794487787568,1.5168516010491087,0.722991173496274,2.2397600989874444
59,6589.0,7741.0,1010.0,0.0025,0,0,0.2,0,0.1749313279747421,0,0.0,0,0.01,2.6474973578345065,1.014329719534223,1.181,2.1843260302524627
60,3948.927,7387.505,226.81,0.006,0,0,0.0,0,0.03328487551442727,0,0.0,0,0.0,0.9200187435447968,1.2010511645897797,6.465999999999999,2.1813503339433433
61,4726.049,6254.175,1092.0,4.093,1,1,0.8,1,0.9999960869239182,1,1.0,1,0.79,0.6121480115792222,1.7052090886769564,4.509632847636605,2.175318827357433
62,7668.103,7227.104,1273.0,2.625,1,1,0.8,1,0.9953897482772758,1,1.0,1,0.96,1.2017203414362965,1.8661487820236007,2.283190799812593,2.167132608288285
63,5710.122,7776.634,748.0,0.0025,0,0,0.2,0,0.16662390177449324,0,0.0,0,0.08,2.6474973578345073,1.129320873421382,6.465999999999999,2.130822699863404
64,4636.646,7435.528,523.0,0.045,0,0,0.4,0,0.248985399692575,0,0.06818181818181818,0,0.03,0.8855855521686535,1.235593893208102,1.181,2.1120729388769623
65,17444.0,8340.0,1287.0,0.1,0,0,0.4,0,0.051271009151459705,0,0.0,0,0.24,1.1519413126655051,3.3992699599793585,2.283190799812593,2.061917078433439
66,6365.987,9165.388,646.4,0.0025,0,0,0.0,0,0.0035158992917466315,0,0.02702702702702703,0,0.02,0.6031382587260661,1.5190405224373098,1.1783710079833332,2.0466324176996045
67,4751.525,6829.675,942.979,0.074,0,0,0.0,0,0.31600819105355765,0,0.07142857142857142,0,0.12,1.4009839029913351,1.5360565518650335,0.722991173496274,2.0309426564344855
68,4674.0,7389.0,549.0,1.181,1,1,0.6,0,0.49292285869661506,1,1.0,1,0.9,0.5071588952042054,1.2856215353254465,1.181,2.0145206616755473
69,6259.677,7147.453,1169.099,2.136,1,1,1.0,1,0.9994581775266617,1,1.0,1,0.81,1.6738592000755417,1.6788703940253953,1.8931737585878774,2.0010007475182023
70,6323.0,7596.0,916.0,0.01,0,0,0.2,0,0.16238301191611496,0,0.06719367588932806,0,0.01,2.166617791646361,1.0310122071222598,1.7429999999999999,1.9999824722786812
71,6335.0,7610.0,892.0,0.028,0,0,0.0,0,0.19456595515594838,0,0.07142857142857142,0,0.04,1.9622173115062451,1.1417412108087208,0.722991173496274,1.969979155405715
72,7539.928,7445.966,1253.209,0.0025,0,0,0.2,0,0.21441188753348964,0,0.06818181818181818,0,0.02,1.4434226893096116,1.131672229978017,0.921,1.95833074299445
73,4428.391,7574.709,389.0,0.0025,0,0,0.0,0,0.002080638093896054,0,0.03278688524590164,0,0.02,1.0584583235431977,5.060346589163782,0.17964990763046554,1.9511726513509307
74,6350.0,7608.0,910.0,0.026,0,0,0.0,0,0.1351963474895587,0,0.06719367588932806,0,0.08,2.3048112871071442,0.800374083590148,0.1867157979021039,1.9290540887794487
75,6530.714,7826.906,945.0,2.496,1,1,0.8,0,0.16519123126159727,1,0.8888888888888888,1,0.79,1.6661998397765192,0.9057576987005016,1.1783710079833332,1.9290106450481612
76,7651.098,7262.602,1258.0,1.881,1,1,1.0,1,0.9999797961217572,1,1.0,1,0.83,1.6435694735328819,1.5919097548142487,2.571601384670821,1.9101025223258583
77,6729.996,7747.946,1013.359,0.085,0,0,0.2,0,0.16613335395397455,0,0.06719367588932806,0,0.13,6.220562812611661,0.9774672390155708,0.4765442467801234,1.90640925332133
78,10820.694,5822.978,1528.93,0.054,0,0,0.4,0,0.34830530543506066,0,0.07142857142857142,0,0.09,0.25706062626765885,1.1461300594453119,1.7429999999999999,1.89280141253983
79,6325.0,7608.0,919.0,0.025,0,0,0.2,0,0.2637443454838566,0,0.06719367588932806,0,0.04,1.6131060244864108,1.1557600407425548,1.7429999999999999,1.8536880734540186
80,4601.089,6364.632,1021.28,2.873,1,0,0.2,1,0.9324349862442182,1,1.0,1,0.85,0.701874846945432,1.1037088592019406,4.509632847636605,1.8434481131130571
81,7559.0,7715.0,1108.0,0.0025,0,1,0.6,0,0.1859913707210573,0,0.0,0,0.01,2.5240201924342966,1.1006701903660243,0.17964990763046554,1.8347844903261334
82,4365.662,6437.495,826.0,2.133,1,0,0.4,0,0.46611921279897167,1,1.0,1,0.78,0.677265856143198,1.7266238259712199,2.571601384670821,1.8339097874078922
83,6310.0,7611.0,943.0,0.028,0,0,0.2,0,0.17819027059005704,0,0.07142857142857142,0,0.24,1.7570479619914274,0.925296056827261,0.1867157979021039,1.8190164979929744
84,10817.573,6198.023,1468.48,0.026,0,0,0.4,0,0.1435440011108978,0,0.0,0,0.07,2.509366191921441,1.1282111089221742,10.665890931652221,1.8131377264962922
85,5555.229,6806.051,1156.639,3.108,1,1,0.6,1,0.5770051165160649,1,1.0,1,0.85,0.7879085122862611,0.5722698466399472,2.571601384670821,1.8055320988326504
86,6411.0,8998.0,553.0,0.0025,0,0,0.0,0,0.08385949894880242,0,0.0,0,0.01,1.9622173115062451,1.0034319518460102,0.17964990763046554,1.802241641960203
87,7540.48,7444.068,1247.0,0.006,0,0,0.0,0,0.23677202461603597,0,0.4666666666666667,0,0.1,1.9296151283803349,1.172543000975696,1.0310368953501068,1.7701951271902876
88,5520.65,7715.18,753.0,0.0025,0,0,0.0,0,0.08754321726931583,0,0.0,0,0.02,1.4694613997071506,0.6722938101912448,0.17964990763046554,1.747460470248508
89,4420.576,7520.641,382.0,0.0025,0,0,0.0,0,0.09843866977870783,0,0.02702702702702703,0,0.04,2.451924893087211,0.8490198584561983,0.17964990763046554,1.7401634661579788
90,5266.044,7286.197,716.069,2.02,1,1,0.6,1,0.6830802039040462,1,1.0,1,0.88,1.6131060244864102,1.20944069465326,0.722991173496274,1.7160136596564466
91,8906.997,8785.388,1045.77,0.0025,0,0,0.0,0,0.0005598141883290984,0,0.03278688524590164,0,0.01,0.9417391941056503,-0.5936621793257005,0.17964990763046554,1.6954142303268873
92,7356.0,7344.0,1276.0,2.868,1,0,0.4,0,0.2035602968163872,1,0.8947368421052632,1,0.81,0.8478987936680069,0.7697492990214851,0.722991173496274,1.6876107197547094
93,6529.129,7813.508,941.609,1.999,1,0,0.2,0,0.14018614548710684,1,0.8888888888888888,1,0.82,1.733030970158923,1.0065323346264257,1.1783710079833332,1.6756366268257235
94,6466.76,6960.407,1252.0,1.887,1,1,1.0,1,0.9978301956814183,1,1.0,1,0.95,1.2017203414362965,1.5967611389067533,1.8931737585878774,1.6679234199312072
95,6756.568,7967.345,968.0,0.0025,0,0,0.0,0,0.14452333091399155,0,0.03278688524590164,0,0.06,1.9988260721747306,0.543482131599784,0.17964990763046554,1.6633907711763387
96,8684.346,8882.298,1024.02,0.0025,0,0,0.0,0,0.03273108972641693,0,0.03278688524590164,0,0.01,0.9417391941056503,0.3667241983399029,0.17964990763046554,1.6459187672081599
97,6489.419,7447.858,1009.0,0.045,0,0,0.0,0,0.24388527176734698,0,0.38461538461538464,0,0.13,1.7849698260011517,0.8048900221588884,0.6181337712268828,1.6309360457564694
98,7391.0,7457.0,1258.0,0.008,0,0,0.2,0,0.15727055908686766,0,0.06818181818181818,0,0.01,3.702741049914534,1.1830786183487083,1.7429999999999999,1.6194654662962626
99,9638.037,5563.973,1435.879,2.193,1,0,0.4,1,0.749189094178457,1,0.7,1,0.81,1.1011929026590486,1.0991069628126555,0.4765442467801234,1.61865765031422
100,4463.0,7642.0,388.0,0.0025,0,0,0.0,0,0.0845453540478086,0,0.0,0,0.0,2.451924893087211,0.865696423324988,0.17964990763046554,1.6145524864920833
101,4386.0,6395.0,863.0,0.079,0,0,0.0,0,0.22819058476219906,0,0.07142857142857142,0,0.04,0.9147984380741099,1.2043529051094315,0.722991173496274,1.6035737662107195
102,7199.911,3507.765,1262.249,1.057,1,1,1.0,1,0.9999106840799558,1,1.0,1,0.8,0.7488943525767852,2.2453273228774444,0.6181337712268828,1.584928407030756
103,6468.0,8267.0,717.0,0.053,0,0,0.0,0,0.3128987030901661,1,0.8947368421052632,0,0.27,1.312346106726772,1.261508305262959,0.1867157979021039,1.5814260507006623
104,7504.0,7094.0,1280.0,0.0025,0,0,0.0,0,0.000300716234079825,0,0.0,0,0.0,1.2030812465920673,1.8366753790181802,0.17964990763046554,1.5792753488237472
105,8618.49,5946.74,1429.29,0.0025,0,0,0.0,0,0.004744202461325972,0,0.0,0,0.01,0.28009205566249185,3.9595182255554486,0.555,1.5629217807891274
106,8067.281,5575.402,1503.0,0.037,0,1,0.6,0,0.25830072613238075,0,0.06719367588932806,0,0.22,1.3614953393298523,1.1190880258662674,1.7429999999999999,1.5614918747361308
107,5669.038,6632.027,1284.399,1.89,1,1,0.8,1,0.9863445641186718,1,1.0,1,0.77,1.100642979759989,1.302236630042123,0.722991173496274,1.551548947015834
108,4457.0,7673.0,363.0,0.0025,0,0,0.0,0,0.13887795456887658,0,0.0,0,0.01,1.2915562094254642,0.8719562840038574,0.17964990763046554,1.5452461587726414
109,6494.224,7362.694,1055.0,0.01,0,0,0.4,0,0.19330113720031314,0,0.0,1,0.57,0.877730958259406,0.8099671364171808,0.4765442467801234,1.5395270227310878
110,7342.329,9283.829,938.0,0.0025,0,0,0.0,0,0.0025841171152588714,0,0.0,0,0.0,1.1532947647043266,3.6274288992931973,0.17964990763046554,1.5319707745930065
111,11969.984,9250.353,1304.83,0.0025,0,0,0.0,0,0.00010325073607299417,0,0.0,0,0.0,0.28534740572923856,-0.18553395524910782,0.555,1.5318638130235853
112,8678.575,8986.867,1093.85,0.0025,0,0,0.0,0,0.01357179591500683,0,0.03278688524590164,0,0.0,1.9988260721747306,-0.0712083504128595,0.17964990763046554,1.5316975807952509
113,7114.945,9343.175,979.0,0.0025,0,0,0.0,0,0.019414802115455265,0,0.0,0,0.0,0.3979290805919187,1.8030011510750592,0.555,1.529412085431506
114,5671.274,6625.091,1218.0,2.35,1,1,0.8,1,0.6936260848290501,1,1.0,1,0.97,0.7064223352135877,1.0428085758158794,0.722991173496274,1.5287769764879744
115,4421.501,7521.07,383.0,0.0025,0,0,0.0,0,0.04073988458988608,0,0.0,0,0.01,2.329386739482138,1.7007633201631167,0.17964990763046554,1.5272734653304059
116,6539.0,7750.0,975.0,0.0025,0,0,0.0,0,0.002251014855701611,0,0.0,0,0.0,1.2608487471402665,1.3469754445704727,0.17964990763046554,1.5203425873129242
117,10943.0,6540.0,1446.0,0.006,0,0,0.0,0,0.025553986584084403,0,0.03278688524590164,0,0.03,0.867765532360684,0.6303362161859263,0.17964990763046554,1.51682633068764
118,5415.241,6352.257,1292.149,0.0025,0,0,0.0,0,0.2812985178228601,0,0.06818181818181818,0,0.01,0.3915132895280827,0.5604646267997502,0.17964990763046554,1.5072729759380756
119,6340.953,6898.741,1302.709,0.014,0,0,0.0,0,0.000776829025376123,0,0.0,0,0.03,1.1532947647043266,0.9705455175340355,2.571601384670821,1.5051261395063245
120,7555.0,5115.0,1373.0,0.0025,0,0,0.0,0,0.002634973002355909,0,0.0,0,0.0,0.28009205566249185,1.8546394619022686,0.555,1.4884794996276298
121,11989.433,9247.174,1307.57,0.0025,0,0,0.0,0,0.0010222887788258685,1,1.0,0,0.0,0.2770138185805673,0.2253446848524663,0.555,1.479127443224741
122,6666.0,7816.0,1002.0,0.0025,0,0,0.0,0,0.0023651320978866418,0,0.0,0,0.0,1.2608487471402665,1.1654176456362024,0.17964990763046554,1.4782812676987154
123,10867.0,9037.0,1247.0,0.0025,0,0,0.0,0,0.001603529930030021,0,0.0,0,0.0,0.38552378108909185,2.78030192848188,0.17964990763046554,1.4738698275462914
124,11613.932,7840.834,1303.0,0.0025,0,0,0.0,0,1.3250473631119839e-06,0,0.0,0,0.0,1.1532947647043266,0.9276842499373198,0.17964990763046554,1.4733195644782517
125,7347.0,7301.0,1265.0,2.376,1,0,0.4,0,0.36455669028766374,1,1.0,1,0.88,0.6902085339373987,0.6189018241751703,0.6181337712268828,1.4731474826558102
126,3327.0,6108.0,359.0,0.081,0,0,0.0,0,0.030441174744379133,0,0.07142857142857142,0,0.04,0.867765532360684,0.5229701163046913,2.283190799812593,1.470322294493573
127,4923.0,6645.0,1050.0,0.921,1,1,0.6,0,0.2710616922186897,0,0.07142857142857142,0,0.4,0.5723090781647735,1.2581268028444037,0.921,1.4629098012406696
128,8260.229,8339.02,890.0,0.0025,0,0,0.0,0,0.12291380232123693,0,0.0,0,0.02,0.39384290434389113,0.5088467019302927,0.555,1.4535252770627758
129,4930.0,6656.0,1036.0,1.738,1,1,1.0,1,0.807615501390425,1,0.8947368421052632,1,0.94,0.6880491821961567,1.5188143898137296,0.722991173496274,1.446960294186383
130,7188.403,8040.524,930.0,0.0025,0,0,0.0,0,0.0012932417638194056,0,0.02702702702702703,0,0.01,1.1532947647043266,1.5567443815218132,0.17964990763046554,1.444613916362992
131,5736.0,7994.0,610.0,0.0025,0,0,0.0,0,0.04806122790181736,0,0.0,0,0.0,1.6268296051007707,2.819143847297271,0.17964990763046554,1.4438230958954765
132,7466.576,7548.027,1246.0,0.007,0,0,0.4,0,0.24311278667489164,0,0.06719367588932806,0,0.3,1.845259222705352,0.9139447679040925,1.0310368953501068,1.4429426753784418
133,4730.0,7936.0,275.0,0.0025,0,0,0.0,0,0.06975367325126376,0,0.0,0,0.01,1.945753096399772,0.5665253704694245,0.17964990763046554,1.4426346467132531
134,13043.0,437.0,1237.0,0.0025,0,0,0.0,0,0.0003609025651371851,0,0.0,0,0.0,1.1532947647043266,2.3354979650094805,0.17964990763046554,1.4392295741434908
135,11579.528,6845.732,1355.0,0.0025,0,0,0.0,0,0.005000788025769689,0,0.03278688524590164,0,0.01,0.7895535449084286,3.1398030973341373,0.17964990763046554,1.4372345476403228
136,6461.315,7685.196,951.059,0.0025,0,0,0.2,0,0.1859937910951922,0,0.0,0,0.07,5.500295913240852,0.9493724201364485,0.37251395480634897,1.4358781622633525
137,4919.0,6694.0,1020.0,1.831,1,0,0.2,1,0.5093867455004075,1,1.0,0,0.5,1.0415557013904542,1.5321696973045325,1.0310368953501068,1.4301769916050238
138,4651.0,7904.0,311.0,0.0025,0,0,0.0,0,0.07063191234660422,0,0.0,0,0.02,1.9622173115062451,1.5115905383481327,0.17964990763046554,1.4252677425144291
139,6360.437,8526.132,621.0,0.0025,0,0,0.0,0,0.0006633308275688523,0,0.0,0,0.0,1.1532947647043266,2.663764706011168,0.17964990763046554,1.4207932335703535
140,6906.0,7658.0,1113.0,0.0025,0,0,0.2,0,0.0067069651001940185,0,0.03278688524590164,0,0.0,0.23730558964012097,1.2465932319331197,0.17964990763046554,1.420470463974794
141,5636.188,6207.932,1246.0,0.0025,0,0,0.0,0,0.003663553685353817,0,0.0,0,0.0,0.38552378108909185,0.6935130157638478,0.555,1.4180239364286904
142,5901.0,7826.0,707.0,0.03,0,0,0.4,0,0.1932522207860886,0,0.0,0,0.06,4.0316023493216635,0.8283323332647926,0.37251395480634897,1.410271217657344
143,4702.059,6705.683,942.979,0.033,0,0,0.2,0,0.35251684761572416,0,0.06719367588932806,1,0.59,0.7862379621130913,1.1659587297785907,0.1867157979021039,1.4070324950597664
144,6566.0,7307.0,1055.0,0.007,0,0,0.0,0,0.00486708532046384,0,0.0,0,0.0,0.28009205566249185,2.0998331327381905,0.555,1.403109909761678
145,6234.0,7203.0,1135.0,0.039,0,0,0.0,0,0.000919421105420534,0,0.0,0,0.01,1.2608487471402665,0.9122836366193335,2.571601384670821,1.4030048693376544
146,7360.476,9291.407,938.0,0.0025,0,0,0.0,0,0.0014498433538064164,0,0.0,0,0.0,1.1532947647043266,2.1567920901553306,0.17964990763046554,1.4015154601639241
147,8243.0,8411.0,923.0,0.0025,0,1,0.8,0,0.13357682864861256,0,0.0,0,0.02,4.149028223607108,0.946826706621497,0.17964990763046554,1.4013825973921257
148,9201.0,6520.0,1362.0,0.005,0,0,0.0,0,0.0024061848782302975,0,0.0,0,0.0,0.38552378108909185,3.7459651530843203,0.555,1.400833496545422
149,4929.0,6655.0,1040.0,1.544,1,1,0.6,1,0.9350150723106849,1,1.0,1,0.85,2.941836627490244,1.5399030064161425,0.722991173496274,1.4005330382230063
150,11057.485,7814.044,1351.0,0.0025,0,0,0.0,0,2.848555631269921e-05,0,0.0,0,0.0,1.2038724413540622,1.137219449707539,0.17964990763046554,1.3969794495946095
151,6348.912,7353.111,1040.209,0.018,0,0,0.0,0,0.0010883818016991565,0,0.02702702702702703,0,0.0,1.2030812465920673,0.5251821173843202,0.17964990763046554,1.393418413159163
152,6494.619,7376.817,1048.0,0.008,0,1,0.6,0,0.2540853017810482,0,0.0,0,0.29,1.0345292750177015,0.931938637040653,0.4765442467801234,1.3928166565502147
153,281.0,7781.0,787.0,0.0025,0,0,0.0,0,9.968371440954158e-06,0,0.0,0,0.0,1.3277400407895552,5.18454390379747,0.17964990763046554,1.3904733716924604
154,17504.0,8370.0,1297.0,0.029,0,0,0.4,0,0.4556642623297708,0,0.0,1,0.61,1.1310978581523108,1.2467700971677842,0.6181337712268828,1.3790172552148818
155,13113.212,6577.722,1538.0,0.0025,0,0,0.0,0,0.0003952424971834615,0,0.02702702702702703,0,0.01,0.38552378108909185,1.0105334389907616,0.555,1.3744022844577986
156,8257.0,5550.0,1426.0,0.0025,0,0,0.0,0,0.002216233763896777,0,0.0,0,0.0,0.38552378108909185,1.7089040218640412,0.555,1.3740888340530018
157,9698.348,6299.905,1498.0,0.071,0,0,0.2,0,0.14431473053652127,0,0.06719367588932806,0,0.11,1.4537997230143334,1.0230728535981233,0.1867157979021039,1.3695115319848177
158,6350.0,7659.0,877.0,0.0025,0,0,0.2,0,0.11382115543057078,0,0.0,0,0.0,1.6087985932722404,1.34559431977228,0.17964990763046554,1.3692705827365754
159,7468.3,7510.31,1259.0,0.0025,0,0,0.2,0,0.20435393012930772,0,0.06818181818181818,0,0.15,1.3433235952047533,2.0033685305779056,0.17964990763046554,1.367093271324997
160,6731.0,7833.0,1030.0,0.0025,0,0,0.0,0,0.002341483122903556,0,0.0,0,0.0,1.2608487471402665,0.8794065134970277,0.17964990763046554,1.3564036248563283
161,7715.0,7227.0,1271.0,0.0025,0,0,0.0,0,0.0019842372276107187,0,0.0,0,0.0,0.4342754772840126,2.9787236832709016,0.555,1.3555979417872934
162,6761.0,8006.0,932.0,0.0025,0,0,0.0,0,0.0025336932878303763,0,0.0,0,0.0,1.260848747140266,2.2815458467759795,0.17964990763046554,1.3537259485966733
163,7372.0,6388.0,1268.0,0.0025,0,0,0.0,0,0.0034771030210397533,0,0.0,0,0.0,0.38552378108909185,1.2327800122281256,0.555,1.3519769860790931
164,6757.469,8011.793,945.0,0.005,0,0,0.0,0,0.02503796746427368,0,0.06719367588932806,0,0.02,0.39143202216122985,1.2079778188944426,0.4765442467801234,1.3491326730836604
165,5421.191,8107.76,537.0,0.0025,0,0,0.0,0,0.0008571443718951202,0,0.0,0,0.0,1.1532947647043266,2.915994119368562,0.17964990763046554,1.3480998254389815
166,10543.592,7645.832,1239.0,0.0025,0,0,0.0,0,0.0025121868393426358,0,0.0,0,0.01,0.3218485800886181,2.729421190289462,0.17964990763046554,1.346169076580881
167,9799.325,6367.975,1475.0,0.093,0,0,0.2,1,0.6845540047014678,0,0.38461538461538464,0,0.16,0.7473087559607011,1.1127480288087552,0.6181337712268828,1.3459883284534975
168,10436.0,8858.0,1150.0,0.007,0,0,0.0,0,0.0006823897094157596,0,0.0,0,0.0,0.38552378108909185,4.524623143676337,0.555,1.3412072090749292
169,5259.459,6499.908,1175.0,0.0025,0,0,0.0,0,0.008120012629636637,0,0.0,0,0.0,0.34046017597791484,0.4250437572201695,0.555,1.341004410659488
170,8478.0,4706.0,1119.0,0.005,0,0,0.0,0,0.00022911702674058317,0,0.0,0,0.0,0.38552378108909185,0.3238670939064693,0.555,1.3400288440562724
171,7891.0,6800.0,1350.0,0.0025,0,0,0.0,0,0.0011464464717497243,0,0.0,0,0.0,0.38552378108909185,1.6294444699013395,0.555,1.3394593142210867
172,5528.433,7720.967,753.0,0.0025,0,0,0.0,0,0.02841503436788811,0,0.0,0,0.0,1.7570479619914274,0.46077092986162776,0.17964990763046554,1.3366064595226421
173,9830.0,6294.0,1498.0,0.009,0,0,0.0,0,0.18999124955951824,0,0.06719367588932806,0,0.06,2.2345833017271115,1.271501614676016,0.1867157979021039,1.3365290015289313
174,11929.604,9407.668,1288.72,0.0025,0,0,0.0,0,5.023003565017189e-05,0,0.0,0,0.0,0.38552378108909185,0.25956715513389184,0.555,1.3364613010236672
175,7692.013,7224.965,1271.0,0.01,0,0,0.2,0,0.2059483366024072,0,0.06719367588932806,0,0.1,3.092612384918717,0.975638107070868,1.0310368953501068,1.3347834669014451
176,6391.0,7541.0,949.0,0.0025,0,0,0.0,0,0.002116483742213495,0,0.0,0,0.0,1.1532947647043266,0.9800789124946679,0.17964990763046554,1.3347512395926586
177,10776.619,9725.142,1409.0,0.005,0,0,0.0,0,0.0010143989267431942,0,0.0,0,0.0,0.38552378108909185,2.0272750665824617,0.555,1.3339289006942292
178,5886.0,6149.0,1254.0,0.0025,0,0,0.0,0,0.00012237383441396753,0,0.0,0,0.0,1.1397722206627607,0.9574012302659014,0.17964990763046554,1.3328778782652289
179,5115.68,7265.548,789.0,0.0025,0,0,0.0,0,0.0002311279033769018,0,0.0,0,0.0,1.3277400407895552,1.775482635498805,0.17964990763046554,1.3325045749222506
180,10404.521,6048.041,1484.0,0.005,0,0,0.0,0,0.006637405808547982,0,0.03278688524590164,0,0.01,1.0977090252010062,4.236959121148055,1.7429999999999999,1.3315101655129362
181,8630.2,5842.56,1396.0,0.02,0,0,0.2,0,0.225387148340678,0,0.06719367588932806,0,0.06,1.9622173115062451,1.0754440916662356,1.7429999999999999,1.328235493733291
182,6140.26,3753.21,1002.98,0.0025,0,0,0.0,0,0.004530599150955289,0,0.0,0,0.02,0.38020164305206133,0.38191855270205805,0.17964990763046554,1.32600294373325
183,5605.827,6728.348,1135.0,0.0025,0,0,0.0,0,4.7102307743748484e-05,0,0.0,0,0.0,1.1532947647043266,3.986098967472477,0.17964990763046554,1.3211605376118154
184,6582.0,7104.0,1164.0,0.021,0,0,0.0,0,0.21695857642511504,0,0.07142857142857142,0,0.12,0.2734480919947506,0.6858458528967591,2.283190799812593,1.3178986379873527
185,9463.0,6618.0,1510.0,0.011,0,0,0.0,0,0.1318089993575124,0,0.06719367588932806,0,0.06,4.546220298670198,1.161399298110341,0.1867157979021039,1.3178422182685223
186,2540.0,7416.0,393.0,0.0025,0,0,0.0,0,0.0009938554556245048,0,0.0,0,0.0,1.2030812465920673,1.6092792027150642,0.17964990763046554,1.3156688049035408
187,12250.688,6333.912,1448.0,0.0025,0,0,0.0,0,0.00027968998121875177,0,0.0,0,0.0,0.38552378108909185,1.9460919069598717,0.555,1.3154761168981284
188,6502.193,7783.962,959.0,1.197,1,0,0.2,0,0.18865125497112128,1,0.8888888888888888,1,0.86,0.6954945103095755,0.8803670348288121,1.1783710079833332,1.3152859163718567
189,11812.595,7970.995,1357.0,0.0025,0,0,0.0,0,0.0014054349013714316,0,0.0,0,0.0,0.38552378108909185,2.33375567700755,0.17964990763046554,1.3140529982637934
190,7730.599,6044.462,1345.151,0.018,0,0,0.2,0,0.18998200494882767,0,0.06719367588932806,0,0.1,1.029285708347762,1.0932404708419372,1.7429999999999999,1.3127907307210551
191,10058.066,6382.384,1549.0,0.096,0,0,0.0,0,0.22652958733836434,0,0.06719367588932806,0,0.05,0.6275297220794276,1.4914618520467118,1.7429999999999999,1.3117112978803114
192,4369.427,6430.501,832.0,0.047,0,1,0.6,0,0.2530126159898422,0,0.06818181818181818,0,0.09,0.6904782158513358,1.0628223438739923,0.37251395480634897,1.3107363930118794
193,5545.507,6837.096,1156.639,0.026,0,0,0.0,0,0.00015652065622581894,0,0.0,0,0.0,1.1532947647043266,3.421716669203089,0.17964990763046554,1.3106349983210879
194,4928.0,6654.0,1038.0,1.317,1,1,0.6,1,0.5567926947066762,1,0.8947368421052632,1,0.93,1.0415557013904544,1.5500650372800528,0.722991173496274,1.3087909623456948
195,8187.557,5576.832,1467.0,0.0025,0,0,0.0,0,0.002127528042324953,0,0.0,0,0.0,0.38552378108909185,1.654525670617678,0.555,1.3080757662664126
196,4416.0,7582.0,357.0,0.0025,0,0,0.0,0,0.0007028554736676935,0,0.03278688524590164,0,0.0,0.9361369155687657,8.999819070955883,0.17964990763046554,1.3072277457051573
197,6555.308,8188.868,802.0,1.751,1,1,0.8,1,0.999829172170269,1,1.0,1,0.83,0.9247197052001033,1.1518236839590315,1.8931737585878774,1.3059437484522483
198,4741.763,6241.317,1092.0,1.262,1,1,1.0,1,0.9999999996295774,1,1.0,1,0.87,1.4886796796485007,2.5114499575906537,1.8931737585878774,1.3056373988790377
199,10722.304,7925.479,1305.0,0.0025,0,0,0.0,0,5.669681453662295e-05,0,0.0,0,0.0,1.3540430783819428,0.3975611460561646,0.17964990763046554,1.3023026251680618
200,7446.0,7291.0,1294.0,0.0025,0,0,0.0,0,0.002534295698726101,0,0.0,0,0.0,0.38552378108909185,1.7784390514659842,0.555,1.3015462578930772
201,10082.0,8743.0,1075.0,0.0025,0,0,0.0,0,0.0014470672028195995,0,0.0,0,0.0,0.31339200632907266,2.4903719420723176,0.17964990763046554,1.2974629009543128
202,6090.277,9033.208,574.0,0.026,0,0,0.2,0,0.02545090719382384,0,0.0,0,0.01,1.8857940184374031,1.093209497512926,0.17964990763046554,1.2973053595987083
203,10186.511,8728.796,1107.0,0.0025,0,0,0.0,0,0.0003119113902338119,0,0.0,0,0.01,0.38552378108909185,2.087090209397174,0.555,1.2970435536577412
204,6574.0,7159.0,1131.0,0.025,0,1,0.6,0,0.32010349637594565,0,0.07142857142857142,0,0.17,0.5631881918436876,1.073542395364644,2.283190799812593,1.2968367546369262
205,6551.836,5135.061,1109.419,0.0025,0,0,0.0,0,0.00020571467282633302,0,0.0,0,0.0,1.3277400407895552,1.2800805810272,0.17964990763046554,1.2942439354978619
206,4687.35,7915.15,315.0,0.0025,0,0,0.0,0,0.09767048803861544,0,0.0,0,0.0,2.156939590545333,0.6696526614916931,0.17964990763046554,1.2921202211888612
207,10432.228,8005.492,1206.58,0.0025,0,0,0.0,0,0.00012877687010149502,0,0.0,0,0.0,1.1532947647043266,1.3109566259650234,0.17964990763046554,1.2915054108445736
208,8918.989,8950.516,1087.94,0.0025,0,0,0.0,0,0.0009894633384637645,0,0.0,0,0.0,0.4215476378590439,2.2015649422607164,0.555,1.289219479297427
209,5231.629,7080.589,830.949,0.0025,0,0,0.0,0,5.6004840321843564e-05,0,0.0,0,0.0,1.1532947647043266,3.8165533097236755,0.17964990763046554,1.2875654948383248
210,6875.539,7952.171,901.279,0.011,0,0,0.0,0,0.021533461387417394,0,0.0,0,0.02,0.6603562144717818,0.9662384593637455,0.555,1.2874430540991761
211,5359.797,8200.243,503.0,0.0025,0,0,0.0,0,0.0013522607160352757,0,0.0,0,0.0,0.38552378108909185,2.058925926020884,0.555,1.2871362584957686
212,8119.246,5576.896,1491.0,0.0025,0,0,0.0,0,0.00011945697226462771,0,0.0,0,0.0,1.1532947647043266,1.5081314061371,0.17964990763046554,1.2869421890230368
213,5614.553,7977.078,616.0,0.0025,0,0,0.2,0,0.28321636850416815,0,0.0,0,0.0,4.3804767411146175,1.107851139680647,0.17964990763046554,1.2851456212195582
214,3191.0,6517.0,166.0,0.006,0,0,0.0,0,0.004569813674397239,0,0.03278688524590164,0,0.01,2.139780787919591,3.3332824308477202,0.17964990763046554,1.2844450025236096
215,5811.0,7865.0,702.0,0.029,0,0,0.0,0,0.17115290178704293,0,0.4666666666666667,0,0.21,2.9458118564907627,1.1620383079526917,1.1783710079833332,1.2843237605276592
216,13273.051,7774.233,1386.92,0.211,1,1,1.0,1,0.9999999997418847,1,1.0,1,0.8,1.2790193274187311,1.0858922521630885,0.21397319850419855,1.2770660959015445
217,10374.323,7964.097,1158.44,0.0025,0,0,0.0,0,3.364916724080716e-05,0,0.0,0,0.0,1.1532947647043266,1.926718887637339,0.17964990763046554,1.2768773271977782
218,7521.699,7263.314,1282.0,1.133,1,1,1.0,1,0.9999457801168155,1,1.0,1,0.95,0.9416866840611569,1.4253366725416061,1.8931737585878774,1.2757368712576762
219,6646.269,5139.483,1171.169,0.005,0,0,0.0,0,0.00015813922816523327,0,0.0,0,0.0,1.3277400407895552,2.5020175383311223,0.17964990763046554,1.2747171227989393
220,7310.607,9216.457,947.0,0.0025,0,0,0.0,0,0.0029152976019305855,0,0.0,0,0.0,1.1532947647043266,2.5022641472900657,0.17964990763046554,1.273812114940058
221,11665.294,7865.684,1314.0,0.0025,0,0,0.0,0,0.0006035674172834625,0,0.03278688524590164,0,0.0,0.29921149977487044,5.689901016820574,0.17964990763046554,1.272575854360276
222,11178.51,7648.406,1289.0,0.0025,0,0,0.0,0,5.2499497225620994e-05,0,0.0,0,0.0,1.1532947647043266,0.2484237178758423,0.17964990763046554,1.2714285499103177
223,9159.0,6615.0,1348.0,0.006,0,0,0.0,0,0.0008196364122675412,0,0.0,0,0.0,0.28009205566249185,3.0702340926209075,0.555,1.269952597502058
224,5057.794,7710.406,563.0,0.0025,0,0,0.0,0,0.0012915889471848535,0,0.0,0,0.0,0.38552378108909185,1.0158575771584926,0.555,1.2658691475871269
225,4665.0,7909.0,312.0,0.005,0,0,0.0,0,0.12933911604973974,0,0.06719367588932806,0,0.02,2.451924893087211,0.7474494518201085,1.377,1.2655102951046242
226,4930.0,6655.0,1039.0,1.001,1,1,0.6,1,0.788137240243973,1,1.0,1,0.83,1.589416325089164,1.532998586729829,0.722991173496274,1.2654681070001526
227,4599.0,5970.0,977.0,0.0025,0,0,0.0,0,0.0047502559764739756,0,0.0,0,0.0,1.2695947441053914,2.2908699443016975,0.17964990763046554,1.2647664033375587
228,10918.725,7958.742,1309.56,0.0025,0,0,0.0,0,2.5280288024540404e-05,0,0.0,0,0.0,1.1532947647043266,0.9777496981312133,0.17964990763046554,1.263513414256041
229,7032.841,8908.628,658.0,0.005,0,0,0.0,0,0.0024146347556245206,0,0.03278688524590164,0,0.04,0.8906803852775735,0.5644254269884407,0.17964990763046554,1.263325656440998
230,10861.0,9241.0,1258.0,0.0025,0,0,0.0,0,0.004648264062265306,0,0.0,0,0.0,0.42127159738165676,2.928803972430161,0.17964990763046554,1.2610749816756717
231,5274.423,7299.46,835.679,0.0025,0,1,0.6,0,0.185818509752273,0,0.0,0,0.05,0.4797957018511507,0.9884047433764368,0.17964990763046554,1.260446361758037
232,10172.545,9339.51,1258.0,0.0025,0,0,0.0,0,0.0004580235306704017,0,0.0,0,0.0,0.38552378108909185,3.06762271743657,0.555,1.2602849218399732
233,7823.0,4907.0,1274.0,0.0025,0,0,0.0,0,0.004171214142257051,0,0.0,0,0.0,0.3270633553995527,2.9889042755649986,0.555,1.2602438780147462
234,5396.0,6578.0,1147.0,0.0025,0,0,0.0,0,0.00164888394766839,0,0.0,0,0.0,1.210589368349123,2.0952176377835627,0.17964990763046554,1.2598891120737998
235,11802.383,8850.063,1180.08,0.005,0,0,0.0,0,0.0009504822411384395,0,0.0,0,0.01,1.2998162978162042,1.804316400260503,0.17964990763046554,1.259418275100595
236,7270.265,3810.471,1200.709,0.245,1,0,0.4,1,0.8548816165455901,1,1.0,1,0.76,0.7205552288833773,1.1250682735446655,0.1867157979021039,1.2590522158939872
237,5577.393,6763.242,1156.639,0.928,1,1,1.0,1,0.9999874626125389,1,1.0,1,0.96,1.3566676386962717,1.7319819778410652,1.8931737585878774,1.2581041397018686
238,8309.0,5243.0,1325.0,0.0025,0,0,0.0,0,0.00014340517676118567,0,0.0,0,0.0,1.1532947647043266,1.8862580627383274,0.17964990763046554,1.2574501895794432
239,10367.968,8022.029,1192.059,0.0025,0,0,0.0,0,9.17184313616215e-05,0,0.0,0,0.0,1.1532947647043266,1.0955758052081725,0.17964990763046554,1.2568268170308112
240,3883.004,7343.405,138.0,0.0025,0,0,0.0,0,0.06651436038343586,0,0.02702702702702703,0,0.05,2.6474973578345065,0.7305315180534758,3.7885560479251046,1.2560690151510459
241,11193.267,7771.686,1286.77,0.0025,0,0,0.0,0,0.0002469875215967171,0,0.0,0,0.0,1.3074922699210423,1.6854448762099183,0.37251395480634897,1.2463887532622433
242,6528.118,7809.41,960.0,1.358,1,1,0.6,0,0.17710736867896631,0,0.06719367588932806,1,0.72,1.3500280102909479,0.9813891174409106,1.1783710079833332,1.2458206977394373
243,10159.0,8676.0,1065.0,0.0025,0,0,0.0,0,0.0008605472519793532,0,0.0,0,0.0,0.38552378108909185,2.210448223654125,0.555,1.2454821865310324
244,5508.585,6987.065,969.0,0.0025,0,0,0.0,0,0.0044249568161744066,0,0.0,0,0.0,0.28009205566249185,2.690070307050566,0.555,1.243984564941504
245,10810.88,9670.947,1406.0,0.013,0,0,0.4,0,0.09283869148529249,0,0.0,0,0.14,1.2241840170916358,2.7218326866144706,0.6181337712268828,1.24393356207863
246,5190.027,7115.999,830.949,0.0025,0,0,0.0,0,0.0003412654377281512,0,0.0,0,0.0,1.1532947647043266,2.3603637199728382,0.17964990763046554,1.243674702713236
247,6074.296,3725.401,992.74,0.0025,0,0,0.0,0,0.0016830563722832514,0,0.0,0,0.01,1.2732827615568096,0.09739499031252154,0.17964990763046554,1.2429864981844758
248,7785.0,6934.0,1320.0,0.0025,0,0,0.0,0,0.0016008952282384754,0,0.0,0,0.0,0.38552378108909185,1.7819845383821105,0.555,1.2409356595535024
249,7085.137,5361.376,1307.0,0.029,0,0,0.0,0,0.007174883467336196,0,0.06719367588932806,0,0.02,0.37131287469483537,1.2162920269134154,0.4765442467801234,1.2404767812915203
250,5294.175,7040.576,938.0,0.0025,0,0,0.0,0,0.0020136044953842033,0,0.0,0,0.0,1.1532947647043266,1.1885913203394705,0.17964990763046554,1.2401359518780832
251,4780.054,6400.453,1036.0,0.021,0,0,0.0,0,0.001950592600091713,0,0.0,0,0.0,1.2030812465920673,1.6923108212861004,0.17964990763046554,1.2389422152974698
252,6357.364,8528.587,619.0,0.0025,0,0,0.0,0,0.014481513023550708,0,0.0,0,0.0,1.1029186177905426,2.103982914110194,0.17964990763046554,1.23677879273492
253,10144.0,8642.0,1051.0,0.0025,0,0,0.0,0,0.0007425007920339213,0,0.0,0,0.0,0.38552378108909185,2.796666913491662,0.555,1.2332597149516928
254,10037.201,9295.062,1293.0,0.0025,0,0,0.0,0,0.011201053628953218,0,0.0,0,0.0,1.9988260721747306,1.4400396892052918,0.17964990763046554,1.2313520222645535
255,8460.0,4754.0,1137.0,0.0025,0,0,0.0,0,0.002198066464314127,0,0.0,0,0.01,1.1029186177905423,1.687789655607686,0.17964990763046554,1.2312372390807047
256,7354.0,7321.0,1264.0,1.59,1,0,0.4,1,0.6641623709552145,1,1.0,1,0.84,0.6557323950124614,1.1243709661737242,0.6181337712268828,1.2294489803574822
257,10565.0,9023.0,1212.0,0.0025,0,0,0.0,0,0.0007702614917594034,0,0.0,0,0.0,0.38552378108909185,2.7753698651860366,0.555,1.2286074407377183
258,7539.822,8752.368,615.0,0.0025,0,0,0.0,0,0.002502640439691104,0,0.0,0,0.0,1.3240931896326185,0.9171135845591196,0.17964990763046554,1.2251128548038597
259,7187.0,6671.0,1289.0,0.0025,0,0,0.0,0,0.0009914685659837134,0,0.0,0,0.0,0.38552378108909185,2.2551593825818,0.555,1.2235249847739567
260,10714.0,9146.0,1214.0,0.0025,0,0,0.0,0,0.002474754386057029,0,0.0,0,0.0,0.38552378108909185,1.6938429056611408,0.17964990763046554,1.2220600128121781
261,7288.013,8908.907,685.0,0.0025,0,0,0.0,0,8.187604627448365e-05,0,0.0,0,0.0,0.38552378108909185,1.052152260617982,0.555,1.220320493134564
262,8756.96,5544.4,1312.57,0.056,0,1,0.6,0,0.4368606848595871,0,0.0,0,0.19,1.134095944418832,0.6042769820270941,0.6181337712268828,1.2198529846279254
263,5748.037,5877.193,1150.0,0.019,0,0,0.0,1,0.6631526008029742,0,0.0,0,0.05,2.732977585180685,1.2687190612187982,0.37251395480634897,1.2194761306604796
264,7849.0,7270.0,1214.0,0.0025,0,0,0.0,0,0.002653972198594328,0,0.0,0,0.0,1.1469140223327945,1.718725173894517,0.17964990763046554,1.2189595074409947
265,6586.0,7102.0,1158.0,1.221,1,0,0.4,1,0.9795860821003446,1,1.0,1,0.72,0.44720580014255495,0.9282050985315525,2.283190799812593,1.2166829643104806
266,14063.0,1189.0,1265.0,0.0025,0,0,0.0,0,0.0002763469698095617,0,0.0,0,0.0,1.2038724413540622,-0.05609499668431925,0.17964990763046554,1.2166056854397054
267,6240.0,7406.0,1015.0,0.0025,0,0,0.0,0,0.0011781470471215493,0,0.0,0,0.0,0.4215476378590439,1.421498740751875,0.555,1.2136338027158855
268,5423.357,6357.37,1317.0,0.05,0,0,0.0,0,0.23647144345308754,0,0.06818181818181818,0,0.0,0.5969650550843933,0.7780111922886733,0.17964990763046554,1.2116713519728097
269,6204.0,7106.0,1207.0,0.0025,0,0,0.0,0,0.004871155624657825,0,0.0,0,0.0,0.3275380915496576,0.5435796987933208,0.555,1.2098043569733374
270,10790.0,8782.0,1154.0,0.0025,0,0,0.0,0,0.001496248738900926,0,0.0,0,0.02,0.38552378108909185,1.1322579956036856,0.17964990763046554,1.2094366663121057
271,4031.027,7508.127,221.33,0.005,0,0,0.0,0,0.008456520238504647,0,0.03278688524590164,0,0.0,1.2762015587021893,2.4249064533888007,0.17964990763046554,1.206743375073996
272,4884.0,6819.0,910.0,0.031,0,1,0.6,0,0.3339197173725682,0,0.02702702702702703,0,0.18,0.3874615610493989,1.2720510576174284,0.17964990763046554,1.206586709493721
273,3885.334,7347.179,138.0,0.008,0,0,0.0,0,0.0025999470961509245,0,0.0,0,0.05,0.8534023509842696,0.250531629555531,2.283190799812593,1.2060711078330417
274,9779.314,6311.982,1494.0,0.0025,0,0,0.0,0,0.11260249155702294,0,0.0,0,0.03,3.248660180277545,1.614447369668932,0.1867157979021039,1.205402451553769
275,6412.0,8294.0,698.0,1.377,1,0,0.4,0,0.28706371551581994,0,0.07142857142857142,1,0.67,1.4573319987163558,1.1138266138227653,1.377,1.204123623439139
276,5154.828,6439.146,1186.5,0.008,0,0,0.0,0,0.0397657020572639,0,0.02702702702702703,0,0.05,0.29648201362072496,5.846913205888579,0.4765442467801234,1.2004516700220542
277,9461.0,6328.0,1496.709,0.014,0,0,0.2,0,0.07726849984184803,0,0.06719367588932806,0,0.14,1.8757226314355788,1.7880133988545361,0.1867157979021039,1.1999531179277023
278,7239.0,6993.0,1197.0,0.0025,0,0,0.0,0,0.00419269693535607,0,0.0,0,0.0,1.1532947647043266,1.1519320429102327,0.17964990763046554,1.194630624636888
279,4592.201,6508.979,885.0,0.033,0,0,0.2,0,0.1474214650630873,0,0.0,0,0.07,2.6474973578345065,1.0715616666819523,0.17964990763046554,1.1936863992015592
280,7256.961,3823.359,1200.709,0.0025,0,0,0.0,0,0.0005473923897264779,0,0.0,0,0.01,1.3277400407895552,1.657229237925056,0.17964990763046554,1.1932847624310763
281,5677.0,6218.0,1254.0,0.0025,0,0,0.0,0,0.00025236203070588587,0,0.0,0,0.0,1.275993647500161,3.0832657734276245,0.17964990763046554,1.1912257906484678
282,10343.0,8772.0,1110.0,0.0025,0,0,0.0,0,0.002326310733659893,0,0.0,0,0.0,0.38552378108909185,3.8873688671534907,0.555,1.189770882487251
283,4750.52,7963.7,290.0,0.0025,0,0,0.0,0,0.14149658510099597,0,0.0,0,0.0,2.451924893087211,0.6922793919331625,0.17964990763046554,1.1897053477276345
284,4129.443,6633.987,605.0,0.0025,0,0,0.0,0,0.001198958315702222,0,0.0,0,0.0,1.275993647500161,2.3514568437525805,0.17964990763046554,1.1894428519560083
285,5419.722,6356.106,1317.0,0.012,0,0,0.0,0,0.022324351271492234,0,0.0,0,0.01,0.3270633553995527,0.47467990553988626,0.555,1.1836871204824242
286,7588.664,8765.428,753.0,0.0025,0,0,0.0,0,0.001454149988906937,0,0.0,0,0.0,0.3472787550108377,1.036924944574203,0.17964990763046554,1.1814309991096557
287,11032.974,7844.365,1359.0,0.0025,0,0,0.0,0,0.0005888599365663313,0,0.0,0,0.0,1.3540430783819428,1.783725720356691,0.17964990763046554,1.1813040120858134
288,4432.935,6459.181,958.0,0.0025,0,0,0.0,0,0.006020907150569155,0,0.0,0,0.0,1.1469140223327945,2.4654865156749235,0.17964990763046554,1.1801452745524383
289,8110.039,5616.972,1448.799,0.0025,0,0,0.0,0,0.0002613684161878974,0,0.0,0,0.0,1.2038724413540622,1.0754242989591676,0.17964990763046554,1.1793707540601797
290,4691.611,6233.29,1094.0,1.743,1,0,0.4,0,0.2782073485924321,0,0.06719367588932806,1,0.83,0.8698079576211376,1.1630676747226203,1.7429999999999999,1.1790282793531228
291,6160.0,3987.0,887.0,0.0025,0,0,0.0,0,0.0001255042356899831,0,0.0,0,0.0,1.2732827615568092,0.18922442061342726,0.17964990763046554,1.1758064122110332
292,6136.853,7489.084,1055.819,0.048,0,0,0.4,0,0.2806421866476661,0,0.0,0,0.1,2.0019601059834726,0.99937083997131,0.37251395480634897,1.1743087034580852
293,8054.946,6334.044,1365.179,0.032,0,0,0.2,0,0.23731728176354874,1,1.0,1,0.55,0.7470144971437462,0.9272224019961735,2.283190799812593,1.1737557861406385
294,6093.945,6750.018,1279.219,0.0025,0,0,0.0,0,0.013727251794228663,0,0.0,0,0.0,1.1889035836517279,5.119297290596755,0.17964990763046554,1.1734038929275445
295,10751.67,9714.179,1408.0,0.006,0,0,0.0,0,0.0011658118187948222,0,0.0,0,0.0,0.38552378108909185,2.0543491354297045,0.555,1.173204999277385
296,11013.126,6555.424,1469.53,0.0025,0,0,0.0,0,0.00022187133473927992,0,0.0,0,0.0,1.3540430783819428,1.8780079489497459,0.17964990763046554,1.172048491496026
297,6644.0,6577.0,1249.0,0.0025,0,0,0.0,0,0.0019249345034857638,0,0.0,0,0.0,1.1532947647043266,1.9946139135909566,0.17964990763046554,1.171657814565947
298,7837.401,5371.365,1448.0,0.077,0,0,0.4,1,0.5238226593489518,0,0.0,0,0.18,1.0714396018896521,0.7953840791684171,0.6181337712268828,1.16822816515337
299,12358.239,6165.869,1493.21,0.069,0,0,0.0,0,0.0873374884580933,0,0.0,0,0.07,1.3277400407895552,0.8492326850853694,0.21397319850419855,1.1673737534873754
300,7085.0,5361.0,1307.0,0.026,0,0,0.0,0,0.07008570715742286,0,0.06719367588932806,0,0.08,2.467810370907944,0.9591411758136303,3.7885560479251046,1.1625265441057944
301,7088.075,7888.41,1026.789,0.0025,0,0,0.2,0,0.2170170401315544,0,0.0,0,0.0,1.9622173115062451,1.0724402212289539,0.17964990763046554,1.162128782062064
302,7629.716,7324.952,1221.0,1.001,1,1,0.6,1,0.939107710602902,1,1.0,1,0.82,0.9314603079992703,1.626332989282193,0.6181337712268828,1.1599760781298651
303,6278.0,7263.0,1111.0,0.0025,0,0,0.0,0,0.0021323331767937295,0,0.0,0,0.0,0.38552378108909185,1.698265098973225,0.555,1.158781346866495
304,4845.475,8046.445,320.0,0.0025,0,0,0.2,0,0.10523802347311219,0,0.0,0,0.05,2.6474973578345065,0.7829195777100711,0.17964990763046554,1.15840507300009
305,6456.45,9044.413,610.0,0.0025,0,0,0.0,0,0.0004548297728563597,0,0.0,0,0.0,1.1532947647043266,1.559347769304806,0.17964990763046554,1.157188550325107
306,6866.761,8979.233,634.0,0.0025,0,0,0.0,0,0.2225652841761933,0,0.0,0,0.03,0.3275380915496576,0.0415753336792088,0.555,1.1567909299921193
307,4438.089,6419.754,913.0,0.0025,0,0,0.0,0,0.000590354329921571,0,0.0,0,0.0,1.3531979720508418,1.2993705561108693,0.17964990763046554,1.155800380441144
308,7595.0,6888.0,1280.0,0.007,0,0,0.0,0,0.15483062470682038,0,0.0,0,0.04,1.7227610857061566,0.9577768858011962,0.37251395480634897,1.1556781058530774
309,7464.106,5159.966,1417.039,0.0025,0,0,0.0,0,0.0035878510814847664,0,0.0,0,0.0,0.38552378108909185,1.7855898828543082,0.555,1.1549232999298327
310,7746.633,3283.81,1452.149,0.063,0,0,0.2,1,0.5733285014141498,1,1.0,0,0.49,0.34708823267825556,1.0165164317733506,0.6181337712268828,1.154255527371589
311,9429.0,6643.0,1493.0,0.021,0,0,0.2,0,0.022818982438232396,0,0.06818181818181818,0,0.04,0.5631881918436876,3.5485008273120515,0.37251395480634897,1.1505409057215321
312,7969.0,4654.0,1109.0,0.0025,0,0,0.0,0,0.032564244228858404,0,0.0,0,0.0,2.146768927063849,-0.39170003501513456,0.17964990763046554,1.1480526150627866
313,4995.0,6854.0,907.0,0.018,0,0,0.2,0,0.2470863004582247,0,0.06818181818181818,0,0.05,0.6422798588367769,1.1290268747581225,0.17964990763046554,1.1474034074150763
314,7593.259,6351.699,1293.285,0.009,0,0,0.2,0,0.09697117820389692,0,0.06818181818181818,0,0.03,3.150267271355808,0.5733179679837609,0.37251395480634897,1.1473425509008277
315,5694.0,5809.0,1097.0,0.0025,0,0,0.0,0,0.0010218465156584633,0,0.0,0,0.01,1.2038724413540622,-0.3119193370316348,0.17964990763046554,1.1461410926989628
316,5816.0,7775.0,724.0,0.011,0,1,0.6,0,0.1591640400190924,0,0.03278688524590164,0,0.0,0.9417391941056503,1.0741321372311319,0.17964990763046554,1.145648184992805
317,4593.717,6484.722,909.0,0.086,0,0,0.0,0,0.15900400793869668,0,0.06818181818181818,0,0.04,4.314593608688688,1.1797431153995408,0.37251395480634897,1.1450020042652287
318,6754.685,7727.445,1013.359,0.022,0,0,0.0,0,0.14629959523731773,0,0.06719367588932806,0,0.23,0.5894640810771108,1.4892652100777455,0.4765442467801234,1.1430665665623976
319,7791.561,9130.511,1028.72,0.0025,0,0,0.0,0,0.002243317781117956,0,0.0,0,0.0,0.38552378108909185,2.2062390616057233,0.555,1.1403165484962083
320,4735.0,3780.0,870.0,0.0025,0,0,0.0,0,0.00031794842931689884,0,0.0,0,0.0,1.298973212021306,0.22398894372772865,0.17964990763046554,1.138383849221948
321,5476.0,6746.0,1126.0,0.0025,0,0,0.0,0,0.013039473841079084,0,0.0,0,0.0,1.1029186177905423,0.939791135240687,0.17964990763046554,1.1380855318147736
322,10287.0,8689.0,1085.0,0.0025,0,0,0.0,0,0.0009631745597092124,0,0.0,0,0.0,0.31339200632907266,6.375987731207901,0.17964990763046554,1.1356870142138862
323,10026.0,8974.0,1185.0,0.0025,0,0,0.0,0,0.0011891029442131736,0,0.0,0,0.0,0.38552378108909185,6.273454493618112,0.17964990763046554,1.1349626489964382
324,6343.723,8516.412,617.0,0.0025,0,0,0.0,0,0.024092586705727084,0,0.0,0,0.0,1.1532947647043266,2.768313590426096,0.17964990763046554,1.1341526367684815
325,7349.0,7315.0,1268.0,1.103,1,1,0.6,1,0.825577512274301,1,1.0,1,0.82,1.4397306224324828,1.3945383498013582,0.6181337712268828,1.1339046177064362
326,5699.316,5885.342,1135.0,0.0025,0,0,0.0,0,0.010630300726163548,0,0.0,0,0.0,0.6456221221577562,1.9324977970667871,0.555,1.133330211806235
327,7826.0,7298.0,1201.0,0.011,0,0,0.2,0,0.1572829784513014,0,0.06818181818181818,0,0.0,1.8111008442597067,0.8837139091087189,1.7429999999999999,1.132591885227304
328,5118.653,7184.682,827.0,0.0025,0,0,0.0,0,0.0003361067693893671,0,0.0,0,0.01,1.1532947647043266,2.2330388325012023,0.17964990763046554,1.130896221712892
329,9570.979,7583.363,1204.78,0.0025,0,0,0.0,0,1.8528155617180152e-05,0,0.0,0,0.0,1.1532947647043266,0.2785276152887352,0.17964990763046554,1.128378957734852
330,6810.0,6716.0,1342.0,0.005,0,0,0.0,0,0.002801352661718605,0,0.0,0,0.0,1.1532947647043266,1.265627473711808,0.17964990763046554,1.1247113744630672
331,5699.027,6580.02,1284.399,0.0025,0,0,0.0,0,0.0003838947426390987,0,0.0,0,0.0,1.3277400407895552,3.7603366202303903,0.17964990763046554,1.1225586556957015
332,4808.731,6022.562,1130.0,0.0025,0,0,0.0,0,0.003464800289546927,0,0.0,0,0.0,1.1029186177905423,1.8391074943477133,0.17964990763046554,1.1220746364533267
333,5297.0,6446.0,1232.0,0.0025,0,0,0.0,0,0.0023579918254550865,0,0.0,0,0.0,0.3979290805919188,0.9432342557769192,0.17964990763046554,1.1197768812846258
334,5390.0,6303.0,1296.0,0.012,0,0,0.0,0,0.00134380144177622,0,0.0,0,0.0,1.3531979720508418,1.907047080095598,0.17964990763046554,1.11744924571173
335,3936.527,7387.505,214.3,0.0025,0,0,0.0,0,0.05841023824960847,0,0.0,0,0.0,0.7696463958571381,0.652195171024869,0.17964990763046554,1.1165759277944707
336,6433.0,7620.0,919.0,0.0025,0,0,0.0,0,0.0026426812989765753,0,0.0,0,0.0,1.260848747140266,0.3046301232888851,0.17964990763046554,1.1159608626877016
337,7634.969,7307.316,1221.0,0.501,1,0,0.2,1,0.8597453840025282,1,1.0,1,0.84,1.3433338091985354,1.7693492326752787,2.283190799812593,1.1158596735311832
338,4684.098,6356.318,1010.0,0.021,0,0,0.0,0,0.02000525820686234,0,0.0,0,0.03,1.2998162978162042,2.874228749264179,0.17964990763046554,1.1158200028136909
339,5411.491,6352.539,1317.0,0.0025,0,0,0.0,0,0.014955007644732,0,0.0,0,0.0,0.2770138185805673,0.8075184436727807,0.555,1.113810094319794
340,3880.602,7340.948,137.3,0.015,0,0,0.0,0,9.658393167483007e-07,0,0.0,0,0.12,1.2241840170916358,-0.21657666158912403,0.6181337712268828,1.111827302511084
341,4524.35,7815.5,320.0,0.014,0,0,0.0,0,0.20885211431139197,0,0.06719367588932806,0,0.02,2.451924893087211,0.81034458493587,1.377,1.110954380195733
342,4817.0,5968.0,1086.0,0.0025,0,0,0.0,0,0.001629545278385011,0,0.0,0,0.0,1.2695947441053914,2.1799962241546478,0.17964990763046554,1.1108260923505355
343,7338.0,7187.0,1248.0,0.0025,0,0,0.0,0,0.00550418750904891,0,0.0,0,0.0,0.2770138185805674,1.1870085830533363,0.555,1.1095160557104622
344,10124.417,9242.645,1247.0,0.0025,0,0,0.0,0,0.0007295490213362779,0,0.0,0,0.0,0.38552378108909185,1.453013364433064,0.555,1.1091441968575864
345,3887.125,7344.043,138.0,0.0025,0,0,0.0,0,0.0009492210046395078,0,0.02702702702702703,0,0.04,0.7138818484676925,0.3657698231156028,3.7885560479251046,1.1084026083804017
346,6397.0,9029.0,565.0,0.0025,0,0,0.0,0,0.08996872668458648,0,0.03278688524590164,0,0.04,0.867765532360684,0.6648459283720798,0.17964990763046554,1.1050889264614723
347,6613.204,7601.88,964.0,0.005,0,0,0.4,0,0.1586070972120277,0,0.0,0,0.01,1.9844162623393502,1.1152141420242188,0.17964990763046554,1.1044966758594281
348,10038.807,6374.509,1516.88,0.008,0,0,0.2,0,0.09370736714242754,0,0.06818181818181818,0,0.02,0.777820862878198,1.0057461276596584,0.6375954356047695,1.1033258343049988
349,4784.747,6015.991,1121.0,0.0025,0,0,0.0,0,0.0016511723712727042,0,0.0,0,0.0,1.2961042273024823,2.008483673344336,0.17964990763046554,1.1018398272368533
350,6335.0,7119.0,1193.0,0.071,0,0,0.0,0,0.29335112755472054,0,0.4666666666666667,0,0.06,0.44366360574007657,1.0127529265329551,0.37251395480634897,1.1016573252060888
351,4717.783,6123.527,1130.0,0.0025,0,0,0.0,0,0.0014447140218397962,0,0.0,0,0.0,1.1383584500989616,3.0739774147885406,0.17964990763046554,1.1001604429742642
352,3450.497,6885.612,161.0,0.0025,0,0,0.0,0,0.002204844031307766,0,0.03278688524590164,0,0.01,0.9361369155687657,2.1332644345693472,0.17964990763046554,1.0999502199494948
353,6330.0,7325.0,1083.0,0.0025,0,0,0.0,0,0.004669163145356428,0,0.0,0,0.01,0.28009205566249185,3.583301196761603,0.555,1.098689521544915
354,9718.066,3156.91,1463.229,0.0025,0,0,0.0,0,0.003399612202416194,0,0.0,0,0.01,0.38552378108909185,1.8166814029139733,0.555,1.097530914237307
355,4493.166,7284.159,553.0,0.0025,0,0,0.0,0,0.004047574620454223,0,0.0,0,0.0,1.260848747140266,2.059523312822244,0.17964990763046554,1.097260761553142
356,5817.0,7768.0,721.0,1.094,1,1,0.8,0,0.10107286192664469,1,0.8888888888888888,1,0.69,4.0316023493216635,0.9951396914794397,1.0310368953501068,1.0958056179290632
357,8571.0,5252.0,1239.0,0.0025,0,0,0.0,0,0.0016653443113263666,0,0.0,0,0.0,0.38552378108909185,1.4198774230261473,0.555,1.0898922494327346
358,6180.73,7356.765,1044.0,0.011,0,0,0.2,0,0.2942030362707509,0,0.02702702702702703,0,0.08,0.6334845956842288,1.294904464939161,1.0310368953501068,1.0894485996355026
359,352.0,8030.0,790.0,0.005,0,0,0.2,0,0.057197682159965554,0,0.0,0,0.06,0.312588913291552,-0.2451399092448353,1.377,1.0894139008507613
360,5866.0,7857.0,688.0,0.03,0,0,0.4,0,0.3445267084570997,0,0.07142857142857142,0,0.21,0.5843564882362899,1.0603764377180485,10.665890931652221,1.085402117975541
361,8042.978,5316.014,1361.209,0.0025,0,0,0.0,0,0.0027277408835190997,0,0.0,0,0.0,0.3979290805919187,0.7083147051439855,0.555,1.0850537626998844
362,3919.959,6658.304,514.0,0.0025,0,0,0.0,0,0.0041925777122302135,0,0.0,0,0.0,1.260848747140266,1.1848278107576007,0.17964990763046554,1.0841429256824173
363,4845.839,2874.287,1312.0,0.0025,0,0,0.0,0,2.3461680714559357e-05,0,0.0,0,0.0,1.1532947647043266,0.42408113203785314,0.17964990763046554,1.083202608505884
364,5751.848,6528.074,1297.839,0.021,0,0,0.0,0,0.00042227636461658055,0,0.0,0,0.0,1.3277400407895552,1.479183037594608,0.17964990763046554,1.0827137177343202
365,6798.0,8116.0,878.0,0.0025,0,0,0.0,0,0.0006885716606737287,0,0.0,0,0.0,1.3277400407895552,0.9802424997791435,0.17964990763046554,1.0810122100976476
366,5276.797,7056.298,920.0,0.0025,0,0,0.0,0,0.0002228769839368741,0,0.0,0,0.0,1.3277400407895552,2.9974026524352078,0.17964990763046554,1.0805170159662212
367,10975.154,7744.34,1346.0,0.0025,0,0,0.0,0,0.00025918914916503753,0,0.0,0,0.01,1.1532947647043266,-0.036076369398189166,0.17964990763046554,1.0804268328737878
368,10081.898,7779.689,1124.1,0.0025,0,0,0.0,0,0.000149969337693924,0,0.0,0,0.0,1.1532947647043266,1.3681883648584185,0.17964990763046554,1.079926664362894
369,6529.503,7821.969,941.609,1.118,1,0,0.4,0,0.308474453769545,1,0.8888888888888888,1,0.67,0.6408855283877491,0.6455611653604638,1.1783710079833332,1.0795763742983888
370,4933.982,6270.518,1228.0,0.006,0,0,0.0,0,0.0004141713583844285,0,0.0,0,0.0,1.2319798825112362,4.262155075729744,0.17964990763046554,1.0786844207678778
371,3981.282,6312.947,637.0,0.0025,0,1,0.6,0,0.2286921247872553,0,0.06818181818181818,0,0.13,1.4884497179985412,1.038178095381293,0.17964990763046554,1.077737408582824
372,5566.279,6787.264,1089.0,0.0025,0,0,0.0,0,0.0005164176676660099,0,0.0,0,0.0,1.3277400407895552,2.41006465187257,0.17964990763046554,1.0775372340015337
373,7268.085,7641.189,1206.779,0.02,0,0,0.2,0,0.018691696882663488,0,0.0,0,0.02,0.5664596551361093,1.4781348048661926,0.37251395480634897,1.0771544464384655
374,6142.599,7479.788,1055.819,0.021,0,0,0.0,0,0.03995831659664393,0,0.03278688524590164,0,0.03,0.9345242905373776,1.088249584178231,1.7429999999999999,1.075325290798277
375,8283.833,8336.032,900.0,0.0025,0,0,0.0,0,0.028207337499022517,0,0.0,0,0.0,0.3270633553995527,1.9539398338302045,0.555,1.0752445222410838
376,4966.0,6375.4,1196.0,0.0025,0,0,0.0,0,0.004057437693056512,0,0.0,0,0.03,0.21563460419787941,0.6201236927240825,0.555,1.0747920745456419
377,7275.33,7627.355,1206.779,0.024,0,0,0.0,0,0.03253288945379278,0,0.0,0,0.01,0.5949902433924396,0.8354633483409415,0.6375954356047695,1.074565819794701
378,4687.5,7913.05,316.0,0.0025,0,0,0.0,0,0.00010978911912488978,0,0.0,0,0.0,0.32592383214274734,-0.46246198484933343,0.17964990763046554,1.0745596405924325
379,12479.768,9390.582,1367.0,0.882,1,1,0.6,1,0.9915827373823907,1,1.0,1,0.72,1.5636977616332697,1.1416842336052957,0.8819999999999999,1.0743854326286781
380,5424.413,6358.067,1317.0,0.073,0,0,0.0,0,0.12527961540268417,0,0.06818181818181818,0,0.01,1.231835628701291,0.46879295271349986,0.6375954356047695,1.0742340614580004
381,8185.938,5699.085,1450.0,0.005,0,0,0.0,0,0.0009997195493456645,0,0.0,0,0.0,1.1532947647043266,0.3073002906812622,0.17964990763046554,1.0736071127357527
382,11986.986,7930.563,1364.0,0.0025,0,0,0.0,0,1.4594020516671024e-05,0,0.0,0,0.0,0.4342754772840126,16.983582501428955,0.17964990763046554,1.0729550218931625
383,12405.711,6599.967,1571.49,0.0025,0,0,0.0,0,0.0023394134292645495,0,0.0,0,0.0,0.38552378108909185,2.027863458842865,0.555,1.0719339773222756
384,4921.0,6629.0,1051.0,0.007,0,0,0.0,0,0.01012713596335592,0,0.0,0,0.0,0.38552378108909185,0.8840762087694403,0.555,1.0709933859439602
385,12425.317,9432.147,1369.02,0.071,0,0,0.4,1,0.5854311847999734,0,0.0,0,0.18,0.7950584616583081,0.6960796427152423,0.21397319850419855,1.0697352272622866
386,4857.822,2887.272,1325.0,0.0025,0,0,0.0,0,6.70209222040509e-05,0,0.0,0,0.01,1.2038724413540622,0.0961959601018821,0.17964990763046554,1.069053735006965
387,5510.0,6312.0,1277.0,0.009,0,0,0.0,0,0.003625720841389403,0,0.0,0,0.0,1.4881809867190725,2.729716835735374,0.17964990763046554,1.0689067042237657
388,5866.0,6076.0,1240.0,0.0025,0,0,0.0,0,0.008502076678378998,0,0.0,0,0.01,0.3979290805919188,1.0002656101587521,0.17964990763046554,1.0683115099217801
389,7110.061,7747.009,1026.789,0.005,0,0,0.2,0,0.1631943776587697,0,0.06818181818181818,0,0.05,1.0003336295104497,0.7311778705280355,0.37251395480634897,1.0677939432893966
390,10811.044,7179.966,1360.29,0.0025,0,0,0.0,0,0.03352678249534211,0,0.0,0,0.0,2.540683100714594,-0.3198748640042778,0.17964990763046554,1.0663262505086948
391,6525.819,7759.798,971.0,0.836,1,1,0.6,0,0.23633165392145056,1,0.8888888888888888,1,0.67,2.619919615602302,0.9740466109601765,1.1783710079833332,1.0649443604294155
392,7898.006,5423.997,1489.369,0.0025,0,0,0.0,0,0.0046697605449286,0,0.0,0,0.0,0.28009205566249185,1.5149493051971752,0.555,1.064319739060299
393,9751.766,7554.263,1177.4,0.0025,0,0,0.0,0,1.8717787493965535e-05,0,0.0,0,0.0,1.1532947647043266,-0.09307943183499942,0.17964990763046554,1.0634964831643376
394,3366.177,6982.82,43.0,0.019,0,0,0.0,0,0.03377369663533998,0,0.38461538461538464,0,0.05,2.6474973578345065,0.46844176459259984,0.722991173496274,1.0632564932216906
395,12729.132,7543.819,1356.0,0.0025,0,0,0.0,0,0.0038685370135826706,0,0.0,0,0.01,0.3979290805919187,-0.018013047259901948,0.17964990763046554,1.0628500420146225
396,6433.059,7774.259,937.0,0.067,0,0,0.4,0,0.18478362765239398,0,0.0,0,0.17,2.945811856490762,0.7739271572176796,0.37251395480634897,1.062363074622686
397,8409.0,5162.0,1250.0,0.0025,0,0,0.0,0,3.2176938604181226e-05,0,0.0,0,0.0,1.1532947647043266,2.1008002386051876,0.17964990763046554,1.061759857893583
398,8122.615,5580.841,1490.0,0.0025,0,0,0.0,0,0.013179985787976857,0,0.0,0,0.01,0.31892907400416276,0.776129636113934,0.555,1.060727853665313
399,12066.249,6446.937,1374.0,0.0025,0,0,0.0,0,0.004973919485781768,0,0.0,0,0.0,0.38552378108909185,2.149389912529625,0.17964990763046554,1.0599770969692834
400,5688.0,5839.0,1103.0,0.0025,0,0,0.0,0,0.0005371981227297248,0,0.0,0,0.0,1.2038724413540622,0.03867398932399838,0.17964990763046554,1.0599665564944742
401,4647.58,7444.351,522.0,0.0025,0,0,0.0,0,0.008342312766678052,0,0.0,0,0.0,0.27917557571372725,1.2875664471204007,0.17964990763046554,1.0586495259207787
402,4718.322,6074.248,1131.0,0.0025,0,0,0.0,0,0.0015420310660049059,0,0.0,0,0.0,1.2695947441053914,3.9214124768007483,0.17964990763046554,1.0580888312841874
403,8527.44,5936.09,1379.58,0.029,0,0,0.0,0,8.25268194214922e-05,0,0.0,0,0.0,1.1532947647043266,0.5107865554221596,0.1867157979021039,1.0566134193465802
404,6262.426,7149.453,1169.099,1.125,1,0,0.2,1,0.989533904882356,1,1.0,1,0.66,0.6211213111348797,1.7173017923191445,0.6181337712268828,1.0556909121753129
405,3937.027,7387.505,214.8,0.005,0,0,0.0,0,8.557761264892169e-05,0,0.0,0,0.0,0.3979290805919187,5.499388790244077,0.555,1.0552585102776715
406,5576.544,6795.458,1156.639,0.011,0,0,0.0,0,0.00043906979310040327,0,0.0,0,0.0,1.3277400407895552,1.6231802405585376,0.17964990763046554,1.054997825029624
407,5448.353,8013.825,583.0,0.0025,0,0,0.0,0,0.0007415345546580191,0,0.0,0,0.01,1.1532947647043266,2.0952774836048205,0.17964990763046554,1.0546029622316406
408,6850.671,4953.589,1187.309,0.01,0,0,0.0,0,0.006123281207815363,0,0.0,0,0.01,0.3270633553995527,1.2697843195625402,0.555,1.0541881423846884
409,7387.0,7845.0,1075.0,0.012,0,0,0.2,0,0.17237428261906734,0,0.06719367588932806,0,0.03,0.6805019213844002,1.4443408550808414,0.1867157979021039,1.0540966769637632
410,3883.004,7343.405,137.65,0.04,0,0,0.0,0,0.0006776600228365832,0,0.0,0,0.03,1.1077626819371214,1.2202984561064096,2.283190799812593,1.0498557326411593
411,5619.311,7058.962,1013.18,0.0025,0,0,0.0,0,0.011290540730940163,0,0.0,0,0.0,1.210589368349123,2.224420672000927,0.17964990763046554,1.048932011236903
412,6530.422,7826.883,941.609,1.304,1,1,0.6,0,0.12405800119092146,1,0.8888888888888888,1,0.65,1.3380325410656857,0.8209210232765947,1.1783710079833332,1.0487930333297626
413,3936.127,7387.505,214.0,0.006,0,0,0.0,0,0.001325885782027978,0,0.03278688524590164,0,0.0,1.0092371169952237,7.061828532366558,0.17964990763046554,1.0485600384312526
414,7169.087,5272.533,1387.149,0.005,0,0,0.0,0,0.0008873360680897207,0,0.0,0,0.0,1.3277400407895552,3.1082177226176237,0.17964990763046554,1.0484032084568884
415,5582.165,7898.066,660.0,0.0025,0,0,0.0,0,0.002020063052015536,0,0.0,0,0.0,1.1397722206627607,1.3096042664317,0.17964990763046554,1.0473205428063652
416,7509.852,7513.465,1244.0,0.005,0,0,0.2,0,0.17752759644198693,0,0.0,0,0.09,2.1749140784667733,0.8984443574369669,0.37251395480634897,1.0470978518487406
417,10061.0,8642.0,1066.0,0.0025,0,0,0.0,0,0.0009603840565735758,0,0.0,0,0.0,0.38552378108909185,2.5216770835031332,0.555,1.0462735782828696
418,6508.272,7588.003,951.059,0.037,0,0,0.4,0,0.16377143598726313,0,0.06818181818181818,0,0.1,3.8429129066425394,1.001248575671626,0.37251395480634897,1.0458418502167761
419,4687.2,7917.35,314.0,0.005,0,0,0.0,0,0.1062352685066251,0,0.0,0,0.05,1.4694613997071506,0.6450445018906088,1.377,1.0457690367838124
420,5344.0,6559.0,1132.0,0.0025,0,0,0.0,0,0.0106588902155293,0,0.0,0,0.0,1.232781455669127,2.635748222454505,0.17964990763046554,1.045439554267931
421,6118.036,7220.62,1147.359,0.005,0,0,0.0,0,0.003911874971858313,0,0.0,0,0.0,1.1532947647043266,1.4892418450873603,0.17964990763046554,1.0452069512046251
422,6327.073,8514.711,617.0,0.0025,0,0,0.0,0,0.0002412255686080633,0,0.0,0,0.0,1.3277400407895552,5.536629501367601,0.17964990763046554,1.0451302866996464
423,6421.0,7821.0,915.0,1.254,1,0,0.2,0,0.065877598212452,0,0.06719367588932806,1,0.74,0.4305179761098234,0.6845501827435049,1.0310368953501068,1.0446795422070676
424,7354.737,7341.691,1299.0,0.084,0,0,0.2,0,0.2503517820510427,1,0.8947368421052632,0,0.36,0.5531378041850534,1.0442132502239414,0.6181337712268828,1.044129436223019
425,8524.72,5764.64,1333.57,0.0025,0,0,0.0,0,0.0025880092413878286,0,0.0,0,0.0,0.28009205566249185,2.746770665968284,0.555,1.042741343394545
426,6347.546,7868.278,928.0,0.0025,0,0,0.0,0,0.014613375106578983,0,0.0,0,0.0,0.9372636967418913,1.4833773337904719,0.17964990763046554,1.042370303310769
427,6201.0,6418.0,1363.0,0.0025,0,0,0.0,0,0.03560069276318865,0,0.0,0,0.0,0.21924923808056482,3.8680960911097086,0.17964990763046554,1.0421350158482083
428,9371.006,6257.988,1496.709,0.005,0,0,0.0,0,0.00834100039031663,0,0.0,0,0.01,0.31892907400416276,0.37159073764328754,0.555,1.0400891526005713
429,5601.033,6584.195,1257.0,0.0025,0,0,0.0,0,0.02627273531359637,0,0.0,0,0.0,0.6603562144717818,2.2267137137823516,0.17964990763046554,1.0386813544412448
430,9047.21,5033.1,1213.31,0.0025,0,0,0.0,0,0.0015956353030555828,0,0.0,0,0.0,0.3979290805919188,2.7432737973115984,0.555,1.0385691448851793
431,7138.644,8878.503,642.0,0.0025,0,0,0.0,0,0.001419803609234058,0,0.0,0,0.0,1.3277400407895552,0.4604565312770611,0.17964990763046554,1.0383139667388845
432,10728.797,5871.829,1491.0,0.0025,0,0,0.0,0,0.0011442492453408231,0,0.0,0,0.0,0.38552378108909185,0.6105677486796754,0.555,1.038132746009554
433,5795.0,6186.0,1293.0,0.0025,0,0,0.2,0,0.0800981270209851,0,0.0,0,0.0,0.21454629931543162,0.5611155737468043,0.555,1.035590316754691
434,6876.91,4935.207,1075.0,0.019,0,0,0.0,0,0.005435830164921977,0,0.06719367588932806,0,0.01,0.33894522896076823,0.9977156528440044,3.7885560479251046,1.0355285557637808
435,13560.6,7726.182,1468.89,0.0025,0,0,0.0,0,0.0009741779086108301,0,0.0,0,0.0,0.38552378108909185,2.6809261890225313,0.555,1.0336352257653052
436,10349.502,7840.799,1133.68,0.0025,0,0,0.0,0,0.0010775488519419157,0,0.0,0,0.0,0.3596056397226919,2.490819558796836,0.17964990763046554,1.0327106345640857
437,885.0,11617.0,751.0,0.0025,0,0,0.0,0,0.010344969293536259,0,0.0,0,0.0,1.2827255904095414,4.175226088673007,0.17964990763046554,1.0323625438992126
438,11263.732,7832.584,1230.37,0.0025,0,0,0.0,0,0.00032869068851092766,0,0.0,0,0.0,1.3074922699210423,3.294775455020888,0.17964990763046554,1.0315288820876916
439,6143.0,6981.0,1257.0,0.005,0,0,0.0,0,0.010215327288100446,0,0.0,0,0.0,1.1240297993881097,2.159948952953168,0.17964990763046554,1.0303167802012567
440,4912.06,6525.365,1091.0,0.011,0,0,0.0,0,0.001644808817220351,0,0.0,0,0.0,1.1469140223327945,2.711711178603145,0.17964990763046554,1.0301276606073437
441,5559.0,6674.0,1185.0,0.0025,0,0,0.0,0,0.015434224608095262,0,0.0,0,0.0,0.8617611582290823,1.9190444391299495,0.17964990763046554,1.0280267584644427
442,5107.2,8320.5,361.0,0.0025,0,0,0.0,0,0.015817528823977033,0,0.0,0,0.0,3.7473529762090823,1.3056588660046349,0.17964990763046554,1.0270005538535265
443,6934.0,6780.0,1294.0,0.0025,0,0,0.0,0,0.001822883381462241,0,0.0,0,0.0,1.1532947647043266,1.1946716505255766,0.17964990763046554,1.02522508289606
444,4886.0,6902.0,857.0,0.043,0,1,0.6,0,0.3224582405462954,0,0.02702702702702703,0,0.13,1.0369666975413607,1.2475268533709216,1.1783710079833332,1.0231831382581567
445,7685.385,7385.344,1208.0,0.005,0,0,0.0,0,0.011494880226759365,0,0.0,0,0.03,0.6603562144717818,0.6687216833635615,0.555,1.0226930862902515
446,6339.0,7627.0,882.0,0.0025,0,0,0.0,0,0.07667161591174332,0,0.02702702702702703,0,0.04,1.2831640983631358,1.1164797996688058,0.17964990763046554,1.0196590907128313
447,7940.583,7733.243,1044.0,0.0025,0,0,0.2,0,0.3227910061715651,0,0.0,0,0.13,0.6404400737391167,1.2050771910778524,0.37251395480634897,1.0190369450205874
448,6751.775,6472.681,1229.269,0.0025,0,1,0.6,0,0.1839661628272195,0,0.06818181818181818,0,0.27,4.620860539051815,1.0067665124253902,0.37251395480634897,1.0189838814886683
449,13637.0,7880.0,1442.0,0.0025,0,0,0.0,0,0.00361246826048313,0,0.0,0,0.0,0.38552378108909185,0.5508314523689104,0.555,1.018611132086187
450,4647.522,6205.076,1053.0,0.0025,0,0,0.2,0,0.07260142313047792,0,0.0,0,0.0,0.3904571196178407,0.2701195169545151,0.555,1.018184391655475
451,3972.212,6290.54,626.0,0.0025,0,0,0.0,0,0.005245903924455507,0,0.02702702702702703,0,0.01,0.2770138185805674,1.0635032482569828,0.555,1.018074837880892
452,5408.565,6351.44,1320.0,0.0025,0,0,0.0,0,0.008158081484455104,0,0.0,0,0.0,0.2770138185805673,0.17007058448543608,0.555,1.0179571482722687
453,8373.013,6836.033,1391.239,0.009,0,0,0.2,0,0.07946007932425594,0,0.0,0,0.0,4.846900410294284,0.7217405790973541,0.17964990763046554,1.0169140111359534
454,6251.0,6377.0,1292.0,0.0025,0,0,0.0,0,0.00033542424226284576,0,0.0,0,0.0,1.3277400407895552,0.8834833318434839,0.17964990763046554,1.0160934527041772
455,9466.0,6711.0,1501.0,0.006,0,0,0.2,0,0.15626112219824984,0,0.06719367588932806,0,0.14,2.0115517847884745,1.1132095236865907,1.7429999999999999,1.0148973143020834
456,10175.674,8736.307,1089.0,0.005,0,0,0.0,0,0.0013757442524203912,0,0.0,0,0.0,0.38552378108909185,1.3138359088932754,0.555,1.0148641059662156
457,6342.413,6822.44,1332.569,0.01,0,0,0.0,0,0.0017286718557862903,0,0.0,0,0.02,1.260848747140266,1.2412648175737404,2.571601384670821,1.0142619691465746
458,7118.649,9357.443,984.0,0.0025,0,0,0.0,0,0.011271255781323217,0,0.0,0,0.0,0.3065469795501437,2.0963733028527107,0.555,1.0136444096984722
459,4829.0,3773.0,879.0,0.0025,0,0,0.0,0,0.00017355000078956044,0,0.0,0,0.0,1.1532947647043266,0.17899625584168424,0.17964990763046554,1.012241742170988
460,5340.0,6575.0,1122.0,0.053,0,0,0.0,0,0.06895070981361956,0,0.0,0,0.0,0.6563635562516308,-0.14128652293778582,0.555,1.0119928612345988
461,5015.0,6729.0,989.0,1.043,1,1,0.6,1,0.9964973421341919,1,1.0,1,0.75,0.9629415178908598,1.5416332285667966,1.043,1.0093874033765395
462,6167.262,7412.052,1055.819,0.009,0,0,0.0,0,0.0415058934972429,0,0.03278688524590164,0,0.01,0.777820862878198,0.8660008845550444,0.6375954356047695,1.0087751524300594
463,5221.0,6454.0,1214.0,0.0025,0,0,0.0,0,0.00902628487451242,0,0.0,0,0.0,1.1240297993881097,2.1833538780882096,0.17964990763046554,1.008363458278455
464,4458.0,7667.0,364.0,0.0025,0,0,0.0,0,0.0006237576863393509,0,0.0,0,0.0,0.3979290805919187,0.3201082107120569,0.555,1.0081456121654184
465,4963.1,6649.0,1053.0,1.405,1,1,0.6,1,0.502948258039929,0,0.4666666666666667,1,0.63,0.4299081459520242,0.6371134771627791,1.0310368953501068,1.0080348664196892
466,5136.996,6318.009,1292.959,0.082,0,0,0.0,0,0.053012629473186045,0,0.06719367588932806,0,0.11,0.3638554404035507,0.5592760513652858,0.17964990763046554,1.006811572697923
467,6890.705,8028.199,901.279,0.0025,0,0,0.0,0,0.01652451298400461,0,0.0,0,0.05,1.0851914765150918,0.6640411880278438,0.17964990763046554,1.0047483596402322
468,6181.372,7345.085,1052.0,0.088,0,0,0.4,0,0.2261661089081193,0,0.4666666666666667,0,0.25,1.2578386148606286,1.0302676428601873,1.0310368953501068,1.0038187681090125
469,7313.698,9144.563,881.19,0.01,0,0,0.0,0,6.604724697954089e-05,0,0.0,0,0.0,0.38552378108909185,0.6707047481718935,0.555,1.0027607631294881
470,8423.0,5114.0,1244.0,0.0025,0,0,0.0,0,0.0017462359658963484,0,0.0,0,0.0,1.1532947647043266,1.5488923679649846,0.17964990763046554,1.0026826670766524
471,7353.587,7342.322,1299.0,0.998,1,1,0.6,0,0.2813230356053745,1,0.8947368421052632,1,0.85,0.6587361527023079,1.0657135002482818,1.0310368953501068,1.0025191011140204
472,7354.052,7406.034,1280.549,0.032,0,0,0.2,0,0.23976425775197788,0,0.06719367588932806,0,0.12,0.6287618840262937,0.8761505139143139,1.0310368953501068,1.002282369891447
473,4830.908,3029.586,1298.34,0.0025,0,0,0.0,0,0.00028804866688746604,0,0.0,0,0.0,1.1532947647043266,0.3666528740582466,0.17964990763046554,1.0018157619005152
474,6358.081,8524.675,620.0,0.0025,0,0,0.0,0,0.0023217408872288816,0,0.0,0,0.0,1.3277400407895552,3.34972193521319,0.17964990763046554,1.0014771027286482
475,4986.0,6355.0,1310.0,0.006,0,0,0.0,0,0.00978164023634552,0,0.0,0,0.0,0.3274420295532055,0.6978050120566044,0.555,1.0010435372527575
476,5274.881,6429.832,1240.0,0.0025,0,0,0.0,0,0.010085623732287873,0,0.0,0,0.0,0.8097071188169611,2.3991294588565704,0.17964990763046554,1.0008980800270648
477,3880.602,7340.998,137.0,0.0025,0,0,0.2,0,0.07333291612067762,0,0.0,0,0.04,2.8732930035625777,0.5450233910218006,1.1783710079833332,1.00072184028189
478,5727.759,6451.983,1332.0,0.008,0,0,0.0,0,0.29076781551357267,0,0.0,0,0.03,0.2803388408095406,0.7139263714017283,0.6375954356047695,1.0006279709735089
479,11795.463,9115.365,1276.28,0.0025,0,0,0.0,0,0.0009522404930858346,0,0.0,0,0.0,0.38552378108909185,3.4018235801897765,0.555,0.9985200551141653
480,6764.912,4994.066,1117.299,0.005,0,0,0.0,0,0.0028240926796249182,0,0.0,0,0.0,1.2030812465920673,1.1769601513888848,0.17964990763046554,0.9972899546953415
481,10810.244,7179.166,1360.29,0.0025,0,0,0.0,0,0.0326858610350258,0,0.0,0,0.0,1.7570479619914274,-0.3699078146096393,0.17964990763046554,0.995608801795317
482,5155.399,6439.088,1186.9,0.006,0,0,0.2,0,0.032987149479624014,0,0.0,0,0.04,0.29648201362072496,0.5739189877391542,0.555,0.9948118871381334
483,7391.854,7454.328,1259.0,0.012,0,0,0.0,0,0.06901204461092297,0,0.06719367588932806,0,0.05,0.8317236167013481,0.4648464071753484,0.1867157979021039,0.994465906865312
484,9464.0,6717.0,1500.0,0.009,0,0,0.2,0,0.14314710101646086,0,0.06818181818181818,0,0.01,1.6087985932722404,1.1981899138959202,1.7429999999999999,0.993719223958076
485,6112.919,7128.661,1147.359,0.008,0,0,0.0,0,0.0022486102510970067,0,0.0,0,0.0,1.3277400407895552,0.5472262010550348,0.17964990763046554,0.992498907678327
486,5418.365,6355.573,1317.0,0.005,0,0,0.0,0,0.029968755482255464,0,0.0,0,0.0,0.3270633553995527,0.7095425749321782,0.555,0.991589550952883
487,5379.0,6455.0,1254.0,0.018,0,0,0.0,0,0.003341850079242522,0,0.0,0,0.0,0.2770138185805673,1.280110441518271,0.555,0.9906414266357048
488,7811.14,6926.42,1336.467,0.005,0,1,0.6,0,0.19806069197441736,0,0.0,0,0.01,0.7949633634075155,1.0260585891445275,0.37251395480634897,0.9903794676243515
489,5823.0,5922.0,1165.0,0.0025,0,0,0.0,0,0.001473653827273489,0,0.0,0,0.0,1.2695947441053914,1.5782227145788412,0.17964990763046554,0.9898906184529426
490,8119.451,8580.064,926.0,0.0025,0,0,0.0,0,0.0077152597718488656,0,0.0,0,0.0,0.3270633553995527,0.9112541130573746,0.555,0.9887740903364922
491,5289.277,7052.313,926.0,0.019,0,0,0.0,0,1.5240214746842465e-05,0,0.0,0,0.02,1.3277400407895552,3.519588041836389,0.17964990763046554,0.9885744121068929
492,5107.35,8317.33,362.0,0.005,0,0,0.0,0,0.014599964862508048,0,0.0,0,0.02,0.6870306015815892,1.7214860734456061,0.17964990763046554,0.98793935556408
493,7576.876,7528.326,1204.0,0.011,0,0,0.0,0,0.0014973267687688819,0,0.0,0,0.0,0.401984242217607,0.9422247073588835,0.555,0.9868365814296463
494,8911.725,6276.022,1470.419,0.0025,0,0,0.0,0,0.0022994543480214383,0,0.0,0,0.0,0.38552378108909185,0.9603916649855473,0.555,0.9866285607365665
495,5666.99,8011.368,599.0,0.0025,0,0,0.4,0,0.2297252803855568,0,0.06818181818181818,0,0.08,1.4884497179985412,0.8154164587778002,0.37251395480634897,0.986348450743326
496,5146.0,6408.0,1210.0,0.008,0,0,0.0,0,0.051713823234180174,0,0.0,0,0.0,1.1029186177905426,0.8458538548533845,0.17964990763046554,0.9860170091718373
497,8458.298,8794.814,1048.8,0.0025,0,0,0.0,0,0.012974633310473823,0,0.0,0,0.0,0.3270633553995527,1.9857505538169715,0.555,0.9858341331278536
498,4686.067,6211.508,1080.0,0.019,0,0,0.0,0,0.08223495283019513,0,0.06719367588932806,0,0.03,0.6563635562516308,0.798555542547243,0.4765442467801234,0.985732994804072
499,7806.013,3268.358,1452.149,0.017,0,0,0.2,1,0.8517170253372456,1,1.0,0,0.35,0.31797753260326195,0.7640508532781223,0.6181337712268828,0.9845917487835515
500,5255.0,3758.0,877.0,0.032,0,0,0.2,0,0.2546213455094592,0,0.0,0,0.0,2.6971003389217194,1.0027613031568938,0.722991173496274,0.9833614220474842
501,6825.562,6722.534,1337.959,0.011,0,0,0.0,0,0.0018356077733966494,0,0.0,0,0.0,1.2732827615568096,1.1862533771485317,0.17964990763046554,0.9833608243234928
502,5886.0,6230.0,1288.0,0.0025,0,0,0.0,0,0.006772239928550776,0,0.0,0,0.0,1.232781455669127,0.7842663824743472,0.17964990763046554,0.9829967128959551
503,7485.566,8743.402,680.21,0.0025,0,0,0.0,0,0.0013839724664238182,0,0.0,0,0.01,1.4565244956273118,1.9513252439891697,0.17964990763046554,0.9823939395246636
504,5195.0,6506.0,1162.0,0.006,0,0,0.0,0,0.00277291703443845,0,0.0,0,0.0,0.3270633553995527,0.9044872263792424,0.555,0.982374922409224
505,13794.0,0.0,1260.0,0.005,0,0,0.2,0,0.009233398379754027,0,0.0,0,0.01,0.4195987555031496,1.0192159791643736,0.17964990763046554,0.9821652151499332
506,4716.0,7924.0,287.0,0.0025,0,0,0.0,0,0.09123391017165933,0,0.0,0,0.0,2.6474973578345073,0.7708759971045589,1.377,0.9820621898709041
507,5438.19,6285.201,1286.0,0.0025,0,0,0.4,0,0.0178622503419232,0,0.0,0,0.01,0.7764775419725538,0.15114198757240904,0.6375954356047695,0.9818876084609954
508,5864.0,6231.0,1295.0,0.0025,0,0,0.0,0,0.0003790263307151659,0,0.0,0,0.01,1.3277400407895552,1.749570889677365,0.17964990763046554,0.9795878232825761
509,12600.041,6529.809,1557.14,0.0025,0,0,0.0,0,0.0024902990685546187,0,0.0,0,0.0,0.38552378108909185,2.078639170823499,0.555,0.9793243774923365
510,12185.944,9866.588,1324.53,0.006,0,0,0.0,0,0.0001763977294128982,0,0.0,0,0.03,0.2770138185805674,-0.04876915755114788,0.555,0.9792791715568102
511,11952.674,10040.002,1362.64,0.006,0,0,0.0,0,0.022162402285371245,0,0.06719367588932806,0,0.05,0.33572355778978447,1.6170094572151996,0.4765442467801234,0.979044063736055
512,4766.736,2771.936,1333.0,0.0025,0,0,0.0,0,0.0005294983355356192,0,0.0,0,0.0,1.298973212021306,0.5815438061748117,0.17964990763046554,0.9776446904676442
513,4922.559,8130.166,340.0,0.0025,0,0,0.0,0,0.11464450238686813,0,0.06818181818181818,0,0.04,0.5708150197435153,1.1928727798835186,1.7429999999999999,0.9764679504066952
514,4670.455,6204.731,1066.0,0.011,0,0,0.2,0,0.03752632779940948,0,0.0,0,0.0,0.3275380915496576,1.3402856122464792,0.555,0.9763292218866699
515,10056.202,6374.427,1527.38,0.035,0,0,0.2,0,0.11231731945097363,0,0.06719367588932806,0,0.08,0.8063440383157783,1.0211768172918496,1.7429999999999999,0.975793505081091
516,10748.904,9560.958,1370.0,0.005,0,0,0.0,0,4.655444574168757e-06,0,0.06719367588932806,0,0.04,0.39220528836763247,22.621369938174304,0.4765442467801234,0.9753588709664452
517,4837.258,2969.117,1315.0,0.0025,0,0,0.0,0,2.946227473716398e-05,0,0.0,0,0.0,1.2038724413540622,-0.4500689355154983,0.17964990763046554,0.9751601145076707
518,4967.0,6374.35,1198.0,0.0025,0,0,0.0,0,0.00015972978085190684,0,0.0,0,0.0,0.21563460419787941,0.016662248392691977,0.555,0.9744021515982519
519,4677.064,6179.99,1087.0,0.028,0,0,0.2,0,0.011687941182078642,0,0.0,0,0.0,0.4655549604587669,0.8975067180803269,0.555,0.9736850242514413
520,8227.0,4879.0,1167.0,0.0025,0,0,0.0,0,0.005016748943261282,0,0.0,0,0.0,0.3270633553995527,1.0927408408342638,0.555,0.9713802260285515
521,7516.58,7507.325,1234.0,0.028,0,0,0.2,0,0.034069277016291186,0,0.06818181818181818,0,0.07,0.35800586612278285,0.4003478576631665,0.37251395480634897,0.9704843191521532
522,6329.307,8505.809,614.0,0.0025,0,0,0.0,0,0.009125372967246349,0,0.0,0,0.0,1.1532947647043266,2.735939541577096,0.17964990763046554,0.9704051590817883
523,6949.768,7873.601,989.0,0.007,0,0,0.0,0,0.2601920663455819,0,0.0,0,0.14,0.34582154298293843,1.5490217598699447,0.37251395480634897,0.9683264932894099
524,7523.241,7290.346,1275.0,0.035,0,0,0.2,0,0.16971964678726073,0,0.06719367588932806,0,0.02,2.6474973578345073,1.0915521345698362,1.1783710079833332,0.9680566299922067
525,8271.246,6002.333,1439.559,0.0025,0,0,0.0,0,0.0014137077195184595,0,0.0,0,0.0,1.1532947647043266,0.6118560086724675,0.17964990763046554,0.9660814686723639
526,7367.743,7316.765,1295.0,0.022,0,0,0.0,0,0.24829126965488624,0,0.06719367588932806,0,0.04,0.929507176139492,0.987776134734002,1.7429999999999999,0.96588559955342
527,5274.607,6433.085,1237.0,0.009,0,0,0.0,0,0.006052816309215144,0,0.0,0,0.0,1.2695947441053912,1.0619404954558493,0.17964990763046554,0.9656130769502945
528,5598.0,7522.0,856.0,0.0025,0,0,0.0,0,0.016297507781935953,0,0.02702702702702703,0,0.03,1.1532947647043266,0.28120829167862343,0.4765442467801234,0.9643243809640193
529,7177.255,7692.244,1077.0,0.017,0,1,0.6,0,0.14937482270576175,0,0.06818181818181818,0,0.08,4.149028223607108,0.8921656537320489,0.37251395480634897,0.9642345477756233
530,4630.442,6102.064,1039.0,0.05,0,0,0.4,1,0.9969051878909729,0,0.02702702702702703,0,0.34,0.189655488262843,0.15902333042707972,3.7885560479251046,0.9630800737393284
531,8679.177,8864.974,1035.69,0.0025,0,0,0.0,0,0.0012956040393417804,0,0.0,0,0.0,1.3531979720508422,2.161328457868251,0.17964990763046554,0.9629446385781554
532,5106.15,8330.0,355.0,1.14,1,1,1.0,1,0.9997097849647049,0,0.0,0,0.42,1.4886796796485013,1.2743457111408851,0.722991173496274,0.9616550896287421
533,6137.0,7008.0,1255.0,0.0025,0,0,0.0,0,0.0016990067121880185,0,0.0,0,0.01,0.38552378108909185,0.02387095850482547,0.555,0.9606715269412613
534,8314.001,6036.027,1444.589,0.017,0,0,0.0,0,6.789048249737429e-05,0,0.06719367588932806,0,0.03,1.1532947647043266,-0.49487203157143983,0.1867157979021039,0.9601582845610476
535,6335.46,9129.624,635.0,0.007,0,0,0.0,0,0.018118849814420458,0,0.06818181818181818,0,0.03,0.8144755319233385,0.5323540355980482,0.17964990763046554,0.9577181993252466
536,4749.68,7967.0,275.0,0.0025,0,0,0.0,0,0.10471683129299794,0,0.0,0,0.0,1.4694613997071506,0.5826165997282506,0.17964990763046554,0.9575033501759027
537,6376.753,6661.73,1293.0,0.009,0,0,0.0,0,0.3722582043549594,0,0.0,0,0.03,0.34046017597791484,0.4035170106057313,0.1867157979021039,0.9555227241421806
538,6075.138,7582.255,876.0,0.006,0,0,0.0,0,0.014380464671900694,0,0.03278688524590164,0,0.01,0.867765532360684,0.8844428079071192,0.17964990763046554,0.955438957645763
539,4993.0,8197.0,396.0,0.0025,0,0,0.0,0,0.0782169813791213,0,0.0,0,0.01,2.6474973578345073,0.4487221217041337,0.17964990763046554,0.955420372791882
540,6187.004,7383.143,1025.0,0.032,0,0,0.0,0,0.282578357458575,0,0.06719367588932806,0,0.04,0.37972095482130497,0.8806180881716967,0.6375954356047695,0.9546412637309919
541,6350.0,7607.0,906.0,0.024,0,0,0.0,0,0.16080005591977956,0,0.06719367588932806,0,0.03,1.746212564020189,1.203866390907572,0.1867157979021039,0.9535479560824646
542,8843.59,5477.65,1277.49,0.0025,0,0,0.0,0,0.0003786892464880913,0,0.0,0,0.02,1.260848747140266,1.3208792862951961,0.1867157979021039,0.9533155599653791
543,9509.556,3317.184,1455.289,0.007,0,0,0.0,0,0.0032431297331265404,0,0.06719367588932806,0,0.01,1.1532947647043266,1.4447271732450557,0.1867157979021039,0.9528014062819241
544,5256.0,8076.0,527.609,0.0025,0,0,0.0,0,0.003235063359778361,0,0.0,0,0.0,0.38552378108909185,2.2357789114340814,0.555,0.9516880941953305
545,15213.821,8954.097,1392.959,0.007,0,0,0.0,0,2.1223348669464428e-05,0,0.0,0,0.01,1.1532947647043266,0.36075945515954105,0.37251395480634897,0.9509319543148858
546,6433.0,6718.0,1335.0,0.0025,0,0,0.0,0,0.0022581730097637615,0,0.0,0,0.0,0.38552378108909185,2.041954685783349,0.555,0.9507153780254796
547,3974.447,6291.402,626.0,0.007,0,0,0.0,0,0.008783692316875615,0,0.0,0,0.0,0.2770138185805674,1.6332608373794137,0.555,0.9502041834901689
548,6527.941,7809.983,941.609,1.077,1,1,0.6,0,0.09683259526018674,0,0.4666666666666667,1,0.78,1.2674178424238087,0.9528647940950308,1.1783710079833332,0.950186888304131
549,10838.0,6970.0,1379.0,0.0025,0,0,0.0,0,0.0002995286399651372,0,0.0,0,0.0,1.1532947647043266,0.7127660019602113,0.17964990763046554,0.9488673670862383
550,7648.0,7087.0,1323.0,0.0025,0,0,0.0,0,0.006032969969851692,0,0.0,0,0.0,1.3531979720508418,0.9595062961353322,0.17964990763046554,0.9471241520090422
551,4021.16,6431.971,635.0,0.0025,0,0,0.0,0,0.0030056534921845024,0,0.0,0,0.0,0.34586023520182446,2.0057371158013146,0.17964990763046554,0.9468106546136711
552,7121.0,5311.0,1351.0,0.0025,0,0,0.0,0,0.00035062713941482246,0,0.0,0,0.0,1.2038724413540622,0.89728843604991,0.1867157979021039,0.9466270867481466
553,6506.0,7595.0,947.0,0.075,0,0,0.2,0,0.18779946008452386,0,0.0,0,0.12,1.1880930174866016,1.1416233034362,0.37251395480634897,0.9458594880712655
554,7625.0,9168.0,914.0,0.0025,0,0,0.0,0,0.14871559342172957,0,0.0,0,0.02,1.1355087111420565,0.42750456009641147,0.17964990763046554,0.9454113841464535
555,7311.601,9215.031,946.0,0.0025,0,0,0.0,0,0.0040923831246457475,0,0.0,0,0.0,0.3270633553995527,1.8556494976748281,0.555,0.9430625349365771
556,5244.806,7153.649,839.0,0.02,0,0,0.0,0,0.031907652502585586,0,0.0,0,0.03,0.39255656096135155,0.012526246356865464,10.665890931652221,0.9418188070071533
557,7424.562,8619.624,632.81,0.024,0,0,0.4,0,0.15777248354654683,0,0.38461538461538464,0,0.31,0.6592642661651947,0.7892626577282503,10.665890931652221,0.940612233386469
558,5802.0,7144.0,1083.0,0.0025,0,0,0.0,0,0.0007929505233189166,0,0.0,0,0.0,1.3277400407895552,0.037024723055290004,0.17964990763046554,0.940559625051076
559,6878.0,7953.0,955.0,0.82,1,0,0.4,0,0.17763189595249199,0,0.02702702702702703,0,0.11,1.9988260721747306,0.8030711294400935,1.1783710079833332,0.9395299857592567
560,5524.0,7946.0,603.0,0.0025,0,0,0.0,0,0.007657171142465792,0,0.0,0,0.0,1.1532947647043266,0.9287776564682546,0.17964990763046554,0.9364859682897901
561,6256.895,7080.973,1169.099,1.039,1,0,0.4,1,0.9658538488162991,1,1.0,1,0.82,0.5370554901566503,1.433395575152875,0.6181337712268828,0.9364151281301304
562,8157.017,7013.962,1317.179,0.013,0,1,0.8,0,0.16562090636862134,0,0.06719367588932806,0,0.29,0.5663040435212161,0.6979412289243709,1.7429999999999999,0.9363149271957157
563,5747.557,3743.596,962.22,0.076,0,0,0.4,0,0.0003437871218532949,0,0.0,0,0.33,0.3676095946884047,1.172847982647688,0.21397319850419855,0.9360394271770979
564,6843.0,6708.0,1360.0,0.0025,0,0,0.0,0,0.006490590843937706,0,0.0,0,0.0,1.1532947647043266,0.18688554923970077,0.17964990763046554,0.935401867244564
565,10194.0,7588.0,1212.0,0.0025,0,0,0.0,0,0.0004941134883836743,0,0.0,0,0.0,1.1532947647043266,0.2851787369380458,0.17964990763046554,0.9348144305483467
566,5259.0,6285.0,1296.0,0.0025,0,0,0.0,0,0.001420689014861618,0,0.0,0,0.0,1.4380745357066407,2.8858616433172104,0.17964990763046554,0.9343035167507503
567,6972.504,4908.509,1047.699,0.187,1,0,0.4,1,0.9995974415507465,1,1.0,1,0.88,1.9854797135763198,0.8049680464857099,0.6181337712268828,0.9337394074705884
568,4687.25,7916.45,314.0,0.0025,0,0,0.2,0,0.1372125852628785,0,0.0,0,0.01,2.451924893087211,0.7070640131110029,1.7429999999999999,0.9329425205606819
569,13684.0,1481.0,1354.0,0.0025,0,0,0.0,0,8.744479372413295e-05,0,0.0,0,0.0,1.2030812465920673,0.9058305822617752,0.17964990763046554,0.932337942414484
570,9255.155,6844.422,1386.0,0.0025,0,0,0.0,0,0.007074987784158387,0,0.0,0,0.0,0.38552378108909185,1.7118130350745866,0.555,0.9315617010654103
571,5149.893,7419.615,659.0,0.923,1,1,0.8,0,0.3062954583330091,1,0.8947368421052632,1,0.93,0.97661541503913,1.0583232163269405,0.6375954356047695,0.9308119462618849
572,5051.42,6403.026,1236.0,0.0025,0,0,0.0,0,0.011642816370323337,0,0.0,0,0.0,0.3275380915496576,0.5727598521403907,0.555,0.9305620330080323
573,6836.096,7897.925,985.0,0.013,0,0,0.0,0,0.12477132256620539,0,0.06818181818181818,0,0.05,1.9988260721747306,0.4860222897618902,0.17964990763046554,0.9299382350428398
574,6275.028,8226.694,721.0,1.254,1,0,0.2,1,0.9531442832501948,1,1.0,1,0.81,0.5210973085861356,0.2763297765572607,0.722991173496274,0.9283124898682424
575,5105.85,8321.0,360.0,0.0025,0,0,0.0,0,2.307611480559428e-07,0,0.03278688524590164,0,0.0,0.4242808027180328,1.4821478524523743,0.17964990763046554,0.9277116133253818
576,6463.657,8509.734,633.0,0.0025,0,0,0.0,0,0.003336898650490226,0,0.0,0,0.0,0.21582552872869057,1.5914108322318834,0.17964990763046554,0.9275151013477249
577,10791.762,5947.719,1493.0,0.0025,0,0,0.0,0,0.006483806836629609,0,0.0,0,0.01,0.28009205566249185,0.6854549441598926,0.555,0.9274831036134353
578,5699.0,5931.0,1137.0,0.0025,0,0,0.0,0,0.010828519374554743,0,0.0,0,0.0,0.3979290805919188,0.9022353724125955,0.17964990763046554,0.9272913030759298
579,7164.0,7507.0,1180.0,0.0025,0,0,0.0,0,0.000653408926099522,0,0.0,0,0.0,1.1651372633151982,0.9835767063499644,0.17964990763046554,0.9261345500657518
580,7388.0,5177.0,1308.0,0.0025,0,0,0.0,0,0.00587199145404589,0,0.0,0,0.01,0.28009205566249185,2.1184656647878386,0.555,0.9254103944174741
581,9122.0,6366.0,1390.0,0.0025,0,0,0.0,0,0.010694291731945818,0,0.0,0,0.0,0.38552378108909185,0.919404537510975,0.555,0.9249603193262751
582,6504.192,7831.845,933.0,0.771,1,0,0.4,0,0.16721212808927582,1,0.8888888888888888,1,0.8,1.6764262988169722,0.9298500266717046,1.0310368953501068,0.9246010727605888
583,8500.269,5902.138,1436.569,0.0025,0,0,0.0,0,0.0037041273228576805,0,0.0,0,0.0,0.38552378108909185,0.8203226208661147,0.555,0.923983660152177
584,12369.0,6246.0,1488.0,0.0025,0,0,0.0,0,0.0031079868005403463,0,0.0,0,0.0,0.28009205566249196,3.93268790290185,0.555,0.9238701249644731
585,5246.0,4123.0,764.0,0.0025,0,0,0.0,0,0.0010713627734016422,0,0.0,0,0.01,0.37915396759275116,2.2178549331636104,0.17964990763046554,0.9235470297819272
586,8163.963,6310.01,1422.299,0.041,0,0,0.2,0,0.22754877426760603,0,0.06719367588932806,0,0.1,0.48679051002596585,0.9891058611853742,0.4765442467801234,0.9232563304723352
587,6568.215,7706.599,1054.389,0.073,0,1,0.6,0,0.20801033096100685,0,0.0,0,0.07,2.396584623362246,0.7180779227547925,0.37251395480634897,0.923095792339086
588,3973.353,6290.887,626.0,0.0025,0,0,0.0,0,0.013586087833292348,0,0.06719367588932806,0,0.0,0.2770138185805673,0.9678773652246513,0.555,0.9226677550835306
589,10073.0,8888.0,1127.0,0.0025,0,0,0.0,0,0.0030578018376787664,0,0.0,0,0.0,0.31339200632907266,1.7411548884046386,0.17964990763046554,0.9210706897280556
590,7652.0,6888.0,1282.0,0.0025,0,0,0.0,0,0.0011281791224404107,0,0.0,0,0.0,0.38552378108909185,1.0105696037470504,0.555,0.9207648274319985
591,5107.65,8316.28,362.0,0.0025,0,0,0.2,0,0.003267340427371499,0,0.03278688524590164,0,0.0,0.5968829604835371,1.4209784706472892,0.17964990763046554,0.9203192503670921
592,6428.974,6727.485,1352.149,0.012,0,0,0.0,0,0.01674535264483123,0,0.06719367588932806,0,0.01,0.38552378108909185,1.4954345992149598,0.6375954356047695,0.9196853379001885
593,2506.0,13023.0,1097.0,0.0025,0,0,0.0,0,0.0010582360150513043,0,0.0,0,0.0,0.38552378108909185,0.4757712957871909,0.17964990763046554,0.9183826630407795
594,6671.0,6994.0,1249.0,0.0025,0,0,0.0,0,0.002105973571443955,0,0.0,0,0.0,0.4215476378590439,1.0785876174293962,0.555,0.9180827876887918
595,6223.649,7274.05,1101.0,0.707,1,0,0.4,1,0.751208791563251,1,1.0,1,0.83,1.1182574418277378,1.0767682014485291,0.722991173496274,0.9179312105725678
596,5497.022,7200.974,956.0,0.0025,0,0,0.0,0,0.004117311381679704,0,0.0,0,0.0,1.1397722206627607,-0.05430718647760094,0.17964990763046554,0.9178641115216654
597,5920.297,7074.473,1147.359,0.0025,0,0,0.0,0,0.00423396226519104,0,0.0,0,0.0,1.3277400407895552,0.9050998654861353,0.17964990763046554,0.9176117828116759
598,5886.376,6149.137,1254.0,0.0025,0,0,0.0,0,0.015395018926814715,0,0.0,0,0.0,0.5536365051841283,2.489817696839351,0.17964990763046554,0.917516373927623
599,5472.809,7666.241,756.0,0.0025,0,0,0.4,0,0.0383864143096406,0,0.0,0,0.01,5.904492256297214,1.2821855391887813,0.17964990763046554,0.9161264450189609
600,7865.218,7301.202,1121.959,0.0025,0,0,0.0,0,0.002514255755376603,0,0.0,0,0.0,1.2104343513637787,0.6810232112935218,0.17964990763046554,0.9154931132563731
601,10784.418,7619.256,1283.0,0.0025,0,0,0.0,0,0.0008807915187386252,0,0.0,0,0.0,0.38552378108909185,1.9944770961762075,0.555,0.9154250576734306
602,4380.674,6388.949,890.0,0.976,1,0,0.4,0,0.08860245498329783,1,1.0,1,0.75,0.5167341029572918,0.3316873963213597,2.283190799812593,0.9145482868936146
603,7443.802,7447.359,1279.0,0.009,0,0,0.2,0,0.06441772068756386,0,0.06719367588932806,0,0.03,0.4771394089895854,1.461324953160358,0.1867157979021039,0.9130031796559542
604,5182.0,6696.0,1017.0,0.0025,0,0,0.0,0,0.0029029459789653373,0,0.0,0,0.0,0.28556526092851975,1.4926979826746947,0.555,0.9129620386360997
605,12283.669,9423.82,1371.49,0.009,0,0,0.0,0,0.00023604300470255143,0,0.0,0,0.0,0.7512846633543468,2.3758809931171196,0.17964990763046554,0.9127798780062458
606,4602.829,6404.056,1015.0,0.032,0,0,0.0,0,0.005975743573367955,0,0.0,0,0.02,0.28009205566249185,0.9721517557301469,0.555,0.9118683415423556
607,8557.7,5871.49,1368.65,0.005,0,0,0.4,0,0.3035919715569337,0,0.03278688524590164,0,0.17,0.31121869677711356,0.9377560143568295,1.7429999999999999,0.910848184803369
608,5341.0,7902.0,609.0,0.011,0,0,0.0,0,0.26221102595582496,0,0.0,0,0.0,1.0698438891561795,0.934575844159307,0.17964990763046554,0.9107972197858626
609,4751.85,7963.31,290.0,0.0025,0,0,0.0,0,0.09292630817091604,0,0.0,0,0.0,2.451924893087211,0.7054516189033506,0.17964990763046554,0.9104557891185742
610,6516.94,7262.883,1102.0,0.828,1,0,0.4,0,0.2826563005682894,1,0.8888888888888888,1,0.89,1.1990400633545557,0.8236719050733424,0.4765442467801234,0.9095333028997187
611,7295.639,5755.038,1187.0,0.0025,0,0,0.0,0,0.003068764964040253,0,0.0,0,0.0,0.3270633553995527,4.527579218108942,0.555,0.9092745526428977
612,3975.356,6291.86,626.0,0.006,0,0,0.0,0,0.0030744730966933663,0,0.0,0,0.0,0.2846814136805973,1.1661812609439806,0.555,0.908958168265289
613,9403.312,5475.841,1342.289,0.0025,0,0,0.0,0,0.00015984274302412394,0,0.0,0,0.0,1.2038724413540622,1.4570918908393562,0.1867157979021039,0.9077008377264215
614,13423.401,7979.578,962.0,0.011,0,0,0.0,0,0.00013155049383598607,0,0.0,0,0.01,0.2669131436179215,1.9587471949216215,0.555,0.9076535129320347
615,10077.0,8760.0,1081.0,0.0025,0,0,0.0,0,0.00321678511928535,0,0.0,0,0.0,0.31339200632907266,3.6136667633524553,0.17964990763046554,0.9060324935505176
616,5830.0,6386.0,1348.0,0.085,0,0,0.0,0,0.0006701573662401607,0,0.06719367588932806,0,0.01,1.3277400407895552,0.865083529391018,0.4765442467801234,0.905640732511469
617,12091.205,9306.671,1322.09,0.005,0,0,0.0,0,0.000596490354984165,0,0.0,0,0.01,0.38552378108909185,0.6212214589988929,0.555,0.9052319869234979
618,7634.055,9150.665,936.0,0.0025,0,0,0.0,0,0.025236116682423242,0,0.0,0,0.0,0.38552378108909185,0.7797195124480398,0.555,0.9050358285026666
619,5139.0,6467.0,1165.0,0.005,0,0,0.0,0,0.008539309118611392,0,0.0,0,0.0,0.6723429738206572,1.4129304552111228,0.17964990763046554,0.9049412576779269
620,7147.0,7237.0,1152.0,0.0025,0,0,0.0,0,0.002417984757926208,0,0.0,0,0.0,0.4215476378590439,1.4140044725809364,0.1867157979021039,0.9046169027860567
621,3197.0,6043.0,249.0,0.007,0,0,0.2,0,0.06052612714288066,0,0.07142857142857142,0,0.05,2.5000505991783126,0.6136071170667436,2.283190799812593,0.9040106555509569
622,6369.0,7187.0,1154.0,0.956,1,0,0.4,0,0.3173925302217449,1,0.8888888888888888,1,0.72,0.49986894562708356,1.2566761807912639,1.0310368953501068,0.90377689009733
623,6466.191,9148.689,663.15,0.0025,0,0,0.0,0,7.592499000222871e-05,0,0.0,0,0.0,1.3277400407895552,1.069671750552341,0.17964990763046554,0.9033901825689082
624,12175.563,6025.04,1493.97,0.0025,0,0,0.0,0,0.0018097560855553695,0,0.06719367588932806,0,0.0,0.27099200403208507,1.1329059941927906,0.4765442467801234,0.9024829074737464
625,7160.631,3496.491,1262.249,0.0025,0,0,0.0,0,0.00039131683135749706,0,0.0,0,0.0,1.1397722206627607,1.4373223404549444,0.1867157979021039,0.9020032218763937
626,5346.698,8030.614,593.0,0.012,0,0,0.0,0,0.29786379371597227,0,0.0,0,0.02,0.5058881284222067,0.9817556821584202,0.17964990763046554,0.9016735008631392
627,10793.805,7197.368,1359.29,0.0025,0,0,0.0,0,0.03546332715099266,0,0.0,0,0.0,2.3936371464250117,-0.34213779641176334,0.17964990763046554,0.9016698638687246
628,8556.85,5870.64,1368.65,0.043,0,0,0.2,0,0.04831631830147377,0,0.0,0,0.01,1.1532947647043266,0.89161062709803,0.1867157979021039,0.9014341279132362
629,5873.0,6309.0,1318.0,0.0025,0,0,0.0,0,0.0017237975756297338,0,0.0,0,0.0,1.3277400407895552,1.8061470796589927,0.17964990763046554,0.900700243107543
630,5098.394,6502.069,1130.0,0.013,0,0,0.0,0,0.009986619252759064,0,0.0,0,0.01,0.6116546221224608,1.1856646381897082,0.17964990763046554,0.8999917839422955
631,5342.0,6604.0,1120.0,0.007,0,0,0.0,0,0.05452231307972174,0,0.0,0,0.02,0.3367678377086529,0.846853494833063,0.17964990763046554,0.8990203342198891
632,6933.387,4491.697,959.0,0.0025,0,0,0.0,0,0.0035679879410371656,0,0.0,0,0.0,0.313119634306739,5.087780854400058,0.17964990763046554,0.8989849764527712
633,7274.379,4589.765,1006.0,0.0025,0,0,0.0,0,0.0003689679496162846,0,0.0,0,0.0,1.1532947647043266,1.288223277292041,0.17964990763046554,0.8977488775467168
634,7259.886,7654.695,1206.779,0.009,0,0,0.4,0,0.21719017763708992,0,0.0,0,0.11,1.0784491103263023,0.8180257349766377,0.37251395480634897,0.8970964092802791
635,5730.094,6776.153,1121.78,0.867,1,1,0.8,1,0.9082930420000274,1,1.0,1,0.75,0.8741207220444243,1.130995883821655,0.722991173496274,0.8945100893104891
636,4686.67,6204.417,1080.0,0.855,1,1,0.8,1,0.9998635525752001,1,1.0,1,0.77,1.9727156701221398,1.084175054377802,2.571601384670821,0.8943977917830606
637,13563.0,7802.0,1468.0,0.0025,0,0,0.0,0,0.0004163871826857931,0,0.0,0,0.01,0.38552378108909185,1.175953836736117,0.555,0.8940602570646686
638,6615.0,7184.0,1073.0,0.0025,0,0,0.0,0,0.0020799982634923,0,0.0,0,0.0,0.4215476378590439,1.9802766343463793,0.555,0.8927965069564907
639,7043.0,6955.0,1179.0,0.0025,0,0,0.0,0,0.01139912872567576,0,0.0,0,0.0,1.1029186177905423,1.2066912044736537,0.17964990763046554,0.8925336520174054
640,20654.0,6445.0,1305.0,0.68,1,1,0.6,1,0.8499232382307371,1,1.0,1,0.7,0.5869557646492017,0.3210188607724751,0.6181337712268828,0.8920345080861634
641,8019.0,6444.007,1381.939,0.0025,0,0,0.0,0,0.006578265375153611,0,0.0,0,0.0,0.38552378108909185,0.7375033035782137,0.555,0.8910518222735286
642,6365.0,7602.0,924.0,0.063,0,0,0.2,0,0.34227927521216256,0,0.06719367588932806,0,0.1,0.5120097251110034,1.1728568346137929,1.0310368953501068,0.8900529757896048
643,11096.631,9642.112,1388.58,0.009,0,0,0.0,0,0.002372823679992228,0,0.0,0,0.0,0.34488357762627186,2.4990753396629097,0.17964990763046554,0.8896121786736975
644,13419.12,7082.566,1453.09,0.0025,0,0,0.0,0,0.004314513702093024,0,0.0,0,0.0,0.8955250427503684,0.06177501604053024,0.17964990763046554,0.8896025030708363
645,7779.157,7350.879,1186.0,0.0025,0,0,0.0,0,0.01286160215607761,0,0.0,0,0.0,0.5739163841936356,0.7807858438036019,0.555,0.8891705616582113
646,10792.955,7196.518,1359.29,0.0025,0,0,0.0,0,0.0667269019253785,0,0.0,0,0.01,1.7145118848005523,-0.21238024778284867,0.17964990763046554,0.8890890271414668
647,7928.936,4532.386,1060.0,0.0025,0,0,0.0,0,0.00612471010463513,0,0.0,0,0.0,0.37642726147184313,1.7818043528289431,0.17964990763046554,0.8887030771077162
648,6418.0,7540.0,959.0,0.0025,0,0,0.0,0,0.003698690633967324,0,0.0,0,0.0,1.3131219923296569,1.482589818948706,0.1867157979021039,0.8882684814685364
649,7276.552,7631.228,1206.779,0.02,0,0,0.0,0,0.033578911562706086,0,0.06818181818181818,0,0.04,0.5508175301649926,0.5946138188260457,1.7429999999999999,0.888052855982479
650,6379.0,7345.0,1061.0,0.0025,0,0,0.0,0,0.004394077635326588,0,0.0,0,0.0,0.28009205566249185,2.846679297468736,0.555,0.8877871008408066
651,9548.52,9701.509,1430.0,0.0025,0,0,0.0,0,0.00504630441495462,0,0.0,0,0.01,0.3275380915496576,-0.11189569063430038,0.1867157979021039,0.8866621711623349
652,4564.0,6217.0,981.0,0.047,0,0,0.2,0,0.3726171576778408,0,0.06818181818181818,0,0.11,0.431099421575786,1.3061284455898383,0.17964990763046554,0.8865293356121977
653,6763.869,4867.874,1013.559,0.006,0,0,0.0,0,0.01408442691997058,0,0.0,0,0.03,0.3081153560059544,1.2141307409112017,0.17964990763046554,0.8853449529878129
654,6839.696,7926.911,901.279,0.076,0,0,0.4,0,0.21923370768607622,0,0.03278688524590164,0,0.03,0.9417391941056503,0.7101724976163517,0.17964990763046554,0.8853226032894821
655,7548.013,7478.601,1244.0,0.005,0,0,0.0,0,0.15630098720385036,0,0.0,0,0.0,0.4371570952340108,0.922835988401612,0.6375954356047695,0.8850001473521428
656,6117.019,9021.901,574.0,0.0025,0,0,0.0,0,0.013897773187668926,0,0.0,0,0.0,0.3386063942305115,0.2618246540800054,0.555,0.8847725566857919
657,10893.451,6468.323,1430.0,0.005,0,0,0.2,0,0.16715282199392065,0,0.0,0,0.04,1.4449293710455036,1.354658932252901,0.37251395480634897,0.884366617952805
658,5918.0,6328.0,1310.0,0.005,0,0,0.0,0,0.0004816806080008566,0,0.0,0,0.0,1.3277400407895552,2.0634697093639995,0.17964990763046554,0.8836795613333701
659,5235.0,6155.0,1225.0,0.0025,0,0,0.0,0,0.008498785848192822,0,0.0,0,0.0,0.3270633553995527,0.9847481737847056,0.555,0.8834057199603302
660,5803.0,3901.0,871.0,0.0025,0,0,0.4,0,0.0006768552011903869,0,0.0,0,0.02,0.6106669134648044,2.516472308313763,0.17964990763046554,0.8800584760142282
661,7969.636,9072.241,1034.0,0.0025,0,0,0.0,0,0.03648861222345797,0,0.0,0,0.0,1.1029186177905423,2.0994293413455827,0.17964990763046554,0.8795348357878402
662,10768.307,7215.64,1354.0,0.015,0,0,0.0,0,0.001992520429939659,0,0.0,0,0.01,1.7573839671442584,-0.5837113138429557,0.17964990763046554,0.8789363961346691
663,8184.0,6035.0,1431.0,0.0025,0,0,0.0,0,0.0023408664722144434,0,0.0,0,0.0,1.3277400407895552,1.4085612110210435,0.17964990763046554,0.8775157227557433
664,5284.909,8057.846,559.0,0.0025,0,0,0.0,0,0.002133259578076417,0,0.03278688524590164,0,0.0,0.8906803852775735,1.3147229435199819,0.17964990763046554,0.8747667449401286
665,8006.979,7150.022,1224.319,0.0025,0,0,0.0,0,0.10658489424765889,0,0.0,0,0.02,0.29390936648319194,0.9721077768245967,0.37251395480634897,0.8746339024092449
666,5142.0,6381.0,1183.0,0.007,0,0,0.0,0,0.005745582373338164,0,0.0,0,0.0,1.3531979720508418,1.6334986848102087,0.17964990763046554,0.8737815520484231
667,7053.0,4168.0,894.0,0.018,0,0,0.0,1,0.9733351190417744,0,0.0,0,0.26,1.0746429851708885,1.056421196325548,10.665890931652221,0.8735821085230246
668,7361.0,7467.0,1242.0,0.04,0,0,0.2,0,0.3475309537225146,0,0.06719367588932806,0,0.07,0.8429967966578266,0.9789773699303116,0.6375954356047695,0.8731059658476412
669,4004.911,7451.452,206.06,0.0025,0,0,0.0,0,0.0003678959863743702,0,0.03278688524590164,0,0.0,0.3956804635111422,2.5138933989542456,0.17964990763046554,0.8729115903791629
670,7886.0,4822.0,1195.0,0.0025,0,0,0.0,0,0.004759964288304563,0,0.0,0,0.0,0.38552378108909185,1.1589406032939547,0.555,0.8728231633003284
671,5854.0,6335.0,1336.0,0.021,0,0,0.0,0,0.0009465918825267356,0,0.0,0,0.0,1.3277400407895552,0.8729891778646481,0.17964990763046554,0.8710558885128171
672,6527.582,5117.217,1130.799,0.009,0,0,0.4,0,0.15403797116448,0,0.0,0,0.0,3.164763588506541,0.7314064481110004,0.17964990763046554,0.870322195016196
673,10985.236,6465.938,1476.65,0.0025,0,0,0.0,0,0.10248312709449629,0,0.0,0,0.0,3.26448902531916,1.1438613125033235,0.37251395480634897,0.8701761360406551
674,4909.606,6284.592,1227.0,0.062,0,0,0.0,0,0.12146237564445608,0,0.0,0,0.08,0.45575240782187376,0.8017375062705303,0.6375954356047695,0.8701396896645965
675,6274.946,9078.549,595.0,0.0025,0,0,0.0,0,1.8273682006836241e-06,0,0.0,0,0.0,0.2763503195288377,-0.7172156408567292,0.555,0.8694006709144468
676,4577.892,6490.05,920.0,0.0025,0,0,0.0,0,0.11012167982081122,0,0.0,0,0.04,0.9189615975002698,0.9706282573126254,0.17964990763046554,0.8678788579859473
677,5280.749,7050.734,924.0,0.0025,0,0,0.0,0,0.0003219252039819204,0,0.0,0,0.0,1.3277400407895552,2.531089553974705,0.17964990763046554,0.8677474164993899
678,5333.216,6546.106,1146.0,0.006,0,0,0.0,0,0.08609435184823672,0,0.0,0,0.0,0.28468141368059724,-0.19289823217056987,0.555,0.867318111460819
679,10508.997,9305.912,1307.0,0.0025,0,0,0.0,0,0.0715189960941711,0,0.0,0,0.03,2.837357724324578,0.770844755255653,0.17964990763046554,0.8664520397050617
680,6081.364,7555.682,867.529,0.023,0,0,0.0,0,0.0022855856283821112,0,0.0,0,0.0,1.1532947647043266,0.3216413761731535,0.17964990763046554,0.8657486132742682
681,4596.0,6494.0,886.0,0.08,0,0,0.0,0,0.050295416492516884,1,0.8888888888888888,0,0.14,1.5212275794466623,1.224100261468051,1.0310368953501068,0.8655067585816103
682,5671.99,6627.611,1284.399,0.742,1,1,1.0,1,0.7106746441422452,1,1.0,1,1.0,0.9845400197203911,1.2973420762043268,0.722991173496274,0.8641533113038997
683,4902.0,6377.0,1228.0,0.008,0,0,0.0,0,0.007547087515128706,0,0.0,0,0.0,0.3908209499702011,0.3092707803241854,0.555,0.8636827974550605
684,7802.957,6929.993,1350.519,0.0025,0,0,0.0,0,0.16170835914015444,0,0.0,0,0.04,0.3177931003270637,0.9108629672463981,0.37251395480634897,0.8635970896968113
685,6339.352,6818.917,1332.569,0.037,0,0,0.0,0,0.02292583122231044,0,0.02702702702702703,0,0.01,0.7902466512068262,1.174097019073355,0.4765442467801234,0.8629528972056554
686,6586.203,7508.036,1054.389,0.088,0,0,0.2,0,0.17522312253329478,0,0.06719367588932806,0,0.1,1.510202509905393,0.9277940230194446,0.37251395480634897,0.8622821961776364
687,5412.298,6352.81,1317.0,0.0025,0,0,0.0,0,0.015051924486557518,0,0.0,0,0.0,0.2763503195288376,0.4355824198627182,0.555,0.8620500269295397
688,5428.0,7562.0,754.0,0.0025,0,0,0.0,0,0.0021945046570258217,0,0.0,0,0.0,0.7923635190571027,1.2340888703374353,0.17964990763046554,0.8614616305898626
689,7688.593,6086.985,1346.024,0.0025,0,1,0.6,0,0.19372617489532154,0,0.06818181818181818,0,0.19,0.5071588952042054,1.0438952550754992,0.37251395480634897,0.8591357757210988
690,5427.85,6359.209,1317.0,0.0025,0,0,0.0,0,0.006557824777554799,0,0.0,0,0.0,0.38552378108909185,0.3052745543981147,0.555,0.8591139379799095
691,9730.406,7705.351,1128.98,0.0025,0,0,0.0,0,0.0016819886751336588,0,0.0,0,0.0,0.43276279064428974,2.170151139167322,0.555,0.8590079278511725
692,7820.0,6793.0,1329.0,0.0025,0,0,0.0,0,0.0011761471422142905,0,0.0,0,0.0,0.3274420295532055,2.7901170755437334,0.555,0.8589426504377407
693,4685.0,7904.0,320.0,0.0025,0,0,0.0,0,0.050666314626768676,0,0.0,0,0.03,3.35541615142843,0.45285043827588056,0.1867157979021039,0.8589018377963457
694,5629.737,7831.999,703.0,0.031,0,0,0.4,0,0.1757696124696345,0,0.07142857142857142,0,0.06,3.048327201222622,0.6715292909289384,10.665890931652221,0.8584448805248548
695,12070.821,9999.697,1367.0,0.005,0,0,0.0,0,0.00022628027523473435,0,0.0,0,0.01,0.38552378108909185,0.9353267263364233,0.555,0.8582518249711567
696,8118.083,8580.602,933.22,0.0025,0,0,0.0,0,0.006599350418085683,0,0.0,0,0.02,0.38552378108909185,2.014758092475451,0.17964990763046554,0.8579203964823013
697,10751.655,7228.413,1349.56,0.006,0,0,0.0,0,0.009109483111443094,0,0.0,0,0.02,1.2831640983631358,-0.044634145919326115,0.1867157979021039,0.8561710061863089
698,6542.0,7604.0,960.0,0.007,0,0,0.2,0,0.19024190076799163,0,0.06818181818181818,0,0.05,1.5392848341738592,1.0049044222685724,0.37251395480634897,0.8559125553912814
699,7173.952,8898.108,666.35,0.098,0,0,0.2,0,0.00330602099396777,0,0.06719367588932806,0,0.08,0.698398016541767,0.4279954275748218,0.1867157979021039,0.8557965974805366
700,5556.255,6806.828,1156.639,0.654,1,1,0.6,0,0.3514200038570631,1,0.8947368421052632,1,0.76,2.451924893087211,1.2994674527879095,0.6540000000000001,0.855794962021224
701,0.0,9216.0,817.0,0.0025,0,0,0.0,0,6.985283056179243e-05,0,0.0,0,0.0,0.28534740572923867,-0.6755075257766822,0.555,0.8553754872544721
702,12333.0,9378.0,1370.0,0.02,0,0,0.2,0,0.01065164090001619,0,0.06719367588932806,0,0.08,0.2870353712146351,0.13649521399347947,0.1867157979021039,0.8545535096808305
703,8189.0,5453.0,1423.0,0.0025,0,0,0.0,0,0.00017351955741628464,0,0.0,0,0.0,1.1532947647043266,0.8841782893774123,0.17964990763046554,0.8531022463779813
704,4619.0,5950.0,978.0,0.041,0,0,0.0,0,0.0066268791448989076,0,0.02702702702702703,0,0.01,0.3251514733447335,1.730399985554358,0.4765442467801234,0.8520364920494934
705,9918.749,9347.723,1339.0,0.0025,0,0,0.0,0,0.3073450813872146,0,0.0,0,0.0,0.33764016276791314,0.34990804421182975,0.1867157979021039,0.851710072920674
706,6076.893,7066.71,1156.0,0.009,0,0,0.0,0,0.001363719885478001,0,0.0,0,0.0,1.1532947647043266,0.7522625111260508,0.17964990763046554,0.8507939887511965
707,5882.0,3892.0,879.0,0.0025,0,0,0.0,0,0.0005425976556302244,0,0.0,0,0.0,1.2827255904095414,2.6465309503476604,0.17964990763046554,0.850467701039013
708,4843.648,8047.978,320.0,0.0025,0,0,0.2,0,0.3978221001464729,0,0.0,0,0.02,1.4674825200539034,0.8621108038138134,1.7429999999999999,0.8498765911145016
709,7484.0,6817.0,1293.0,0.005,0,0,0.0,0,0.0006889699110879618,0,0.0,0,0.0,0.38552378108909185,0.7270375825904092,0.555,0.8491157833685795
710,6503.0,7681.0,953.0,0.52,1,0,0.4,0,0.1839052169404634,0,0.06818181818181818,1,0.72,1.4797384672544514,1.0092731015462963,0.37251395480634897,0.8488576836895858
711,8780.0,5308.0,1220.0,0.0025,0,0,0.0,0,0.001383786360162178,0,0.0,0,0.0,0.38552378108909185,1.758901725076083,0.555,0.8486288266692513
712,8940.0,5296.0,1174.0,0.0025,0,0,0.0,0,0.008215632229206906,0,0.0,0,0.0,0.2823718422498907,3.0922082854060737,0.17964990763046554,0.8475847181480876
713,4969.0,6374.0,1194.0,0.052,0,0,0.0,0,0.00011984260370426161,0,0.06719367588932806,0,0.01,0.3065469795501437,-0.3513938420038448,0.1867157979021039,0.8470564363594743
714,9250.801,7427.507,1239.39,0.0025,0,0,0.0,0,0.000134893529563776,0,0.0,0,0.0,0.38552378108909185,0.7525129785775246,0.555,0.8461063206162307
715,10888.49,5866.683,1530.07,0.02,0,0,0.2,0,0.05807388293668405,0,0.0,0,0.1,0.3949779786067518,0.524185180159727,2.283190799812593,0.8460068763179456
716,7386.669,8862.305,736.0,0.0025,0,0,0.0,0,0.006273267630361865,0,0.0,0,0.0,0.3945674808423197,0.3069053888634521,0.1867157979021039,0.8458259645796231
717,7684.86,7184.357,1275.0,0.022,0,0,0.0,0,0.23357163524687166,0,0.06719367588932806,0,0.03,1.3370865875645614,0.8248220608724437,1.7429999999999999,0.8438674613983237
718,9717.191,3167.71,1463.229,0.005,0,0,0.0,0,2.138882480658033e-05,0,0.0,0,0.02,1.1532947647043266,0.631681460157761,0.6181337712268828,0.8424665315365366
719,6470.0,7775.0,936.0,0.02,0,0,0.0,0,0.000968441428090477,0,0.0,0,0.01,0.7996322213595494,0.9090601604110058,0.6375954356047695,0.8418355051197728
720,7473.67,5171.429,1417.039,0.0025,0,0,0.0,0,0.0027410271749323126,0,0.0,0,0.0,1.1532947647043266,0.4621165964141488,0.17964990763046554,0.8415050152779464
721,4412.266,7508.274,381.0,0.0025,0,0,0.0,0,1.2698475220512378e-06,0,0.0,0,0.02,0.3270633553995527,0.5354362332320219,0.555,0.8413199295183784
722,13401.108,7930.185,1451.0,0.015,0,0,0.0,0,0.0008118466156939702,0,0.0,0,0.0,0.2770138185805673,0.46058631093458047,0.555,0.841165180436098
723,7346.043,8769.035,678.0,0.0025,0,0,0.0,0,0.07671936851800698,0,0.0,0,0.02,0.3275380915496576,-0.20220014293409927,0.1867157979021039,0.8409680716627496
724,9274.334,7160.944,1393.0,0.005,0,0,0.0,0,0.014639958414129645,0,0.0,0,0.0,0.38552378108909185,0.8335331425491086,0.555,0.8407897445928535
725,5866.906,6076.423,1240.0,0.0025,0,0,0.2,0,0.20815764671963985,0,0.0,0,0.01,0.2789623828106821,0.4534020075968498,0.1867157979021039,0.8401491928878305
726,4902.394,6760.422,959.0,0.676,1,0,0.4,0,0.3093860035218923,1,0.8888888888888888,1,0.7,0.4762699673695493,1.206398354726535,0.37251395480634897,0.8389341761092408
727,7552.0,5299.0,1399.0,0.0025,0,0,0.0,0,0.0030392145645949,0,0.0,0,0.0,0.4215476378590439,1.79686129948729,0.555,0.8365468709512902
728,6598.299,9015.171,624.0,0.0025,0,0,0.0,0,0.0005890318890099777,0,0.0,0,0.0,1.3277400407895552,0.6495798974484309,0.17964990763046554,0.8364511879778878
729,4687.65,7911.85,316.0,0.0025,0,0,0.0,0,0.010504896955908944,0,0.0,0,0.01,0.8012793179798555,0.32678440754667715,0.6375954356047695,0.836369468100292
730,6292.924,9084.253,609.0,0.0025,0,0,0.0,0,0.012367710014612765,0,0.0,0,0.03,1.0558379907780586,0.272687156197391,0.17964990763046554,0.836357850183727
731,3940.427,6443.621,579.0,0.062,0,0,0.2,0,0.013926233736172557,0,0.06719367588932806,0,0.08,0.8848025485272626,1.1850728659128,0.4765442467801234,0.8363559288917305
732,7136.525,8878.642,641.0,0.0025,0,0,0.0,0,0.00037511203668030016,0,0.0,0,0.0,0.38552378108909185,0.4351375604262222,0.555,0.8349281397280297
733,5752.0,7944.0,632.0,0.005,0,1,0.6,0,0.10535470813599221,0,0.0,0,0.01,1.7570479619914274,0.6415618458819228,0.17964990763046554,0.8347130009722328
734,14323.775,8943.012,1435.429,0.0025,0,0,0.0,0,0.028728615732629054,0,0.0,0,0.0,0.22467592041784817,3.358403483980142,0.555,0.8338700845500171
735,7593.904,8778.542,756.0,0.0025,0,0,0.0,0,0.000481202242017476,0,0.0,0,0.0,0.3270633553995527,1.2030680015446635,0.555,0.8337009679649018
736,5777.983,6139.979,1256.439,0.005,0,0,0.0,0,0.0013787479964491925,0,0.0,0,0.0,1.3277400407895552,2.969879735887806,0.17964990763046554,0.8332236774153243
737,6645.285,7494.12,1040.969,0.0025,0,0,0.0,0,0.20321428887462425,0,0.0,0,0.01,1.1453334872395577,0.8243056057693885,0.17964990763046554,0.8330065525629007
738,10663.0,5821.0,1457.0,0.017,0,0,0.2,0,0.2118775056929121,0,0.06719367588932806,0,0.02,0.9489345400132062,1.5989337054432629,0.1867157979021039,0.8324071054825601
739,6427.052,7799.977,941.609,0.052,0,0,0.2,0,0.1132687964234996,0,0.03278688524590164,0,0.04,0.8492175899817225,0.4665064133305207,0.17964990763046554,0.8304089122985625
740,21814.0,5432.0,1450.0,0.007,0,0,0.0,0,0.0003625415760057132,0,0.0,0,0.01,0.7746044845047737,0.9008839892068441,0.17964990763046554,0.829668643487323
741,12099.47,6411.755,1376.0,0.0025,0,1,0.6,0,0.10434091009928056,0,0.02702702702702703,0,0.04,0.786171356567926,3.4873288769247592,0.4765442467801234,0.8294577309361072
742,5634.161,6203.318,1244.0,0.0025,0,0,0.0,0,0.007028771267413037,0,0.0,0,0.0,0.38552378108909185,1.0554728712569104,0.555,0.8278524726235907
743,7335.0,6601.0,1263.0,0.035,0,0,0.2,0,0.15335539566584547,0,0.06719367588932806,0,0.09,1.4884497179985412,0.7161851452585635,0.1867157979021039,0.8278286762028317
744,6934.998,9138.164,715.3,0.0025,0,0,0.0,0,0.0018873289253694282,0,0.0,0,0.01,1.260848747140266,0.5880295892592291,0.17964990763046554,0.8275825176280343
745,4005.061,7451.452,206.06,0.005,0,0,0.0,0,0.0010269435573828454,0,0.03278688524590164,0,0.01,0.7239919054478005,1.6000985370478136,0.1867157979021039,0.8272553236006702
746,5445.411,8326.43,557.0,0.0025,0,0,0.4,0,0.11423987073080846,0,0.0,0,0.02,1.093315064615449,1.213826875623477,0.17964990763046554,0.8270079863765039
747,7570.82,7393.386,1226.0,0.007,0,0,0.2,1,0.5217922383440241,0,0.02702702702702703,0,0.06,1.8126621176540518,0.7440947768510613,1.0310368953501068,0.8267409352054687
748,4451.654,5964.343,909.0,0.0025,0,0,0.0,0,0.18066093457259647,0,0.0,0,0.0,0.4492242554703022,0.053190892080159424,0.555,0.8263000333583196
749,12145.648,9090.515,1257.1,0.0025,0,0,0.0,0,0.005662848163832147,0,0.0,0,0.0,0.34579679725036544,1.7093853839595825,0.555,0.8254476966741283
750,8595.7,5999.6,1428.0,0.0025,0,0,0.0,0,0.00045422338376079416,0,0.0,0,0.0,1.1532947647043266,0.8298429459622048,0.17964990763046554,0.8253657198245323
751,5792.0,5937.0,1174.0,0.0025,0,0,0.0,0,0.005280393678032531,0,0.0,0,0.0,0.28009205566249185,2.0643098035892273,0.17964990763046554,0.8247184063349204
752,10783.487,9699.401,1406.0,0.005,0,0,0.0,0,0.001054424637338492,0,0.0,0,0.0,0.38552378108909185,1.777431692619945,0.555,0.8246486408819765
753,9209.416,6371.632,1466.209,0.006,0,0,0.0,0,0.07404674834958425,0,0.03278688524590164,0,0.04,0.21692920804572768,0.2481033015824754,0.17964990763046554,0.824340347341701
754,6294.0,6781.0,1342.0,0.0025,0,0,0.0,0,0.0057263606112954194,0,0.0,0,0.0,0.38552378108909185,-0.09390451715215783,0.555,0.8240960794750065
755,7298.535,7608.236,1206.779,0.017,0,0,0.0,0,0.07759676025674193,0,0.06719367588932806,0,0.12,0.7234078708243546,0.7394013804951287,1.7429999999999999,0.8238674833311983
756,5480.0,6817.0,1095.0,0.021,0,0,0.2,0,0.11897125710378273,0,0.06719367588932806,0,0.06,1.584242888545356,0.6303676934960233,1.0310368953501068,0.8238315895390482
757,5328.0,6576.0,1129.0,0.077,0,0,0.2,0,0.27380751181912594,0,0.06719367588932806,0,0.03,0.9527541899857099,0.32964521361950566,1.0310368953501068,0.8236241375069292
758,4948.0,6623.0,1056.0,0.0025,0,0,0.0,0,0.004104556813228331,0,0.0,0,0.0,1.2732827615568092,1.043113981264593,0.17964990763046554,0.8230301907387633
759,6167.105,7408.005,1007.0,0.016,0,0,0.4,0,0.19763396397716698,0,0.0,0,0.17,0.9755203442035436,0.9223000949399421,0.37251395480634897,0.821452261941779
760,5938.795,7716.363,771.0,0.0025,0,0,0.0,0,0.0008870817773699147,0,0.06719367588932806,0,0.02,1.3277400407895552,0.7740616753249463,0.17964990763046554,0.8212282276977622
761,6766.0,7761.0,1053.0,0.693,1,0,0.4,0,0.09062181110803519,0,0.06719367588932806,1,0.66,0.5113847380112861,1.0256016667148706,0.4765442467801234,0.8209435439615618
762,7090.549,8873.495,656.0,0.0025,0,0,0.0,0,0.0006125508395597514,0,0.0,0,0.0,0.38552378108909185,0.503913158364136,0.17964990763046554,0.8207570774650257
763,7728.0,6814.0,1298.0,0.0025,0,0,0.0,0,0.0017188200103579005,0,0.0,0,0.0,0.4215476378590439,0.7768303008981098,0.555,0.8202278874255838
764,5245.175,3347.409,1051.68,0.0025,0,0,0.0,0,0.00048167380009966963,0,0.0,0,0.0,1.298973212021306,1.4024698052107256,0.17964990763046554,0.8195101826006073
765,13738.0,1430.0,1325.0,0.0025,0,0,0.0,0,0.000178529584626916,0,0.0,0,0.0,1.2038724413540622,1.4933712346244628,0.17964990763046554,0.8185706789181673
766,7549.156,4548.131,1069.0,0.0025,0,0,0.0,0,0.13025080603136593,0,0.0,0,0.01,0.3270633553995527,1.0681410855557345,0.555,0.8184126306463699
767,3885.334,7347.029,138.0,0.005,0,0,0.0,0,0.00019969845522562832,0,0.02702702702702703,0,0.02,0.19098316218632494,0.3178019383197361,1.1783710079833332,0.8166176554426632
768,6949.532,9387.872,916.0,0.0025,0,0,0.0,0,0.0010783178250430602,0,0.0,0,0.0,0.38552378108909185,0.14819530806584788,0.17964990763046554,0.8153656078457723
769,7607.886,6190.909,1317.929,0.0025,0,0,0.2,0,0.19461133996811245,0,0.06818181818181818,0,0.15,0.28985190997020155,1.001812223845228,0.37251395480634897,0.8148354862539672
770,3880.602,7340.938,137.65,0.0025,0,0,0.0,0,0.022594716481163128,0,0.0,0,0.03,3.150267271355808,0.5829591730429864,3.7885560479251046,0.8147886611270513
771,6185.0,7104.0,1209.0,0.0025,0,0,0.0,0,0.000997005688237866,0,0.0,0,0.0,1.0908463020349035,1.7849550534833583,0.17964990763046554,0.8133450455801291
772,7392.36,5724.571,1235.0,0.005,0,0,0.0,0,0.05075391983534121,0,0.06719367588932806,0,0.09,0.6900118953588961,0.6794711547732675,1.1783710079833332,0.8116489298524143
773,4922.31,8130.262,340.0,0.0025,0,0,0.0,0,0.20647616582094147,0,0.06818181818181818,0,0.01,0.584975247798458,0.6761184895740725,1.7429999999999999,0.8108688613519914
774,10581.0,9068.0,1216.0,0.0025,0,0,0.0,0,0.0030062383072775316,0,0.0,0,0.0,0.38552378108909185,1.2981427559320255,0.555,0.809867370067168
775,4944.847,6598.249,1076.0,0.014,0,0,0.0,0,0.008320214160194114,0,0.0,0,0.0,0.38552378108909185,0.5954645078594942,0.555,0.809537631422538
776,6267.186,9103.737,593.68,0.0025,0,0,0.0,0,0.009797499407922006,0,0.0,0,0.03,1.558974744963495,0.1006535796800491,0.17964990763046554,0.8091058719336788
777,3885.334,7346.629,138.0,0.0025,0,0,0.0,0,0.002699107295065639,0,0.02702702702702703,0,0.03,0.6126694345145667,0.4244022603247901,1.1783710079833332,0.8088325403253687
778,5218.0,8313.0,372.0,0.009,0,0,0.0,0,0.0073581948389229756,1,0.6666666666666666,0,0.05,0.4209509590726559,0.26271346441566984,0.1867157979021039,0.8084140519833971
779,5672.987,6627.363,1284.399,0.057,0,0,0.0,0,0.004570490108115806,0,0.0,0,0.09,1.1532947647043266,0.7662218361072297,2.571601384670821,0.8081689287240734
780,4734.633,6238.41,1096.0,0.045,0,0,0.0,0,0.17355457526069196,0,0.0,0,0.07,0.6120035430994626,0.934282293660795,0.37251395480634897,0.8079107420836411
781,6383.0,6745.0,1336.0,0.0025,0,0,0.0,0,0.0042119257529218135,0,0.0,0,0.0,0.38552378108909185,2.0549945024953233,0.555,0.8057254747576045
782,6062.01,7576.883,867.529,0.014,0,0,0.0,0,0.012063849122849028,0,0.03278688524590164,0,0.01,0.867765532360684,1.094112252424325,1.7429999999999999,0.8054464729466367
783,5742.0,6194.0,1270.0,0.0025,0,0,0.0,0,0.0020160283414263442,0,0.0,0,0.0,1.3277400407895552,2.808692077564703,0.17964990763046554,0.8042259967484767
784,4386.0,6396.0,862.0,0.086,0,0,0.4,0,0.0034723496869551104,0,0.0,0,0.06,0.48596900876284693,1.2478002923277756,0.21397319850419855,0.8028064198039495
785,9008.0,6622.0,1342.0,0.0025,0,0,0.0,0,0.00147129918137266,0,0.0,0,0.0,0.38552378108909185,2.0005089062604915,0.555,0.8008698340963506
786,14159.0,56.0,1307.0,0.0025,0,0,0.0,0,0.04751947445721887,0,0.0,0,0.0,3.825618684842951,0.7967882580114221,0.17964990763046554,0.8004457027744593
787,4429.134,6500.58,813.0,0.023,0,0,0.4,0,0.05373836788548964,0,0.0,0,0.04,1.4382973799252894,0.7613332628253925,0.17964990763046554,0.7999698160635611
788,4727.0,6633.0,912.0,0.048,0,0,0.0,0,0.06049225486428609,0,0.06719367588932806,0,0.05,0.2846814136805973,0.3404081951828494,0.1867157979021039,0.7990921990914157
789,6498.297,7316.089,1082.0,0.561,1,0,0.4,0,0.2236644200117331,0,0.4666666666666667,1,0.89,1.8070057866872555,0.979707263305645,0.4765442467801234,0.7982818583388978
790,5972.0,3917.0,883.0,0.0025,0,0,0.0,0,0.0003600705095372044,0,0.0,0,0.0,0.28009205566249185,1.8483580402254394,0.17964990763046554,0.7972053891790429
791,8526.9,5998.63,1409.48,0.0025,0,0,0.0,0,0.0004499910043047065,0,0.0,0,0.0,1.1532947647043266,1.3394687676036168,0.17964990763046554,0.7967921182898063
792,13568.183,7743.042,1492.0,0.143,1,0,0.4,1,0.6188798803710629,1,1.0,1,0.6,0.7626838859765612,0.6627479289723024,0.143,0.7967095861682079
793,14246.0,950.0,1287.0,0.0025,0,0,0.0,0,0.0004100085611139302,0,0.0,0,0.0,0.38552378108909185,1.904641191753952,0.555,0.7966710942843425
794,7654.096,7280.083,1252.0,0.628,1,1,0.6,1,0.9997390037312168,1,1.0,1,0.87,0.8243452653058795,1.7063150289354754,0.6181337712268828,0.7962842474202221
795,17.0,9179.0,825.0,0.0025,0,0,0.0,0,8.634379087937189e-05,0,0.02702702702702703,0,0.0,1.4647391687207554,2.1173986064688752,0.4765442467801234,0.7960763496477228
796,5243.787,7153.792,839.0,0.041,0,0,0.2,0,0.029579199069314898,0,0.0,0,0.04,0.4255941806407033,0.153486128920248,2.283190799812593,0.7957766402187275
797,9430.0,6324.0,1519.0,0.007,0,0,0.2,0,0.14714895789689822,0,0.06719367588932806,0,0.08,2.090412740710752,1.0758545938145514,0.1867157979021039,0.7957407994648116
798,6846.612,7845.824,1031.859,0.078,0,0,0.0,0,0.12068954384111424,0,0.06719367588932806,0,0.09,0.9520482703103158,1.2940110314973525,0.6375954356047695,0.7956565451968621
799,4729.95,7936.9,275.0,0.0025,0,0,0.0,0,0.10017333203769786,0,0.0,0,0.01,1.9622173115062451,0.5638247317063703,1.377,0.7951987162800486
800,5296.0,5976.0,1178.0,0.009,0,0,0.0,0,0.015283652616593257,0,0.0,0,0.01,0.26154697431436547,0.5446460361998242,0.17964990763046554,0.7943728040662748
801,5570.832,6791.101,1156.639,0.029,0,0,0.0,0,0.022597414187520763,0,0.0,0,0.02,0.2770138185805674,0.8938808077584225,0.555,0.7943645219594201
802,12372.0,9466.0,1400.0,0.026,0,0,0.2,0,0.12208522863433148,0,0.06719367588932806,0,0.05,0.2948700784028428,0.46300287634789006,0.1867157979021039,0.7940170578151409
803,11856.873,9268.942,1288.82,0.0025,0,0,0.0,0,0.008542981537004495,0,0.0,0,0.01,0.3986283404174529,2.7854480575274625,0.17964990763046554,0.7924404087786615
804,21906.0,5514.0,1484.0,0.0025,0,0,0.0,0,0.0011946859427848385,0,0.0,0,0.0,0.3270633553995527,1.3610417589602808,0.555,0.7922342495665291
805,7077.164,4740.719,1070.0,0.019,0,0,0.0,0,0.015332888976102974,0,0.0,0,0.01,0.761600442764191,2.9499368057108195,0.1867157979021039,0.7910763755365152
806,7983.101,9073.868,1036.0,0.0025,0,0,0.0,0,0.009193139911368478,0,0.0,0,0.0,1.1532947647043266,0.7123287964139633,0.17964990763046554,0.7908838069727586
807,6312.578,9072.216,596.0,0.0025,0,0,0.0,0,0.018720165646474544,0,0.0,0,0.0,0.8213559576625604,0.3535659341449548,0.17964990763046554,0.7905684592720138
808,6387.0,8328.0,673.0,0.0025,0,0,0.0,0,0.2306969042446124,0,0.0,0,0.0,0.4283856764903148,0.7325742041529704,0.555,0.7905145861481848
809,4995.068,8197.667,413.0,0.0025,0,0,0.0,0,0.06763185434387556,0,0.0,0,0.03,4.268840844720026,0.6479785667470732,0.17964990763046554,0.790033527089632
810,9311.03,6885.561,1391.0,0.029,0,0,0.0,0,0.0003629895233037603,0,0.38461538461538464,0,0.04,0.7557264765272448,0.67281009841862,0.6181337712268828,0.7893886767841226
811,9316.0,6235.965,1466.209,0.009,0,0,0.0,0,0.008928425070102691,0,0.0,0,0.0,0.38552378108909185,0.8148239971416477,0.555,0.7889467634219052
812,7777.329,9421.947,1001.08,0.0025,0,0,0.0,0,0.01052142718840589,0,0.0,0,0.02,1.1029186177905423,-0.047010609451514106,0.37251395480634897,0.7888165553987011
813,9086.685,8631.27,972.53,0.0025,0,0,0.0,0,0.0014066138867091216,0,0.0,0,0.0,0.38552378108909185,2.9935360581333126,0.555,0.7887669069668016
814,8450.08,6044.907,1444.589,0.086,0,1,0.8,0,0.39325241455309706,0,0.06818181818181818,0,0.12,2.649178063644281,0.8794868760136307,1.7429999999999999,0.7867702632001301
815,11961.156,6512.366,1367.0,0.0025,0,0,0.0,0,0.0035410927613636536,0,0.0,0,0.0,0.38552378108909185,2.606213813348955,0.17964990763046554,0.7866772624681365
816,5858.0,6303.0,1327.0,0.006,0,0,0.0,0,0.0012344274277087306,0,0.0,0,0.0,1.3277400407895552,1.924027380257387,0.17964990763046554,0.7859857905319626
817,9892.451,6741.54,1405.1,0.006,0,0,0.0,0,0.07066561262345364,0,0.0,0,0.08,0.867765532360684,1.4949363988186155,0.17964990763046554,0.785666353364169
818,10942.979,6014.762,1528.0,0.017,0,0,0.2,0,0.09105331859642046,0,0.06719367588932806,0,0.07,0.4297948490632352,1.6354627026972821,0.1867157979021039,0.7855890932839004
819,6410.0,6739.0,1335.0,0.0025,0,0,0.0,0,0.016372621703369138,0,0.06719367588932806,0,0.0,0.2770138185805673,1.7385460499203382,0.1867157979021039,0.7855337680229533
820,6257.232,7213.196,1169.099,0.032,0,0,0.0,0,0.005803354957811807,0,0.06719367588932806,0,0.02,0.28009205566249185,2.5707812430349413,1.0310368953501068,0.7851416912605274
821,8484.024,6823.968,1391.239,0.0025,0,0,0.0,0,0.09662098535553136,0,0.0,0,0.11,0.7243762139021963,0.9170767133766636,0.37251395480634897,0.7828468319580447
822,4784.829,6145.35,1150.0,0.718,1,1,0.6,1,0.9797995097711606,1,1.0,1,0.84,0.9351561731396688,0.9055780447648716,0.6181337712268828,0.7828046679651345
823,9206.111,7092.305,1328.98,0.0025,0,0,0.0,0,0.003502535087632006,0,0.0,0,0.0,0.38552378108909185,0.8870947942051264,0.555,0.7826665315558798
824,4913.899,6732.387,995.0,0.442,1,1,0.8,0,0.30116188828201773,0,0.4666666666666667,1,0.93,0.9112279736173341,1.2133242794344166,0.4765442467801234,0.7825607809402182
825,9456.0,6383.0,1510.0,0.0025,0,0,0.2,0,0.10191958260227187,0,0.0,0,0.03,4.441589028102009,1.0683215825699968,0.37251395480634897,0.7816645832586923
826,7749.347,7367.764,1200.0,0.008,0,0,0.0,0,0.14962934069476053,0,0.0,0,0.01,1.5107014761709778,0.6425008674908097,1.7429999999999999,0.7815929252953021
827,5107.22,8320.15,361.0,0.006,0,0,0.0,0,0.0004005109861765262,0,0.03278688524590164,0,0.0,0.9361369155687654,1.761701645872945,0.17964990763046554,0.7814831393137646
828,6566.274,7175.239,1134.0,0.63,1,1,0.6,0,0.24647340762199127,1,0.8888888888888888,1,0.85,0.7839582130029646,0.9184202674298069,0.4765442467801234,0.7812131038094432
829,5962.0,7775.0,743.0,0.006,0,0,0.4,0,0.2135965611926503,0,0.0,0,0.18,2.2580432431630344,0.8808504452825778,0.37251395480634897,0.780091052484503
830,5660.019,6728.037,1156.639,0.0025,0,0,0.0,0,0.0020861435013780397,0,0.0,0,0.0,0.38552378108909185,3.218328689130872,0.555,0.7785988134340436
831,8400.96,5594.5,1351.58,0.0025,0,0,0.0,0,0.0037916946855405973,0,0.0,0,0.02,0.3065469795501437,2.737314088303778,0.6375954356047695,0.7784663631883909
832,5947.032,6374.022,1301.529,0.0025,0,0,0.0,0,0.006552832157989704,0,0.0,0,0.0,1.1029186177905423,1.6142930089992948,0.17964990763046554,0.7776675862168926
833,4880.819,6577.501,1052.0,0.0025,0,0,0.0,0,0.0013766797997042542,0,0.02702702702702703,0,0.0,1.1532947647043266,0.6726663182812629,0.17964990763046554,0.7771133667935288
834,10336.166,9037.969,1222.0,0.005,0,0,0.0,0,0.0038688581566480233,0,0.0,0,0.0,0.4215476378590439,0.6081511656245768,0.555,0.7770292882981729
835,8873.549,8732.284,1049.08,0.0025,0,0,0.0,0,0.004980796714584385,0,0.0,0,0.0,0.4215476378590439,0.8477204394281338,0.555,0.7753442744781681
836,5098.0,6502.0,1130.0,0.005,0,0,0.0,0,0.006544672930310221,0,0.0,0,0.01,0.3979290805919188,1.9763516081505255,0.1867157979021039,0.7741157158542109
837,5770.249,8262.428,690.999,0.016,0,0,0.4,0,0.19855107579750278,0,0.06719367588932806,0,0.28,0.3162087314498775,0.8952595012263499,1.377,0.773403746370693
838,9425.0,6697.0,1496.0,0.081,0,0,0.0,0,0.13889818040078253,0,0.06719367588932806,0,0.07,3.122958654601597,1.0760459756980916,0.1867157979021039,0.7722986741003244
839,7236.054,5250.356,1354.429,0.0025,0,0,0.0,0,0.0004630616560627031,0,0.0,0,0.0,1.3277400407895552,2.872733786835782,0.1867157979021039,0.7720282577669292
840,7596.0,5163.0,1381.0,0.0025,0,0,0.0,0,0.0037683039172675113,0,0.0,0,0.0,0.38552378108909185,0.8938694151665414,0.555,0.7716963046178125
841,6362.176,6658.167,1292.0,0.007,0,0,0.0,0,0.27719619284840447,0,0.0,0,0.02,0.6520508865330843,0.13853849032370014,0.1867157979021039,0.7712124263963965
842,6892.0,7999.0,929.0,0.017,0,0,0.0,0,0.12345143567052273,0,0.03278688524590164,0,0.01,0.2759026270804661,0.8162600750817602,0.37251395480634897,0.7705851369621441
843,5712.936,7851.486,710.0,0.0025,0,1,0.6,0,0.23010769192274236,0,0.0,0,0.01,2.2828933619608653,1.0539735586123824,0.17964990763046554,0.7705145711095812
844,4656.668,6316.063,1063.0,0.519,1,0,0.4,1,0.8899292813594972,1,1.0,1,0.8,3.0402794487787568,1.2177586889507173,0.4765442467801234,0.7699802281533255
845,13458.64,7240.536,1443.95,0.0025,0,0,0.0,0,0.0019080838004762073,0,0.0,0,0.0,0.38552378108909185,2.3382398249602216,0.555,0.7696641588307761
846,10803.614,9687.717,1408.0,0.005,0,0,0.0,0,0.0027906956730735302,0,0.0,0,0.0,0.38552378108909185,0.9071098440623474,0.555,0.7692526733950414
847,8485.0,4846.0,1141.0,0.0025,0,0,0.0,0,0.0016076835458938487,0,0.0,0,0.0,0.28009205566249185,1.4260257262813192,0.555,0.7692343100901163
848,7407.153,8845.411,719.0,0.007,0,0,0.0,0,0.002176158051434349,0,0.0,0,0.01,0.3972496056255347,-0.327648000398404,0.1867157979021039,0.7672208943584422
849,10779.0,6287.0,1453.0,0.005,0,0,0.0,0,0.02502083638554735,0,0.0,0,0.0,0.5942434094993728,1.9359391825473635,0.17964990763046554,0.7662765695569513
850,10024.459,7725.949,1171.0,0.0025,0,0,0.0,0,0.001688109714838367,0,0.0,0,0.0,0.38552378108909185,2.4630913721287597,0.555,0.7658126004039971
851,10031.0,6376.0,1529.0,0.011,0,0,0.4,0,0.06560528822371653,0,0.03278688524590164,0,0.0,0.867765532360684,0.6361384126593865,1.7429999999999999,0.7653386863522402
852,3932.176,6390.467,587.0,0.0025,0,0,0.0,0,0.006219339987801584,0,0.0,0,0.0,0.3979290805919188,3.0892529743955395,0.17964990763046554,0.7645486778534354
853,8730.17,5566.78,1299.12,0.006,0,0,0.4,0,0.16822019286716464,0,0.06719367588932806,0,0.13,0.2759026270804661,0.7861171537848579,0.4765442467801234,0.7642951229874728
854,9946.424,9323.672,1333.0,0.0025,0,0,0.0,0,0.0027560633211522207,0,0.0,0,0.0,0.38552378108909185,0.7885786272993915,0.555,0.7641543135754475
855,7352.003,8779.044,681.0,0.0025,0,0,0.0,0,0.04127154047204962,0,0.0,0,0.0,0.3275380915496576,-0.18576227780350976,0.1867157979021039,0.763879747982092
856,8567.52,5620.21,1297.17,0.0025,0,0,0.0,0,0.013204191454908839,0,0.0,0,0.0,0.3251514733447335,1.5347069515518394,0.17964990763046554,0.7627334786676492
857,4994.261,8198.576,413.0,0.0025,0,0,0.0,0,0.056686008392750786,0,0.06818181818181818,0,0.01,1.0030876182638038,0.4639535295829147,0.17964990763046554,0.7626098219547504
858,4418.0,7497.0,396.0,0.0025,0,0,0.0,0,0.0006482724125556616,0,0.03278688524590164,0,0.0,0.5800595314196089,4.945718854321423,0.17964990763046554,0.7624400849535916
859,5322.408,6513.717,1187.0,0.0025,0,0,0.0,0,0.002803936398743615,0,0.0,0,0.0,0.38552378108909185,1.6172792068448072,0.555,0.7618286911687318
860,5144.728,7682.647,610.0,0.0025,0,0,0.0,0,0.002316468448515861,0,0.0,0,0.01,1.1532947647043266,0.6862421445286692,0.17964990763046554,0.7615710158042555
861,11929.28,8279.309,1212.58,0.0025,0,0,0.0,0,0.0079894904610376,0,0.0,0,0.01,1.2608487471402665,0.21988014930275546,0.1867157979021039,0.7614383631319586
862,6524.896,7858.805,941.609,0.079,0,0,0.4,0,0.042539858885342584,1,0.8888888888888888,0,0.18,1.0302431662739948,1.0074562613455644,0.4765442467801234,0.7598852656872027
863,6323.518,8116.386,757.0,0.0025,0,0,0.0,0,0.14919304062412966,0,0.06719367588932806,0,0.04,2.090133869998031,0.8663167014602525,0.4765442467801234,0.7586882004253344
864,7613.912,9173.874,961.0,0.0025,0,0,0.0,0,0.008202083452989999,0,0.0,0,0.0,0.3457967972503655,1.9270180779893842,0.555,0.7586333186000838
865,12459.734,9409.679,1351.56,0.065,0,0,0.0,0,0.047192839557094475,0,0.0,0,0.12,1.4884497179985412,0.19588926778443858,1.377,0.7584182609959276
866,20477.0,6665.0,1264.0,0.361,1,0,0.4,1,0.9855255560108858,1,1.0,0,0.4,2.0682843557283377,0.5543047011426695,0.6181337712268828,0.7583059891823947
867,5414.701,6353.784,1317.0,0.0025,0,0,0.0,0,0.008849177921918073,0,0.0,0,0.0,0.2770138185805673,0.3959481332496952,0.555,0.7578909706089868
868,6990.0,7900.0,964.0,0.005,0,0,0.2,0,0.12821702831295784,0,0.0,0,0.06,3.4622894229691212,0.7638395307158856,0.37251395480634897,0.7560410784311555
869,5405.0,6830.0,1063.0,0.04,0,0,0.0,0,0.07243456990794697,0,0.06719367588932806,0,0.02,0.6563635562516308,0.008804313481549485,0.4765442467801234,0.755795073776305
870,5266.486,6328.552,1308.0,0.01,0,0,0.0,0,0.010939761503815214,0,0.0,0,0.0,0.38552378108909185,0.3646733333352913,0.555,0.755381849223014
871,6101.0,7776.0,774.0,0.0025,0,0,0.0,0,0.050601280931227996,0,0.03278688524590164,0,0.01,1.9988260721747306,0.5038853692077541,0.17964990763046554,0.7553036651416176
872,8475.19,5865.56,1353.28,0.0025,0,0,0.0,0,0.006956098069570558,0,0.0,0,0.0,0.38552378108909185,1.5659585154257276,0.555,0.7549518915164679
873,11429.841,8653.792,1116.01,0.008,0,0,0.0,0,0.002435632025158483,0,0.0,0,0.0,0.38552378108909185,1.6711630024532322,0.555,0.754377614740621
874,9687.255,7199.058,1285.0,0.024,0,0,0.0,0,0.08419127736342734,0,0.06719367588932806,0,0.14,2.0547988977233023,0.9124520034354529,0.1867157979021039,0.7540890140748014
875,6562.195,8529.096,667.0,0.0025,0,0,0.0,0,0.1388918329198196,0,0.0,0,0.0,0.2755732992725425,1.0676409272270557,0.17964990763046554,0.7540851517406071
876,10810.606,6402.749,1447.88,0.0025,0,0,0.0,0,0.07550137798488665,0,0.0,0,0.01,2.258915158911733,1.5431703326720716,0.17964990763046554,0.7521986577843368
877,7185.679,9242.846,909.93,0.009,0,0,0.0,0,0.06131396820880796,0,0.03278688524590164,0,0.01,0.2363896598843187,4.320339110275794,0.555,0.7507628437211478
878,10406.749,6048.345,1482.0,0.0025,0,0,0.0,0,0.004761168285050831,0,0.0,0,0.0,0.38552378108909185,3.2854631701285957,0.555,0.7500029124788068
879,13368.477,7064.41,1456.61,0.0025,0,0,0.0,0,0.011509772923800999,0,0.0,0,0.0,0.31339200632907266,2.5943964207858046,0.555,0.7496826757406808
880,5184.997,6989.987,934.069,0.0025,0,0,0.0,0,0.0017614482988313877,0,0.0,0,0.0,0.38552378108909185,0.7168544932573457,0.555,0.7484403698158484
881,4582.926,6487.616,925.0,0.006,0,0,0.4,0,0.07389469474449506,0,0.0,0,0.01,1.3158976652589347,1.2982064169075942,0.37251395480634897,0.7482900225190704
882,7765.0,5021.0,1284.0,0.0025,0,0,0.0,0,0.005414668484292129,0,0.0,0,0.0,0.4215476378590439,1.2696269178342574,0.555,0.7480380111002685
883,6402.0,7830.0,921.0,0.0025,0,0,0.0,0,0.0034435563807542926,0,0.0,0,0.0,0.38552378108909185,1.2475281445509938,0.555,0.7480342697605313
884,9078.0,6711.0,1333.0,0.0025,0,0,0.0,0,0.0029710176819421957,0,0.0,0,0.0,0.38552378108909185,2.2666490712849923,0.555,0.7480139657484959
885,6688.0,7176.0,1172.0,0.025,0,0,0.0,0,0.004617189977057924,0,0.0,0,0.0,0.3270633553995527,2.0579482743041,0.555,0.7479842576358762
886,11927.252,8062.049,1349.0,0.0025,0,0,0.0,0,0.005427296492433767,0,0.0,0,0.01,0.38552378108909185,1.2824172156947027,0.555,0.7468542280708278
887,8061.978,5620.019,1465.839,0.0025,0,0,0.0,0,0.002192884201937179,0,0.0,0,0.0,0.38552378108909185,1.9162775265744938,0.555,0.7466105378743227
888,6420.0,7282.0,1089.0,0.011,0,0,0.0,0,0.1650322031257562,0,0.0,0,0.03,1.5995164158259843,0.8889150964758926,0.37251395480634897,0.7460816350855752
889,4372.395,6423.466,837.0,0.879,1,0,0.2,0,0.10647086158795176,1,1.0,1,0.7,0.5036550375037463,0.6139384255299571,1.0310368953501068,0.7460745991895583
890,9247.878,6391.422,1418.0,0.0025,0,0,0.0,0,0.010656586926981614,0,0.0,0,0.0,0.38552378108909185,1.534702409147147,0.555,0.7460666972958241
891,4873.0,6068.0,1442.0,0.008,0,0,0.0,0,0.004759012301251507,0,0.0,0,0.0,0.658664140157622,0.1772296001779628,0.17964990763046554,0.7457177528252267
892,13542.711,7621.113,1484.0,0.0025,0,0,0.0,0,0.0001505450132341228,0,0.03278688524590164,0,0.02,0.38552378108909185,-0.20114121482494324,0.555,0.7454528723583007
893,11691.29,8953.909,1226.3,0.0025,0,0,0.0,0,0.0009661123941650112,0,0.0,0,0.0,1.1532947647043266,1.219905450204743,0.1867157979021039,0.7448332166763498
894,5256.0,7041.0,925.0,0.0025,0,0,0.0,0,0.002926973490764038,0,0.0,0,0.0,0.4215476378590439,0.6359949382429035,0.555,0.744601498093294
895,5357.543,6467.721,1216.0,0.0025,0,0,0.0,0,0.006141285017041178,0,0.0,0,0.0,0.3251514733447335,2.321135713438123,0.17964990763046554,0.7441422098795623
896,4843.982,6213.846,1255.079,0.013,0,0,0.0,0,0.00014129192252929242,0,0.0,0,0.01,0.3270633553995527,-0.45137531168825035,0.555,0.7428157983410524
897,6471.14,6998.602,1227.0,0.868,1,0,0.4,1,0.9749989480548384,1,1.0,1,0.55,0.6102470602023031,0.08868172181243106,0.722991173496274,0.7408308408459344
898,7521.0,7266.0,1282.0,0.586,1,1,0.8,1,0.6577263540542126,1,1.0,1,0.95,0.6545841447475813,0.8879044968969882,0.722991173496274,0.740333780822467
899,5326.0,6553.0,1154.0,0.042,0,0,0.4,0,0.1982563329456984,0,0.06719367588932806,0,0.1,0.2748920624876429,0.13401789854873125,0.6375954356047695,0.7402851332692374
900,7969.405,9071.236,1033.0,0.0025,0,0,0.0,0,0.02008795260269415,0,0.0,0,0.0,0.38552378108909185,0.2227542575002457,0.555,0.7399295608451111
901,8949.0,4946.0,1198.0,0.0025,0,0,0.0,0,0.0034101520489496617,0,0.0,0,0.0,0.3065469795501437,1.9015117355761522,0.17964990763046554,0.7390088964392487
902,10766.031,6153.87,1460.0,0.006,0,0,0.0,0,0.11960538185936356,0,0.03278688524590164,0,0.01,0.258408826713561,0.9055605784534323,1.7429999999999999,0.7386585851035943
903,5745.785,3734.941,977.0,0.0025,0,0,0.2,0,0.013382610217424065,0,0.06719367588932806,0,0.07,0.3626057725404334,0.9150298587130816,0.1867157979021039,0.7382124234312397
904,14025.137,9135.838,1368.509,0.01,0,0,0.0,0,0.002124745890163036,0,0.0,0,0.0,0.38552378108909185,1.4143588917272256,0.555,0.7381871368732531
905,4717.746,6243.939,1077.0,0.754,1,0,0.2,0,0.08969442679042265,1,1.0,1,0.75,0.3435303899431743,0.5149215890349628,0.6375954356047695,0.7378573533739157
906,10756.416,5702.925,1545.18,0.0025,0,0,0.0,0,0.017181457396370965,0,0.0,0,0.04,0.5739163841936356,0.599179791264935,0.555,0.736991410038794
907,6572.0,7167.0,1125.0,0.0025,0,0,0.0,0,0.18998533004078064,0,0.0,0,0.16,0.27557583668372354,0.6919807317430721,0.37251395480634897,0.7365138146740782
908,6197.795,7319.488,1070.0,0.023,0,0,0.2,0,0.1874436017590104,1,0.8947368421052632,0,0.26,0.5267639407375799,0.7249318807008657,0.6181337712268828,0.7364943366286252
909,3962.551,6742.066,493.0,0.028,0,0,0.0,0,0.013422543424659103,0,0.0,0,0.0,0.28009205566249185,1.0446626953016436,0.555,0.7355718765672543
910,3935.627,7373.154,213.61,0.0025,0,0,0.0,0,6.260708517284256e-06,0,0.0,0,0.0,0.38552378108909185,-0.7101998563773563,0.1867157979021039,0.7344478242150734
911,7434.0,7645.0,1241.0,0.0025,0,0,0.0,0,0.00144634827282456,0,0.0,0,0.0,0.4215476378590439,0.9394877231355252,0.555,0.7338857311877494
912,7416.0,9167.0,948.0,0.0025,0,0,0.0,0,0.007066273594440524,0,0.0,0,0.0,0.4396326079719751,2.6450278863708307,0.555,0.7335248565184241
913,7216.168,4546.768,970.0,0.0025,0,0,0.0,0,0.00921135485555937,0,0.0,0,0.0,0.6603562144717818,2.1661003831663153,0.17964990763046554,0.7329697459535893
914,6847.858,7846.75,1031.859,0.007,0,0,0.2,0,0.1224827688565325,0,0.0,0,0.11,0.3580058661227829,-0.0010554176630649256,1.0310368953501068,0.7328227303323787
915,4753.44,7963.0,290.0,0.0025,0,0,0.0,0,0.09948071403473184,0,0.0,0,0.0,2.451924893087211,0.6659695508204282,0.17964990763046554,0.7320006749908112
916,8240.0,5118.0,1298.0,0.0025,0,0,0.0,0,0.005979500333731638,0,0.0,0,0.0,0.38552378108909185,0.765726349707271,0.555,0.731981776635236
917,7861.0,6505.0,1337.0,0.0025,0,0,0.0,0,0.006373261364761802,0,0.0,0,0.0,0.3065469795501437,2.296870960920687,0.555,0.7298181790164915
918,5747.782,5878.525,1150.0,0.01,0,0,0.2,0,0.20583493802889166,0,0.0,0,0.04,1.1965164679909388,1.0734548317786885,0.1867157979021039,0.7293060716676794
919,10785.805,5765.804,1558.0,0.019,0,0,0.2,0,0.14047015220658446,0,0.06719367588932806,0,0.07,0.542596768689208,0.2630974235226854,0.6375954356047695,0.7280507335090529
920,12265.0,9946.0,1349.0,0.012,0,0,0.0,0,0.04810891090926546,0,0.06818181818181818,0,0.03,0.8411970698728144,2.722183570610365,0.1867157979021039,0.7278888894076978
921,6977.414,8982.512,654.68,0.0025,0,0,0.0,0,0.0005229198786932456,0,0.0,0,0.0,0.38552378108909185,0.7976523840436801,0.555,0.7277422885872522
922,8054.023,7068.042,1224.319,0.093,0,0,0.4,0,0.142717289249117,0,0.0,0,0.06,1.1184557493840073,0.7549667954776759,0.37251395480634897,0.7275619903116497
923,353.0,8869.0,792.0,0.005,0,0,0.0,0,0.0720438959048235,0,0.06719367588932806,0,0.03,3.04463314284921,0.5303901850613368,1.377,0.727174560606505
924,7166.81,5271.386,1387.149,0.0025,0,0,0.0,0,0.17205761397496677,0,0.0,0,0.01,0.8035770337303764,0.7560055947110451,0.6375954356047695,0.727110467308794
925,5416.856,6990.309,973.0,0.0025,0,0,0.0,0,0.09260655107045655,0,0.0,0,0.01,0.3044823647206258,1.2534171110856411,0.555,0.7265562840825044
926,7321.26,4585.761,1024.0,0.007,0,0,0.0,0,0.016830676319848314,0,0.0,0,0.0,0.6603562144717818,2.785190626558871,0.17964990763046554,0.7254167970762121
927,10628.872,7928.656,1257.61,0.0025,0,0,0.0,0,0.00019065403420677677,0,0.0,0,0.0,1.1532947647043266,-0.08363198021356866,0.1867157979021039,0.7252775851909674
928,7753.403,7446.545,1170.169,0.013,0,0,0.2,0,0.07297410741065337,0,0.0,0,0.0,0.4399718480337572,1.7006353160569863,0.6375954356047695,0.7250960132334341
929,6846.0,7551.0,1097.0,0.0025,0,0,0.0,0,0.0012455172168546354,0,0.0,0,0.0,0.3979290805919187,1.6045690463459032,0.17964990763046554,0.7244321310935901
930,4711.0,6292.0,1057.0,0.693,1,1,0.6,0,0.38875202032005535,0,0.06719367588932806,1,0.68,0.5710883380549223,1.7118662545741858,0.6929999999999998,0.7240198488303078
931,4749.0,5890.0,1012.0,0.024,0,0,0.0,0,0.04402203023880051,0,0.02702702702702703,0,0.01,0.7971074893040758,-0.11645016381389973,0.17964990763046554,0.7236223592012224
932,7337.914,3846.702,1081.519,0.007,0,0,0.0,0,0.008823521522193723,0,0.0,0,0.0,0.5739163841936356,2.356310823342963,0.1867157979021039,0.7224562836346586
933,8037.84,5634.98,1473.75,0.02,0,0,0.0,0,0.13873263928685722,0,0.06719367588932806,0,0.04,0.6317299810120653,0.708552994657794,0.6375954356047695,0.7221779773459306
934,6158.0,6579.0,1309.0,0.0025,0,0,0.0,0,0.005618800195367613,0,0.0,0,0.0,0.401984242217607,1.1328274088298005,0.555,0.7217684258513845
935,8133.016,5644.055,1448.799,0.0025,0,0,0.0,0,0.004619290087660775,0,0.0,0,0.0,0.38552378108909185,1.3288485528071394,0.555,0.7213771007681327
936,7284.0,6575.0,1281.0,0.0025,0,0,0.0,0,0.006218880440312781,0,0.0,0,0.0,0.27099200403208507,0.6242104813098199,0.555,0.7210372828126372
937,6839.058,7919.794,968.0,0.078,0,0,0.4,0,0.12449206960558575,0,0.02702702702702703,0,0.08,0.9417391941056503,0.6273021955706197,1.0310368953501068,0.7205885855128585
938,13113.21,6580.892,1538.0,0.0025,0,0,0.0,0,0.002114244129716335,0,0.06719367588932806,0,0.01,0.38552378108909185,0.1966781254989194,0.4765442467801234,0.7199457972433223
939,4393.198,7633.17,361.0,0.0025,0,0,0.0,0,0.0005382462100652593,0,0.0,0,0.0,0.3275380915496576,0.5713283559509343,0.555,0.7193542708801228
940,4492.05,6485.318,883.0,0.018,0,0,0.2,0,0.04919317398691391,0,0.0,0,0.01,1.1069622771272492,1.3220180364661305,0.17964990763046554,0.7183802532681166
941,8273.002,6001.34,1439.559,0.0025,0,0,0.0,0,0.0039001533621699216,0,0.0,0,0.0,0.36590801797156886,1.188511599267002,0.555,0.7177252067973386
942,6383.0,7480.0,975.0,0.0025,0,0,0.0,0,0.0020750492319091076,0,0.0,0,0.0,0.38552378108909185,0.38217464655435945,0.555,0.7175703762797276
943,7760.933,5627.106,1399.449,0.0025,0,0,0.0,0,0.0014620368136126374,0,0.0,0,0.0,0.38552378108909185,1.1205170514081189,0.555,0.7168752141574328
944,8212.049,6290.027,1422.299,0.012,0,0,0.0,0,0.10533555733009296,0,0.06719367588932806,0,0.05,0.44967577748418264,1.1791386214770236,0.37251395480634897,0.7167430828251469
945,9291.764,6342.348,1418.24,0.0025,0,0,0.0,0,0.002390481949612882,0,0.0,0,0.0,0.38552378108909185,3.088861786085426,0.555,0.7156028560125657
946,7734.0,5341.987,1412.109,0.008,0,0,0.2,0,0.08089213471381605,0,0.06719367588932806,0,0.1,1.3238307337324429,0.5536357472635549,0.4765442467801234,0.7155569861034642
947,8346.0,5624.0,1396.0,0.0025,0,0,0.0,0,0.0009743576317629255,0,0.0,0,0.0,0.38552378108909185,2.557990828019166,0.555,0.7153067081139679
948,9405.001,6281.946,1496.709,0.0025,0,0,0.0,0,0.013200297609218729,0,0.03278688524590164,0,0.0,0.3879913368548482,-0.20226643866069294,0.555,0.7152252655117516
949,12850.0,6553.0,1516.0,0.0025,0,0,0.0,0,0.004095536549110136,0,0.0,0,0.0,0.38552378108909185,1.520676488608895,0.555,0.7151087857200049
950,7647.106,6134.796,1329.093,0.017,0,1,0.8,0,0.2560391333404014,0,0.38461538461538464,1,0.66,0.8839064638033227,0.9623347824029392,0.722991173496274,0.7150526907670305
951,6945.164,9331.82,879.0,0.0025,0,0,0.0,0,0.000775626628379128,0,0.0,0,0.0,0.38552378108909185,2.386980634810824,0.555,0.7141090535598507
952,5114.0,6678.0,1020.0,0.005,0,0,0.0,0,0.016015772143378043,0,0.0,0,0.0,0.2669131436179216,1.2265462666790747,0.555,0.7139054658611539
953,5356.395,7056.879,907.18,0.0025,0,0,0.0,0,0.0033528852046452234,0,0.0,0,0.0,0.28009205566249185,3.2957629676997504,0.555,0.7136764973777027
954,5264.026,6500.068,1171.5,0.0025,0,0,0.0,0,0.0069526387775574825,0,0.0,0,0.0,0.38552378108909185,0.8713963758689671,0.555,0.7134867454805971
955,4946.0,5016.0,711.0,0.0025,0,0,0.0,0,0.0022194912965457112,0,0.02702702702702703,0,0.02,0.6603562144717818,1.9965958975094253,0.4765442467801234,0.7130766326032756
956,7395.408,7478.71,1258.0,0.021,0,0,0.0,0,0.24607271704685366,0,0.06719367588932806,0,0.04,0.37972095482130497,0.7749809531920582,0.1867157979021039,0.7130156097083433
957,7607.818,7389.85,1225.0,0.017,0,0,0.0,0,0.17993231334587403,0,0.0,0,0.0,1.3097794499392155,0.7854315322712625,0.37251395480634897,0.7128800067792564
958,8742.03,5767.08,1420.41,0.0025,0,0,0.0,0,0.00502992179866125,0,0.0,0,0.0,0.38552378108909185,1.5776626402866136,0.555,0.7128303953049342
959,7374.0,5248.0,1316.0,0.0025,0,0,0.0,0,0.004637570615944846,0,0.0,0,0.0,0.38552378108909185,1.5930044116583861,0.555,0.7127263746812452
960,6941.902,9320.45,876.0,0.0025,0,0,0.0,0,0.001442983710211336,0,0.0,0,0.0,0.3065469795501437,2.6587694516054867,0.17964990763046554,0.7126961379647225
961,7647.991,7330.175,1242.0,0.007,0,0,0.2,0,0.1627054976844073,0,0.06719367588932806,0,0.02,1.231748521164469,0.7393421636163581,1.0310368953501068,0.7122758145211334
962,6283.533,8306.076,651.0,0.0025,0,0,0.0,0,0.009279379287762877,0,0.0,0,0.01,0.38552378108909185,-0.05435109703763295,0.17964990763046554,0.7119309362740132
963,5850.0,6456.0,1323.0,0.0025,0,0,0.0,0,0.005902032036641258,0,0.0,0,0.0,0.3251514733447335,1.7330068089437498,0.17964990763046554,0.7103077446759476
964,10857.0,8825.0,1159.0,0.0025,0,0,0.0,0,0.008086093693064232,0,0.06719367588932806,0,0.01,0.38552378108909185,-0.02639650704257344,0.1867157979021039,0.7096637454430611
965,4635.393,7157.17,657.0,0.0025,0,0,0.0,0,0.14278861726675568,0,0.38461538461538464,0,0.15,2.0901338699980316,0.8123405882630914,0.6181337712268828,0.7087644619729855
966,6330.647,7866.237,922.0,0.005,0,0,0.4,0,0.02891846873319059,0,0.06719367588932806,0,0.0,1.0484209665289999,1.0742835238859327,0.1867157979021039,0.7087553153811081
967,7670.801,7251.682,1265.0,0.013,0,0,0.2,0,0.2717670413691621,0,0.4666666666666667,0,0.07,0.5810072056195112,1.3779246352789836,0.37251395480634897,0.7078650849572181
968,10035.323,6380.144,1518.7,0.015,0,0,0.0,0,0.11917146679484619,0,0.06818181818181818,0,0.01,0.6689207910005345,1.017385975761789,1.7429999999999999,0.7075913831829101
969,8899.0,6746.0,1320.0,0.005,0,0,0.0,0,0.0018115053848894883,0,0.0,0,0.0,0.38552378108909185,2.2363298725405483,0.555,0.7073169798230567
970,5424.0,6768.0,1098.0,0.853,1,1,0.6,0,0.41788940498151433,1,1.0,1,0.87,0.47014694418921266,0.6229813252716336,0.722991173496274,0.7072541923954907
971,12444.785,9426.588,1361.35,0.052,0,0,0.0,0,0.13104819585614677,0,0.06719367588932806,0,0.12,0.9012565313888131,0.632171416177111,0.1867157979021039,0.7072023141619599
972,5504.041,6986.029,1060.439,0.441,1,1,1.0,1,0.9875781520688287,1,1.0,1,0.91,1.1165379956328834,1.6000903412218321,0.722991173496274,0.7071670983962108
973,12929.12,6593.801,1523.09,0.0025,0,0,0.0,0,0.001643836576117766,0,0.0,0,0.0,0.38552378108909185,2.8998113112371624,0.555,0.7071300821766505
974,7303.975,9180.48,885.98,0.0025,0,0,0.0,0,0.0010305822984401538,0,0.02702702702702703,0,0.0,0.38552378108909185,0.3820463990847872,0.4765442467801234,0.7070015210137498
975,9902.0,6303.0,1521.0,0.013,0,0,0.0,0,0.10660401070877484,0,0.0,0,0.07,1.0988401386380073,1.2828966214958801,1.7429999999999999,0.7069299402091687
976,10041.788,6370.285,1529.95,0.005,0,0,0.0,0,0.05510035755503384,0,0.03278688524590164,0,0.0,0.9417391941056503,0.7218226016632082,0.17964990763046554,0.7067748400763143
977,7516.522,7507.41,1234.0,0.021,0,0,0.0,0,0.17275001918635913,0,0.4666666666666667,0,0.07,0.4371570952340108,1.1460717947178347,1.0310368953501068,0.7065678354380298
978,4914.05,6713.0,1005.0,0.983,1,0,0.4,0,0.23731594997708869,0,0.06719367588932806,1,0.71,0.39967988118859255,0.9532376042040657,1.0310368953501068,0.7060608966430364
979,5341.0,6810.0,1037.0,0.011,0,0,0.2,0,0.11862507705676258,0,0.0,0,0.12,0.8171600738876637,-0.05760349064272013,0.21397319850419855,0.7053984098465077
980,5951.538,3707.239,993.34,0.532,1,1,1.0,1,0.9999997923347097,1,1.0,1,0.92,1.0608217103487565,0.46005597812563004,0.21397319850419855,0.7046564337087614
981,13493.0,7316.0,1405.0,0.0025,0,0,0.0,0,0.0030547489540948426,0,0.0,0,0.0,0.38552378108909185,4.306604278295746,0.555,0.7026092404072972
982,7287.0,7426.0,1265.0,0.006,0,0,0.0,0,0.00029642554993615153,0,0.0,0,0.0,0.38552378108909185,0.5958826583869044,0.17964990763046554,0.7025143455482066
983,5636.0,6198.0,1233.0,0.008,0,0,0.0,1,0.6844785127851339,0,0.0,0,0.12,0.3555814999997139,1.2356983735399052,1.0310368953501068,0.6997305543549677
984,10875.946,6040.388,1480.46,0.0025,0,0,0.0,0,0.022315307462370936,0,0.06719367588932806,0,0.01,0.30448236472062573,0.9969070597071327,0.1867157979021039,0.6991776750390568
985,7507.0,7425.0,1249.0,0.011,0,0,0.0,0,0.0018880732299818345,0,0.0,0,0.0,0.4215476378590439,0.8320037490949382,0.555,0.6985960434615865
986,6460.0,7389.0,1038.0,0.0025,0,0,0.0,0,0.0027388902663684684,0,0.0,0,0.0,0.28009205566249185,1.6523981496747813,0.555,0.6983445989736208
987,7451.714,5170.307,1417.039,0.0025,0,0,0.0,0,0.067881660628027,0,0.0,0,0.02,0.6072267614164147,1.2369296010238509,0.37251395480634897,0.6981556372863402
988,7538.414,7769.906,1120.0,0.0025,0,0,0.0,0,0.004674917037501307,0,0.0,0,0.0,0.3979290805919188,1.4561037810346988,0.555,0.6977850378047139
989,6662.0,7068.0,1203.0,0.0025,0,0,0.0,0,0.0030011092790479888,0,0.0,0,0.0,0.4215476378590439,1.0680741398872098,0.555,0.6973347820299283
990,6174.443,7369.29,1034.5,0.449,1,0,0.4,0,0.4500728154846643,1,0.8947368421052632,1,0.87,0.4377809025719437,1.2717148149649287,0.722991173496274,0.6971903858297566
991,5475.0,6812.0,1097.0,0.0025,0,0,0.0,0,0.04765538202279992,0,0.0,0,0.0,0.6456221221577562,0.5282852873978033,0.555,0.6970284461433119
992,5902.868,7715.943,763.0,0.009,0,0,0.4,0,0.1532402148538397,0,0.06719367588932806,0,0.11,0.9784904852937808,0.9452412859529176,0.37251395480634897,0.6967829624367146
993,6509.909,8350.544,743.0,0.0025,0,0,0.2,0,0.3126836650079094,0,0.0,0,0.02,0.42984013378309216,1.599609673882475,0.17964990763046554,0.6965149574343286
994,5738.977,6437.243,1336.0,0.008,0,0,0.0,0,0.2573157513814554,0,0.0,0,0.02,0.3491431575058325,0.6083968459080662,0.6375954356047695,0.6955292692303225
995,7755.732,8593.776,824.0,0.0025,0,0,0.0,0,0.0001332253635998424,0,0.0,0,0.01,1.3277400407895552,0.19808409708188202,0.1867157979021039,0.6953655040173632
996,7595.851,8804.479,799.0,0.0025,0,0,0.0,0,0.032643534031373586,0,0.03278688524590164,0,0.03,0.20658227498102433,0.3598538173230394,0.17964990763046554,0.6953359157975103
997,13529.16,7590.352,1458.09,0.0025,0,0,0.0,0,0.0001603103258668043,0,0.0,0,0.0,0.4165436763926632,-0.509035706206585,0.555,0.6948339421855849
998,7676.014,7243.243,1268.0,0.018,0,0,0.0,0,0.225240597983827,0,0.06818181818181818,0,0.02,0.7821208066022061,1.1532739918258965,0.37251395480634897,0.6948210642916337
999,7518.399,5690.262,1286.0,0.005,0,0,0.0,0,0.017194748787761695,0,0.0,0,0.01,0.4541074493123069,0.8742604826220184,0.555,0.6947315733548333
1000,8654.0,6665.0,1371.0,0.0025,0,0,0.4,0,0.017734767624263188,0,0.0,0,0.0,0.3979290805919187,0.48781508117994243,0.555,0.6943038568484208
1001,5857.7,6231.0,1297.0,0.0025,0,0,0.0,0,0.007736349628627865,0,0.0,0,0.0,0.28009205566249185,0.5486128474656806,0.555,0.6942498812478762
1002,5669.828,6624.638,1218.0,0.261,1,0,0.4,1,0.9946529019091985,1,1.0,1,0.83,0.2200632896451033,1.112999464907427,0.722991173496274,0.6931923970179011
1003,7680.332,7237.532,1268.0,0.047,0,0,0.2,0,0.3168006939893826,0,0.4666666666666667,0,0.13,0.8496765178652649,1.2584392287382868,1.0310368953501068,0.6931633913263858
1004,7365.083,8645.858,635.17,0.0025,0,0,0.0,0,0.029437961839043368,0,0.0,0,0.0,0.33788022742134616,-0.11582489952238754,0.37251395480634897,0.6928672788973295
1005,5000.0,8195.0,392.0,0.0025,0,0,0.0,0,7.048350312599569e-07,0,0.06719367588932806,0,0.03,0.3270633553995527,-0.263269526804202,0.1867157979021039,0.6927216571971141
1006,6296.0,7506.0,987.0,0.0025,0,0,0.0,0,0.0023649214455039335,0,0.0,0,0.0,0.38552378108909185,1.872774740820139,0.555,0.6926638783347492
1007,5705.875,3342.532,1138.08,0.309,1,1,0.8,1,0.9999238802061945,1,1.0,1,0.94,0.19706656522073104,1.0831215778910006,0.21397319850419855,0.6922754182244995
1008,7575.762,7439.146,1229.0,0.011,0,0,0.2,0,0.1361682489412248,0,0.06719367588932806,0,0.09,0.5463250187851839,0.5386013983159044,1.0310368953501068,0.6916788903989514
1009,10730.866,5868.33,1497.0,0.0025,0,0,0.0,0,0.03698418877419702,0,0.06719367588932806,0,0.04,0.7192643640218126,0.875190542516256,0.37251395480634897,0.6911147655742353
1010,5292.965,8045.829,567.0,0.01,0,0,0.0,0,0.11807538411617412,0,0.0,0,0.0,0.303953189447368,0.8142138336245114,0.6375954356047695,0.6910870977736656
1011,7299.823,5787.374,1183.0,0.0025,0,0,0.0,0,0.0027641701633198215,0,0.0,0,0.0,0.28009205566249185,1.850416908893018,0.555,0.6907610175729474
1012,6273.473,9078.348,593.0,0.0025,0,0,0.0,0,0.0001268496873280012,0,0.0,0,0.0,1.298973212021306,2.396931276582258,0.37251395480634897,0.6906938257115627
1013,6517.0,8470.0,698.0,0.0025,0,0,0.0,0,0.00020175485986077523,0,0.0,0,0.0,0.38552378108909185,3.4903269712344205,0.555,0.6905149081176143
1014,12182.615,9451.037,1345.29,0.0025,0,0,0.0,0,0.000508041719221303,0,0.06719367588932806,0,0.06,0.3270633553995527,0.47353486996573513,0.1867157979021039,0.6901703369450498
1015,8188.116,5693.62,1451.0,0.017,0,0,0.0,0,0.0021091730883208083,0,0.06719367588932806,0,0.02,1.1532947647043266,0.23654876239013659,0.1867157979021039,0.6899953807181467
1016,5132.958,6328.05,1292.959,0.0025,0,0,0.0,0,0.00599230412092221,0,0.0,0,0.0,0.38552378108909185,0.23190889583805982,0.555,0.6895338624191981
1017,5022.0,6829.0,1005.0,0.025,0,0,0.0,0,0.13283799068394028,0,0.06818181818181818,0,0.04,1.0619428101585828,0.7049563795514158,0.17964990763046554,0.6893518776560903
1018,9932.904,9539.296,1377.0,0.0025,0,0,0.0,0,0.0031658688757407166,0,0.0,0,0.0,0.3717251917789475,1.0782749575723465,0.555,0.6879566948330711
1019,5521.08,8370.677,586.0,0.007,0,0,0.0,0,0.14805434764264425,0,0.0,0,0.05,1.0509155315129313,0.4649895185747326,2.283190799812593,0.6876768653551134
1020,13009.704,6619.15,1544.27,0.0025,0,0,0.0,0,0.00400300194554932,0,0.0,0,0.0,0.38552378108909185,3.241032742960095,0.555,0.6867741438401057
1021,10774.114,9705.094,1406.0,0.005,0,0,0.0,0,0.003979728328996136,0,0.06719367588932806,0,0.04,0.772691519198695,0.9129518083211973,0.17964990763046554,0.6862535821728688
1022,8976.265,6231.452,1437.289,0.0025,0,0,0.0,0,0.07410789472341488,0,0.06818181818181818,0,0.05,0.25584541958923845,1.1678006360568631,0.37251395480634897,0.6858830940000901
1023,5228.769,7985.177,543.0,0.0025,0,0,0.0,0,0.049009617655124946,0,0.0,0,0.01,2.253745959901584,0.4237169938953189,0.17964990763046554,0.6852452018261415
1024,9115.31,6910.447,1308.9,0.0025,0,0,0.0,0,0.0044640529568673384,0,0.0,0,0.0,0.38552378108909185,1.4884835800095386,0.555,0.6849900975363912
1025,5922.0,6353.0,1316.0,0.0025,0,0,0.0,0,0.001679893246059819,0,0.0,0,0.0,0.28009205566249185,1.0112329179357133,0.555,0.6849426394139126
1026,5539.0,8339.0,585.0,0.023,0,0,0.0,0,0.12823284794543913,0,0.06818181818181818,0,0.0,0.7693493439967537,1.0184891098972204,0.6375954356047695,0.684904065571788
1027,8358.0,5483.0,1364.0,0.0025,0,0,0.0,0,0.012764507395153377,0,0.0,0,0.0,0.38552378108909185,2.4943499080337785,0.555,0.6848795243732855
1028,4558.992,7331.059,529.0,0.0025,0,0,0.0,0,0.0006855296585840006,0,0.0,0,0.0,1.3277400407895552,0.891111666452486,0.1867157979021039,0.6838807554321418
1029,8995.996,6265.957,1437.289,0.0025,0,0,0.0,0,0.0030291377286863954,0,0.0,0,0.0,0.38552378108909185,0.6598951641881667,0.555,0.6834584122803911
1030,10847.687,5985.819,1505.0,0.0025,0,0,0.0,0,0.01450476485554107,0,0.0,0,0.0,0.3044823647206258,0.30024417042399326,0.37251395480634897,0.6828878166940799
1031,6352.0,7610.0,906.0,0.0025,0,0,0.0,0,0.02211874255506971,0,0.0,0,0.02,0.6456221221577562,0.7361974475208213,0.555,0.6826573221382476
1032,5426.0,6631.0,1134.0,0.018,0,0,0.0,0,0.004576080704654562,0,0.0,0,0.0,0.6456221221577562,0.6615581601324294,0.555,0.6825430334570367
1033,9376.996,6265.009,1496.709,0.0025,0,0,0.0,0,0.0049564959363034,0,0.0,0,0.01,0.38552378108909185,0.6732604831898087,0.555,0.6821559322263551
1034,6525.656,8558.077,627.0,0.0025,0,0,0.0,0,0.024965775649987785,0,0.0,0,0.0,0.3195718768842223,0.9398763912441102,0.555,0.6820510094786678
1035,7169.04,7722.022,1026.789,0.006,0,0,0.0,0,0.17326939680547626,0,0.0,0,0.01,0.8646631803358211,0.717651569848089,0.37251395480634897,0.6817238232260631
1036,11329.408,7444.62,1286.0,0.0025,0,0,0.0,0,0.002943355287266798,0,0.0,0,0.0,0.37416817287548765,2.200129715473707,0.555,0.6816327504437119
1037,4422.475,7521.769,384.0,0.0025,0,0,0.0,0,0.0017980909814130411,0,0.0,0,0.0,0.29092560109856813,5.823710790654108,0.1867157979021039,0.6812614028040591
1038,3257.0,6787.0,31.0,0.005,0,0,0.0,0,8.58353801314144e-05,0,0.06719367588932806,0,0.01,1.1532947647043266,0.00038967366817113213,0.1867157979021039,0.6808964144458565
1039,12283.92,9911.181,1378.0,0.01,0,0,0.0,0,0.01721413617175597,0,0.0,0,0.06,0.9011733200336376,1.1683558349841048,0.6375954356047695,0.6802534229763324
1040,7252.0,9301.0,989.0,0.0025,0,0,0.0,0,0.02929630596692313,0,0.0,0,0.01,0.3141849987962253,1.0794849663190098,0.17964990763046554,0.6802364327187738
1041,7830.852,9255.068,1008.92,0.0025,0,0,0.0,0,0.002145252739295792,0,0.0,0,0.0,1.4738986134548777,3.2320215019538,0.555,0.6799287068238167
1042,4914.8,6713.0,1005.0,0.035,0,0,0.2,0,0.03518098232394283,0,0.02702702702702703,0,0.01,0.38552378108909185,-0.03027786692127998,0.4765442467801234,0.6795193409771106
1043,5893.0,6304.0,1320.0,0.0025,0,0,0.0,0,0.0026174985930212907,0,0.0,0,0.0,0.28009205566249185,2.0612778694354668,0.555,0.6792458122025696
1044,7378.042,8799.857,683.0,0.0025,0,0,0.0,0,0.002203134868311117,0,0.0,0,0.0,1.3240931896326185,0.8806126838943086,0.17964990763046554,0.6788846032697312
1045,5421.11,7889.084,656.0,0.0025,0,0,0.0,0,0.22756006636728332,0,0.0,0,0.01,1.0698438891561797,0.8732942244429234,1.377,0.6785606269746555
1046,5472.0,6782.0,1112.0,0.0025,0,0,0.0,0,0.008435909979840216,0,0.0,0,0.0,0.28009205566249185,2.201138052307815,0.555,0.678342396763656
1047,13551.816,7643.218,1460.51,0.0025,0,0,0.0,0,0.00011312762233713806,0,0.0,0,0.0,0.4165436763926632,-0.4461233556149703,0.6375954356047695,0.6781451832999326
1048,4750.0,7966.4,275.0,0.0025,0,0,0.0,0,0.06343031854286364,0,0.0,0,0.01,2.6226252633181457,0.6028273223678136,0.17964990763046554,0.6775621546284882
1049,5110.0,6420.0,1194.0,0.033,0,0,0.2,0,0.257271982346046,0,0.0,0,0.12,0.20344797290742972,0.15827049494611325,0.6929999999999998,0.6774916477199977
1050,4687.45,7913.95,315.0,0.005,0,0,0.0,0,0.026382038670580907,0,0.06818181818181818,0,0.0,0.9043550322269829,0.4063826523902436,0.1867157979021039,0.6769990375417816
1051,6565.277,7703.711,967.0,0.032,0,0,0.4,0,0.13800768855788656,0,0.0,0,0.04,2.527059901233513,0.81820859908787,0.37251395480634897,0.6768206841126423
1052,9188.867,6268.263,1424.22,0.0025,0,0,0.0,0,0.004643450111585913,0,0.0,0,0.0,0.38552378108909185,1.3100109030644824,0.555,0.6761588789382773
1053,8435.15,5558.05,1340.28,0.0025,0,0,0.0,0,0.004233636570997522,0,0.0,0,0.0,0.38552378108909185,3.427890905387789,0.555,0.6760615566513152
1054,7763.773,7522.919,1115.0,0.0025,0,0,0.0,0,0.02242143791280872,0,0.0,0,0.0,1.5238623088541305,0.5132586475645028,0.17964990763046554,0.6758713766309911
1055,5653.383,7201.3,1056.0,0.0025,0,0,0.0,0,0.00286431338192275,0,0.0,0,0.0,0.38552378108909185,1.7221954324812527,0.555,0.6758523954889055
1056,5942.0,7246.0,1100.0,0.0025,0,0,0.0,0,0.001920294911835026,0,0.0,0,0.0,0.3065469795501437,1.0963231742978075,0.555,0.6752327461094854
1057,5983.0,7749.0,759.0,0.099,0,0,0.0,0,0.2141529676622563,1,0.8947368421052632,0,0.31,0.38756778870147707,0.7805503048573456,0.6181337712268828,0.6748799197427574
1058,5688.0,6370.0,1353.0,0.0025,0,0,0.0,0,0.004798693856679166,0,0.0,0,0.0,0.26247537742010657,1.4918099186336795,0.555,0.674314305952666
1059,12398.056,9596.601,1406.0,0.008,0,0,0.0,0,5.779784337480964e-06,0,0.0,0,0.01,0.38552378108909185,0.8883629646985344,0.1867157979021039,0.673945891165069
1060,5793.0,5975.0,1197.0,0.0025,0,0,0.0,0,0.0019333699509094895,0,0.0,0,0.0,0.38552378108909185,1.7574351797902796,0.555,0.6739135859310481
1061,5345.0,6312.0,1305.0,0.005,0,0,0.0,0,0.014696463987289327,0,0.0,0,0.0,0.3270633553995527,1.1233552679587073,0.555,0.6738837835202727
1062,4846.153,6213.969,1157.0,0.235,1,0,0.4,0,0.24901071564223626,1,1.0,0,0.31,0.4420969601141798,0.48980242665735885,0.722991173496274,0.6738276789810926
1063,6896.213,8964.498,616.0,0.0025,0,0,0.0,0,0.008511493716976857,0,0.0,0,0.0,0.38552378108909185,-0.40675937328048795,0.17964990763046554,0.6737007585300001
1064,8117.04,5373.946,1432.549,0.0025,0,0,0.0,0,0.0518600041588794,0,0.02702702702702703,0,0.04,0.5720644428612864,0.6919151054053738,0.4765442467801234,0.6732282051182132
1065,4630.0,7871.0,316.0,0.01,0,0,0.0,0,0.08295517722935077,0,0.06719367588932806,0,0.02,2.690370707725244,0.5536638185527581,1.377,0.6729442081506715
1066,12449.398,9397.661,1351.71,0.009,0,0,0.0,0,0.030001038285998535,0,0.0,0,0.03,0.328430003811734,1.0095953619034825,0.6375954356047695,0.6728221785330741
1067,5432.275,8355.507,561.0,0.0025,0,0,0.0,0,0.037509142380954826,0,0.0,0,0.01,0.42437470215796097,0.27788485169786564,0.17964990763046554,0.6706333872524941
1068,5747.345,7762.019,756.0,0.006,0,0,0.0,0,0.10621984134871046,0,0.0,0,0.02,1.6476171795811592,1.8879296676821442,1.7429999999999999,0.6696289804830236
1069,7591.791,8775.412,755.0,0.0025,0,0,0.0,0,0.020396868904675645,0,0.0,0,0.02,0.33167570944504426,0.40970379284525227,0.17964990763046554,0.6681589020865999
1070,8167.498,6296.955,1403.378,0.077,0,1,0.6,0,0.1528585953009456,0,0.06719367588932806,0,0.05,2.7770069720289445,0.9266591617181084,0.1867157979021039,0.6672402333442266
1071,5225.282,7644.835,649.0,0.0025,0,0,0.0,0,0.06815790681863935,0,0.0,0,0.0,1.490894484285063,0.9525749327926707,0.17964990763046554,0.6671495078187267
1072,3367.765,6979.527,43.0,0.071,0,0,0.4,1,0.6397717194872576,0,0.0,0,0.02,0.4610154093628133,0.8830404003933432,10.665890931652221,0.6663339451184798
1073,11252.733,7997.779,1209.82,0.0025,0,0,0.0,0,0.002413482396208771,0,0.0,0,0.0,0.34579679725036544,2.594699852103873,0.555,0.6659455795043934
1074,11568.974,7096.43,1308.0,0.0025,0,0,0.0,0,0.004734297738904845,0,0.0,0,0.0,0.3065469795501437,2.009729740252268,0.555,0.6645589819935376
1075,7174.0,5235.0,1368.0,0.0025,0,0,0.0,0,0.004070882576516438,0,0.0,0,0.0,0.38552378108909185,1.33610661506537,0.555,0.6644667171494316
1076,4596.395,6492.619,900.0,0.027,0,0,0.2,0,0.04462391776869272,0,0.0,0,0.03,0.7704986797077191,0.9263654184053375,0.37251395480634897,0.6637599408954402
1077,5851.0,6080.0,1252.0,0.0025,0,0,0.0,0,0.0024072709486237086,0,0.0,0,0.0,0.38552378108909185,0.8595370344985975,0.555,0.6631949217159855
1078,13432.143,7643.936,1456.0,0.0025,0,0,0.0,0,0.0033141473451971165,0,0.0,0,0.0,0.38552378108909185,0.7968274358478404,0.555,0.6631589061306052
1079,7906.0,6463.0,1381.939,0.0025,0,0,0.0,0,0.001862266132830709,0,0.0,0,0.0,0.38552378108909185,1.7679272561585457,0.555,0.663154157985986
1080,3700.431,6073.42,573.0,0.049,0,0,0.2,0,0.001311857535633267,0,0.0,0,0.34,1.166609037604591,14.544329544492092,2.571601384670821,0.6629683882834778
1081,6951.182,8939.598,628.0,0.0025,0,0,0.0,0,0.005919426528095059,0,0.0,0,0.0,0.3270633553995527,0.12233173648664142,0.555,0.6628799709913293
1082,5074.0,6454.0,1170.0,0.027,0,0,0.0,0,0.08515800567513093,0,0.0,0,0.01,0.6116546221224608,0.37083542880634535,0.17964990763046554,0.6627160119756607
1083,7942.0,4860.0,1215.0,0.0025,0,0,0.0,0,0.003882939495867673,0,0.0,0,0.0,0.3270633553995527,1.1002262629054729,0.555,0.6624801346426628
1084,6221.44,7041.817,1277.0,0.0025,0,0,0.0,0,0.001948749491545882,0,0.0,0,0.0,1.1029186177905423,1.6291938768171843,0.17964990763046554,0.6615208080487962
1085,10920.0,6418.0,1487.0,0.0025,0,0,0.0,0,0.04818167233674297,0,0.0,0,0.03,1.319284200709451,1.9283583363440084,0.37251395480634897,0.6598590243477325
1086,3220.0,6270.0,208.0,0.0025,0,0,0.0,0,0.04835097642645496,0,0.0,0,0.01,0.40377644461421847,0.5692479267262784,0.17964990763046554,0.6594674244818396
1087,7304.746,7591.771,1206.779,0.021,0,0,0.2,0,0.2729808039269043,0,0.06818181818181818,0,0.09,0.6839416854058122,1.1984960957658373,0.37251395480634897,0.659355450470462
1088,6314.459,8125.515,757.0,0.006,0,0,0.0,0,0.16807481849809763,0,0.06719367588932806,0,0.1,2.1232242873304292,0.8237604147422414,0.4765442467801234,0.6591575952308675
1089,5858.0,6215.0,1289.0,0.0025,0,0,0.0,0,0.0019182421870289268,0,0.0,0,0.0,1.3277400407895552,1.4862519480909344,0.17964990763046554,0.6590285743603661
1090,7878.329,7367.657,1121.959,0.0025,0,0,0.0,0,0.07908143195605623,0,0.0,0,0.08,0.40913386054130707,0.8463300505034692,0.555,0.6589525811543244
1091,6429.0,7311.0,1089.0,0.0025,0,0,0.0,0,0.0019403666616446714,0,0.0,0,0.0,0.38552378108909185,0.9306593257957523,0.555,0.6586003446714865
1092,8687.14,5293.29,1194.68,0.0025,0,0,0.0,0,0.0010635216427440078,0,0.0,0,0.0,1.2855751044603654,1.4723384012057306,0.1867157979021039,0.6584308415837948
1093,12229.128,7710.341,1386.0,0.0025,0,0,0.0,0,0.0011110089407535347,0,0.0,0,0.0,0.38552378108909185,2.495291003792163,0.555,0.6582541570468705
1094,9276.343,7158.845,1383.0,0.005,0,0,0.2,0,0.02403448004767089,0,0.0,0,0.07,0.3596696015093262,0.35907098999696896,0.4765442467801234,0.6581595443142731
1095,10535.913,9327.418,1321.0,0.005,0,0,0.0,0,0.0012815937863410788,0,0.0,0,0.0,0.40664622065125805,1.4437665071982198,0.1867157979021039,0.6575772792372296
1096,7765.708,5612.842,1399.449,0.0025,0,0,0.2,0,0.005311226861574278,0,0.0,0,0.0,0.38552378108909185,0.9316010931290545,0.555,0.6575241241927463
1097,7675.07,7199.327,1275.0,0.028,0,0,0.2,0,0.3059145297921295,0,0.06719367588932806,0,0.12,0.37972095482130486,1.0071295562320701,0.6375954356047695,0.6574997589282587
1098,4625.0,7866.0,315.0,0.0025,0,0,0.0,0,0.09843373647715342,0,0.06818181818181818,0,0.02,2.166617791646361,0.573088239276331,0.1867157979021039,0.6570643198624704
1099,7870.033,5722.899,1465.839,0.005,0,0,0.2,0,0.1083064627332071,0,0.0,0,0.01,0.7971074893040758,0.08386869972573774,0.555,0.6569644068290578
1100,8040.999,5315.998,1361.209,0.0025,0,0,0.0,0,0.057798723505884816,0,0.06719367588932806,0,0.0,0.3589666555483048,0.2581784034176294,0.17964990763046554,0.6569539159598365
1101,8009.0,4723.0,1132.0,0.0025,0,0,0.0,0,0.0032461067384644297,0,0.0,0,0.01,0.3979290805919188,0.061701979271873916,0.555,0.656564916092627
1102,4811.6,6128.751,1178.0,0.0025,0,0,0.0,0,0.021873556107207606,0,0.0,0,0.02,0.25888805343206217,0.03900871684917486,0.17964990763046554,0.656055894828053
1103,10934.55,6544.0,1443.0,0.0025,0,0,0.2,0,0.041010204250440184,0,0.03278688524590164,0,0.01,0.41734513349410524,0.8335341297593305,0.37251395480634897,0.6557690963006276
1104,3885.334,7347.289,138.0,0.0025,0,0,0.0,0,0.001814386319973867,0,0.0,0,0.04,0.30560433105985907,-0.334252021651522,0.1867157979021039,0.6557583217933307
1105,9782.049,6637.738,1408.01,0.018,0,0,0.4,0,0.11546100044951794,0,0.0,0,0.01,0.8872087741027168,0.7756298384141557,0.37251395480634897,0.6551005208469278
1106,10797.556,5978.833,1509.0,0.0025,0,0,0.0,0,0.03392199434009847,0,0.0,0,0.0,0.5241764983351281,0.838778473182097,0.37251395480634897,0.6550759960168671
1107,10736.057,8016.064,1271.95,0.0025,0,0,0.0,0,0.002585866271672823,0,0.0,0,0.0,0.38552378108909185,1.1332629519962432,0.555,0.6549210062834288
1108,13415.978,7867.289,1457.0,0.071,0,0,0.0,0,0.0009634758103102996,0,0.0,0,0.0,0.2823718422498906,1.3895551097371994,0.17964990763046554,0.6543233786923182
1109,9012.0,6404.0,1409.0,0.0025,0,0,0.0,0,0.0032656653011528185,0,0.0,0,0.0,0.38552378108909185,1.097527230511253,0.555,0.6535959751264199
1110,6776.562,7590.348,1054.389,0.017,0,0,0.4,0,0.0230080991283613,0,0.0,0,0.02,0.6603562144717818,0.18446437261561505,0.1867157979021039,0.6534337457869124
1111,10681.661,9460.156,1331.0,0.007,0,0,0.0,0,0.004775427158506628,0,0.06719367588932806,0,0.03,0.3251514733447335,1.3643139007858285,0.4765442467801234,0.6528622452117125
1112,10791.388,6067.744,1466.0,0.0025,0,0,0.0,0,0.0404103987643255,0,0.0,0,0.0,0.7308858912325434,0.8348666546360881,0.37251395480634897,0.6522190005678328
1113,6213.113,7308.349,1081.0,0.014,0,0,0.4,0,0.32643265487331224,0,0.06719367588932806,0,0.14,0.6334845956842289,1.0549199690204834,0.6375954356047695,0.6520225994416902
1114,8913.102,6278.424,1470.419,0.011,0,0,0.2,0,0.034261847167969796,0,0.0,0,0.01,0.6258095778037116,1.212000333359385,0.37251395480634897,0.6516066912923151
1115,9371.0,6266.0,1495.0,0.024,0,0,0.2,0,0.1349008143929965,0,0.06719367588932806,0,0.05,0.40347787366673205,1.0247324573252867,1.7429999999999999,0.6512404103630338
1116,4625.0,7887.0,310.0,0.0025,0,0,0.0,0,0.06459666851109185,0,0.06818181818181818,0,0.01,1.945753096399772,0.5363023823861224,1.377,0.6511216728743597
1117,12245.056,6314.937,1438.0,0.0025,0,0,0.0,0,0.0031834357071806956,0,0.0,0,0.0,0.38552378108909185,2.431099203640997,0.17964990763046554,0.6511192439761448
1118,10961.628,5933.863,1531.18,0.01,0,0,0.0,0,0.016990104122231824,0,0.06719367588932806,0,0.03,0.2933987766475144,0.9981790677675625,0.1867157979021039,0.6496852822786471
1119,8769.0,5532.67,1306.81,0.0025,0,0,0.0,0,0.18785010977814054,0,0.0,0,0.04,1.7056460535215965,0.9563259123018997,0.1867157979021039,0.6491739116442712
1120,5337.068,6535.113,1183.0,0.006,0,0,0.0,0,0.04017045678904622,0,0.0,0,0.01,0.3275380915496576,0.3681915913459371,0.555,0.6483648811296298
1121,11861.497,9973.41,1360.34,0.016,0,0,0.0,0,6.212001668924856e-05,0,0.0,0,0.0,0.2669131436179216,6.497344755765487,0.555,0.6483564000436766
1122,8136.054,6446.05,1414.849,0.014,0,0,0.0,0,0.09690633713853274,0,0.06719367588932806,0,0.06,1.365911948779556,1.000724595090687,0.4765442467801234,0.6483195803097627
1123,7877.0,6781.0,1350.0,0.0025,0,0,0.0,0,0.0002604110129419915,0,0.0,0,0.0,1.4565244956273116,1.467383904483268,0.17964990763046554,0.6473923328622013
1124,4964.6,6649.0,1056.0,0.738,1,1,0.6,0,0.17573757381279298,0,0.02702702702702703,1,0.7,0.7971074893040758,0.8239684391978447,0.4765442467801234,0.6470175610449331
1125,6432.989,7796.449,935.0,0.422,1,1,0.6,0,0.14326497213431616,1,1.0,1,0.74,1.9988260721747306,0.6643188360887655,0.37251395480634897,0.6468712410814896
1126,5896.0,6012.0,1207.0,0.0025,0,0,0.0,0,0.004446947786162035,0,0.0,0,0.0,1.2327814556691272,1.9477410160087574,0.17964990763046554,0.6467788535033304
1127,7832.785,5574.106,1399.449,0.0025,0,0,0.2,0,0.02869333475280198,0,0.0,0,0.0,0.38552378108909185,0.6330696860057923,0.555,0.646449462348462
1128,5066.8,6581.0,1094.0,0.034,0,0,0.0,0,0.06272458569189095,0,0.06719367588932806,0,0.01,0.25920655518239977,0.061473981478489016,1.0310368953501068,0.6461318690620528
1129,8236.987,5962.022,1438.359,0.0025,0,0,0.0,0,0.005749278363097567,0,0.0,0,0.0,0.38552378108909185,1.3086641316194223,0.555,0.6443798736776969
1130,6377.332,7068.32,1143.619,0.393,1,0,0.4,0,0.27805276632461334,0,0.06818181818181818,0,0.45,1.1094226798243005,1.554632071803125,0.37251395480634897,0.6442808385456122
1131,6177.32,7413.31,1011.0,0.01,0,0,0.4,0,0.056256047637711304,0,0.06818181818181818,0,0.01,1.5032824476495061,1.1701813491723017,0.6375954356047695,0.6439950023603537
1132,10414.0,8808.0,1142.0,0.0025,0,0,0.0,0,0.0008901577012846105,0,0.02702702702702703,0,0.0,0.3251514733447335,3.199181003969248,0.4765442467801234,0.6439737086119828
1133,5599.0,6591.0,1223.0,0.0025,0,0,0.0,0,0.0028703963012634637,0,0.0,0,0.0,0.2823718422498907,1.5365401850662246,0.17964990763046554,0.6432257932301986
1134,12626.487,7964.014,1250.32,0.009,0,0,0.0,0,0.0018010101844274395,0,0.0,0,0.04,0.3270633553995527,0.2954711965940929,0.6181337712268828,0.6431219605030667
1135,10726.726,6353.396,1422.0,0.0025,0,0,0.0,0,0.006660518343975791,0,0.0,0,0.0,0.38552378108909185,2.15773587971422,0.555,0.6430916698489098
1136,5425.399,6358.291,1317.0,0.0025,0,0,0.0,0,0.019100943807783436,0,0.0,0,0.0,0.3270633553995527,0.2908967013258714,0.555,0.6426489298665594
1137,5426.278,6358.629,1317.0,0.005,0,0,0.0,0,0.017582111537196222,0,0.0,0,0.0,0.3270633553995527,0.5153663606663159,0.555,0.6412179654302421
1138,9436.986,7788.053,1123.439,0.0025,0,0,0.0,0,0.028325426221286684,0,0.0,0,0.0,0.38552378108909185,1.0150431620152156,0.555,0.6409995357006987
1139,9275.735,6609.744,1397.0,0.005,0,0,0.0,0,0.005092012153292267,0,0.0,0,0.0,0.38552378108909185,0.8834362342058308,0.555,0.640822585828954
1140,7595.07,6301.487,1300.025,0.018,0,0,0.0,0,0.026762558402552664,0,0.0,0,0.09,1.5721869166663263,0.8274193951056007,2.283190799812593,0.640820801633657
1141,7728.064,7196.688,1269.0,0.013,0,0,0.2,0,0.08708253988691002,1,0.8888888888888888,0,0.12,0.40242095234280784,0.8382948954079628,0.4765442467801234,0.6401478191248572
1142,8057.901,6335.051,1376.543,0.03,0,0,0.2,0,0.1488936150193479,0,0.0,1,0.57,0.4056549688171743,0.6323662752621125,0.6181337712268828,0.6399227532863694
1143,5929.015,6562.341,1289.0,0.0025,0,0,0.0,0,0.006665198801829266,0,0.0,0,0.0,1.1232672682996205,1.6413661368574466,0.17964990763046554,0.6397058435181509
1144,10809.965,5979.418,1512.0,0.0025,0,0,0.0,0,0.07242270890593702,0,0.0,0,0.01,0.8471790528365175,1.181897194409805,0.37251395480634897,0.6396409861986923
1145,8171.022,7022.044,1317.179,0.005,0,0,0.0,0,0.10525986127311296,0,0.03278688524590164,0,0.0,0.4424272153437822,0.6628990485430274,1.7429999999999999,0.6392515157883778
1146,6690.0,7271.0,1074.0,0.0025,0,0,0.0,0,0.0028994551812290656,0,0.0,0,0.0,0.4215476378590439,1.2956207661439572,0.555,0.6391427653674424
1147,11573.009,7065.976,1309.0,0.0025,0,0,0.0,0,0.004002835374888392,0,0.0,0,0.0,0.3065469795501437,1.7344087196211089,0.555,0.6390012485953298
1148,7597.031,7412.596,1225.0,0.016,0,0,0.0,0,0.15354538045649893,0,0.06719367588932806,0,0.02,0.6176639193018353,0.9865259043844465,0.17964990763046554,0.6383389114694135
1149,6459.0,7315.0,1078.0,0.0025,0,0,0.0,0,0.005986418181450694,0,0.0,0,0.0,0.4215476378590439,1.101196040972238,0.555,0.6383247797699948
1150,6121.046,7536.826,921.0,0.0025,0,0,0.2,0,0.04389187939058726,0,0.0,0,0.01,1.0838561349465852,1.26216307144264,0.17964990763046554,0.6381678509746025
1151,6866.0,7805.0,1027.0,0.008,0,0,0.0,0,0.1703021796016624,0,0.06719367588932806,0,0.02,0.4923838325056785,0.7562173487532668,1.0310368953501068,0.6381140324045073
1152,6276.2,9078.549,596.0,0.0025,0,0,0.0,0,3.5199252033255295e-05,0,0.0,0,0.0,0.2763503195288376,-0.5099923452433106,0.555,0.6380664780465606
1153,5398.0,6853.0,1052.0,0.073,0,0,0.0,0,0.2130225580500033,0,0.06818181818181818,0,0.05,0.4583532489167295,0.4034643115639764,1.377,0.6372990910562109
1154,9424.0,6328.0,1512.0,0.007,0,0,0.2,0,0.12090690191272467,0,0.06719367588932806,0,0.03,2.4945834920673193,0.9983063399009299,0.6375954356047695,0.6367959622222247
1155,14483.634,9478.922,1422.489,0.029,0,0,0.0,0,0.0014410303863029224,0,0.0,0,0.01,0.3979290805919188,1.6635916449049573,0.1867157979021039,0.6365553171523821
1156,5572.0,6585.0,1252.0,0.0025,0,0,0.0,0,0.0023485101189457507,0,0.0,0,0.0,0.26824596460482897,2.5630638009769466,0.555,0.6362502641981869
1157,9438.0,6320.0,1529.0,0.025,0,0,0.0,0,0.15328195618051138,0,0.0,0,0.1,1.376337274583481,1.2598180896821176,0.1867157979021039,0.6352537650665167
1158,5401.676,8034.352,590.0,0.0025,0,0,0.0,0,0.011866374101605319,0,0.03278688524590164,0,0.01,0.7138818484676925,1.3060817311353659,0.17964990763046554,0.6350726977902845
1159,5445.0,6549.0,1222.0,0.011,0,0,0.0,0,0.011633065503772945,0,0.0,0,0.0,0.8688234441075802,1.0603752354081288,0.17964990763046554,0.6345823709707505
1160,5560.141,6800.232,1156.639,0.083,0,0,0.0,0,0.02178423480221979,0,0.06719367588932806,0,0.03,0.2846814136805973,-0.20074963778375482,0.1867157979021039,0.6343828077306916
1161,8161.0,6671.0,1421.0,0.0025,0,0,0.0,0,0.003478347939845009,0,0.0,0,0.0,0.38552378108909185,4.065054799791824,0.17964990763046554,0.6343082854177166
1162,11355.961,5366.114,1408.659,0.006,0,0,0.0,0,0.004512207998595991,0,0.0,0,0.01,0.3270633553995527,0.3344294062549464,0.555,0.6342911546907717
1163,8318.001,6855.961,1330.039,0.014,0,1,0.6,0,0.14961105951008258,0,0.03278688524590164,0,0.02,1.8544137167564863,0.6118112526859494,0.37251395480634897,0.6342764291507773
1164,7749.635,7376.631,1198.0,0.005,0,0,0.0,0,0.12079184774421581,0,0.06818181818181818,0,0.01,0.7839582130029646,0.8322766911454389,0.37251395480634897,0.6337752170444353
1165,11615.695,8856.134,1193.41,0.0025,0,0,0.0,0,0.0048607419216359,0,0.0,0,0.0,0.3065469795501437,1.389707989782825,0.555,0.6335752555729204
1166,6125.7,7520.748,916.0,0.024,0,0,0.4,0,0.24307291391734748,0,0.0,0,0.14,2.1904933070766233,0.9371325967956634,0.37251395480634897,0.633160080005161
1167,8895.97,5503.07,1276.82,0.09,0,0,0.0,0,0.003275707445491478,0,0.0,0,0.0,0.38552378108909185,1.530033543002732,0.555,0.6331000869592062
1168,5111.019,6689.958,1012.639,0.0025,0,0,0.0,0,0.009600838998667174,0,0.0,0,0.0,0.38552378108909185,0.7842242832268373,0.555,0.6329840121648682
1169,6222.612,7041.92,1277.0,0.0025,0,0,0.0,0,0.006709888460033906,0,0.0,0,0.0,1.1029186177905423,1.6891921806010317,0.17964990763046554,0.6327905659425328
1170,11844.238,6031.247,1478.17,0.005,0,0,0.0,0,0.007351205018588335,0,0.0,0,0.01,0.3270633553995527,1.229537303788692,0.555,0.6327183906116761
1171,7537.0,5166.0,1320.0,0.0025,0,0,0.0,0,0.006959267573706189,0,0.0,0,0.0,0.27099200403208507,1.9617170357225775,0.555,0.6322442847161569
1172,6148.0,6960.0,1293.0,0.0025,0,0,0.0,0,0.0014316891612798862,0,0.0,0,0.0,0.3979290805919188,1.8708048861696032,0.17964990763046554,0.6321016925535794
1173,5377.0,6984.0,973.0,0.0025,0,0,0.0,0,0.0025584619008849206,0,0.0,0,0.0,0.38552378108909185,0.546950592909575,0.555,0.6319600798728868
1174,10896.122,5998.548,1514.0,0.0025,0,0,0.0,0,0.006380362755609747,0,0.0,0,0.0,0.3044823647206258,0.5343036294305819,0.555,0.6316232091500489
1175,8975.109,6234.498,1437.289,0.0025,0,0,0.0,0,0.004307769093488522,0,0.0,0,0.0,0.38552378108909185,0.7177804230298441,0.555,0.6314621133191212
1176,9549.563,9700.593,1430.0,0.0025,0,0,0.0,0,0.08120293252072425,0,0.0,0,0.01,0.33057508587079565,-0.19909969824686294,0.6375954356047695,0.6313722583011495
1177,6183.13,7394.712,1013.0,0.008,0,1,0.6,0,0.25132203683346277,0,0.06719367588932806,0,0.07,0.6587361527023079,1.0708466533016958,0.6375954356047695,0.629362359580154
1178,5336.513,6529.943,1181.0,0.01,0,0,0.0,0,0.008098629945266484,0,0.0,0,0.01,0.6375778238615782,0.9825061824362601,0.17964990763046554,0.6293282180394827
1179,10977.125,7720.589,1344.0,0.0025,0,0,0.0,0,0.00018212743631729005,0,0.0,0,0.0,0.38552378108909185,1.5091326493773642,0.555,0.6285426345200729
1180,12105.873,7738.184,1388.0,0.005,0,0,0.0,0,0.0023872028357539627,0,0.0,0,0.0,0.3065469795501437,1.331952580868156,0.555,0.6283238218319316
1181,7399.22,8631.432,642.17,0.0025,0,0,0.0,0,0.0018310685560040108,0,0.0,0,0.0,0.7333911889553449,0.5836631986082204,0.17964990763046554,0.6281362146065904
1182,7711.0,6971.0,1317.0,0.0025,0,0,0.0,0,0.015195622676918449,0,0.0,0,0.0,0.2823718422498907,0.8554710376279808,0.555,0.6268657207782479
1183,5319.665,8036.053,590.0,0.009,0,0,0.0,0,0.24659526380300203,0,0.0,0,0.03,0.305783041149033,1.0862011137566767,0.17964990763046554,0.6264373287788438
1184,4180.011,6659.249,625.0,0.018,0,0,0.0,0,0.06009650668403641,0,0.02702702702702703,0,0.02,0.7138818484676923,0.416268187501724,0.4765442467801234,0.6252198762350352
1185,5598.0,8339.0,600.0,0.006,0,0,0.0,0,0.11931028429565303,0,0.0,0,0.01,1.584242888545356,0.7724526050267765,0.17964990763046554,0.6251120917737047
1186,7741.41,7368.99,1195.0,0.0025,0,0,0.0,0,0.02390753472268169,0,0.0,0,0.01,0.7591736839586514,0.8526276767839414,0.37251395480634897,0.6250533009459436
1187,10960.114,6020.15,1530.0,0.007,0,0,0.0,0,0.03180061784109868,0,0.06719367588932806,0,0.19,0.3044823647206258,0.3691790071992881,0.1867157979021039,0.6246308338746058
1188,6732.0,7802.0,1030.0,0.0025,0,0,0.0,0,0.004946854582789789,0,0.0,0,0.0,0.38552378108909185,1.3920143795752462,0.555,0.6243334437271546
1189,6610.596,7633.559,968.0,0.053,0,0,0.4,0,0.07021539527563023,0,0.0,0,0.02,1.1170055073980056,0.7965616242239117,0.37251395480634897,0.6242144628796729
1190,7149.0,7626.0,1129.0,0.0025,0,0,0.0,0,0.00244720463781123,0,0.0,0,0.0,0.4215476378590439,0.7403952819703804,0.555,0.6239218874782928
1191,7548.625,7331.734,1265.0,0.067,0,0,0.2,0,0.4490119059333427,0,0.06719367588932806,0,0.16,0.37972095482130497,0.977178123599305,0.1867157979021039,0.6238520338454469
1192,5153.999,7735.219,593.0,0.013,0,0,0.2,0,0.021477978066976135,0,0.0,0,0.02,0.30494264708450575,-0.35945792333648574,0.1867157979021039,0.6237189303989887
1193,9992.0,8993.0,1185.0,0.0025,0,0,0.0,0,0.0066242603036786845,0,0.0,0,0.0,0.38552378108909185,1.509330747849455,0.555,0.6227647674238612
1194,6576.0,8180.0,797.0,0.046,0,0,0.0,0,0.14099958804794185,0,0.0,0,0.08,2.090133869998031,0.5710420424104604,10.665890931652221,0.6220172395460606
1195,5627.657,8011.16,592.0,0.0025,0,0,0.2,0,0.18398267545289096,0,0.06719367588932806,0,0.05,1.431973845396025,0.6002425555319091,0.1867157979021039,0.6218371344355158
1196,6768.0,7610.0,1070.0,0.005,0,0,0.0,0,0.002093794146511626,0,0.0,0,0.0,0.38552378108909185,0.7015156288022328,0.555,0.620272250474247
1197,5576.0,4860.0,794.0,0.0025,0,0,0.0,0,0.004912325523777566,0,0.0,0,0.01,0.3784051391518745,3.572785931919351,0.17964990763046554,0.6200797791817392
1198,6554.0,6930.0,1267.069,0.0025,0,0,0.0,0,0.0017324761782112005,0,0.0,0,0.0,1.4147130680143842,0.36454525031617185,0.17964990763046554,0.6194610683256516
1199,7412.519,8835.057,677.0,0.0025,0,0,0.0,0,0.0026697973372350244,0,0.0,0,0.0,0.3972496056255347,0.5410438546220546,0.1867157979021039,0.6193177907173004
1200,8122.0,6722.0,1411.0,0.0025,0,0,0.0,0,0.0057194356183259505,0,0.0,0,0.0,0.3251514733447335,2.970630574356262,0.17964990763046554,0.6192338286791341
1201,7633.0,7377.0,1218.0,0.0025,0,0,0.0,0,0.0034319913236015606,0,0.0,0,0.0,0.38552378108909185,0.7681178940051491,0.555,0.6191536268697714
1202,5338.0,6092.0,1214.0,0.01,0,0,0.0,0,0.08614965290579989,0,0.0,0,0.03,0.46154284215624136,0.8055222964471682,0.17964990763046554,0.6191035886171541
1203,5635.132,6203.076,1244.0,0.043,0,0,0.4,0,0.18056234355571535,0,0.0,0,0.15,0.31042284975428286,-0.3663738005077368,1.1783710079833332,0.6185699275794856
1204,10293.22,6104.378,1471.83,0.008,0,0,0.0,0,0.10714939981326048,0,0.0,0,0.06,0.48700733618273656,0.8044382810903308,0.37251395480634897,0.6185137752674039
1205,5377.0,6983.0,973.0,0.0025,0,0,0.0,0,0.0016541470715457358,0,0.0,0,0.0,0.38552378108909185,0.2840099579552865,0.17964990763046554,0.6183581114048284
1206,8361.979,6222.042,1443.039,0.019,0,0,0.0,0,0.00029971574499413484,0,0.0,0,0.01,1.3277400407895552,0.9624347140570818,0.1867157979021039,0.6183396306074408
1207,5218.0,8311.0,370.0,0.0025,0,0,0.2,0,0.0028532796304898936,0,0.06719367588932806,0,0.04,0.38552378108909185,-0.12017698483602626,0.1867157979021039,0.6179876841439301
1208,6847.915,6724.651,1337.959,0.0025,0,0,0.0,0,0.0036658900803937062,0,0.0,0,0.0,0.38552378108909185,0.42963764784647235,0.555,0.6178698822019917
1209,7688.0,7382.0,1187.0,0.005,0,0,0.0,0,0.022111528308810944,0,0.0,0,0.01,0.4557223897891898,0.9405531395063735,0.555,0.6177087726174504
1210,6348.0,7735.0,870.0,0.0025,0,0,0.0,0,0.017058249634547287,0,0.0,0,0.0,0.33261787027938006,1.6672333624190754,0.555,0.6172271659018755
1211,5656.0,8013.0,593.0,0.039,0,0,0.0,0,0.08477503110867475,0,0.0,0,0.0,0.3152658647020276,0.3034208563287415,0.17964990763046554,0.6166488023856229
1212,10305.331,6101.508,1476.73,0.012,0,0,0.2,0,0.1011855850291411,0,0.03278688524590164,0,0.05,0.7996322213595494,0.7756567659778745,0.6375954356047695,0.6162400865106739
1213,11027.012,6514.599,1485.18,0.009,0,0,0.0,0,0.017468312187499665,0,0.0,0,0.03,0.8122589821787154,1.8016349365815967,0.555,0.6160259674542716
1214,7333.999,7453.029,1280.549,0.013,0,0,0.0,0,0.058606123175401884,0,0.06719367588932806,0,0.08,0.4831533937795223,0.38390863830610533,1.0310368953501068,0.6158889512753539
1215,11905.722,8212.004,1269.0,0.0025,0,0,0.0,0,0.004016195719408036,0,0.0,0,0.0,0.38552378108909185,2.1094717357629014,0.555,0.6151467264677299
1216,11548.95,9832.829,1412.9,0.012,0,0,0.0,0,0.035360245684602915,0,0.06818181818181818,0,0.07,0.44832501474308817,0.13538186749051012,0.1867157979021039,0.615091461212149
1217,7957.723,7749.313,1039.0,0.0025,0,0,0.0,0,0.018076695817051784,0,0.0,0,0.0,0.459644683355312,1.5935059194513066,0.17964990763046554,0.6148952646908932
1218,7040.0,7506.0,1176.0,0.0025,0,0,0.0,0,0.0030964259857566095,0,0.0,0,0.01,1.8381471809085652,1.8656785128911444,0.17964990763046554,0.613791693542568
1219,4925.0,8133.0,332.0,0.03,0,0,0.0,1,0.5858113745288248,0,0.38461538461538464,0,0.19,0.6571518730744634,0.44354127383853914,0.722991173496274,0.6134473792817245
1220,8914.314,9028.546,1108.39,0.0025,0,0,0.0,0,0.0018705033487972113,0,0.0,0,0.0,0.38552378108909185,2.169167170605199,0.555,0.6133350743827193
1221,13566.359,7659.223,1461.89,0.0025,0,0,0.0,0,0.016529116280273412,0,0.0,0,0.0,0.3037241218861891,2.2017675362892817,0.555,0.6130330814728824
1222,7313.698,9144.563,880.19,0.0025,0,0,0.0,0,0.00521357879973138,0,0.0,0,0.01,0.3291183650851148,-0.0028532214597263438,0.17964990763046554,0.6129990383234811
1223,4677.064,6180.09,1087.0,0.033,0,0,0.0,0,0.05693276810103857,0,0.0,0,0.01,0.7971074893040758,0.928988071091178,0.555,0.6126061077046641
1224,8760.931,5472.188,1292.699,0.01,0,0,0.0,0,0.06785270015134373,0,0.0,0,0.14,0.40114424522770137,0.9761895921768533,0.4765442467801234,0.6124812418037731
1225,8189.023,6997.946,1317.179,0.017,0,0,0.0,0,0.1124500596571637,0,0.06818181818181818,0,0.01,0.4258409498054846,0.6598436131987194,0.37251395480634897,0.6124010616560442
1226,11612.946,7838.838,1303.0,0.0025,0,0,0.0,0,0.0007458529945929776,0,0.0,0,0.0,0.3979290805919187,2.2392856784772195,0.17964990763046554,0.6123154676627496
1227,3935.62,6142.321,600.0,0.006,0,0,0.0,0,0.0042252521344141895,0,0.0,0,0.0,0.28009205566249185,1.0885903947376172,0.555,0.611911038723799
1228,10874.845,6988.61,1376.58,0.006,0,0,0.0,0,0.0005790936556124592,0,0.0,0,0.02,0.7056599329045754,-0.6771302553488763,0.17964990763046554,0.6114626110779209
1229,7736.492,5339.727,1412.109,0.005,0,0,0.2,0,0.13849815458131443,0,0.0,0,0.01,1.231748521164469,0.783054329828837,0.17964990763046554,0.6112422945838583
1230,9944.644,6620.537,1462.0,0.0025,0,0,0.0,0,0.0027066868988655773,0,0.0,0,0.0,0.38552378108909185,1.099660168351897,0.555,0.6107685625324298
1231,11718.693,9882.244,1377.61,0.005,0,0,0.0,0,0.1744594273246641,0,0.0,0,0.04,0.7432911466322227,0.7466576652410397,0.17964990763046554,0.6103487536850682
1232,12227.806,9830.008,1333.33,0.005,0,0,0.2,0,0.0011413175402669028,0,0.0,0,0.0,0.6824652472165331,-0.04478632825894427,0.6375954356047695,0.6102946531827855
1233,6791.0,7992.0,938.0,0.0025,0,0,0.2,0,0.13526575413570963,0,0.02702702702702703,0,0.06,2.0500754889374235,0.9473172259238535,0.17964990763046554,0.6102031873924387
1234,3475.379,6987.782,95.0,0.0025,0,0,0.0,0,0.018354428203705597,0,0.0,0,0.0,2.5530502235532717,0.5811660483011354,0.1867157979021039,0.6100684100232185
1235,4136.389,7618.941,183.79,0.005,0,0,0.4,0,0.05648678716833768,0,0.0,0,0.03,3.951843834289037,0.6605872333135097,0.1867157979021039,0.6098595125858891
1236,7088.0,5445.0,1267.0,0.0025,0,0,0.0,0,0.0036140074483491753,0,0.0,0,0.0,0.28009205566249185,1.7200016426961624,0.555,0.6096751194219098
1237,6600.749,6751.646,1352.149,0.005,0,0,0.0,0,0.008801897673627187,0,0.0,0,0.0,0.3251514733447335,2.1491698557100785,0.17964990763046554,0.609662439552567
1238,9938.961,7979.888,1098.0,0.0025,0,0,0.0,0,0.0011371370679830568,0,0.0,0,0.0,0.27099200403208507,3.3648797675587057,0.17964990763046554,0.6094555839306789
1239,9249.006,6440.427,1396.53,0.0025,0,0,0.0,0,0.006062705564996318,0,0.0,0,0.0,0.38552378108909185,2.0841553740526804,0.555,0.6090723043635888
1240,7827.658,7305.075,1170.169,0.0025,0,0,0.0,0,0.05103758591282617,0,0.03278688524590164,0,0.01,0.8492175899817223,0.5834488359795802,0.17964990763046554,0.6088628732968046
1241,4687.75,7910.0,316.0,0.0025,0,0,0.0,0,0.001731197943190498,0,0.0,0,0.01,0.38552378108909185,-0.48841304661386525,0.1867157979021039,0.6074942100554774
1242,13420.369,7979.213,1461.0,0.008,0,0,0.0,0,0.0016365298479806888,0,0.0,0,0.0,0.28009205566249185,1.2976774832931264,0.17964990763046554,0.6067426556719893
1243,5211.113,7777.32,594.0,0.0025,0,0,0.0,0,0.017582901781101563,0,0.0,0,0.01,0.29648201362072496,-0.20216498591101587,0.1867157979021039,0.6065574050954243
1244,13564.38,7700.069,1464.32,0.0025,0,0,0.0,0,0.0010460743866267204,0,0.0,0,0.0,0.38552378108909185,2.629095070709768,0.555,0.6061962206525299
1245,5057.557,6403.278,1240.0,0.005,0,0,0.0,0,0.003422450050583557,0,0.0,0,0.0,0.28009205566249185,2.467702732517421,0.555,0.6060126698832216
1246,7254.0,5305.0,1371.0,0.0025,0,0,0.0,0,0.003792405090702384,0,0.0,0,0.0,0.4215476378590439,1.8171050331244951,0.555,0.6045982049697733
1247,6041.007,7656.266,825.0,0.0025,0,0,0.0,0,0.0012255016965164905,0,0.03278688524590164,0,0.0,0.2619062572295838,1.825324875874708,0.17964990763046554,0.6042906525722319
1248,8331.0,6099.0,1439.0,0.0025,0,0,0.0,0,0.006091470835376764,0,0.0,0,0.0,0.38552378108909185,1.5294560330112899,0.555,0.6042807752980528
1249,7271.0,5300.0,1346.0,0.0025,0,0,0.0,0,0.003876660734457221,0,0.0,0,0.0,0.28009205566249185,1.9240529209610255,0.555,0.6038857407871367
1250,6430.254,7774.135,936.0,0.026,0,0,0.0,0,0.15861477450982958,0,0.0,0,0.03,0.49501945391610747,0.7449459092523838,0.37251395480634897,0.6033792595215298
1251,6808.0,6730.0,1357.0,0.0025,0,0,0.0,0,0.0017848083287976537,0,0.0,0,0.0,0.38552378108909185,0.7693971343377312,0.555,0.6032655242660626
1252,7983.017,6489.989,1381.939,0.0025,0,0,0.0,0,0.0027431640619172424,0,0.0,0,0.0,0.38552378108909185,1.8820917596377147,0.555,0.6030571079437892
1253,7393.0,7494.0,1257.0,0.009,0,0,0.0,0,0.0063299044821759605,0,0.06719367588932806,0,0.0,0.38552378108909185,0.844967608762937,0.4765442467801234,0.6029592857173556
1254,12363.0,6098.0,1477.0,0.0025,0,0,0.0,0,0.0011144491356815,0,0.0,0,0.0,0.38552378108909185,1.900523306042077,0.555,0.6028579190955257
1255,4954.928,6572.46,1101.0,0.026,0,0,0.0,0,0.006556727650712101,0,0.0,0,0.0,1.1029186177905423,1.3065422743367003,0.17964990763046554,0.6027763118446301
1256,4525.71,7814.43,321.0,0.02,0,0,0.4,0,0.20483774439860822,0,0.06719367588932806,0,0.38,3.085776336975822,0.6991898011251823,0.1867157979021039,0.6020810967982648
1257,4522.1,7817.8,320.0,0.005,0,0,0.0,0,0.0005191124932632965,0,0.0,0,0.04,0.29306503832381803,-0.7530696580895123,0.1867157979021039,0.6011986330733117
1258,12565.265,9342.622,1297.56,0.048,0,1,0.6,0,0.003917611504800353,0,0.06719367588932806,0,0.05,0.5416662061421317,2.414768239044755,0.1867157979021039,0.6011080166895919
1259,7483.145,7669.697,1193.0,0.0025,0,0,0.2,0,0.014265282400328955,0,0.03278688524590164,0,0.0,0.21282257268496418,0.831089073765115,0.555,0.6007042140260062
1260,5052.817,6403.458,1235.0,0.0025,0,0,0.0,0,0.013872904768536315,0,0.0,0,0.0,0.28009205566249196,0.8665280178082787,0.555,0.6005936081350783
1261,5186.0,6509.0,1164.0,0.0025,0,0,0.0,0,0.0020272215618531877,0,0.0,0,0.0,0.38552378108909185,0.6729732251492202,0.555,0.6005415455553798
1262,6324.454,7869.724,918.0,0.0025,0,0,0.4,0,0.06869794689767439,0,0.0,0,0.01,2.208813658148536,1.2761575934846376,0.17964990763046554,0.6002400764769685
1263,7638.491,5312.616,1412.109,0.016,0,0,0.0,0,0.24346470339970072,0,0.06719367588932806,0,0.08,0.6143947688136546,1.0131294707074328,0.1867157979021039,0.6000424222395058
1264,4289.216,7630.576,272.04,0.0025,0,0,0.0,0,0.027657074982857716,0,0.0,0,0.01,2.208813658148536,0.9054427103056476,1.377,0.6000072529622063
1265,6497.0,7701.0,953.0,0.673,1,0,0.2,0,0.06449118005108055,0,0.4666666666666667,1,0.73,0.574802482106731,0.8885127515963187,0.4765442467801234,0.5999400507226852
1266,4633.993,6580.535,873.0,0.069,0,0,0.2,0,0.2924702886433391,0,0.06818181818181818,0,0.09,0.7873127556981572,0.7338659893215888,0.555,0.5999000575769475
1267,5740.198,3719.372,979.56,0.0025,0,0,0.4,0,0.14909428700759914,0,0.06818181818181818,0,0.02,0.33219743060734314,0.9035762785841736,0.1867157979021039,0.5996412362342207
1268,6457.475,8521.712,631.0,0.0025,0,0,0.0,0,0.032240594585645675,0,0.06719367588932806,0,0.04,0.5573545727342072,0.4948726025634976,0.4765442467801234,0.5995457223206525
1269,7715.0,7324.0,1229.0,0.0025,0,0,0.0,0,0.0021223475288204723,0,0.0,0,0.0,0.38552378108909185,0.8804228286541119,0.555,0.5989525195812972
1270,5881.436,6165.981,1262.0,0.0025,0,0,0.0,0,0.014296179486166571,0,0.0,0,0.0,1.1469140223327945,1.1596344179116522,0.17964990763046554,0.5989327983461434
1271,6737.0,6730.0,1357.0,0.007,0,0,0.0,0,0.00171567381514316,0,0.0,0,0.0,1.2608487471402665,0.8402305354170626,0.17964990763046554,0.5987550560895097
1272,7646.0,7409.0,1213.0,0.005,0,0,0.0,0,0.07918913008964774,0,0.0,0,0.01,0.4915888632108397,0.522236684654904,0.37251395480634897,0.5983658670004703
1273,5519.347,6483.03,1258.0,0.0025,0,0,0.0,0,0.006640562479036458,0,0.0,0,0.0,0.38552378108909185,1.6212145990757034,0.555,0.5981802910355905
1274,4627.629,6320.873,1030.0,0.073,0,0,0.0,0,0.14523557989417293,0,0.06719367588932806,0,0.21,0.7984280312524447,0.9659122033318177,0.17964990763046554,0.5980370742548146
1275,6199.521,7206.243,1169.099,0.011,0,0,0.0,0,0.005339389547031654,0,0.0,0,0.0,0.38552378108909185,0.43459361054308443,0.555,0.5979852221307957
1276,5638.0,6216.0,1236.0,0.014,0,0,0.2,0,0.06188799887465399,0,0.0,0,0.02,0.717439497500026,0.6796998627753864,0.17964990763046554,0.5979556602926059
1277,8275.955,6903.998,1317.179,0.017,0,0,0.0,0,0.03571490537171849,0,0.03278688524590164,0,0.02,0.38230187187926495,0.6477746679271263,1.7429999999999999,0.5976074993910973
1278,5107.31,8318.08,362.0,0.0025,0,0,0.0,0,0.0004245702849029554,0,0.0,0,0.0,0.7775878791682885,2.7483119135005794,0.17964990763046554,0.5971675045566904
1279,6973.099,4908.679,1117.0,0.401,1,0,0.2,1,0.5657831073282102,1,1.0,1,0.8,0.4869043355376148,0.4998056090139754,0.6181337712268828,0.5970946321195391
1280,4526.23,7813.82,321.0,0.015,0,0,0.0,0,0.0017182132674221457,0,0.06719367588932806,0,0.04,0.22356764044824984,-0.7578874164936014,0.1867157979021039,0.5965986479969165
1281,7683.43,4469.841,1036.0,0.0025,0,0,0.0,0,0.010256753874581831,0,0.0,0,0.0,0.3251514733447335,3.815167495716522,0.17964990763046554,0.5965647028114082
1282,9337.693,7044.911,1387.87,0.0025,0,0,0.0,0,0.004626057079014748,0,0.0,0,0.0,0.38552378108909185,0.7445049316460783,0.555,0.5953773995350702
1283,4873.81,6262.021,1196.0,0.019,0,0,0.0,0,0.04260632772971604,0,0.06719367588932806,0,0.05,0.2770138185805674,-0.10044623015309419,0.6375954356047695,0.5950383067825757
1284,9593.964,5867.029,1410.489,0.007,0,0,0.0,0,0.06575742051668833,0,0.0,0,0.03,0.6851837423931506,0.22547868602065038,0.37251395480634897,0.5947556610795479
1285,8463.307,4830.322,1141.09,0.0025,0,0,0.0,0,0.004470011161069882,0,0.0,0,0.0,0.3979290805919188,1.4372203954787075,0.17964990763046554,0.5946354118245972
1286,6136.528,7512.999,937.0,0.049,0,0,0.0,0,0.14260705020538994,0,0.06818181818181818,0,0.07,0.5463250187851839,0.8531564118291068,0.37251395480634897,0.5944611609234758
1287,12269.916,8235.052,1215.39,0.0025,0,0,0.0,0,0.001169760920266606,0,0.0,0,0.0,0.38552378108909185,2.1735802432596385,0.555,0.5942660917359579
1288,5200.0,6440.0,1203.0,0.0025,0,0,0.0,0,0.015718802387335765,0,0.0,0,0.0,0.38552378108909185,0.8260444079482734,0.555,0.594177699569061
1289,8686.428,8977.299,1091.36,0.006,0,0,0.0,0,0.003014655848154729,0,0.0,0,0.02,0.38552378108909185,1.016591093469546,0.555,0.5938069494199458
1290,7777.02,5872.0,1369.029,0.0025,0,0,0.4,0,0.07987695646416902,1,0.8888888888888888,0,0.13,0.5331138592526267,0.565436792150424,0.4765442467801234,0.5934144234887656
1291,5541.781,6837.542,1156.639,0.093,0,0,0.0,0,0.2663966480695584,0,0.06719367588932806,0,0.13,1.8466534236078929,1.0925159779267328,0.1867157979021039,0.5934071995108829
1292,5382.598,8030.441,596.0,0.0025,0,0,0.0,0,0.1798583204408373,0,0.0,0,0.0,0.21813474561844415,0.6665296229646647,0.17964990763046554,0.5933602833265097
1293,6381.42,6659.103,1352.149,0.0025,0,0,0.2,0,0.017234510048801874,0,0.0,0,0.0,0.38552378108909185,0.9502166413866451,0.555,0.5930515640149934
1294,9447.0,6429.0,1497.0,0.006,0,0,0.0,0,0.10616003970799055,0,0.03278688524590164,0,0.02,0.2759026270804661,0.9736059025068724,0.37251395480634897,0.592621372241966
1295,12478.309,9381.667,1336.14,0.0025,0,0,0.0,0,0.007900404102810505,0,0.0,0,0.04,0.5873491075454258,-0.09744545798756005,0.555,0.5924234111330725
1296,5427.199,6358.933,1317.0,0.005,0,0,0.0,0,0.020754899486969937,0,0.0,0,0.0,0.3270633553995527,0.21342291967091298,0.555,0.5923913935725744
1297,4985.642,8193.464,400.0,0.0025,0,0,0.0,0,0.0010741081283566632,0,0.06719367588932806,0,0.02,1.2608487471402665,0.16488325862572054,0.1867157979021039,0.5922040881447811
1298,6025.987,6152.051,1219.529,0.017,0,0,0.0,0,0.009924322559360918,0,0.0,0,0.01,0.38552378108909185,0.6333823227530675,0.555,0.5920270346809832
1299,5353.0,6890.0,1127.0,0.0025,0,0,0.0,0,0.0020315381274687645,0,0.0,0,0.0,0.38552378108909185,1.5660382183102826,0.555,0.5919490384872936
1300,6460.375,8364.004,728.0,0.013,0,0,0.0,0,0.0054074712274357365,0,0.06719367588932806,0,0.12,0.23675008942651043,-0.10652735855279352,0.1867157979021039,0.5917921740309849
1301,11899.552,10003.919,1357.18,0.0025,0,0,0.0,0,0.0008781225014082393,0,0.0,0,0.0,0.3270633553995527,3.234330926729825,0.555,0.5913792793182973
1302,4384.887,7684.654,374.0,0.02,0,0,0.0,0,0.012578169768776636,0,0.06719367588932806,0,0.02,0.572736966395243,0.032924933451103595,0.1867157979021039,0.591092620703217
1303,8431.0,7254.0,1221.999,0.0025,0,0,0.0,0,0.010208421721319574,0,0.0,0,0.0,0.4492242554703022,1.2297770412322482,0.1867157979021039,0.5908276205452074
1304,9571.97,5812.991,1410.489,0.0025,0,0,0.0,0,0.006965815947881808,0,0.0,0,0.0,0.38552378108909185,0.7068298061218664,0.555,0.5903023012667107
1305,6454.0,7701.0,937.0,0.014,0,0,0.2,0,0.11450826992540807,0,0.0,0,0.03,1.25014282118981,0.9843338268881794,0.37251395480634897,0.5901813026231306
1306,6688.0,7269.0,1077.0,0.0025,0,0,0.0,0,0.002955669022765394,0,0.0,0,0.0,0.3065469795501437,1.537092764958897,0.555,0.5898859414296704
1307,10469.84,7559.584,1233.0,0.0025,0,0,0.0,0,0.0014422484394672058,0,0.0,0,0.0,0.38552378108909185,1.590520369663557,0.17964990763046554,0.5896273219847509
1308,6748.0,6734.0,1363.0,0.0025,0,0,0.0,0,0.004218669015302886,0,0.0,0,0.0,0.38552378108909185,0.5881958234614506,0.555,0.5888822063544127
1309,7564.0,6709.0,1317.0,0.007,0,0,0.0,0,0.0036479677480903004,0,0.0,0,0.0,0.38552378108909185,1.1047609672997611,0.555,0.5885730952809625
1310,6645.372,5139.584,1171.169,0.011,0,0,0.2,0,0.013833899798682388,0,0.0,0,0.0,0.38552378108909185,0.5190961959065751,0.555,0.5878381038422895
1311,10768.307,7211.44,1354.0,0.0025,0,0,0.0,0,0.017586477705798523,0,0.0,0,0.08,1.0762589786015593,-0.18865633788453048,0.1867157979021039,0.587440382857896
1312,6868.257,5977.895,1080.259,0.0025,0,0,0.0,0,0.048060830377397466,0,0.0,0,0.03,0.8811947458656548,0.7672003009084781,0.17964990763046554,0.5871465211144298
1313,6467.292,8361.484,729.0,0.025,0,0,0.2,0,0.014222819630812155,0,0.06719367588932806,0,0.08,0.805353077441053,0.18565077758838358,0.1867157979021039,0.5869043118670072
1314,9890.076,6738.958,1404.28,0.005,0,0,0.0,0,0.02750126989096415,0,0.06719367588932806,0,0.02,0.8327186207174274,1.2090588663394624,0.4765442467801234,0.5868596134096962
1315,8617.115,5860.976,1436.569,0.045,0,0,0.2,0,0.37892957577309916,0,0.38461538461538464,0,0.21,0.6790201510468123,-0.1031420549642179,0.6181337712268828,0.5857694540680182
1316,7720.564,7548.831,1121.0,0.0025,0,0,0.0,0,0.01636276765714746,0,0.0,0,0.01,1.175198285832297,1.3502676834122818,0.17964990763046554,0.5855205088528274
1317,7939.966,7733.444,1044.0,0.0025,0,0,0.0,0,0.03112417647321351,0,0.0,0,0.04,0.6342674750153195,1.2415648620706679,0.17964990763046554,0.5844263390099482
1318,7095.31,4683.005,1051.0,0.0025,0,0,0.0,0,0.033256067095292045,0,0.0,0,0.0,0.28009205566249185,4.053450205646146,0.17964990763046554,0.5843960726322813
1319,5362.457,6464.279,1216.0,0.0025,0,0,0.0,0,0.0008761226347062618,0,0.0,0,0.0,0.38552378108909185,0.8895080600314831,0.555,0.5843934111203446
1320,7000.0,5421.0,1220.0,0.0025,0,0,0.0,0,0.010942047990983257,0,0.0,0,0.0,0.28009205566249185,0.9908021666800841,0.555,0.5841346862549168
1321,10176.204,7722.378,1176.0,0.0025,0,0,0.0,0,0.0006670288974150931,0,0.0,0,0.0,0.38552378108909185,1.5412145415275011,0.555,0.584005454289629
1322,9748.088,7293.679,1274.99,0.165,1,1,0.6,0,0.19717464596716416,1,1.0,1,0.68,0.4554352330652114,1.217449217453988,0.17964990763046554,0.5837658820234913
1323,10892.864,9520.108,1412.0,0.005,0,0,0.0,0,0.001125044289276166,0,0.0,0,0.0,0.31339200632907266,1.6440289868510791,0.555,0.5828476760105888
1324,5429.0,6508.0,1235.0,0.0025,0,0,0.0,0,0.0027658650239583706,0,0.0,0,0.0,0.38552378108909185,0.7854993531464322,0.555,0.5827394661954547
1325,8251.755,8310.912,881.0,0.0025,0,0,0.0,0,0.002132358882893635,0,0.0,0,0.0,0.38552378108909185,-0.12246995202235211,0.17964990763046554,0.5827336586883648
1326,7767.173,7369.335,1199.0,0.01,0,0,0.0,0,0.06895424448067951,0,0.0,0,0.02,0.4374865668493377,0.7370857669895007,0.37251395480634897,0.582398601363213
1327,9217.572,8458.713,961.09,0.0025,0,0,0.0,0,0.0005394831758524565,0,0.0,0,0.0,0.28009205566249185,1.9323394631443431,0.555,0.5821267581995265
1328,6341.541,7527.155,982.0,0.005,0,0,0.2,0,0.08034202105404654,0,0.02702702702702703,0,0.03,1.4532233203478055,1.127300622707334,0.17964990763046554,0.5821003331282301
1329,6364.23,6659.329,1292.0,0.0025,0,0,0.0,0,0.015211066773321185,0,0.0,0,0.01,0.5390591641495125,1.4267949643967364,0.17964990763046554,0.5820699224578911
1330,7280.813,7626.337,1206.779,0.012,0,0,0.4,0,0.10860835202087303,0,0.0,0,0.03,0.5370554901566503,0.8643897726793708,0.37251395480634897,0.5820241618252808
1331,3880.34,6542.436,505.0,0.0025,0,0,0.0,0,0.002497035346527348,0,0.0,0,0.0,0.3065469795501437,1.483907643937068,0.555,0.5819745295884444
1332,10756.416,5703.675,1545.18,0.024,0,0,0.0,0,0.10742063944787626,1,1.0,0,0.38,0.3451121413065779,0.7469707011596075,2.571601384670821,0.5817314547884169
1333,4878.0,6847.0,903.0,0.054,0,0,0.4,0,0.2607433290519737,0,0.02702702702702703,0,0.12,0.3848360343715123,1.0907268676519208,0.4765442467801234,0.5808516732881857
1334,5107.25,8319.5,361.0,0.087,0,0,0.0,0,0.0004799839991884871,0,0.0,0,0.02,0.7499293920838903,3.3815672275762947,0.17964990763046554,0.5806329395666521
1335,10828.719,5975.07,1500.0,0.0025,0,0,0.0,0,0.04933316928246884,0,0.0,0,0.04,0.6781507103454606,0.7344327141091156,0.37251395480634897,0.5804637920950724
1336,9655.75,3299.504,1483.869,0.029,0,0,0.0,0,0.01889843400582402,0,0.0,0,0.0,0.25029484095117177,1.4578390885124881,0.555,0.5799944655070315
1337,10095.745,9271.919,1266.0,0.0025,0,0,0.0,0,0.003561261716669949,0,0.0,0,0.0,0.38552378108909185,2.3320111453509993,0.555,0.5799394781262902
1338,7711.0,7373.0,1182.0,0.0025,0,0,0.0,0,0.05226964126721353,0,0.06818181818181818,0,0.04,0.3332972469871474,0.6055051328440202,0.37251395480634897,0.5794453282797385
1339,5674.958,6633.956,1284.399,0.0025,0,0,0.2,0,0.010771944438172868,0,0.0,0,0.0,0.3979290805919187,1.415960103958342,0.555,0.5786046922747106
1340,3970.725,6290.229,626.0,0.005,0,0,0.0,0,0.008583359176354268,0,0.02702702702702703,0,0.04,0.38552378108909185,0.884996742688068,0.4765442467801234,0.5779703970933252
1341,11028.813,6041.332,1544.0,0.0025,0,0,0.0,0,0.035784104644970775,0,0.0,0,0.04,0.7041142092033397,0.9366840133966629,0.37251395480634897,0.5774931350572561
1342,8398.0,5926.0,1416.0,0.0025,0,0,0.0,0,0.0010120409429282607,0,0.0,0,0.0,0.38552378108909185,0.29763282482730236,0.555,0.5765903554935761
1343,12148.866,6036.253,1490.58,0.0025,0,0,0.0,0,0.003735531418935195,0,0.0,0,0.0,0.27099200403208507,1.387269385388883,0.555,0.5763590357867387
1344,9593.972,5866.032,1410.489,0.0025,0,0,0.0,0,0.0025341264578002507,0,0.0,0,0.0,0.38552378108909185,1.1820271823161985,0.555,0.5762204375647177
1345,8565.0,5005.0,1159.0,0.0025,0,0,0.0,0,0.01342575289846009,0,0.0,0,0.0,0.3251514733447335,2.3673568864697936,0.17964990763046554,0.5761351515953286
1346,7134.0,6878.0,1192.0,0.0025,0,0,0.0,0,0.009339167178551192,0,0.0,0,0.0,0.38552378108909185,1.4500194476418815,0.555,0.5760445392731061
1347,6313.0,7609.0,919.0,0.0025,0,0,0.0,0,0.049172613503447024,0,0.0,0,0.0,0.5026776884220513,0.5819392472073617,0.17964990763046554,0.5757024528019552
1348,8579.84,5678.53,1304.19,0.006,0,0,0.0,0,0.0030747320390755156,0,0.0,0,0.02,1.260848747140266,0.15660327822828746,0.1867157979021039,0.5752622485572232
1349,7327.0,7203.0,1244.0,0.0025,0,0,0.0,0,0.0017513844099105297,0,0.0,0,0.0,0.38552378108909185,1.4511429267282092,0.555,0.5750391345764811
1350,5097.0,6362.0,1265.0,0.0025,0,0,0.0,0,0.032653429560322425,0,0.0,0,0.0,0.3270633553995527,0.11390974798224723,0.555,0.5749792243556429
1351,6000.052,7621.173,839.0,0.011,0,0,0.0,0,0.171620737682372,0,0.0,0,0.02,2.1974888956550744,0.8344431125219232,0.37251395480634897,0.5747416856363523
1352,6107.0,7601.0,874.0,0.0025,0,0,0.0,0,0.015150223796748,0,0.0,0,0.0,0.19919639626349755,1.0214082359490333,0.17964990763046554,0.5746787029017753
1353,7513.254,5653.021,1293.0,0.0025,0,0,0.0,0,0.010762913403047055,0,0.0,0,0.0,0.38552378108909185,1.0477120925284964,0.555,0.5746645072898761
1354,7413.037,9176.006,930.3,0.005,0,0,0.0,0,0.08880579100652487,0,0.0,0,0.01,0.38552378108909185,0.4083891672864198,0.6375954356047695,0.5739716200884042
1355,6360.191,7690.664,879.0,0.0025,0,0,0.0,0,0.05608225407055325,0,0.03278688524590164,0,0.0,0.21463766824256172,0.41999890817841273,0.17964990763046554,0.5739682100573276
1356,8594.05,6007.62,1433.3,0.0025,0,0,0.0,0,0.005564851891317183,0,0.0,0,0.0,0.38552378108909185,1.2473401943247289,0.555,0.5734313976034269
1357,5410.541,6352.091,1317.0,0.0025,0,0,0.0,0,0.035913205318695095,0,0.0,0,0.0,0.38552378108909185,-0.03347503166847394,0.555,0.5732684332667871
1358,5338.112,8030.053,590.0,0.0025,0,0,0.0,0,0.08431635382568313,0,0.0,0,0.01,0.4305179761098234,0.5907757489601927,0.17964990763046554,0.573155373843081
1359,5397.0,6603.0,1143.0,0.0025,0,0,0.0,0,0.0015226658138559803,0,0.0,0,0.0,0.38552378108909185,3.3631889043226035,0.555,0.5730160474595584
1360,6083.0,7661.0,837.0,0.0025,0,0,0.0,0,0.0057296635060987075,0,0.0,0,0.0,0.3251514733447335,2.750726263756548,0.17964990763046554,0.5729797068488169
1361,5430.223,8352.772,559.0,0.0025,0,0,0.0,0,0.030152403709521398,0,0.0,0,0.0,0.2754528116260484,-0.28807427287432774,0.1867157979021039,0.572226276838357
1362,14297.813,8945.08,1479.419,0.0025,0,0,0.0,0,0.07334254771062368,0,0.0,0,0.02,1.0900570225463067,0.8387023727441997,0.6375954356047695,0.5721359093169116
1363,5334.0,6584.0,1125.0,0.013,0,0,0.4,0,0.47448877087360186,0,0.0,0,0.03,1.538047907208936,0.7580988075019988,0.555,0.5720661375018858
1364,9717.313,3175.588,1463.229,0.29,1,0,0.2,1,0.879154358987684,1,1.0,1,0.74,1.1532947647043266,0.4885212218905095,0.21397319850419855,0.5715562378539281
1365,5497.965,6489.136,1251.0,0.0025,0,0,0.0,0,0.02057848497839422,0,0.0,0,0.02,0.2770138185805674,1.463973685884481,0.555,0.5714193211120286
1366,4394.729,7653.401,364.0,0.005,0,0,0.0,0,0.0017609724200560292,0,0.0,0,0.01,0.38552378108909185,1.0845398382593772,0.555,0.5712830611560739
1367,7664.31,4557.415,1072.0,0.0025,0,0,0.0,0,0.00937532433109149,0,0.0,0,0.01,0.3270633553995527,5.305971227961603,0.6375954356047695,0.5712422070116336
1368,7707.292,7211.075,1270.0,0.048,0,0,0.0,0,0.19226741884418944,0,0.0,0,0.0,0.37972095482130497,0.8007495501037335,0.6375954356047695,0.5711429246615151
1369,4619.826,6358.339,1022.22,0.38,1,1,0.6,1,0.9120144286780878,1,1.0,1,0.86,0.5813670145680553,1.0975037805412107,0.722991173496274,0.5708276074363765
1370,12421.0,9484.0,1365.0,0.014,0,0,0.0,0,1.4506286978124335e-05,0,0.0,0,0.03,0.2723670741207424,-0.7422208595275578,0.1867157979021039,0.5701932266087422
1371,7840.0,6776.0,1341.459,0.0025,0,0,0.0,0,0.001095003250963384,0,0.0,0,0.0,0.38552378108909185,1.9885026372284682,0.17964990763046554,0.5700723278405311
1372,4962.0,6661.0,1045.0,0.102,1,1,0.8,1,0.6517857980618921,1,1.0,1,0.69,0.7862567293225395,1.356489087552078,1.0310368953501068,0.5699734155221761
1373,9142.554,6308.243,1408.11,0.0025,0,0,0.0,0,0.004142586877628555,0,0.0,0,0.0,0.38552378108909185,1.2790469095697783,0.555,0.5698903359160863
1374,7841.34,5381.136,1450.0,0.007,0,0,0.0,0,0.06902576692827725,0,0.4666666666666667,0,0.12,0.756916738285293,0.7507526670683601,0.4765442467801234,0.5690872988580742
1375,7211.0,7585.0,1146.0,0.006,0,0,0.0,0,0.001864567511517466,0,0.0,0,0.0,0.27099200403208507,2.207161073557314,0.555,0.5690766899722377
1376,5497.0,6745.0,1130.0,0.0025,0,0,0.0,0,0.005224507842637442,0,0.0,0,0.0,0.28009205566249185,2.472859673644815,0.555,0.5686818617244618
1377,9884.0,6720.0,1428.0,0.039,0,0,0.0,0,0.06578925096779097,0,0.0,0,0.08,0.26520919929433906,0.7963630761628678,0.4765442467801234,0.56820698375351
1378,12353.194,9530.005,1391.44,0.019,0,0,0.0,0,0.023344126902828274,0,0.0,0,0.01,0.20904903154759377,-0.7560513633026182,0.6375954356047695,0.5676585803066615
1379,5337.142,6521.718,1186.0,0.005,0,0,0.0,0,0.008260714357815719,0,0.0,0,0.0,1.0700649382387943,0.9099695430850192,0.17964990763046554,0.5675115170443925
1380,8181.0,6586.0,1404.0,0.0025,0,0,0.0,0,0.0019812296696285875,0,0.0,0,0.0,1.849936360214105,1.61179527967783,0.17964990763046554,0.5668509671349381
1381,12346.345,6084.521,1512.0,0.445,1,0,0.0,0,0.1019546914067963,0,0.38461538461538464,0,0.36,0.5367797907138216,0.8569878263275259,0.722991173496274,0.5664569970500781
1382,7593.0,7660.0,1133.0,0.0025,0,0,0.0,0,0.015437697526376946,0,0.06719367588932806,0,0.02,0.4342255679016491,1.8633474916668358,0.555,0.5662859603724241
1383,10050.0,6372.0,1533.0,0.012,0,0,0.0,0,0.11879738420963765,0,0.06818181818181818,0,0.01,0.4006189576262412,0.8169192076478202,1.7429999999999999,0.5654913925647607
1384,5616.0,6483.0,1292.0,0.029,0,0,0.0,0,0.010958294749525756,0,0.0,0,0.0,0.38552378108909185,1.6144446713962863,0.555,0.5651812815238777
1385,5752.0,7443.0,953.0,0.0025,0,0,0.0,0,0.0027813063714411724,0,0.0,0,0.0,0.38552378108909185,0.9318509572793989,0.555,0.5650655853413401
1386,8618.0,6656.0,1378.0,0.0025,0,0,0.0,0,0.0033629644523291763,0,0.0,0,0.0,0.3065469795501437,3.0559227033752596,0.555,0.5647462766946615
1387,4910.027,6506.048,1105.0,0.026,0,0,0.0,0,0.007062850921015385,0,0.0,0,0.02,1.1469140223327945,1.862985315450795,0.17964990763046554,0.5647081885131753
1388,7437.008,5468.047,1372.0,0.0025,0,0,0.0,0,0.0033370625335416423,0,0.0,0,0.0,0.38552378108909185,1.331737733088759,0.555,0.5639416945579874
1389,6307.648,7873.18,905.0,0.0025,0,0,0.0,0,0.01770364521974745,0,0.0,0,0.02,0.7523428150289939,1.2402051496312194,0.17964990763046554,0.5637730052605137
1390,7572.724,6320.114,1310.916,0.016,0,0,0.0,0,0.02452192355848281,0,0.0,0,0.37,0.8262520108398246,0.5325835855038774,0.6181337712268828,0.5633156961677785
1391,4848.251,6220.151,1155.0,0.254,1,0,0.4,1,0.9408340387786356,1,1.0,1,0.73,0.189655488262843,0.4510513560059596,0.1867157979021039,0.563306012824171
1392,6895.546,5170.002,1296.379,0.007,0,0,0.0,0,0.0010434245917108076,0,0.0,0,0.0,0.38552378108909185,0.4060225457465441,0.555,0.5632876221600827
1393,4631.798,7151.043,697.509,0.009,0,0,0.0,0,0.13560424280066916,0,0.0,0,0.0,0.3946690107019632,1.2314840517668437,0.37251395480634897,0.562746660000019
1394,8224.0,4869.0,1157.0,0.0025,0,0,0.0,0,0.0019016023013936738,0,0.0,0,0.0,0.38552378108909185,0.8437078425407859,0.555,0.5624611285036472
1395,4993.825,8199.003,413.0,0.0025,0,0,0.0,0,0.023815517720093705,0,0.06818181818181818,0,0.03,3.860510258590261,0.2282475832341762,0.17964990763046554,0.5623172868365518
1396,5716.123,7160.875,1038.02,0.438,1,0,0.4,0,0.3638676416997672,1,0.8947368421052632,1,0.87,1.8070057866872555,1.094573993276666,0.722991173496274,0.5621575687534555
1397,11897.495,8893.909,1196.9,0.0025,0,0,0.0,0,0.0036993616811445518,0,0.0,0,0.0,1.4565244956273118,1.5972932640219701,0.17964990763046554,0.5621541757175011
1398,6410.0,7249.0,1107.0,0.481,1,0,0.2,0,0.31820465490099503,0,0.4666666666666667,1,0.71,0.9167574406836608,1.0133372161609004,1.0310368953501068,0.561750072132811
1399,5155.0,6439.0,1187.0,0.039,0,0,0.0,0,0.05997610467651997,0,0.02702702702702703,0,0.05,0.42835580708948495,-0.3141774356990477,0.4765442467801234,0.5615365484438812
1400,7563.0,7166.0,1300.0,0.005,0,0,0.0,0,0.0010904758101814703,0,0.0,0,0.0,0.38552378108909185,1.0341065891317234,0.555,0.5614647148958793
1401,4916.943,6722.159,1021.0,0.434,1,0,0.2,1,0.6040099397571328,1,0.8947368421052632,1,0.81,0.3735103351097082,0.4519825946268114,0.722991173496274,0.5612887797649644
1402,8207.95,6967.989,1317.179,0.047,0,0,0.0,0,0.03540785111653812,0,0.0,0,0.0,0.21476576465519834,0.41361666417920306,0.17964990763046554,0.5612135600689327
1403,4882.0,6347.0,1254.0,0.0025,0,0,0.2,0,0.026634674855217078,0,0.0,0,0.0,0.2650802979544471,0.15952701588697268,0.555,0.560718702383969
1404,7352.0,7355.0,1272.0,0.168,1,0,0.4,0,0.45068309470345425,1,1.0,1,0.82,0.7775326416060615,1.1471300381006941,0.6181337712268828,0.5606735206953205
1405,6351.051,7687.279,863.0,0.006,0,0,0.0,0,0.09006738654678784,0,0.06818181818181818,0,0.03,0.21463766824256172,0.44557376590642295,0.17964990763046554,0.5596849424159791
1406,8937.0,5192.0,1170.0,0.0025,0,0,0.0,0,0.017620792500339016,0,0.0,0,0.02,1.1192393677391612,1.073449723770439,0.17964990763046554,0.559683343353284
1407,6383.933,7059.859,1228.0,0.225,1,1,0.6,0,0.2886472846441398,1,1.0,1,0.74,0.5463226826187828,1.6196943034029172,0.37251395480634897,0.5595458541535996
1408,7615.0,6483.0,1038.0,0.008,0,0,0.0,0,0.004194451159471604,0,0.0,0,0.0,0.2823718422498907,2.500672977853938,0.17964990763046554,0.5595024309837371
1409,5668.96,6628.041,1284.399,0.216,1,0,0.4,0,0.386362210329624,1,0.8947368421052632,1,0.87,2.6474973578345065,1.1551381045331433,0.722991173496274,0.5593529850151804
1410,5413.998,7121.349,887.999,0.024,0,0,0.0,0,0.08520974835633245,0,0.0,0,0.03,0.9598931867131714,0.7066959575814209,0.17964990763046554,0.5592931488213149
1411,12428.873,9420.568,1367.92,0.006,0,0,0.0,0,0.006656722726765008,0,0.06719367588932806,0,0.08,0.3564281388379975,0.48261154197597866,0.1867157979021039,0.5592713520998205
1412,9473.0,6878.0,1461.0,0.0025,0,0,0.0,0,0.07465836892979993,0,0.0,0,0.0,0.43026243519031376,0.4697840539465551,0.37251395480634897,0.5592234690874995
1413,9320.683,6575.191,1393.99,0.0025,0,0,0.0,0,0.00650478762240178,0,0.0,0,0.0,0.38552378108909185,2.886548248293074,0.555,0.5592105607233873
1414,5482.0,6489.0,1245.0,0.014,0,0,0.0,0,0.006051330531219902,0,0.0,0,0.0,0.38552378108909185,2.003679364982517,0.555,0.5591959631990886
1415,4903.065,6295.829,1229.0,0.04,0,0,0.2,0,0.024943340108611222,0,0.0,0,0.05,0.374746955666133,-0.198528595905671,0.555,0.5585663051664338
1416,7681.0,7008.0,1314.0,0.0025,0,0,0.0,0,0.0010410640925384773,0,0.0,0,0.0,0.38552378108909185,1.7560209961485949,0.17964990763046554,0.5585306907895984
1417,7578.767,7490.655,1201.0,0.01,0,0,0.0,0,0.2284827580455007,0,0.06719367588932806,0,0.07,0.7439135186572836,0.31602346265694437,0.6375954356047695,0.5580790627729725
1418,4696.996,6207.026,1085.0,0.099,0,0,0.4,1,0.8229617420240465,0,0.06719367588932806,0,0.06,3.194045495698847,1.9436666493703667,0.1867157979021039,0.5578327072889474
1419,5325.264,6509.152,1190.0,0.006,0,0,0.0,0,0.00450356296821948,0,0.0,0,0.0,0.38552378108909185,1.052615879835458,0.555,0.5578181987868118
1420,5110.0,6425.0,1190.0,0.066,0,0,0.4,0,0.1918359559721854,0,0.0,0,0.11,0.1790716091693414,0.5497265486003331,0.1867157979021039,0.557558289129955
1421,6647.031,5139.525,1171.169,0.006,0,0,0.0,0,0.07331931717386402,0,0.0,0,0.05,0.6603562144717818,0.47877893236640173,0.555,0.5572537882450915
1422,14164.0,45.0,1311.0,0.0025,0,0,0.0,0,0.005290330473509893,0,0.03278688524590164,0,0.0,0.2120729907940337,-0.33965079070357596,0.17964990763046554,0.5571647861735296
1423,12406.572,9767.952,1396.0,0.014,0,0,0.0,0,0.003883114814914713,0,0.0,0,0.0,0.28009205566249185,1.926308997452826,0.555,0.5561795033716647
1424,7405.778,8845.406,719.0,0.006,0,0,0.0,0,0.007601616053795128,0,0.0,0,0.01,0.37926433419013833,-0.06359831734327417,0.1867157979021039,0.555908485950341
1425,5306.604,8039.198,577.0,0.009,0,0,0.0,0,0.09293456906741172,0,0.03278688524590164,0,0.01,0.2736263681919215,0.5287042552681459,0.17964990763046554,0.5556995319629751
1426,6778.701,7628.489,1086.0,0.011,0,0,0.2,0,0.15665696361706755,0,0.03278688524590164,0,0.02,0.7601661206991284,0.4750959127890201,0.17964990763046554,0.5553190019452332
1427,7193.381,5264.183,1387.149,0.0025,0,0,0.0,0,0.07919013458103595,0,0.06719367588932806,0,0.07,0.8845892290312977,0.8718272315612272,0.4765442467801234,0.5548265390640706
1428,5427.29,8016.623,590.0,0.015,0,0,0.0,0,0.11277975773690717,0,0.0,0,0.0,0.3199300451493018,0.5887126430193176,0.1867157979021039,0.5548153947090927
1429,11813.631,6042.868,1490.58,0.0025,0,0,0.0,0,0.002100095988875518,0,0.0,0,0.04,0.3270633553995527,0.38548778521971244,0.555,0.5547889824555465
1430,4359.698,6426.525,829.0,0.013,0,0,0.0,0,0.0016096114597527235,0,0.0,0,0.0,0.38552378108909185,1.0213302007780285,0.555,0.5542608877732521
1431,7756.236,7420.633,1173.0,0.0025,0,0,0.0,0,0.07519385049526692,0,0.03278688524590164,0,0.0,0.22462595043377404,0.5328622802992814,0.17964990763046554,0.554053151625655
1432,5407.242,6350.894,1320.0,0.0025,0,0,0.0,0,0.01161820161157017,0,0.0,0,0.0,0.38552378108909185,0.21880004369640974,0.555,0.5534598429525863
1433,9474.0,6879.0,1461.0,0.006,0,0,0.0,0,0.08608042535688609,0,0.06719367588932806,0,0.02,0.696877603086502,0.821078369163028,1.0310368953501068,0.5532819668854022
1434,5497.22,7002.321,1060.439,0.6,1,1,0.8,1,0.9646317742046873,1,1.0,1,0.81,0.6457814481334575,1.0928497987973713,0.6181337712268828,0.5531561111408417
1435,6775.243,9176.615,699.85,0.0025,0,0,0.0,0,0.0025606688159148868,0,0.0,0,0.0,0.3065469795501437,0.7754803132611114,0.555,0.5531307186351568
1436,10718.315,6190.842,1442.0,0.0025,0,0,0.2,0,0.035318778931092365,0,0.0,0,0.01,0.7384978204056387,1.2665414818103966,0.17964990763046554,0.5524037830419654
1437,4359.389,6425.588,828.0,0.018,0,0,0.0,0,0.012396139731221766,0,0.0,0,0.0,0.6456221221577562,0.7227471867157237,0.555,0.5523868706088724
1438,4412.0,6361.0,894.0,0.021,0,0,0.0,0,0.026696262630974105,0,0.0,0,0.02,0.37915396759275116,1.4043789445623318,0.555,0.5522160210939493
1439,5260.0,6527.0,1154.0,0.056,0,0,0.0,0,0.13493196497933724,0,0.06719367588932806,0,0.06,1.8012739776727833,0.5767403957109674,0.6375954356047695,0.5516377005585119
1440,5336.5,6602.0,1121.0,0.063,0,0,0.4,0,0.3053721423614844,0,0.0,0,0.03,0.3697570817920627,0.5672520193792214,0.17964990763046554,0.5516114096979489
1441,4604.995,6403.68,1015.0,0.03,0,0,0.0,0,0.10516206453230845,0,0.06818181818181818,0,0.02,1.4028407463001678,0.6262790192998747,0.37251395480634897,0.5512618553613916
1442,4904.0,6354.0,1254.0,0.014,0,0,0.2,0,0.04791772250583931,0,0.0,0,0.03,0.32817185768255175,-0.021447310018055273,0.6375954356047695,0.5508254917445266
1443,5556.843,6807.053,1156.639,0.713,1,1,0.6,0,0.49711374634475863,1,1.0,1,0.85,0.4403241940051798,0.6219544592609438,0.6181337712268828,0.550815781103625
1444,7371.567,8851.021,717.0,0.0025,0,0,0.0,0,0.008929424866317884,0,0.0,0,0.0,0.3972496056255347,0.07800531019838076,0.1867157979021039,0.5507199197415578
1445,3311.214,6922.763,20.0,0.0025,0,0,0.0,0,0.08059991705581171,0,0.0,0,0.02,4.0316023493216635,0.5397148232396289,1.377,0.550438930988623
1446,4733.169,6142.799,1117.0,0.01,0,0,0.0,0,0.009681270410437877,0,0.0,0,0.0,0.38552378108909185,2.068162918217395,0.555,0.550047935439527
1447,7731.366,7189.951,1270.0,0.038,0,0,0.4,0,0.14370004948372742,0,0.03278688524590164,0,0.05,0.2591847648178402,0.6859851157363395,0.6375954356047695,0.549964495067444
1448,9416.112,7499.893,1209.93,0.0025,0,0,0.0,0,0.005056761853952861,0,0.0,0,0.0,0.38552378108909185,1.9332315812975749,0.555,0.5496553461563202
1449,10496.96,7999.158,1253.83,0.034,0,0,0.0,0,0.0008798423199556848,0,0.0,0,0.04,1.1532947647043266,-0.26089656298594743,0.1867157979021039,0.5491360284698797
1450,10716.626,6355.484,1437.0,0.0025,0,0,0.0,0,0.038132041028493296,0,0.0,0,0.01,0.7192643640218126,1.6944433655604754,0.17964990763046554,0.5491098813964825
1451,9307.264,6330.462,1427.14,0.0025,0,0,0.0,0,0.0027231334902221203,0,0.0,0,0.0,0.38552378108909185,1.1029979618227435,0.555,0.5490024483490318
1452,8243.993,6942.042,1317.179,0.006,0,0,0.0,0,0.07366544460947166,0,0.0,0,0.01,0.37898687954531257,0.6146556524374986,0.37251395480634897,0.5489405366943917
1453,8143.953,6998.028,1317.179,0.058,0,0,0.0,0,0.10485816257131862,0,0.0,0,0.01,1.241317176748416,0.5890467214561383,0.37251395480634897,0.5486885357759002
1454,5931.0,8505.0,504.0,0.0025,0,0,0.0,0,0.020342007059230054,0,0.0,0,0.01,0.42437470215796097,-0.07943463081389124,0.17964990763046554,0.5472443467281606
1455,5861.0,6053.0,1232.0,0.0025,0,0,0.0,0,0.012303642448867702,0,0.0,0,0.0,0.3979290805919187,1.962896266188408,0.17964990763046554,0.5466230607549495
1456,6164.288,7407.268,1009.0,0.0025,0,0,0.0,0,0.12644785254873286,0,0.0,0,0.0,0.8085568941486025,0.6639317029077487,0.37251395480634897,0.5459481664574795
1457,6356.0,7572.0,932.0,0.005,0,0,0.0,0,0.028487765768703016,0,0.0,0,0.0,0.844154319259383,1.3401648012384881,0.17964990763046554,0.5450234702885632
1458,7564.877,6330.717,1304.417,0.043,0,0,0.0,0,0.12235159604439538,0,0.0,0,0.11,0.4646161681423823,0.7785711194964243,0.6181337712268828,0.544975224613067
1459,6364.0,7635.0,909.0,0.018,0,0,0.0,0,0.02606021259950782,0,0.0,0,0.0,0.6235933124681812,1.0209574774274708,0.555,0.5441580296566944
1460,5448.0,6346.0,1312.0,0.0025,0,0,0.0,0,0.0051266980391278996,0,0.0,0,0.0,0.28009205566249185,0.6025585072158652,0.555,0.5440579789898072
1461,5269.0,6263.0,1288.0,0.005,0,0,0.0,0,0.11022035018281494,0,0.0,0,0.01,0.7512914977975399,-0.1027446763228316,0.17964990763046554,0.5438114505724188
1462,5107.69,8315.03,362.0,0.009,0,0,0.0,0,0.00418184444782549,0,0.0,0,0.0,0.3945674808423197,0.015449531805149734,0.1867157979021039,0.5435706623402725
1463,7449.0,7200.0,1290.0,0.364,1,0,0.2,0,0.25618661464233167,1,0.8947368421052632,1,0.88,0.3365285456029674,1.4821472185613422,0.6181337712268828,0.5435291619523351
1464,7572.304,5131.126,1417.039,0.009,0,0,0.0,0,0.08711021514746425,0,0.06818181818181818,0,0.04,0.7556990079866458,0.5151743837699119,0.17964990763046554,0.5434266290567109
1465,9344.245,6551.274,1420.729,0.005,0,0,0.0,0,0.005680594862583269,0,0.0,0,0.0,0.38552378108909185,1.11693641356504,0.555,0.5431456531514759
1466,5300.878,8029.965,566.0,0.006,0,0,0.0,0,0.11016893822250308,0,0.0,0,0.0,0.14949600918574585,0.6994065897302829,0.17964990763046554,0.5429580102099142
1467,8766.983,6230.037,1470.419,0.0025,0,0,0.0,0,0.003816636401229439,0,0.0,0,0.0,0.3979290805919188,1.0876659319694715,0.17964990763046554,0.5424241123406799
1468,5514.8,6481.138,1259.0,0.0025,0,0,0.0,0,0.00694767836507214,0,0.0,0,0.0,0.38552378108909185,1.551577471379526,0.555,0.5424065681990666
1469,8038.942,5594.018,1485.94,0.007,0,0,0.0,0,0.063669154645117,0,0.06719367588932806,0,0.02,0.4591866749701137,0.6324084165343118,0.17964990763046554,0.5423177534257706
1470,5415.843,6354.501,1317.0,0.019,0,0,0.2,0,0.09156909502670683,0,0.0,0,0.02,0.8438325933250335,-0.23639675572706026,0.555,0.5422442616621906
1471,13489.193,7404.77,1452.45,0.0025,0,0,0.0,0,0.0068533775871805185,0,0.0,0,0.0,1.1293370969151204,1.3282971306401685,0.17964990763046554,0.5418530508431091
1472,7108.0,7442.0,1182.0,0.0025,0,0,0.0,0,0.0035223862745006403,0,0.0,0,0.0,1.1905338233743896,0.8064646592685157,0.17964990763046554,0.541373557706994
1473,6340.245,7833.639,918.0,0.0025,0,0,0.0,0,0.04365493360372506,0,0.0,0,0.02,0.6274843557595235,1.1359395148195361,0.17964990763046554,0.5413392142252523
1474,6935.59,8947.851,632.0,0.0025,0,0,0.0,0,0.0030696125177543184,0,0.0,0,0.0,0.38552378108909185,-0.09891032918528253,0.555,0.5411520627450638
1475,5536.363,7110.256,970.0,0.0025,0,0,0.0,0,0.002310685561120011,0,0.0,0,0.0,0.38552378108909185,1.8352076975614482,0.555,0.5409112948939138
1476,7755.485,8594.815,823.0,0.0025,0,0,0.0,0,0.0013902798465757493,0,0.0,0,0.0,0.38552378108909185,0.937894708256068,0.1867157979021039,0.5405860179887112
1477,5802.0,5952.0,1185.0,0.0025,0,0,0.0,0,0.0013229132802924223,0,0.0,0,0.0,0.28009205566249185,0.800892944859775,0.17964990763046554,0.5402810079829279
1478,5555.949,6806.014,1156.639,0.493,1,0,0.4,1,0.6993506621338434,1,1.0,1,0.85,1.5058967003939314,0.7859892980692618,0.6181337712268828,0.5400978634463055
1479,4844.595,6211.493,1255.079,0.007,0,0,0.0,0,0.0066954945147849505,0,0.0,0,0.0,0.44963778792612696,0.5209809399923166,0.555,0.5398132102584521
1480,4994.42,8197.143,410.0,0.005,0,0,0.0,0,0.0388840030162843,0,0.06719367588932806,0,0.06,1.231748521164469,0.33514578011462337,0.4765442467801234,0.5396681659861482
1481,5543.563,7699.075,773.0,0.0025,0,0,0.0,0,0.003673984353432996,0,0.0,0,0.0,0.28009205566249185,1.4674130232236546,0.555,0.5394626557265603
1482,5670.538,6624.916,1218.0,0.317,1,1,1.0,1,0.7931096049992049,1,1.0,1,0.91,0.6895197607425462,1.0382375927014174,0.722991173496274,0.5390417070619662
1483,6278.0,6571.0,1343.0,0.0025,0,0,0.0,0,0.002250628962637559,0,0.0,0,0.0,1.2892512658705955,2.9761415757990237,0.17964990763046554,0.5390078881602777
1484,6274.909,7994.661,829.0,0.222,1,1,0.6,1,0.9658988591169136,1,1.0,1,0.86,1.0092386497371586,0.6860895978077081,1.8931737585878774,0.5386179405913053
1485,5073.0,6457.0,1167.0,0.027,0,0,0.2,0,0.0368239750412704,0,0.0,0,0.02,0.8646042660601592,0.7483820302547475,0.17964990763046554,0.5384522110367531
1486,10975.592,6390.034,1497.3,0.0025,0,0,0.0,0,0.0630691947653641,0,0.0,0,0.0,2.258915158911733,1.2945770487378565,0.37251395480634897,0.5381544906923198
1487,7459.135,7360.244,1275.0,0.197,1,1,0.6,1,0.9127673970047963,1,1.0,1,0.83,0.8106390679712429,1.2351290849022265,0.722991173496274,0.5379423726243928
1488,10713.582,6204.9,1445.0,0.009,0,0,0.0,0,0.03612737277067948,0,0.06719367588932806,0,0.02,0.6271988553385881,0.9367926249667213,0.1867157979021039,0.5371969699697854
1489,5144.416,7638.749,617.0,0.009,0,0,0.2,0,0.04110148529172618,0,0.06719367588932806,0,0.03,0.4102634937315411,1.2009308414049442,0.1867157979021039,0.5371665821238477
1490,5941.0,8500.0,510.0,0.0025,0,0,0.0,0,0.07888996604113013,0,0.0,0,0.02,0.6452825720761317,0.4816265602818514,0.17964990763046554,0.5370743739638386
1491,14537.849,9549.684,1452.959,0.475,1,1,1.0,1,0.9994685783789888,1,0.7,1,0.78,1.0571207764127415,0.4671173782038439,0.6181337712268828,0.5369408106355522
1492,7520.809,7644.348,1189.0,0.007,0,0,0.0,0,0.061135238087847016,0,0.06818181818181818,0,0.04,1.4600283257024134,1.6702223094187747,0.1867157979021039,0.5357947476790285
1493,4649.203,6287.79,1064.0,0.026,0,0,0.0,0,0.08641569629535531,0,0.06719367588932806,0,0.05,0.6603562144717818,0.44441674244672447,1.0310368953501068,0.5356437701010751
1494,7823.0,7323.0,1185.0,0.008,0,0,0.0,0,0.04160360031951149,0,0.06719367588932806,0,0.05,0.9339547997281369,0.6613569498897263,0.4765442467801234,0.5356143165814521
1495,6362.703,6658.752,1292.0,0.009,0,0,0.2,0,0.08359466148871415,0,0.06818181818181818,0,0.07,0.2801586871026583,0.6802409151506418,0.17964990763046554,0.5352814548882845
1496,5683.0,5858.0,1097.0,0.006,0,0,0.0,0,0.010566259455137835,0,0.0,0,0.0,1.2038724413540622,-0.398329315687592,0.1867157979021039,0.5351139135101399
1497,7676.0,7042.0,1318.0,0.005,0,0,0.0,0,0.0011527552314759446,0,0.0,0,0.0,0.38552378108909185,1.5279400019258178,0.555,0.5350204759214444
1498,6348.0,7608.0,910.0,0.02,0,0,0.0,0,0.07938168062338147,0,0.06719367588932806,0,0.05,0.7192643640218126,1.0290163433796553,0.1867157979021039,0.5347184888910315
1499,11060.061,6529.653,1513.0,0.007,0,0,0.0,0,0.021027171522333098,0,0.03278688524590164,0,0.01,0.8560349550808817,0.6867979882204127,0.17964990763046554,0.5345085463029109
1500,7754.63,7450.319,1158.0,0.011,0,0,0.0,0,0.10043730970743786,0,0.0,0,0.03,0.9897188401639937,1.5503146045393552,0.17964990763046554,0.5344582255212575
1501,6550.153,7726.833,969.0,0.176,1,1,0.6,0,0.17188501964814626,0,0.0,0,0.16,2.770391134357018,0.8666132783111735,0.37251395480634897,0.5342862098641217
1502,9962.632,6620.384,1473.0,0.0025,0,0,0.0,0,0.003010329356221352,0,0.0,0,0.0,0.38552378108909185,0.34088959380364825,0.555,0.5340329330426421
1503,5850.0,6442.0,1325.0,0.0025,0,0,0.0,0,0.002221932524469936,0,0.0,0,0.0,0.27099200403208507,2.1334980322644737,0.555,0.5338929375057051
1504,7306.977,5770.591,1186.0,0.007,0,0,0.0,0,0.056526467002980425,0,0.0,0,0.0,0.6376558630136808,0.9371324913528225,0.17964990763046554,0.5336926904574937
1505,6766.474,4993.114,1117.299,0.017,0,0,0.0,0,0.01720737198528401,0,0.0,0,0.01,0.3270633553995527,1.2800928713935011,0.555,0.5335969134936823
1506,5407.893,6351.173,1320.0,0.0025,0,0,0.0,0,0.012882712404711665,0,0.0,0,0.0,0.28009205566249185,0.3308451463821368,0.555,0.533170362640358
1507,4815.0,5866.0,1018.0,0.023,0,0,0.2,0,0.36172823882650873,0,0.0,0,0.0,0.4656403731340618,0.04348178013501865,0.1867157979021039,0.5330906879057408
1508,5105.85,8323.0,360.0,0.006,0,0,0.0,0,0.00044492607298754635,1,0.6666666666666666,0,0.05,0.3227956335986715,5.610408588475192,0.1867157979021039,0.5329837297077987
1509,4696.846,6207.026,1085.0,0.067,0,0,0.4,1,0.7294292926503808,0,0.06719367588932806,0,0.11,3.194045495698846,1.7660814443609953,0.1867157979021039,0.5328829251332916
1510,5842.0,6145.0,1272.0,0.0025,0,0,0.0,0,0.006981735399379965,0,0.0,0,0.0,0.27099200403208507,0.5857380905304519,0.555,0.5328018735522781
1511,4653.335,6315.891,1063.0,0.246,1,1,0.6,1,0.7297280443926604,1,1.0,1,0.88,0.43842382050558065,1.400411746810183,0.722991173496274,0.5327660902651095
1512,10460.726,9162.846,1276.0,0.0025,0,0,0.0,0,0.0005251706045603941,0,0.0,0,0.03,0.31339200632907266,5.229217722461137,0.1867157979021039,0.5323182190093806
1513,6983.0,7895.0,964.0,0.007,0,0,0.0,0,0.1354454838168162,0,0.0,0,0.0,0.5383649191790223,0.5943522609209726,0.37251395480634897,0.5317844584857653
1514,8548.67,5806.69,1341.28,0.0025,0,0,0.0,0,0.0018193711863014547,0,0.0,0,0.0,0.27099200403208507,1.303730469213119,0.555,0.5312040599418132
1515,5560.397,6800.527,1156.639,0.657,1,0,0.4,0,0.4709098479421657,0,0.38461538461538464,1,0.82,0.4179477357230701,0.6875636327540974,0.6181337712268828,0.5308535634114909
1516,6162.162,7450.71,977.0,0.646,1,0,0.4,0,0.013633600681772025,0,0.0,0,0.03,0.5406901029897719,0.8413109614423471,0.1867157979021039,0.5308236674649689
1517,3310.345,6922.672,20.0,0.019,0,0,0.0,0,0.00010238927723117962,0,0.0,0,0.04,0.2850098579325963,-0.7398510397179059,0.1867157979021039,0.5306170605920206
1518,7232.238,4423.497,923.0,0.0025,0,0,0.0,0,0.008201664912409541,0,0.0,0,0.0,0.2823718422498906,3.118007780715982,0.17964990763046554,0.5303382704222387
1519,4933.863,6580.251,1080.0,0.015,0,0,0.0,0,0.013226375664076168,0,0.0,0,0.0,0.3478238985318011,1.0680317134522217,0.555,0.5299184190286044
1520,10884.151,6855.847,1420.0,0.0025,0,0,0.0,0,0.011578570560512404,0,0.0,0,0.04,0.4615379354832948,1.1240107413868727,0.37251395480634897,0.5298040433175123
1521,5073.0,6630.0,1049.0,0.028,0,0,0.2,0,0.3081982176938138,0,0.0,0,0.13,0.20344797290742966,-0.15998111029039352,0.4765442467801234,0.5298007449342044
1522,9431.033,6312.041,1496.709,0.006,0,0,0.0,0,0.031014077251810265,0,0.06719367588932806,0,0.01,0.3251514733447335,0.5419911941920008,0.555,0.5297242580743504
1523,7372.0,7821.0,1093.0,0.005,0,0,0.2,0,0.07314302579093171,0,0.0,0,0.01,1.0364103074989914,0.9127991716973711,0.6375954356047695,0.5292458210816318
1524,9784.293,6633.692,1408.6,0.01,0,0,0.0,0,0.0367078313685626,0,0.0,0,0.0,0.7041142092033397,1.4081491044907652,0.6375954356047695,0.5292339428730463
1525,7754.0,6544.0,1290.0,0.0025,0,0,0.0,0,0.004391329158219392,0,0.0,0,0.0,0.38552378108909185,1.2293766867534581,0.555,0.5286619453109075
1526,8879.033,8654.444,1019.0,0.0025,0,0,0.0,0,0.001101120919445511,0,0.0,0,0.0,0.28009205566249185,2.0702744315986155,0.555,0.5276280518764469
1527,10005.0,9001.0,1187.0,0.0025,0,0,0.0,0,0.0018039527790780277,0,0.0,0,0.0,0.38552378108909185,1.393623518296486,0.555,0.5266827231030582
1528,9915.388,6636.172,1453.0,0.0025,0,0,0.0,0,0.0020354481054108975,0,0.0,0,0.0,0.38552378108909185,0.8897845766398123,0.555,0.5265135444607331
1529,4687.6,7912.45,326.0,0.006,0,0,0.0,0,0.0011641241015008812,0,0.0,0,0.0,0.4174771255075812,-0.2666147933410802,0.1867157979021039,0.5262871392825931
1530,5163.129,6312.125,1302.0,0.0025,0,0,0.0,0,0.06830457377663048,0,0.0,0,0.0,0.5592526272411601,0.5993952026731064,0.17964990763046554,0.5262722825522115
1531,5648.0,6381.0,1349.0,0.0025,0,0,0.0,0,0.004691005960819522,0,0.0,0,0.0,0.38552378108909185,1.0417485309456977,0.555,0.5262040500641058
1532,4813.369,6129.726,1178.0,0.005,0,0,0.0,0,0.026919641506034868,0,0.0,0,0.0,0.28793994502396375,0.0257657563464741,0.17964990763046554,0.5255704915571152
1533,6736.715,6504.185,1229.269,0.008,0,0,0.2,0,0.21022811761754936,0,0.0,0,0.02,0.3275380915496576,0.32329762006590546,0.6375954356047695,0.5255055224087849
1534,6227.834,8305.679,650.0,0.012,0,0,0.0,0,0.15339862795498005,0,0.06719367588932806,0,0.01,3.072253836069082,0.8228229567255929,0.1867157979021039,0.5252110822015683
1535,5105.83,8322.0,360.0,0.0025,0,0,0.0,0,0.00011305003811796948,0,0.0,0,0.01,0.8020866269231682,5.185319063610326,0.17964990763046554,0.5247520719890446
1536,4183.024,7636.848,196.69,0.018,0,0,0.0,0,0.0037403339172200362,0,0.06719367588932806,0,0.01,1.1397722206627607,0.3526336344983201,0.1867157979021039,0.5246217523991854
1537,4817.645,6132.79,1178.0,0.0025,0,0,0.0,0,0.02827065014909035,0,0.0,0,0.0,0.3596695653564899,0.13848065307201335,0.17964990763046554,0.5243212718645903
1538,3862.251,6485.861,510.0,0.028,0,0,0.0,0,0.22988261618310596,0,0.0,0,0.02,0.4385651195697785,0.8782538548815216,0.37251395480634897,0.5242834349997404
1539,8606.778,5875.272,1436.569,0.005,0,0,0.2,0,0.10333240219259121,0,0.0,0,0.03,1.3850928397310818,0.49523658460105,0.1867157979021039,0.5242473481027724
1540,9361.382,6661.742,1417.3,0.0025,0,0,0.0,0,0.004729494351881164,0,0.0,0,0.0,0.38552378108909185,0.8789956239667782,0.555,0.5241786967580782
1541,6872.263,8977.7,624.0,0.0025,0,0,0.0,0,0.0021563915700776736,0,0.0,0,0.03,0.2245857854535507,0.10360239440550095,0.17964990763046554,0.5241236263201259
1542,5664.0,6310.0,1336.0,0.005,0,0,0.0,0,0.0037515037026730337,0,0.0,0,0.0,0.28009205566249185,1.0449164698452162,0.555,0.5234911071282853
1543,7359.267,8649.93,635.17,0.0025,0,0,0.0,0,0.003146622159035923,0,0.0,0,0.0,0.4620836355616785,0.12416243069814346,0.1867157979021039,0.523030771684588
1544,4632.452,6103.056,1039.0,0.011,0,0,0.0,0,0.002458538402266964,0,0.02702702702702703,0,0.02,0.31892907400416276,-0.2062355106131093,0.555,0.522741047789712
1545,4820.35,6134.421,1178.0,0.005,0,0,0.0,0,0.02975592953221296,0,0.0,0,0.01,0.2879399450239638,-0.08185501422870099,0.1867157979021039,0.5225612094668491
1546,5236.634,6403.641,1236.0,0.0025,0,0,0.0,0,0.012795700459907935,0,0.0,0,0.0,0.38552378108909185,0.7812432805697458,0.555,0.5221203749978715
1547,7595.705,7475.786,1208.0,0.0025,0,0,0.0,0,0.030669640852904818,0,0.0,0,0.0,0.2768455490152389,0.8374504726505382,0.17964990763046554,0.5218622544961667
1548,13292.89,7617.222,1431.0,0.0025,0,0,0.0,0,0.010762642262987693,0,0.0,0,0.0,1.3465820104867752,1.3273939727821082,0.17964990763046554,0.5214091403435648
1549,4897.314,6639.522,1068.0,0.01,0,0,0.0,0,0.04143748268163234,0,0.0,0,0.01,0.6563635562516308,0.06404520026008105,0.555,0.5199097604236295
1550,4641.015,6340.459,1016.7,0.023,0,0,0.0,0,0.14349964551526712,0,0.0,0,0.06,0.2504933982232629,0.6088581911845858,0.37251395480634897,0.5199076961388328
1551,4309.524,6338.249,825.0,0.005,0,0,0.0,0,0.0047792989243510865,0,0.0,0,0.0,0.3065469795501437,0.9549501174217354,0.555,0.5198892775675669
1552,5682.075,3747.497,969.12,0.012,0,0,0.0,0,0.32086025500371423,0,0.0,0,0.14,1.0279626331557463,0.8191550196402596,0.21397319850419855,0.5197003829521896
1553,5006.964,6547.981,1146.899,0.01,0,0,0.0,0,0.023202989422415075,0,0.0,0,0.0,0.7512846633543468,0.6359269628085856,0.17964990763046554,0.5195585690137577
1554,7823.0,7392.0,1133.0,0.0025,0,0,0.0,0,0.042541929346618594,0,0.0,0,0.01,0.5241764983351281,1.2234797520050944,0.17964990763046554,0.5194815002983926
1555,6504.013,7693.299,951.059,0.013,0,0,0.0,0,0.12175663852336484,0,0.06818181818181818,0,0.01,0.64503390054001,0.7597765324539335,0.1867157979021039,0.5194253292751173
1556,15215.853,8958.177,1392.959,0.008,0,0,0.0,0,0.004053464417885614,0,0.0,0,0.0,0.28009205566249185,2.885739630512366,0.1867157979021039,0.5189776481231156
1557,8628.965,6719.967,1375.089,0.008,0,0,0.0,0,0.10379366956235427,0,0.0,0,0.04,1.2626317675957817,0.5658886529818026,0.17964990763046554,0.5186651504284354
1558,8050.927,5914.231,1378.58,0.024,0,0,0.0,0,0.28013844635334834,0,0.06719367588932806,0,0.1,0.5352063965660936,0.8192675783287038,0.1867157979021039,0.5184348699095037
1559,12971.0,6609.0,1524.0,0.005,0,0,0.2,0,0.06271333100361344,0,0.06719367588932806,0,0.24,0.3900944131800162,0.21982230136661335,0.4765442467801234,0.5179287357183562
1560,5560.612,6970.5,1002.42,0.0025,0,0,0.0,0,0.004865447620605422,0,0.0,0,0.0,0.3065469795501437,1.1849427151025824,0.555,0.5178910208159269
1561,11124.085,6882.425,1385.65,0.005,0,0,0.0,0,0.00014363256634303934,0,0.0,0,0.0,0.3204909396358369,-0.5931183945656434,0.1867157979021039,0.5176653648460485
1562,7436.362,4377.58,944.0,0.0025,0,0,0.0,0,0.014754893494418091,0,0.0,0,0.0,0.2823718422498906,2.7359329075981798,0.17964990763046554,0.5172726799692151
1563,6269.458,8200.522,731.0,0.0025,0,0,0.0,0,0.1649076244685664,0,0.06818181818181818,0,0.01,0.21813474561844415,0.8028991516618618,0.6375954356047695,0.5169986417198695
1564,5110.048,6320.006,1292.959,0.007,0,0,0.0,0,0.0024519688422677054,0,0.0,0,0.0,0.38552378108909185,0.4810684752069707,0.555,0.5167445019624058
1565,5488.0,6538.0,1217.0,0.005,0,0,0.0,0,0.007044425099101872,0,0.0,0,0.0,1.3240931896326185,1.5147643526248435,0.1867157979021039,0.516373469074012
1566,5350.305,7950.648,621.0,0.0025,0,0,0.0,0,0.042693215060689085,0,0.0,0,0.03,0.5831197813353244,0.7125722814796467,0.17964990763046554,0.5161394116991244
1567,6847.0,6690.0,1358.0,0.0025,0,0,0.0,0,0.006668282440907003,0,0.0,0,0.0,0.28009205566249196,0.9202274937129079,0.555,0.5157851310355959
1568,4879.0,6217.0,1172.0,0.0025,0,0,0.0,0,0.003900817316130279,0,0.0,0,0.0,0.38552378108909185,0.9223213384504694,0.555,0.5155260178441918
1569,10403.693,6047.974,1485.0,0.0025,0,0,0.0,0,0.006607028936548829,0,0.0,0,0.01,0.38552378108909185,0.845817194488773,0.555,0.5153448811468835
1570,5203.0,3730.0,877.0,0.0025,0,1,0.6,0,0.3956334941415704,0,0.0,0,0.14,0.7912256330592696,0.9530611844278114,0.21397319850419855,0.5149335246375474
1571,5531.158,7963.812,610.0,0.0025,0,0,0.0,0,0.013274152403034464,0,0.0,0,0.0,0.34281747369264054,0.6675225477350929,0.17964990763046554,0.5147495874484174
1572,4822.481,6135.919,1178.0,0.0025,0,0,0.0,0,0.011775622692859073,0,0.0,0,0.0,0.35248813472866225,0.33615374114148205,0.17964990763046554,0.5145935635132399
1573,4985.997,8193.225,400.0,0.007,0,0,0.0,0,0.02884413544250649,0,0.0,0,0.07,0.24285092387734078,-0.3773911523217594,2.571601384670821,0.5145095773096421
1574,26.0,9211.0,817.0,0.0025,0,0,0.0,0,0.03273767192103339,0,0.0,0,0.01,0.3486912567814475,0.2604292587036084,0.6375954356047695,0.5144221864504808
1575,5870.247,7706.339,777.0,0.0025,0,0,0.0,0,0.08155889763835844,0,0.0,0,0.02,0.5202116332352162,0.5903788456482654,0.37251395480634897,0.514298329223487
1576,7615.0,7430.0,1216.0,0.028,0,0,0.0,0,0.022877214003660055,0,0.0,0,0.0,0.18243922873878227,0.13885124943675062,0.37251395480634897,0.5140449257261716
1577,4886.0,6801.0,926.0,0.308,1,0,0.4,0,0.2659299615874125,1,1.0,1,0.72,0.559428180715102,1.2865953325822623,1.1783710079833332,0.5134955185246373
1578,10865.939,6284.559,1508.86,0.006,0,0,0.0,0,0.06080694923306034,0,0.03278688524590164,0,0.0,0.772691519198695,0.60937928169545,0.17964990763046554,0.5132952908037154
1579,5258.0,6370.0,1252.0,0.0025,0,0,0.0,0,0.016827877346565337,0,0.0,0,0.01,0.38552378108909185,0.294936076625678,0.555,0.5132827032215499
1580,4390.621,7631.221,361.0,0.0025,0,0,0.0,0,0.00025349354718237247,0,0.0,0,0.0,0.5114419354304174,0.9062424351154694,0.555,0.5130155253070672
1581,7868.927,5392.414,1461.0,0.011,0,0,0.0,0,0.025730932275466988,0,0.03278688524590164,0,0.0,0.32870654023310814,0.35155313722459225,0.17964990763046554,0.5125897352929386
1582,7039.0,4179.0,887.0,0.015,0,0,0.0,0,0.09219728191298748,0,0.06719367588932806,0,0.11,3.340256228779095,1.2256637377838815,0.1867157979021039,0.5124421009382263
1583,4997.0,6855.0,911.0,0.019,0,0,0.2,0,0.3862471382462785,0,0.0,0,0.05,1.1157901245446196,0.9787978088201963,0.37251395480634897,0.5123025080912355
1584,7474.984,9394.083,1040.08,0.0025,0,0,0.2,0,0.0034607425609418626,0,0.0,0,0.03,0.36119104902073157,1.5859005977542322,0.6929999999999998,0.5120852303467583
1585,8183.008,6994.023,1317.179,0.01,0,0,0.0,0,0.05360614552840922,0,0.06719367588932806,0,0.02,0.344403436502582,0.41710490166097736,0.1867157979021039,0.512048121767607
1586,4931.0,6656.0,1040.0,0.422,1,0,0.4,1,0.5522429699413862,0,0.07142857142857142,1,0.73,1.0415557013904544,1.222954243540193,0.722991173496274,0.5119292702517233
1587,8402.877,4944.364,1182.22,0.02,0,0,0.2,0,0.04776750517698006,0,0.06719367588932806,0,0.08,0.23405307363468564,0.624404843766581,0.1867157979021039,0.5118899107579118
1588,4272.918,6310.418,807.0,0.008,0,0,0.0,0,0.00874563753715189,0,0.0,0,0.0,0.6456221221577562,0.6731747308270697,0.555,0.5117955058931625
1589,4448.574,6502.089,832.0,0.463,1,0,0.2,0,0.14584805371459042,1,1.0,0,0.39,0.38006176183292295,0.5396337074164081,0.1867157979021039,0.5117916249620491
1590,5642.476,7842.945,697.0,0.006,0,0,0.0,0,0.16756606340966804,0,0.0,0,0.0,3.072253836069082,0.8627392301539597,1.377,0.5115374530092913
1591,5065.2,6581.0,1094.0,0.011,0,0,0.0,0,0.02758322801269407,0,0.06719367588932806,0,0.0,0.26154697431436547,0.10538502454988806,0.17964990763046554,0.5112523302378134
1592,7316.0,5338.0,1373.0,0.0025,0,0,0.0,0,0.002285657775527848,0,0.0,0,0.0,0.3274420295532055,3.4108049980488317,0.555,0.5103378764922423
1593,9512.361,5371.409,1342.289,0.015,0,0,0.0,0,0.018223223326122737,0,0.0,0,0.01,0.24033544031281104,0.7491039201848884,0.555,0.5102927659690468
1594,16047.285,9179.101,1375.689,0.046,0,0,0.2,0,3.759056936213115e-05,1,1.0,0,0.37,0.4148376876106746,0.06514061746566259,10.665890931652221,0.5099032433216196
1595,5672.192,6625.17,1218.0,0.544,1,1,0.6,1,0.7958886003081315,1,1.0,1,0.72,0.32801416288798924,0.7548116873896442,0.21397319850419855,0.5096565766685714
1596,6171.418,7391.818,1024.0,0.193,1,1,0.8,0,0.25015570857436753,1,0.8947368421052632,1,0.79,1.8544137167564863,0.7289609375934027,0.6181337712268828,0.5092762963600602
1597,4926.39,6626.541,1066.0,0.475,1,0,0.2,0,0.056726250859308894,1,1.0,0,0.22,0.6456221221577562,0.3015218234176557,0.4765442467801234,0.5092313914658232
1598,9016.0,5096.0,1190.0,0.0025,0,0,0.0,0,0.018951615846470544,0,0.0,0,0.0,0.3251514733447335,0.8133450961713553,0.17964990763046554,0.509173391911049
1599,7610.0,6650.0,1284.0,0.018,0,0,0.0,0,0.0005654997596140944,0,0.0,0,0.0,0.38552378108909185,1.0319126717860052,0.555,0.5091211277529772
1600,5835.0,6038.0,1232.0,0.0025,0,0,0.0,0,0.001191350987915585,0,0.0,0,0.0,0.38552378108909185,0.8812780584841591,0.555,0.5089572855973036
1601,4687.0,7919.0,313.0,0.007,0,0,0.0,0,0.0002656055950908397,0,0.06719367588932806,0,0.03,0.30560433105985907,-0.5658649921423387,0.1867157979021039,0.5087558552945396
1602,4620.0,6407.0,998.0,0.047,0,0,0.0,0,0.002615771148947716,0,0.0,0,0.02,0.2897314518829461,0.2731922629590781,0.555,0.5087480305391278
1603,5098.834,6331.705,1295.0,0.005,0,0,0.0,0,0.02936212427659859,0,0.02702702702702703,0,0.01,0.3979290805919187,-0.13060419619833344,0.555,0.5082037151039892
1604,5739.666,6437.321,1336.0,0.006,0,0,0.0,0,0.2216130878255709,0,0.0,0,0.03,0.3287624169657234,0.19439107710334105,0.6375954356047695,0.5075785548341691
1605,5334.076,6546.709,1146.0,0.013,0,0,0.2,0,0.11526743008177091,0,0.0,0,0.02,0.6603562144717818,0.052646266939246684,0.555,0.5075603677997561
1606,12831.31,6542.322,1529.17,0.0025,0,0,0.0,0,0.002571668610489447,0,0.0,0,0.0,0.4215476378590439,2.1400278906507593,0.555,0.507299493562263
1607,7450.437,5620.751,1286.0,0.0025,0,0,0.0,0,0.004069778514109581,0,0.0,0,0.01,0.28009205566249185,1.5544621220070654,0.555,0.5071330109105886
1608,8439.0,5192.0,1254.0,0.0025,0,0,0.0,0,0.0034238004901588097,0,0.0,0,0.0,0.28009205566249185,3.3707414879259243,0.555,0.5065196981122062
1609,5068.0,6993.0,858.0,0.0025,0,0,0.0,0,0.0024867441343860803,0,0.0,0,0.0,0.3270633553995527,2.294047129768672,0.555,0.5064221855515392
1610,5636.0,6208.0,1246.0,0.043,0,0,0.4,0,0.0664590350258079,0,0.0,0,0.08,0.31042284975428286,-0.07284023811117403,0.1867157979021039,0.5057698583478771
1611,4896.0,6357.0,1250.0,0.006,0,0,0.4,0,0.03096693020011291,0,0.0,0,0.02,0.3526806104952262,0.13815497583353306,0.6375954356047695,0.5057156078289099
1612,9227.545,6670.634,1402.869,0.0025,0,0,0.0,0,0.004344737399598352,0,0.0,0,0.0,0.38552378108909185,2.1261024837044493,0.555,0.505389140836141
1613,5225.0,6407.0,1231.0,0.008,0,0,0.0,0,0.012642741129335494,0,0.0,0,0.03,0.4342754772840126,0.21607291720195676,0.555,0.5049324630345224
1614,4500.0,7796.0,333.0,0.006,0,0,0.2,0,0.06597995591967967,0,0.06818181818181818,0,0.07,2.8012899384595498,0.5218721847094827,0.1867157979021039,0.5048627299780517
1615,5675.0,6015.0,1162.0,0.0025,0,0,0.0,0,0.0018501469245315563,0,0.0,0,0.0,0.28009205566249185,0.9016413437418167,0.555,0.5047150648473481
1616,4749.609,6228.706,1102.0,0.351,1,1,0.8,1,0.7827303215773903,1,0.8947368421052632,1,0.8,0.8085380764918022,0.9132339104254302,0.722991173496274,0.5045788529066194
1617,9571.773,5811.561,1410.489,0.0025,0,0,0.4,0,0.04307059955746856,0,0.06818181818181818,0,0.04,0.4998405783429457,0.8964932796093685,0.6375954356047695,0.5045410609766783
1618,8678.013,6675.971,1375.089,0.008,0,0,0.2,0,0.33485651841826797,0,0.0,0,0.11,0.6404400737391165,1.1540106986286733,0.37251395480634897,0.5043041228482996
1619,7777.029,9421.947,1001.08,0.047,0,0,0.4,0,0.28058170115576475,0,0.0,0,0.16,0.6345137980870095,0.8052731832869471,0.21397319850419855,0.5042997778789834
1620,8901.754,8800.469,1050.12,0.006,0,0,0.0,0,0.0018563373952989132,0,0.0,0,0.0,0.3979290805919187,0.8108324938949141,0.17964990763046554,0.5042822355035342
1621,5437.789,6313.731,1305.0,0.039,0,0,0.0,0,0.05472352800335206,0,0.0,0,0.01,0.4785933390057144,0.2672120846423702,0.17964990763046554,0.5037017395004746
1622,11971.046,5960.377,1509.829,0.005,0,0,0.0,0,0.03360810138239454,0,0.0,0,0.03,0.7971074893040758,0.9265820097636431,0.555,0.5031569473129313
1623,4846.925,6213.846,1157.0,0.017,0,0,0.2,0,0.0417436456869403,0,0.02702702702702703,0,0.01,0.8213559576625606,1.0276332021357422,0.555,0.502278944787288
1624,3969.182,6290.314,626.0,0.011,0,0,0.0,0,0.007683381043110331,0,0.06719367588932806,0,0.01,0.6603562144717818,0.6594082769663092,0.17964990763046554,0.5022511538208732
1625,5123.258,6357.067,1291.0,0.0025,0,0,0.0,0,0.01945136299298184,0,0.0,0,0.01,0.28009205566249185,0.11112321889347486,0.555,0.5017798860327118
1626,5414.602,7890.204,657.0,0.005,0,0,0.0,0,0.29580120814941785,0,0.0,0,0.02,0.786237962113091,0.7674155110644167,0.17964990763046554,0.5016956854455079
1627,7723.405,7197.07,1270.0,0.0025,0,0,0.0,0,0.10400441343893069,0,0.0,0,0.02,1.8672929220728591,0.7620465057455563,0.37251395480634897,0.5011400418119349
1628,10305.26,6105.792,1479.71,0.011,0,0,0.0,0,0.07592228352045023,0,0.06818181818181818,0,0.01,0.7138818484676925,0.5255989751829885,0.6375954356047695,0.5011111999580765
1629,10746.435,5781.052,1519.0,0.0025,0,0,0.2,0,0.03385525048380572,0,0.0,0,0.0,0.4222637116468276,0.3010849015555743,0.37251395480634897,0.5010984130437837
1630,9460.0,6415.0,1506.0,0.0025,0,0,0.2,0,0.12662606112183206,0,0.03278688524590164,0,0.06,0.41561996764674347,0.8512572282262343,0.37251395480634897,0.5008754859044416
1631,5106.28,8329.074,355.0,0.027,0,0,0.2,0,0.363542157589122,1,0.7,0,0.1,1.2802904811759137,0.016284909170583464,0.21397319850419855,0.5008201627298476
1632,6352.0,7618.0,898.0,0.005,0,0,0.0,0,0.032053703144802145,0,0.0,0,0.0,0.36322570785681424,0.9445170026627877,0.17964990763046554,0.5005275365250181
1633,15961.376,9122.193,1395.149,0.013,0,0,0.0,0,0.0023393866000744994,0,0.0,0,0.01,0.28009205566249185,1.696026119102257,0.555,0.5004743093775106
1634,7225.0,6643.0,1289.0,0.0025,0,0,0.0,0,0.00474385936826653,0,0.0,0,0.0,0.28009205566249185,1.6668442503770668,0.555,0.5003804782634235
1635,7128.681,8945.348,672.58,0.0025,0,0,0.0,0,0.0019864726538279583,0,0.0,0,0.01,0.21563460419787941,-0.18417247311135648,0.1867157979021039,0.5000287804251331
1636,10924.817,6010.615,1523.0,0.0025,0,0,0.0,0,0.02467246441144117,0,0.0,0,0.0,0.4954050746193628,1.1575233176214486,0.37251395480634897,0.4999889095345076
1637,5557.228,8030.05,569.0,0.0025,0,0,0.0,0,0.0738252012896923,0,0.0,0,0.0,0.2748189640429631,0.41675993935758604,0.17964990763046554,0.49996290340073596
1638,5292.0,6407.0,1250.0,0.037,0,0,0.0,0,0.09097529126076538,0,0.06719367588932806,0,0.05,0.9649406259836083,-0.07714539378533847,0.4765442467801234,0.49837145103632785
1639,13273.551,7773.733,1386.92,0.0025,0,0,0.0,0,0.03013145386224436,0,0.0,0,0.01,0.32120414961575605,0.9621872188691766,0.17964990763046554,0.497646859877889
1640,5107.28,8318.73,361.0,0.0025,0,0,0.0,0,0.0004948240015332893,0,0.0,0,0.0,0.7499293920838903,2.414215493988166,0.17964990763046554,0.49665538711603097
1641,13481.987,7834.53,1461.28,0.093,0,0,0.0,0,0.03519946240542901,1,1.0,0,0.35,0.43103395344738515,0.1829896218244288,0.6181337712268828,0.4963956417187533
1642,10299.045,6102.594,1500.0,0.014,0,0,0.0,0,0.0862055486778612,0,0.06818181818181818,0,0.01,0.32691826581581124,0.9052929017302971,0.6375954356047695,0.49630223962553605
1643,10782.41,6115.233,1459.0,0.007,0,0,0.0,0,0.06991855640592282,0,0.0,0,0.0,0.7300573108156975,0.7637890808908792,0.17964990763046554,0.49548900592133993
1644,7985.52,5480.849,1514.0,0.096,0,0,0.0,0,0.04040689487847638,0,0.06719367588932806,0,0.06,0.21463766824256172,0.38050946264424607,1.7429999999999999,0.49501713244617196
1645,4875.0,5989.0,1102.0,0.007,0,0,0.0,0,0.039789915132905355,0,0.0,0,0.0,0.3353819945746854,0.6231925183633094,0.17964990763046554,0.4949062254755876
1646,6681.0,6855.0,1300.0,0.0025,0,0,0.0,0,0.02611206208400769,0,0.0,0,0.0,0.28009205566249185,1.6145501132998925,0.555,0.4947989065806343
1647,9454.029,5302.049,1301.459,0.007,0,0,0.0,0,0.09589234566845443,0,0.06818181818181818,0,0.01,0.8582506738470685,0.7575768956959474,0.37251395480634897,0.49459159031909944
1648,10160.057,6251.813,1537.0,0.0025,0,0,0.0,0,0.0161932749132896,0,0.03278688524590164,0,0.01,0.26108452669192095,-0.21835671665909603,0.1867157979021039,0.493800732559189
1649,4814.979,6131.063,1178.0,0.0025,0,0,0.0,0,0.027210238669772128,0,0.0,0,0.0,0.7072978991643355,0.6235524406490911,0.17964990763046554,0.49374140725762317
1650,5760.749,8300.895,690.999,0.038,0,0,0.0,0,0.01551241693541872,0,0.0,0,0.03,0.6862048386760107,-0.01574114088436651,0.1867157979021039,0.49322029232962494
1651,4687.75,7910.9,316.0,0.0025,0,0,0.0,0,0.0046558663930847,0,0.0,0,0.0,0.5176798114726735,-0.09414921174375865,0.17964990763046554,0.49316229295045944
1652,5382.0,6414.0,1268.0,0.005,0,0,0.0,0,0.013356735236109833,0,0.0,0,0.01,0.39251483680423993,0.3388097329003113,0.555,0.4928931052831289
1653,9481.0,6465.0,1504.0,0.0025,0,0,0.0,0,0.049043956462557624,0,0.03278688524590164,0,0.0,0.6291375355152676,1.5167267768147488,0.37251395480634897,0.4927583945289044
1654,10736.495,5788.955,1512.0,0.005,0,0,0.0,0,0.03368785179625793,0,0.06719367588932806,0,0.11,0.349253393167018,0.2750280366510046,0.1867157979021039,0.49244932163123767
1655,5040.0,6497.0,1140.0,0.0025,0,0,0.0,0,0.015250048973913433,0,0.0,0,0.01,0.28009205566249185,1.4610178945922982,0.555,0.4921419100092445
1656,7694.761,7222.483,1271.0,0.007,0,0,0.0,0,0.14224086145862022,0,0.06818181818181818,0,0.01,0.37617871150989646,0.646225940098437,0.37251395480634897,0.4917380067019232
1657,6165.021,7407.497,1008.0,0.006,0,0,0.4,0,0.1528022993756048,0,0.03278688524590164,0,0.01,0.7556990079866456,0.5865567411535062,0.37251395480634897,0.49143978594414545
1658,5422.146,6356.866,1317.0,0.014,0,0,0.0,0,0.017734733596856244,0,0.0,0,0.02,0.38552378108909185,0.2588820163747467,0.555,0.4914075399509238
1659,5506.205,8010.576,580.0,0.0025,0,0,0.0,0,0.03089986661091226,0,0.0,0,0.01,0.5590160451331694,-0.08673072062994219,0.6375954356047695,0.49131893671438576
1660,7879.174,5764.615,1465.839,0.006,0,0,0.2,0,0.1132273699126958,0,0.06719367588932806,0,0.05,0.9816794443744505,0.43636264733533203,0.1867157979021039,0.491306354074221
1661,6618.0,7235.0,1093.0,0.0025,0,0,0.0,0,0.007936075914782834,0,0.0,0,0.0,0.28009205566249185,2.33124676483444,0.555,0.4912746022010557
1662,6614.474,7625.654,1054.389,0.09,0,0,0.2,0,0.15330740072476304,0,0.06818181818181818,0,0.05,1.6429742373718794,0.6843734058399,0.37251395480634897,0.49122797039016863
1663,10163.711,6252.092,1530.0,0.024,0,0,0.0,0,0.029042483170340878,0,0.06719367588932806,0,0.06,0.27395035537032897,0.5990931716129618,0.1867157979021039,0.49122040608102296
1664,7831.989,5577.365,1399.449,0.005,0,0,0.0,0,0.04196627119730182,0,0.06719367588932806,0,0.01,0.7496229928339706,0.7024589741669931,0.37251395480634897,0.48902740403468314
1665,12101.296,5681.129,1419.069,0.0025,0,0,0.0,0,0.07266255683562883,0,0.0,0,0.06,0.6456221221577562,0.9358127285015514,0.1867157979021039,0.4887577430857889
1666,3884.067,6550.643,511.0,0.013,0,0,0.0,0,0.007021379080520778,0,0.0,0,0.02,0.4215476378590439,0.41171959461512864,0.1867157979021039,0.48871764359295916
1667,6761.0,7989.0,940.0,0.0025,0,0,0.2,0,0.023521959511504945,0,0.0,0,0.01,0.38552378108909185,3.051636339901512,0.555,0.4880907511914999
1668,5497.623,6490.076,1250.0,0.06,0,0,0.0,0,0.0026721483251833053,0,0.0,0,0.0,0.38552378108909185,0.8966735723037925,0.555,0.48805011195861675
1669,9402.0,6294.0,1509.0,0.0025,0,0,0.0,0,0.07040326490333382,0,0.03278688524590164,0,0.01,0.4703520266465486,0.6998285534940913,0.37251395480634897,0.4875539892198426
1670,4845.201,6214.071,1157.0,0.006,0,0,0.0,0,0.00671905857267039,0,0.0,0,0.0,0.3879913368548482,0.1914715249156067,0.555,0.48744301739380413
1671,11283.884,6384.383,1465.95,0.0025,0,0,0.0,0,0.002374107204056652,0,0.0,0,0.0,0.38552378108909185,0.6681789491090142,0.1867157979021039,0.4873307775470468
1672,9444.0,6426.0,1495.0,0.006,0,0,0.0,0,0.08128381290529267,0,0.03278688524590164,0,0.01,0.4560910772311464,0.9600335458480207,0.37251395480634897,0.4872968698371475
1673,5295.573,8026.062,567.0,0.009,0,0,0.0,0,0.03854955098420627,0,0.0,0,0.02,0.36887483222919454,0.2488117550524379,0.1867157979021039,0.48714445494314607
1674,10827.774,5969.127,1502.0,0.0025,0,0,0.2,0,0.016173175709194115,0,0.0,0,0.01,0.937263696741891,1.0818666385398092,0.37251395480634897,0.48697399868549335
1675,6349.78,7849.143,929.0,0.0025,0,0,0.0,0,0.01837257978225852,0,0.0,0,0.02,1.246038143384963,1.3191866689206613,0.17964990763046554,0.4866768903765757
1676,6363.0,7674.0,879.0,0.007,0,0,0.0,0,0.08072325657624514,0,0.06719367588932806,0,0.01,0.7192643640218126,1.6826452858717436,0.17964990763046554,0.48635460948678505
1677,3943.527,6421.15,586.0,0.01,0,0,0.2,0,0.06484709788188575,0,0.0,0,0.01,0.8314774929919642,0.49318233978312864,0.555,0.48552947876438723
1678,3967.317,6290.059,626.0,0.006,0,0,0.0,0,0.004607646445944792,0,0.0,0,0.0,0.6603562144717818,0.5490123953934739,0.555,0.48471610444341917
1679,7634.0,7420.0,1220.0,0.011,0,0,0.0,0,0.05397589639393007,0,0.06818181818181818,0,0.05,0.3798396859361727,0.39087882955165415,0.37251395480634897,0.48435838783371415
1680,7472.0,7511.0,1245.0,0.008,0,0,0.0,0,0.22554240969742062,0,0.06719367588932806,0,0.02,0.2335829482240772,1.0726207803234664,0.4765442467801234,0.48422928502775897
1681,9437.991,6308.0,1496.709,0.008,0,0,0.0,0,0.059315598378581864,0,0.06719367588932806,0,0.05,0.37190889816946904,0.5837633527039184,0.4765442467801234,0.4837880624144073
1682,7843.0,7359.0,1144.0,0.0025,0,0,0.0,0,0.13101991440627417,0,0.03278688524590164,0,0.02,0.4022518705207637,0.5735600480939144,0.37251395480634897,0.4829558339441676
1683,6482.379,8362.637,730.0,0.018,0,0,0.0,0,0.0019312117657772825,0,0.0,0,0.01,0.6106401561338004,-0.46781445421166246,0.1867157979021039,0.4828210467843256
1684,13113.231,6578.797,1538.0,0.021,0,0,0.0,0,0.004689933836147439,0,0.0,0,0.01,0.3275380915496576,-0.1786073166306003,0.1867157979021039,0.4826193401653621
1685,5387.0,6442.0,1265.0,0.0025,0,0,0.0,0,0.002297255109337465,0,0.0,0,0.0,0.38552378108909185,1.0189322938855632,0.555,0.482459828663712
1686,21562.0,2883.0,1392.0,0.02,0,0,0.0,0,0.021359619287199722,0,0.0,0,0.01,0.21590066710397443,-0.6138428033791936,0.17964990763046554,0.48236875378081046
1687,12174.954,6368.078,1402.0,0.0025,0,0,0.0,0,0.0013295859994297847,0,0.0,0,0.0,0.38552378108909185,2.152552498117968,0.555,0.4821572733811541
1688,7611.929,7485.914,1201.0,0.008,0,0,0.0,0,0.02715979398374752,0,0.0,0,0.0,0.41572276741122255,1.1674711380286507,0.1867157979021039,0.48202868315532355
1689,6201.0,7260.0,1100.0,0.0025,0,0,0.0,0,0.004560814530591007,0,0.0,0,0.0,0.28009205566249185,1.9914658386905837,0.555,0.48185109689008293
1690,8216.0,6365.0,1399.0,0.0025,0,0,0.0,0,0.0035400619928656375,0,0.0,0,0.0,0.38552378108909185,1.4845379286119176,0.1867157979021039,0.4813008331471899
1691,6505.977,7827.952,941.609,0.263,1,0,0.2,0,0.0631972099772216,0,0.06818181818181818,1,0.63,0.9676840572370469,0.6993169434148103,0.37251395480634897,0.4811399400658055
1692,4881.0,5974.0,1097.0,0.011,0,0,0.0,0,0.011841293759117338,0,0.0,0,0.01,0.22324674386625395,0.40845213988772705,0.6375954356047695,0.4808086001064303
1693,5278.899,6322.572,1312.0,0.013,0,0,0.2,0,0.0973292558979624,0,0.0,0,0.01,0.296122223358499,-0.02759464970289885,0.6375954356047695,0.48056897589492403
1694,7748.306,7163.76,1273.0,0.014,0,0,0.2,0,0.11356609853018602,0,0.06818181818181818,0,0.07,0.4869494002765556,0.3476799042554253,0.1867157979021039,0.48033140857312273
1695,6415.764,8103.782,773.0,0.0025,0,0,0.0,0,0.11703329546648883,0,0.06719367588932806,0,0.05,0.6499769734771309,1.1077135382236691,0.4765442467801234,0.4801206647375034
1696,9490.0,6916.0,1469.0,0.005,0,0,0.0,0,0.09250051134457145,0,0.06818181818181818,0,0.02,0.7627466363097876,0.9909186798209206,0.37251395480634897,0.48006679169068284
1697,9402.416,6919.178,1364.12,0.011,0,0,0.0,0,0.08232349273755844,0,0.03278688524590164,0,0.01,0.21463766824256172,0.4052155640174687,0.37251395480634897,0.47966673144873045
1698,7993.0,5462.0,1490.0,0.029,0,0,0.0,0,0.07235582147151302,0,0.06719367588932806,0,0.02,0.4521344196355782,0.9627930863031692,0.1867157979021039,0.4785984876844867
1699,5364.713,8030.412,598.0,0.009,0,0,0.0,0,0.12430983980958929,0,0.0,0,0.0,0.3740079997638797,0.6981020494959446,0.17964990763046554,0.4784162326161691
1700,13093.248,7644.019,1383.0,0.0025,0,0,0.0,0,0.0006384845812452631,0,0.0,0,0.0,0.38552378108909185,-0.23107536012452892,0.1867157979021039,0.47786954448483576
1701,4984.0,6404.0,1193.0,0.017,0,0,0.0,0,0.24345919900342866,0,0.06719367588932806,0,0.06,0.4298412347031888,0.805612185445258,0.6375954356047695,0.47779042817666745
1702,5797.0,6157.0,1286.0,0.0025,0,0,0.0,0,0.0025321156264718203,0,0.0,0,0.0,0.3065469795501437,1.5181168666071836,0.555,0.47592726078851577
1703,3988.282,6697.804,516.0,0.009,0,0,0.0,0,0.027132142896878736,0,0.0,0,0.01,0.761600442764191,0.1625685185765464,0.17964990763046554,0.47560640415413713
1704,9462.0,6419.0,1506.0,0.0025,0,0,0.0,0,0.14088618088217414,0,0.06818181818181818,0,0.02,1.4597613440306958,1.0288541569005474,0.37251395480634897,0.4754451914060526
1705,7214.0,5275.0,1365.0,0.0025,0,0,0.0,0,0.0034115940645204797,0,0.0,0,0.0,0.38552378108909185,3.4880543110220175,0.555,0.47535265026349727
1706,4968.2,6374.2,1199.0,0.0025,0,0,0.0,0,0.0007820083534148154,0,0.0,0,0.0,0.3065469795501437,1.810792453086674,0.555,0.4745330366707987
1707,5322.32,7998.088,586.0,0.009,0,0,0.0,0,0.11759080930163485,0,0.0,0,0.01,0.37019790092159777,0.6786182486363215,0.17964990763046554,0.4743780723753953
1708,5275.099,7313.326,762.0,0.0025,0,0,0.0,0,5.23497975760484e-05,0,0.0,0,0.0,0.2453082175335171,-0.5679939764224614,0.17964990763046554,0.4741332472314244
1709,8050.362,6589.467,1393.671,0.005,0,0,0.0,0,0.06616945942531546,0,0.0,0,0.0,0.3842920309379133,0.1697051572873909,0.17964990763046554,0.47412612853847896
1710,5635.487,3346.942,1112.64,0.204,1,0,0.4,1,0.876742045379171,1,1.0,1,0.9,1.1239204899949407,0.6715351407967711,0.21397319850419855,0.47404747508781775
1711,5091.0,6441.0,1176.0,0.03,0,0,0.0,0,0.12220942547905451,0,0.06719367588932806,0,0.12,0.7383401894231267,-0.429447768732281,0.6375954356047695,0.47301846164109784
1712,13272.551,7774.733,1386.92,0.005,0,0,0.0,0,0.04341025222273937,0,0.0,0,0.02,0.5333609063727339,1.1453817673066682,0.17964990763046554,0.4729438174928837
1713,10484.254,9252.733,1298.0,0.005,0,0,0.0,0,0.0037504509629265716,0,0.0,0,0.0,0.3439207102864855,0.4548397302572264,0.1867157979021039,0.47254732701952085
1714,7812.048,6934.05,1350.519,0.03,0,0,0.0,0,0.09851432753207054,0,0.0,0,0.3,0.4512491406376537,-0.018283285147689152,0.1867157979021039,0.47248928444900606
1715,10405.918,6048.194,1483.0,0.008,0,0,0.0,0,0.003621745187951725,0,0.0,0,0.02,0.47262745924327487,0.9477546441050522,0.1867157979021039,0.4722082777694558
1716,7168.444,7722.349,1026.789,0.008,0,0,0.0,0,0.16697489433771542,0,0.06818181818181818,0,0.08,0.5993597880013287,0.6234265332982021,0.37251395480634897,0.47219749891601837
1717,4633.032,6145.424,1032.0,0.017,0,0,0.2,0,0.057720457008108524,0,0.06818181818181818,0,0.03,0.6339298888202651,0.33508795831128846,0.1867157979021039,0.47186339708822994
1718,6361.0,7666.0,878.0,0.005,0,0,0.2,0,0.09278804513756354,0,0.06719367588932806,0,0.02,0.844154319259383,1.2701426740958195,0.17964990763046554,0.4718550054724181
1719,5106.36,8328.474,355.0,0.051,0,0,0.2,0,0.16896478018511182,0,0.0,0,0.16,0.7985651076897643,0.27682342339423105,0.722991173496274,0.4714983869546946
1720,7154.0,7480.0,1199.0,0.0025,0,0,0.0,0,0.003032660564508937,0,0.0,0,0.0,0.38552378108909185,0.8300598407817759,0.17964990763046554,0.47064879803328197
1721,4697.819,6262.421,1090.0,0.403,1,1,0.6,0,0.1747947563983014,0,0.06719367588932806,1,0.66,0.37724538704467625,0.35925572177597104,0.4765442467801234,0.4704162884131635
1722,7747.847,7168.944,1272.0,0.025,0,0,0.2,0,0.10674155693822705,0,0.06719367588932806,0,0.09,0.30418616305335144,0.4213666225726628,0.1867157979021039,0.4702622247652092
1723,6846.961,7923.449,968.0,0.422,1,1,0.6,0,0.17139343947953137,0,0.03278688524590164,1,0.68,1.7897215104182582,0.7288272078603412,0.37251395480634897,0.469995108362949
1724,6287.057,7483.666,1003.0,0.06,0,0,0.0,0,0.217811783006931,0,0.0,0,0.0,0.3514209687577721,0.6184516161776965,0.6375954356047695,0.46948351230431906
1725,8284.0,6467.0,1415.0,0.0025,0,0,0.0,0,0.003106053602813499,0,0.0,0,0.0,0.38552378108909185,1.0353359160085662,0.17964990763046554,0.469280391379005
1726,4916.0,6713.0,1005.0,0.471,1,0,0.4,0,0.026301304913980705,1,0.8888888888888888,1,0.68,0.38552378108909185,0.3847824906233982,0.4765442467801234,0.4689937172507829
1727,4207.095,6642.626,640.0,0.007,0,0,0.0,0,0.05148083592979613,0,0.0,0,0.03,0.6839923174872174,0.05966070419090803,0.37251395480634897,0.4679396428641488
1728,4692.994,6235.841,1096.0,0.058,0,0,0.0,0,0.1306848151682988,0,0.0,0,0.02,0.759527663864497,0.7767135641184649,0.17964990763046554,0.4675504865818232
1729,5076.036,7728.606,561.0,0.008,0,0,0.0,0,0.012471298105054698,0,0.0,0,0.0,1.1532947647043266,0.41355688452176315,0.1867157979021039,0.4670649620275501
1730,10822.434,5814.74,1528.48,0.0025,0,0,0.0,0,0.00363492488877555,0,0.03278688524590164,0,0.02,0.23065375246762837,0.6146792712291753,0.17964990763046554,0.4670050918320349
1731,4995.594,8197.018,413.0,0.006,0,0,0.0,0,0.08029943234204936,0,0.06719367588932806,0,0.01,0.2770138185805674,0.04327685060667704,0.1867157979021039,0.4667851485016282
1732,5068.828,6388.097,1251.0,0.01,0,0,0.0,0,0.06001535738252102,0,0.0,0,0.01,0.47161058553981294,0.9233889170882509,0.17964990763046554,0.46626187996673574
1733,6183.965,8349.394,624.0,0.008,0,0,0.0,0,0.05237947449412561,0,0.0,0,0.02,0.3079006477325389,0.47579812689526074,0.6375954356047695,0.46615922396234444
1734,8013.0,4689.0,1114.0,0.007,0,0,0.0,0,0.03339592745508563,0,0.0,0,0.1,1.3602868158399957,-0.4969781019181198,0.1867157979021039,0.4659503006742212
1735,4487.885,6418.159,947.0,0.028,0,0,0.0,0,0.05719719856409192,1,1.0,0,0.37,0.3514209687577721,0.6556679342028431,2.571601384670821,0.465675412794585
1736,5272.752,8025.306,556.0,0.0025,0,0,0.0,0,0.12411088645801853,0,0.0,0,0.01,0.7438791896653091,0.5845113923425063,0.1867157979021039,0.46564125667810996
1737,7314.843,7553.961,1206.779,0.005,0,0,0.4,0,0.09466725280052397,0,0.06818181818181818,0,0.0,0.2681894543813378,0.5415887554930061,0.37251395480634897,0.4645398539388408
1738,12478.483,9389.735,1367.0,0.034,0,0,0.2,0,5.556257892658186e-05,1,0.6666666666666666,0,0.13,0.4620836355616785,-0.6087246818306699,0.1867157979021039,0.4643946532719475
1739,4688.76,6297.202,1068.0,0.209,1,0,0.0,0,0.3469292797608994,1,1.0,0,0.39,1.584242888545356,0.8665378474029938,0.722991173496274,0.4643724249064216
1740,10760.0,6173.0,1454.0,0.009,0,0,0.2,0,0.09861403601259913,0,0.06719367588932806,0,0.08,0.20344797290742975,0.3847378462383716,0.4765442467801234,0.4643387612848623
1741,5098.788,6502.139,1130.0,0.042,0,0,0.0,0,0.025158755434351428,0,0.0,0,0.0,0.28009205566249185,1.181772922643943,0.555,0.46418212177972945
1742,6359.0,7629.0,909.0,0.037,0,1,0.8,0,0.19915388352747126,0,0.06818181818181818,0,0.42,1.8544137167564863,0.7636962278937524,0.37251395480634897,0.46382909652048887
1743,6519.29,7859.273,941.609,0.402,1,0,0.2,0,0.15618210711077532,0,0.0,0,0.06,0.868046605191306,0.8592057530003291,0.37251395480634897,0.4637032683572815
1744,5107.181,7796.021,543.0,0.0025,0,0,0.0,0,0.013999407490465165,0,0.0,0,0.01,0.2595348445061761,-0.14451111911551048,0.1867157979021039,0.4629271642580329
1745,4183.924,7636.848,196.69,0.018,0,0,0.0,0,0.00333913436492067,0,0.06719367588932806,0,0.01,1.1397722206627607,0.2380329763846148,0.1867157979021039,0.46279429825186813
1746,5269.0,6292.0,1306.0,0.095,0,0,0.4,0,0.08063525357265829,0,0.0,0,0.03,0.9036786114185575,-0.28547082808845803,0.6375954356047695,0.4618792558677858
1747,7502.394,7983.141,1014.0,0.005,0,0,0.0,0,0.012880266440224341,0,0.06719367588932806,0,0.02,0.4140024452400755,0.9971683323489944,0.1867157979021039,0.4618278083517011
1748,5272.383,8025.099,556.0,0.0025,0,0,0.0,0,0.11735566648877842,0,0.0,0,0.0,0.36887483222919454,0.5529493145385376,0.1867157979021039,0.4616356940932373
1749,7939.0,4564.0,1058.0,0.0025,0,0,0.0,0,0.011092985646048648,0,0.0,0,0.0,0.3251514733447335,1.5660538663539691,0.17964990763046554,0.4615177509049117
1750,5342.774,7989.736,601.0,0.028,0,0,0.0,0,0.07189115674171132,0,0.0,0,0.0,0.3223068047177787,0.5749155030576085,0.17964990763046554,0.4614587040213104
1751,7449.0,7200.0,1277.0,0.365,1,0,0.2,0,0.06940742854247536,0,0.0,0,0.49,0.4869494002765556,0.711519479843594,0.6181337712268828,0.46119700615617265
1752,9452.0,6423.0,1502.0,0.007,0,0,0.0,0,0.1108225062414999,0,0.06719367588932806,0,0.0,0.7718976355467692,0.9554861612457206,0.6375954356047695,0.46050438300258467
1753,4685.526,6211.428,1080.0,0.555,1,0,0.4,0,0.20812337486241583,1,1.0,1,0.68,0.3104228497542828,0.8042637033016713,0.555,0.46022297164115367
1754,11008.37,6690.639,1475.0,0.01,0,0,0.0,0,0.010988640993555164,0,0.03278688524590164,0,0.01,0.21692920804572766,0.11991040560007155,0.6375954356047695,0.45999925739213987
1755,6966.877,7891.534,1031.859,0.0025,0,0,0.4,0,0.04060357566512328,0,0.06818181818181818,0,0.01,0.759527663864497,0.6460888265368064,0.17964990763046554,0.4599772324516641
1756,7818.0,7408.0,1145.0,0.018,0,0,0.0,0,0.1291775296446162,0,0.0,0,0.02,0.7707552553899129,0.8298454469683306,0.1867157979021039,0.459851684204029
1757,10795.355,5751.462,1533.93,0.014,0,0,0.0,0,0.04875138931176946,0,0.06719367588932806,0,0.05,0.39481158327257054,0.15681439641314174,0.6375954356047695,0.45938388342168746
1758,9897.863,6508.022,1455.0,0.029,0,0,0.0,0,0.0049093220040687694,0,0.0,0,0.02,0.2920162193514658,2.5101880381925596,0.1867157979021039,0.45920170135726524
1759,4326.012,7648.652,334.0,0.0025,0,0,0.0,0,0.002907715560133943,0,0.0,0,0.0,1.2845358172811545,-0.47541482922958206,0.1867157979021039,0.45883384520148035
1760,9384.0,6263.0,1464.0,0.01,0,0,0.2,0,0.09736363936026393,0,0.06719367588932806,0,0.04,0.8063440383157783,0.8296101436752977,0.1867157979021039,0.45861563492097246
1761,7406.545,8845.414,719.0,0.016,0,0,0.0,0,0.02604031245872567,0,0.0,0,0.01,0.26248806170507294,0.3437983034111355,0.1867157979021039,0.45849630269521885
1762,10033.823,6380.144,1518.7,0.007,0,0,0.0,0,0.11207984529862343,0,0.0,0,0.0,0.5658582675153507,0.7367187143797445,0.37251395480634897,0.4583180283334282
1763,5674.004,5869.13,1122.0,0.031,0,0,0.0,0,0.0011265214026846915,0,0.0,0,0.0,1.2030812465920673,-0.2501869518208355,0.1867157979021039,0.4578170853059735
1764,7004.949,7857.834,1026.789,0.007,0,0,0.0,0,0.1135747361220149,0,0.0,0,0.01,0.6904451319327782,0.68616057153954,0.37251395480634897,0.4574790512895932
1765,4906.796,6463.646,1144.0,0.01,0,0,0.0,0,0.0010858276448196297,0,0.0,0,0.01,0.38552378108909185,1.7173302049538837,0.1867157979021039,0.45712917640108586
1766,5344.757,7899.473,623.0,0.018,0,0,0.0,0,0.2469288038495842,0,0.06818181818181818,0,0.03,0.2725388305042511,0.6269326726833608,1.377,0.4570861600782994
1767,3936.495,6142.107,599.0,0.024,0,0,0.0,0,0.003386373572611024,0,0.0,0,0.0,0.38552378108909185,1.0471793437459926,0.555,0.45650785245931924
1768,5548.681,6813.17,1073.0,0.187,1,1,0.6,0,0.2490034300007326,0,0.06719367588932806,1,0.61,0.7229478603075677,0.7841390015667812,0.1867157979021039,0.45641212295218947
1769,7756.197,7418.672,1175.0,0.013,0,0,0.0,0,0.07342251877165806,0,0.0,0,0.02,0.519474409023532,0.8498370450870499,0.1867157979021039,0.4560183738077943
1770,9842.0,6739.0,1407.0,0.0025,0,0,0.0,0,0.029134670771784926,0,0.0,0,0.05,0.748985853843971,0.799415057895988,0.37251395480634897,0.45533631839998934
1771,5106.5,8327.524,355.0,0.0025,0,0,0.0,0,0.013441717322267751,0,0.06719367588932806,0,0.09,1.2608487471402665,0.3227456903499581,0.1867157979021039,0.45484198284822636
1772,5604.192,7861.974,673.0,0.017,0,0,0.0,0,0.35275991143868163,0,0.0,0,0.12,0.4758679501100301,0.9864614307132348,0.722991173496274,0.4548030852682791
1773,4215.749,6669.771,639.0,0.016,0,0,0.0,0,0.036494851640312985,0,0.0,0,0.01,0.5198649419321464,0.5135991109527995,0.17964990763046554,0.45454891800446295
1774,7646.0,7414.0,1201.0,0.019,0,0,0.0,0,0.023307792600420523,0,0.0,0,0.01,0.29923344290028636,0.6010304298342848,0.37251395480634897,0.45430129814887277
1775,7335.0,6499.0,1291.0,0.071,0,0,0.0,0,0.1505747315739275,0,0.06719367588932806,0,0.37,0.9656679669593178,0.6293656393966521,0.1867157979021039,0.4540774940297695
1776,5447.0,8323.0,539.0,0.014,0,0,0.0,0,0.04947554683925384,0,0.0,0,0.01,1.2590711648003683,0.2727820034437321,0.6375954356047695,0.4537924968206919
1777,5643.0,8216.0,589.0,0.0025,0,0,0.0,0,0.015395041212113148,0,0.0,0,0.01,0.7870716263679034,0.5731454198121522,0.555,0.45359993177627667
1778,9926.649,9451.377,1364.0,0.0025,0,0,0.0,0,0.01646751615057154,0,0.0,0,0.02,0.33057508587079576,0.3826832108406106,0.1867157979021039,0.45350275857714867
1779,6764.997,7673.952,1054.389,0.047,0,0,0.2,0,0.10816513489946142,0,0.06719367588932806,0,0.06,0.26818945438133784,0.27347037718470185,0.1867157979021039,0.4532506520271804
1780,8456.0,4768.0,1110.0,0.005,0,0,0.0,0,0.0567606992852185,0,0.02702702702702703,0,0.03,0.7088257045305228,1.2223630356734054,0.4765442467801234,0.45324502221980834
1781,7387.851,8826.55,672.85,0.0025,0,0,0.0,0,0.003726965495566781,0,0.0,0,0.0,0.45156210870259195,0.0946948511277938,0.1867157979021039,0.4531531173169857
1782,5320.663,8036.777,592.0,0.0025,0,0,0.0,0,0.055890987174355054,0,0.03278688524590164,0,0.0,0.7817608803551404,0.33041363279394265,0.17964990763046554,0.45298748487743484
1783,10890.816,5852.129,1531.8,0.0025,0,0,0.0,0,0.013009794231499757,0,0.0,0,0.0,0.38552378108909185,-0.033781978162537266,0.555,0.45238417323517083
1784,5297.0,6442.0,1235.0,0.005,0,0,0.0,0,0.026270873979266276,0,0.0,0,0.0,0.38552378108909185,0.22982492076406066,0.555,0.4520286287930161
1785,6235.006,8239.024,694.0,0.0025,0,0,0.2,0,0.13374591565073168,0,0.0,0,0.05,0.37019790092159777,0.5396749349323274,0.17964990763046554,0.4516331892245708
1786,4578.505,6378.437,1012.0,0.022,0,0,0.2,0,0.02631574853207584,0,0.0,0,0.03,0.38552378108909185,-0.07261813349743013,0.555,0.45139775167532015
1787,6369.0,7466.0,993.0,0.037,0,0,0.0,0,0.0692297049926183,0,0.0,0,0.1,1.008237575805208,0.9362371113239438,2.283190799812593,0.4500714931791237
1788,7580.65,7420.142,1224.0,0.029,0,0,0.0,0,0.0714426769776177,0,0.06719367588932806,0,0.02,0.3332972469871474,0.6223150730869877,0.6375954356047695,0.44983745637137185
1789,5337.0,6603.0,1121.0,0.302,1,1,0.6,1,0.5432947584603464,1,1.0,1,0.75,0.9321182120298406,0.5743822332511377,0.6375954356047695,0.4494269596273852
1790,11212.275,9755.951,1390.67,0.007,0,0,0.0,0,0.004251744541434594,0,0.0,0,0.01,0.3868058216444838,1.5560718731627492,0.17964990763046554,0.4492218196736158
1791,7390.36,8812.382,690.0,0.01,0,0,0.0,0,0.0191126064821279,0,0.0,0,0.05,0.5156288481116104,0.44189049867865954,0.1867157979021039,0.4490596103958475
1792,4622.267,6284.322,1009.39,0.076,0,0,0.2,0,0.20209498562716247,0,0.0,0,0.04,0.3172658618607039,0.806298399978771,0.17964990763046554,0.44869262411877614
1793,4392.777,7690.321,371.0,0.0025,0,0,0.0,0,0.012865866005172252,0,0.0,0,0.0,0.8012793179798555,-0.14183479575525978,0.1867157979021039,0.44828820741823083
1794,6147.995,8364.259,612.0,0.0025,0,0,0.0,0,0.038907338956957485,0,0.0,0,0.03,0.7157453176951598,0.19891774299195653,0.17964990763046554,0.44821482412786084
1795,5568.791,8001.131,589.0,0.006,0,0,0.0,0,0.11905208502452315,0,0.0,0,0.08,0.4305179761098234,0.6682117361416118,2.571601384670821,0.44813830989673986
1796,5370.292,8166.589,504.0,0.009,0,0,0.0,0,0.13798096633622997,0,0.06818181818181818,0,0.02,0.24710123570214196,1.0137710254824712,0.1867157979021039,0.44813114738422144
1797,10781.239,5714.179,1554.56,0.318,1,1,0.6,1,0.9980380074657916,1,1.0,1,0.85,1.2804469113875805,0.8799617332402566,0.21397319850419855,0.4476715669588081
1798,6332.121,6896.556,1302.709,0.039,0,0,0.2,0,0.03651213035854088,0,0.06719367588932806,0,0.05,0.227861830925457,0.1972725105866841,0.1867157979021039,0.44727374409135423
1799,7450.0,7219.0,1283.0,0.007,0,0,0.0,0,0.0012118787432585224,0,0.06719367588932806,0,0.02,0.4001888689402283,0.3227968466602293,0.555,0.44674777026858165
1800,13481.737,7834.28,1461.28,0.01,0,0,0.2,0,0.1238801731660634,0,0.0,0,0.07,0.8317236167013481,0.6735020994590551,0.1867157979021039,0.4456880378912816
1801,6564.0,8249.0,779.0,0.266,1,1,0.8,1,0.9290824994523988,1,1.0,1,0.84,0.755762292343908,0.9020100946682631,0.722991173496274,0.44534103840304207
1802,7360.87,6499.947,1302.579,0.014,0,0,0.0,0,0.10470510073521103,0,0.0,0,0.1,0.9598931867131714,0.7308212372753744,0.6181337712268828,0.44520357961192447
1803,6585.25,8214.579,819.0,0.271,1,0,0.2,1,0.9851443774292489,1,1.0,1,0.86,0.7148815974459514,0.5660952327929641,0.6181337712268828,0.4446771900558939
1804,6495.463,8452.627,700.0,0.067,0,0,0.0,0,0.01753569180128337,0,0.06719367588932806,0,0.01,0.3749935969149101,0.22763298177807545,0.1867157979021039,0.4441039110403926
1805,6581.0,7080.0,1177.0,0.28,1,0,0.2,1,0.5378558005565648,1,1.0,1,0.96,0.5162702278298128,1.0864293043387974,0.6181337712268828,0.44396970702917665
1806,6504.037,7781.998,941.609,0.051,0,0,0.0,0,0.08940087573230619,0,0.06818181818181818,0,0.02,0.4962800857542099,0.5307088795053505,0.37251395480634897,0.44383250015991993
1807,4313.229,7637.361,297.83,0.0025,0,0,0.0,0,0.004138676921946986,0,0.0,0,0.0,0.6662763394781046,0.32814803628777156,0.1867157979021039,0.4437751059373992
1808,9768.449,3356.856,1483.869,0.009,0,0,0.0,0,0.00490568073112921,0,0.06719367588932806,0,0.01,0.28009205566249185,3.0524930696788286,0.1867157979021039,0.4428588747479745
1809,7706.097,7302.684,1237.0,0.006,0,0,0.0,0,0.08791000060253899,0,0.0,0,0.0,0.8067736461341971,0.6352321903178291,0.6375954356047695,0.44257480276088995
1810,11635.881,9834.686,1395.03,0.021,0,0,0.0,0,0.0003831274055602692,0,0.06719367588932806,0,0.04,1.177770310169651,0.35850133513334514,0.1867157979021039,0.4424626378760006
1811,5203.0,3728.0,875.0,0.0025,0,0,0.2,0,0.011542101591141277,0,0.0,0,0.05,0.5778270864252761,2.4147090931990833,0.555,0.44197699065531587
1812,10718.47,9555.548,1369.0,0.016,0,0,0.0,0,0.00738091089212999,0,0.06719367588932806,0,0.0,0.3472787550108377,1.8181760691281585,0.1867157979021039,0.4418507925439116
1813,7504.0,7697.0,1157.0,0.119,1,0,0.2,0,0.013766127058518103,0,0.06719367588932806,0,0.04,0.6952742369311213,0.042339813417052376,0.1867157979021039,0.4416611296121619
1814,6331.199,8106.937,769.0,0.0025,0,0,0.0,0,0.013837323052740432,0,0.0,0,0.0,0.39941074247014624,0.10465365499220705,0.555,0.44116791176133463
1815,4523.01,7816.72,320.0,0.027,0,0,0.0,0,0.04221316520765319,0,0.0,0,0.13,0.6184616061067787,0.06394443562210768,0.21397319850419855,0.4408444078009994
1816,10748.0,7228.556,1345.99,0.0025,0,0,0.0,0,2.8709082005203283e-05,0,0.0,0,0.02,0.41716030629787015,-0.4686814656843824,0.1867157979021039,0.4408023245435945
1817,7338.0,6556.0,1276.0,0.203,1,0,0.4,0,0.21621289842797062,1,0.8947368421052632,1,0.82,0.7226673257248644,0.8130786494618287,0.1867157979021039,0.44019923105920034
1818,5039.128,6497.076,1140.0,0.006,0,0,0.0,0,0.020577730055514207,0,0.0,0,0.0,0.28009205566249185,0.3631560803117162,0.555,0.4395942973035573
1819,15934.444,9106.715,1395.149,0.042,0,0,0.0,0,0.0014419875761934701,0,0.06719367588932806,0,0.0,0.28009205566249185,2.3288206573543992,0.1867157979021039,0.43937990115388453
1820,4605.0,6333.0,1010.0,0.272,1,0,0.4,1,0.917527944900248,1,1.0,0,0.47,1.6421695487073125,1.1193103532318402,0.4765442467801234,0.43930388637161005
1821,5154.877,6439.086,1186.8,0.079,0,0,0.2,0,0.07261616021170984,0,0.0,0,0.13,0.4110395648821172,0.07631005413006414,0.4765442467801234,0.4388635112663407
1822,10960.155,7735.912,1336.0,0.0025,0,0,0.0,0,0.004491994236586199,0,0.0,0,0.01,1.2989732120213062,-0.03464649461214936,0.1867157979021039,0.4384813406894976
1823,10798.596,6155.73,1473.0,0.005,0,0,0.0,0,0.03891442403925045,0,0.06719367588932806,0,0.03,0.5554770097090901,0.5950467831035091,0.4765442467801234,0.43654735643345893
1824,7312.0,6446.0,1284.0,0.011,0,0,0.0,0,0.08329637108310882,0,0.06719367588932806,0,0.02,0.5931134027302898,0.34525955589088414,0.17964990763046554,0.4361485437548275
1825,7997.0,8498.0,840.0,0.015,0,0,0.0,0,0.06517998819194154,0,0.06719367588932806,0,0.02,0.9979373264957003,0.3063816926832175,0.1867157979021039,0.4350629297258127
1826,5259.106,7957.47,567.0,0.0025,0,0,0.0,0,0.06279906210881529,0,0.0,0,0.0,0.6262094155402735,0.4054734419293521,0.1867157979021039,0.435040250508107
1827,8332.0,5475.0,1374.0,0.0025,0,0,0.0,0,0.005771552713619073,0,0.0,0,0.0,0.18895856196041866,4.938346343168149,0.17964990763046554,0.43389253546671874
1828,4641.46,6627.546,875.0,0.012,0,0,0.0,0,0.17276484380368018,0,0.06818181818181818,0,0.07,0.4591866749701137,0.5127549188613164,0.37251395480634897,0.43360218165958886
1829,5317.0,6395.0,1250.0,0.011,0,0,0.2,0,0.07571749037005696,0,0.0,0,0.01,0.42014093666432567,0.2784696265183911,0.555,0.43311099738857844
1830,10811.606,6137.087,1467.77,0.007,0,0,0.0,0,0.09417160276322431,0,0.06818181818181818,0,0.02,0.8015437776205938,1.189636232862513,0.6375954356047695,0.4329372478219855
1831,9392.0,6302.0,1502.0,0.005,0,0,0.0,0,0.05612698354724883,0,0.0,0,0.03,0.32344099712461105,0.7645315837318517,0.37251395480634897,0.4328460172862725
1832,6774.302,7629.914,1085.0,0.021,0,0,0.0,0,0.13903477784090632,0,0.06719367588932806,0,0.02,0.574802482106731,0.5853994248376984,0.37251395480634897,0.43265608934342076
1833,4902.379,6640.091,1064.0,0.022,0,0,0.2,0,0.0905261160617533,0,0.06818181818181818,0,0.04,0.7103538360933066,0.21921130143598974,0.1867157979021039,0.43231017422214113
1834,5221.0,6365.0,1257.0,0.013,0,0,0.0,0,0.05384269039267435,0,0.0,0,0.02,0.6456221221577562,-0.5015680123487171,0.555,0.43210361821184284
1835,14248.236,9077.789,1385.149,0.009,0,0,0.0,0,0.04600112240102348,0,0.0,0,0.0,0.48921715867829935,1.0367194989818742,0.1867157979021039,0.4319774778108868
1836,12767.646,6507.378,1557.0,0.0025,0,0,0.0,0,0.00203325334418622,0,0.0,0,0.0,0.4165436763926632,-0.29288690799157024,0.1867157979021039,0.4315441873116223
1837,5360.0,6440.0,1234.0,0.03,0,0,0.0,0,0.07923960087179117,0,0.06719367588932806,0,0.08,0.2981736065244086,-0.260507805484654,0.4765442467801234,0.4307931939210064
1838,4621.0,5993.0,986.0,0.006,0,0,0.2,0,0.08659694149292643,0,0.06818181818181818,0,0.08,0.6104126975476397,0.05277917353955622,0.17964990763046554,0.43005969089310386
1839,9489.0,6789.0,1480.0,0.0025,0,0,0.0,0,0.08456007851304659,0,0.06719367588932806,0,0.01,0.9658741651154917,0.8804043795147447,0.37251395480634897,0.4296414198254657
1840,5287.779,7999.252,564.0,0.0025,0,0,0.0,1,0.5455994308812319,0,0.0,0,0.02,0.6113930303090281,1.405185680279526,0.1867157979021039,0.4291937697925159
1841,4979.0,6726.0,985.0,0.013,0,0,0.0,0,0.11581872427130813,0,0.06818181818181818,0,0.05,0.589015815336764,0.18045350048922998,0.6375954356047695,0.42903268040901227
1842,8232.041,6952.02,1317.179,0.012,0,0,0.0,0,0.0850575218728082,0,0.06719367588932806,0,0.01,0.4368981410482777,0.8190910223763288,0.1867157979021039,0.4286385503923088
1843,16242.11,9301.554,1357.729,0.033,0,0,0.0,0,0.035119262980781836,0,0.0,0,0.13,0.30824719396115513,-0.3664348910351616,0.6181337712268828,0.42829195159961014
1844,3706.803,6092.985,573.0,0.35,1,0,0.4,0,0.14394988138337156,1,1.0,1,0.75,0.28841869317763874,0.5741723694731764,0.722991173496274,0.4269854170561297
1845,6478.008,7737.954,941.609,0.416,1,0,0.2,0,0.11442334181631629,0,0.06719367588932806,0,0.28,0.27741561621161615,0.4895757686172858,0.4765442467801234,0.42688581556213595
1846,5340.0,8030.0,586.0,0.007,0,0,0.0,0,0.08372405582177904,0,0.0,0,0.05,0.5181242811592743,0.4865153676103211,0.17964990763046554,0.4261299285408064
1847,7837.047,9323.753,1021.0,0.0025,0,0,0.0,0,0.0010100586169468,0,0.0,0,0.0,0.3275380915496576,-0.4879448659364388,0.1867157979021039,0.4257084535611968
1848,9499.0,6813.0,1450.0,0.007,0,0,0.0,0,0.0692053045199143,0,0.06719367588932806,0,0.01,0.8697524710900213,0.7679829969808923,0.1867157979021039,0.42552930832225644
1849,5676.019,6626.142,1284.399,0.033,0,0,0.0,0,0.009496073818903232,0,0.0,0,0.0,1.1029186177905423,1.1512884515601185,0.1867157979021039,0.4249464958195145
1850,13474.491,7297.585,1471.0,0.005,0,0,0.0,0,0.04135630997296742,0,0.0,0,0.04,0.39384290434389124,-0.6687500286629606,0.1867157979021039,0.42465523574101716
1851,5832.0,6399.0,1341.0,0.0025,0,0,0.0,0,0.0034479024456054697,0,0.0,0,0.0,0.3182451595576301,0.9286403215461815,0.555,0.4244829193756815
1852,9657.505,3298.599,1483.869,0.0025,0,0,0.0,0,0.004011272464642678,0,0.0,0,0.0,0.38552378108909185,1.3475750986452921,0.1867157979021039,0.4242636226298156
1853,5514.904,6482.132,1258.0,0.0025,0,0,0.0,0,0.005972414903566565,0,0.0,0,0.0,0.3979290805919187,0.9679737490424223,0.555,0.42386483653933293
1854,14986.584,9037.492,1378.789,0.02,0,0,0.0,0,0.24642124823464318,0,0.06719367588932806,0,0.07,0.860397747634996,1.026695196005555,0.1867157979021039,0.4236599635375129
1855,7549.7,7443.748,1247.0,0.032,0,0,0.0,0,0.08381109477621136,0,0.06719367588932806,0,0.1,0.46204428159655125,0.7646843779438939,0.1867157979021039,0.4236518951711638
1856,8605.53,5590.24,1286.7,0.005,0,0,0.0,0,0.054069591749535524,0,0.0,0,0.01,0.48496585863189035,0.9633009573128914,0.17964990763046554,0.42304748130699465
1857,8104.991,6453.993,1414.849,0.009,0,0,0.0,0,0.02284266508047227,0,0.0,0,0.0,0.21692920804572766,0.48594652122155846,0.37251395480634897,0.4228266449766725
1858,7388.521,8826.55,672.85,0.0025,0,0,0.0,0,0.00625258852437289,0,0.0,0,0.0,0.45156210870259195,0.14975878575448617,0.1867157979021039,0.42099734722580723
1859,4539.081,6498.288,892.0,0.078,0,0,0.0,0,0.03813783554949876,0,0.4666666666666667,0,0.06,1.5140906413728854,1.187033127713292,0.4765442467801234,0.4201943225113577
1860,6864.498,7807.703,1031.859,0.03,0,0,0.0,0,0.19191183677738638,0,0.06719367588932806,0,0.01,0.5331138592526266,0.5829988423708675,0.1867157979021039,0.4195596485763391
1861,5218.0,6372.0,1257.0,0.005,0,0,0.2,0,0.05570824845693105,0,0.0,0,0.01,0.32817185768255175,0.07826013298695383,0.555,0.4187657263180886
1862,10848.709,9609.613,1406.0,0.01,0,0,0.0,0,0.1177632476764681,0,0.06719367588932806,0,0.08,0.3749935969149101,0.23677047606361223,0.1867157979021039,0.4187543730381212
1863,12235.003,9655.366,1353.57,0.184,1,1,0.8,1,0.864732782229154,1,1.0,1,0.72,0.19054983888060506,0.14048303942976953,0.21397319850419855,0.41854583083892416
1864,10936.135,7160.599,1357.46,0.0025,0,0,0.0,0,0.0066279848738545165,0,0.0,0,0.01,0.36881345161447016,-0.08619194730132136,0.1867157979021039,0.41828978245915605
1865,5802.0,6339.0,1359.0,0.0025,0,0,0.0,0,0.009723045788876315,0,0.0,0,0.0,0.27099200403208507,0.8807212653185409,0.555,0.41713007545342984
1866,7343.085,8828.71,697.0,0.033,0,0,0.0,0,0.03658924158196683,0,0.0,0,0.01,0.45156210870259195,0.5539129068427768,0.1867157979021039,0.4168045915745965
1867,6336.118,7526.399,980.0,0.0025,0,0,0.0,0,0.029375800348845408,0,0.06818181818181818,0,0.07,0.5561249159422963,1.215986312852461,0.17964990763046554,0.4167017149823749
1868,5415.344,7888.669,657.0,0.008,0,0,0.2,0,0.18855643160961572,0,0.0,0,0.03,0.16856678423600555,0.4963234620880091,0.1867157979021039,0.41571570520574685
1869,5488.196,8046.583,563.0,0.008,0,0,0.0,0,0.013635271352799011,0,0.0,0,0.0,0.5330717160201408,-0.03667260144403098,0.1867157979021039,0.41559799298794664
1870,4816.15,6131.683,1178.0,0.008,0,0,0.0,0,0.031046542252922662,0,0.0,0,0.0,0.19120548611199087,0.04176274250408285,0.17964990763046554,0.4155215042492344
1871,12418.742,6312.14,1511.66,0.372,1,1,0.6,1,0.7779571621311974,1,1.0,1,0.51,0.6156209210549932,0.12265720971444571,0.6181337712268828,0.4152386927274718
1872,5478.022,6750.038,1111.139,0.024,0,0,0.0,0,0.007409508144781121,0,0.0,0,0.0,0.7798154784357898,0.47833581642114864,0.1867157979021039,0.4150833503587128
1873,6756.999,7698.019,1054.389,0.046,0,0,0.2,0,0.1482678479151308,0,0.06719367588932806,0,0.04,0.4171976068815252,0.459693037042919,0.1867157979021039,0.41504717565759286
1874,5335.222,6547.512,1146.0,0.006,0,0,0.0,0,0.1437561428819658,0,0.0,0,0.02,0.6456221221577562,0.357797308833531,0.555,0.4146023217960984
1875,5674.576,3343.853,1130.0,0.256,1,1,1.0,1,0.9982179369343852,1,1.0,1,0.75,0.19706656522073104,0.5591839558876328,0.21397319850419855,0.41449695151923627
1876,4498.715,6423.28,949.0,0.031,0,0,0.0,0,0.14269073407302918,0,0.06719367588932806,0,0.09,0.6592642661651946,0.6559541212516131,0.4765442467801234,0.4138545114352026
1877,9332.496,6908.476,1409.0,0.007,0,0,0.0,0,0.08466218781533379,0,0.0,0,0.0,0.7388441733536648,0.6304127254732752,0.37251395480634897,0.413673295306086
1878,5655.921,7832.334,706.0,0.005,0,0,0.0,0,0.2569638777512412,0,0.0,0,0.37,0.17328920003585582,0.8127206831304714,2.571601384670821,0.41349964864227323
1879,5512.583,8019.745,569.0,0.008,0,0,0.0,0,0.10202559245951559,0,0.0,0,0.0,0.42437470215796097,0.39220700929037167,0.1867157979021039,0.41329442245394565
1880,7474.034,7385.265,1266.0,0.167,1,1,0.6,0,0.48100995601087143,1,0.8947368421052632,1,0.9,0.4942990184056951,1.247473367399263,0.722991173496274,0.4132584059217967
1881,7362.0,7374.0,1272.0,0.086,0,0,0.0,0,0.22162866834108624,1,0.8947368421052632,0,0.47,0.270966704854778,0.6003013965680681,0.6181337712268828,0.41290626899916605
1882,7391.054,8812.927,689.0,0.0025,0,0,0.0,0,0.005915023957058946,0,0.0,0,0.01,0.4754949367252999,0.3264959904145436,0.1867157979021039,0.4127064858777355
1883,9385.0,6308.0,1494.0,0.0025,0,0,0.0,0,0.09239070864336837,0,0.0,0,0.02,0.5171718853956205,0.7592864947589869,0.37251395480634897,0.41263157024505775
1884,5710.66,7849.902,722.0,0.0025,0,0,0.0,0,0.12306534159584462,0,0.0,0,0.01,0.36887483222919454,0.1902880406290809,0.6375954356047695,0.4120337455180469
1885,12593.212,9322.593,1287.22,0.042,0,0,0.0,0,0.00119006395111345,0,0.06719367588932806,0,0.05,0.30494264708450575,-0.630010991963299,0.1867157979021039,0.4115309352747446
1886,4986.355,8192.968,400.0,0.019,0,0,0.0,0,0.03983175435330939,0,0.06719367588932806,0,0.03,0.2846814136805973,-0.5065367791130516,0.1867157979021039,0.411455949141911
1887,5053.624,6403.46,1235.0,0.0025,0,0,0.0,0,0.01242111651350743,0,0.0,0,0.0,0.2560285004030862,0.8802932122817135,0.555,0.41127282831991585
1888,8045.973,6590.005,1381.939,0.007,0,0,0.2,0,0.09275538728536761,0,0.06719367588932806,0,0.09,0.21471249401676262,0.4990509590309702,0.37251395480634897,0.41059393110331
1889,6526.869,7759.846,941.609,0.296,1,0,0.2,0,0.0628008028199926,0,0.06818181818181818,1,0.74,0.5848314025771588,0.3856504545071582,0.37251395480634897,0.40979695971604324
1890,5475.0,6712.0,1135.0,0.012,0,0,0.0,0,0.14497176009494192,0,0.0,0,0.01,0.496373975266243,0.4947116696773371,0.6375954356047695,0.4095395397921928
1891,7646.665,9257.735,960.0,0.011,0,0,0.0,0,0.05776104776556732,0,0.0,0,0.04,1.231748521164469,0.35855748590249936,0.1867157979021039,0.40840912676948843
1892,10847.003,9608.365,1404.0,0.006,0,0,0.0,0,0.06513750513578839,0,0.06719367588932806,0,0.01,0.34488357762627186,-0.08973966910785508,0.1867157979021039,0.40806384253528316
1893,9484.0,6782.0,1481.0,0.0025,0,0,0.2,0,0.1385999878348954,0,0.06719367588932806,0,0.04,1.6429742373718794,0.8672956883691593,0.1867157979021039,0.4079599007627895
1894,12517.115,9391.492,1330.0,0.022,0,0,0.2,0,0.004834116992334072,0,0.06719367588932806,0,0.1,0.7638804696861311,0.09122210315357643,0.1867157979021039,0.40775192795000637
1895,7359.948,7465.966,1280.549,0.292,1,0,0.0,1,0.6459927755550388,1,1.0,0,0.48,0.37940166495196403,0.41730142605471504,2.571601384670821,0.40706308661723717
1896,7873.0,7354.0,1165.0,0.006,0,0,0.0,0,0.056921834952485297,0,0.06719367588932806,0,0.13,0.43121193474628927,1.3309139863625932,0.1867157979021039,0.40670139216271095
1897,10061.589,6373.738,1530.51,0.005,0,0,0.2,0,0.03506013634109539,0,0.0,0,0.01,0.3275380915496576,-0.043081702452670824,0.1867157979021039,0.40636305158115416
1898,8041.528,6522.543,1383.583,0.14,1,0,0.2,1,0.7085222506675632,1,1.0,1,0.86,0.5290946373570453,1.0002821921316858,0.6181337712268828,0.4054152516561753
1899,8503.516,5901.5,1436.569,0.008,0,0,0.0,0,0.03647278158615689,0,0.06719367588932806,0,0.11,0.24597975446923148,0.4129883352142645,0.1867157979021039,0.40476451042175005
1900,6559.0,8265.0,774.0,0.092,0,0,0.0,0,0.20323543174575726,0,0.0,0,0.4,0.19134108715617842,0.4971667201109649,0.21397319850419855,0.4043826685666022
1901,10305.31,6105.992,1479.71,0.011,0,0,0.0,0,0.03813868014679569,0,0.0,0,0.0,0.3275380915496576,-0.015299478910295455,0.1867157979021039,0.403613664411805
1902,5412.399,8021.496,592.0,0.0025,0,0,0.2,0,0.07912327246568338,0,0.0,0,0.05,0.36887483222919454,0.3326798401693478,0.17964990763046554,0.4030026612917294
1903,5204.905,7350.857,707.0,0.156,1,0,0.4,0,0.2880813061661314,1,0.8947368421052632,1,0.86,0.9097430325617594,0.9977391059100253,0.722991173496274,0.40147385356234344
1904,4987.099,8192.271,400.0,0.01,0,0,0.0,0,0.0012394377700700684,0,0.0,0,0.01,1.2608487471402665,-0.10891725077028694,0.1867157979021039,0.4010356500705093
1905,5455.559,8296.044,540.0,0.044,0,0,0.2,0,0.2800359354403933,0,0.06719367588932806,0,0.01,0.9073950855504441,0.8664562413060618,0.1867157979021039,0.4004101411610769
1906,4577.0,6061.0,967.0,0.0025,0,0,0.0,0,0.00734455323494504,0,0.0,0,0.01,0.4215476378590439,0.01819635966359785,0.555,0.4001133875057959
1907,4698.232,6240.856,1101.0,0.029,0,0,0.2,0,0.10030751768821775,0,0.06719367588932806,0,0.04,0.642823384885232,0.529033605181847,0.37251395480634897,0.40006802575258305
1908,10055.108,6385.345,1541.0,0.005,0,0,0.0,0,0.04724860344693384,0,0.0,0,0.0,0.3177482940675893,-0.3115285218152417,0.1867157979021039,0.39991536108022196
1909,10768.307,7210.64,1354.6,0.0025,0,0,0.0,0,0.002221540114642499,0,0.0,0,0.04,0.5015331008676444,-0.13159342907726204,0.1867157979021039,0.3981517171290576
1910,6842.361,7921.866,970.0,0.183,1,0,0.4,0,0.20335719834453586,0,0.03278688524590164,1,0.71,0.48530844280358015,0.9702546609683843,0.17964990763046554,0.3980072947749989
1911,5315.348,3201.014,1126.48,0.286,1,1,1.0,1,0.9999974666335407,0,0.0,1,0.7,0.30752945155280975,1.4932102696291083,0.21397319850419855,0.3979798025792911
1912,11050.14,6507.386,1496.27,0.026,0,0,0.2,0,0.07237993731067714,0,0.0,0,0.0,0.46208363556167853,-0.22294258801535283,0.1867157979021039,0.3973137630839587
1913,7128.0,7342.0,1155.0,0.009,0,0,0.4,0,0.09944204362262825,0,0.0,0,0.01,2.1951635500374658,0.533235895612541,0.1867157979021039,0.39728587971752305
1914,5492.003,8007.473,580.0,0.0025,0,0,0.0,0,0.12828370586662752,0,0.0,0,0.02,0.2748189640429631,0.33309642759966007,0.1867157979021039,0.3972400128615081
1915,12448.019,9465.28,1366.139,0.246,1,0,0.2,0,0.44856929494770537,1,1.0,1,0.69,0.3308657942470722,0.4863972444216842,0.21397319850419855,0.3956799163164025
1916,12318.48,6071.788,1493.43,0.005,0,0,0.2,0,0.01940723778487083,0,0.0,0,0.02,0.6456221221577562,-0.03149710574220587,0.1867157979021039,0.3953054363507282
1917,6746.803,7654.855,1054.389,0.017,0,0,0.0,0,0.11233328388593666,0,0.0,0,0.06,0.36681153191302734,0.4981199565071011,0.6375954356047695,0.39439534791149844
1918,4565.0,6230.0,972.0,0.018,0,0,0.4,0,0.11778703622359371,0,0.0,0,0.06,0.34447114946219937,0.25013693832969874,0.555,0.3939498997650278
1919,4610.451,6339.269,1037.0,0.021,0,0,0.4,0,0.15389794950153543,0,0.0,0,0.03,0.32817185768255164,0.625998602052378,0.1867157979021039,0.39390954098711006
1920,6255.471,8251.829,697.0,0.097,0,0,0.0,0,0.29768433957756374,0,0.07142857142857142,0,0.21,0.2937019443984848,0.6301818749295235,0.722991173496274,0.39333714483506166
1921,7498.381,9379.659,1057.0,0.0025,0,0,0.2,0,0.04605516755601004,0,0.0,0,0.01,0.5364671240516602,0.9402472020824609,0.1867157979021039,0.39311005618387646
1922,7746.951,7334.899,1214.0,0.007,0,0,0.0,0,0.09775148748037728,0,0.06818181818181818,0,0.0,0.4159177973449592,0.7218783029727569,0.1867157979021039,0.39180256856407175
1923,11747.495,5863.982,1459.979,0.17,1,0,0.4,1,0.5884957123521409,1,1.0,1,0.78,0.5977698243604068,0.08983654248140821,0.21397319850419855,0.39146231552404825
1924,6072.0,8449.0,564.0,0.012,0,0,0.0,0,0.08976794143230352,0,0.0,0,0.01,0.5210973085861356,0.43217592387418524,0.1867157979021039,0.3909433606503811
1925,4715.121,6236.843,1077.0,0.019,0,0,0.4,0,0.22566961886479675,0,0.06719367588932806,0,0.11,0.22909296472609136,0.9415970694048141,0.37251395480634897,0.39089018359779193
1926,8133.972,6448.141,1393.621,0.017,0,0,0.0,0,0.06395220145030275,0,0.06818181818181818,0,0.06,0.5518085785059272,0.5309760276337818,0.37251395480634897,0.3902033922716793
1927,7538.573,7314.581,1266.0,0.134,1,1,0.6,0,0.3642060797695095,0,0.38461538461538464,1,0.92,0.5633415337637966,1.091552474168553,0.722991173496274,0.38871337486115315
1928,5713.0,6363.0,1363.0,0.0025,0,0,0.0,0,0.006000749640591934,0,0.0,0,0.0,0.28009205566249185,0.9544435625900809,0.1867157979021039,0.38764683057789795
1929,5302.0,8023.0,557.0,0.009,0,0,0.0,0,0.02455275838842692,0,0.0,0,0.0,0.19818692344748437,0.1175995302330967,0.1867157979021039,0.38723856600690093
1930,7173.931,3507.424,1262.249,0.0025,0,0,0.0,0,0.12748237478406982,0,0.06818181818181818,0,0.05,0.6516571979107227,1.1979324925721502,0.1867157979021039,0.3869851699966911
1931,6268.254,8201.132,730.0,0.007,0,0,0.0,0,0.012034207374323803,0,0.0,0,0.01,0.40737745283668647,-0.26105348394825034,0.1867157979021039,0.38625064065862075
1932,5479.011,6750.046,1111.139,0.028,0,0,0.0,0,0.19839220635202992,0,0.0,0,0.02,0.2509460767620266,0.6947006816900234,0.1867157979021039,0.385696824587975
1933,4615.867,6342.23,1039.0,0.034,0,0,0.4,0,0.2040084105875362,0,0.06818181818181818,0,0.02,0.4584140027903739,0.8120685365309747,0.37251395480634897,0.3855503241053636
1934,5409.71,6351.854,1317.0,0.005,0,0,0.2,0,0.05954612674099604,0,0.0,0,0.06,0.4543968214038635,0.07939904592150378,0.17964990763046554,0.3855197008525401
1935,4635.889,6191.478,1039.0,0.041,0,1,0.6,1,0.5636408273319233,0,0.0,0,0.09,1.43588033003832,0.17814831266912892,0.17964990763046554,0.38547529151908594
1936,7575.139,7477.736,1205.0,0.011,0,0,0.0,0,0.06082457836563554,0,0.06818181818181818,0,0.0,0.44497440103514957,0.3351959273338498,0.6375954356047695,0.3840505993018156
1937,7766.117,5612.502,1399.449,0.007,0,0,0.0,0,0.09686578519359199,0,0.06719367588932806,0,0.19,0.37209624069829395,0.1665495494088519,0.1867157979021039,0.38397197590742144
1938,12426.408,9765.04,1399.0,0.012,0,0,0.0,0,0.014901052185370309,0,0.06719367588932806,0,0.13,0.5333609063727338,1.0937592201048199,0.1867157979021039,0.3837752440167469
1939,9909.227,6531.789,1455.0,0.021,0,0,0.0,0,0.012059516047867822,0,0.06719367588932806,0,0.0,0.3982568840098808,2.010258057206992,0.1867157979021039,0.38371326141935114
1940,3368.882,6976.376,43.0,0.02,0,0,0.0,0,0.22407131867299257,0,0.0,0,0.27,0.30659438346601775,0.7342647065770788,10.665890931652221,0.38345456782809884
1941,12403.73,9449.517,1389.59,0.033,0,0,0.0,0,0.047154093397144714,0,0.06719367588932806,0,0.06,0.6052640376544947,0.23508963068578892,0.1867157979021039,0.3828012017373848
1942,12989.375,6612.729,1539.38,0.073,0,0,0.0,0,0.039840908317404396,0,0.0,0,0.12,0.38291561360124066,-0.10398336811148612,0.722991173496274,0.3818994897892951
1943,5771.154,3427.561,1136.18,0.008,0,0,0.2,0,0.13761930564282118,0,0.0,0,0.18,0.1884816751837392,0.5182553881676574,0.21397319850419855,0.38155203033142016
1944,12175.346,10011.087,1386.0,0.011,0,0,0.0,0,0.0015060689726969644,1,0.7,0,0.02,0.4165436763926632,-0.5112234400991523,0.1867157979021039,0.3806573325750158
1945,5429.87,8352.753,559.0,0.02,0,0,0.0,0,0.07145482198710035,0,0.06719367588932806,0,0.01,0.23459315156382612,-0.5750810713769318,0.1867157979021039,0.3805813445807774
1946,5538.733,6831.542,1068.0,0.073,0,0,0.0,0,0.23574310098166956,0,0.06719367588932806,0,0.3,0.49501945391610747,0.6299654484951234,0.1867157979021039,0.37976712808894386
1947,4181.874,7636.848,196.69,0.013,0,0,0.0,0,0.011399973173143866,0,0.06719367588932806,0,0.01,0.6877321930069441,0.4980871938779036,0.1867157979021039,0.37751656654981064
1948,9372.0,6273.0,1492.0,0.034,0,0,0.0,0,0.0735717444788094,0,0.0,0,0.14,0.43209140740259117,0.9259922620612648,0.1867157979021039,0.37665359899628353
1949,6298.897,6480.536,1285.0,0.026,0,0,0.2,0,0.04465310003018796,1,0.6666666666666666,0,0.14,0.4620836355616785,0.2720244069781491,0.1867157979021039,0.3765265376292169
1950,5734.634,3345.364,1143.99,0.23,1,0,0.4,1,0.9955221590843161,1,1.0,1,0.91,0.3193926071893723,1.0625814267803513,0.21397319850419855,0.3763835533115959
1951,4403.0,7712.0,356.0,0.17,1,0,0.2,0,0.03655201690123207,1,1.0,1,0.62,3.1141357245578782,0.28392412554533986,0.17964990763046554,0.3757443884204711
1952,5325.548,8181.649,498.0,0.0025,0,0,0.2,0,0.14048254281657765,0,0.0,0,0.05,0.36887483222919454,0.6692550062957145,0.1867157979021039,0.37566691217947445
1953,10795.755,5751.862,1533.93,0.0025,0,0,0.0,0,0.004172990870863547,0,0.0,0,0.0,0.3855237810890919,-0.6513610124622446,0.1867157979021039,0.37540672100768846
1954,5366.878,7888.632,633.0,0.006,0,0,0.0,0,0.252594344930409,0,0.0,0,0.0,0.27830005681521647,0.7390304784018416,1.377,0.3752064524133512
1955,6463.948,7037.448,1206.0,0.401,1,0,0.2,0,0.4245979630938453,1,0.8947368421052632,1,0.91,0.36866902215042197,0.3293593090524333,0.722991173496274,0.37355297254977177
1956,7181.995,5262.575,1387.149,0.006,0,0,0.0,0,0.12569460549213032,0,0.06719367588932806,0,0.04,0.6258095778037116,0.5123258298196501,0.1867157979021039,0.3732691001844262
1957,5514.741,6892.746,1019.0,0.016,0,0,0.2,0,0.13315822512695946,0,0.03278688524590164,0,0.02,0.4011442452277014,0.31611355359922,0.37251395480634897,0.37304262063633503
1958,4723.0,5995.0,1040.0,0.042,0,0,0.0,0,0.09500690612695974,0,0.0,0,0.09,0.26154697431436547,0.5318714073710167,0.21397319850419855,0.3725603431248019
1959,4632.068,6302.892,1037.3,0.266,1,0,0.2,0,0.3876835252846052,0,0.06818181818181818,0,0.07,0.9784068845240059,0.7851478538724863,0.17964990763046554,0.372537630306481
1960,5415.317,7886.495,657.0,0.009,0,0,0.0,0,0.13482283899969696,0,0.0,0,0.0,0.3199581099474837,0.3960250645974116,1.377,0.37231816584755484
1961,9757.765,6577.131,1416.75,0.019,0,0,0.2,0,0.024183649031298365,0,0.06719367588932806,0,0.05,0.5720644428612864,0.7327707226412898,0.1867157979021039,0.37190012060970057
1962,6737.494,6511.198,1229.269,0.026,0,0,0.4,0,0.33703088349546106,0,0.06719367588932806,0,0.3,0.28841869317763874,0.8764244595300212,0.1867157979021039,0.37178617679295944
1963,7834.0,5424.0,1436.0,0.005,0,0,0.2,0,0.012722357749369986,0,0.0,0,0.0,0.43103395344738515,-0.06848304705591274,0.17964990763046554,0.37159209134741383
1964,9739.973,6295.477,1498.0,0.188,1,0,0.4,0,0.4913265671479439,1,1.0,1,0.75,0.8666700379865794,1.056167858910218,0.722991173496274,0.3711151029684396
1965,7389.0,7344.0,1285.0,0.086,0,0,0.0,0,0.4202215238513959,1,0.8947368421052632,0,0.13,0.379401664951964,0.5118670271787691,0.6181337712268828,0.3697873670789623
1966,12184.714,9619.928,1349.43,0.236,1,0,0.4,1,0.7776184726191064,1,1.0,0,0.36,0.31706482263030994,-0.3669748620662473,0.1867157979021039,0.36974601830626463
1967,11973.089,10040.492,1363.75,0.01,0,0,0.0,0,4.457527549866632e-05,0,0.06719367588932806,0,0.2,0.29713755284451776,-0.6538044619880958,0.1867157979021039,0.36959890920848776
1968,6164.058,7410.504,1055.819,0.2,1,0,0.4,0,0.3286324285718311,1,0.8947368421052632,1,0.87,0.6745444617341543,0.9091386018722846,0.6181337712268828,0.3688360512897021
1969,4920.0,6466.0,1124.0,0.005,0,0,0.2,0,0.07685383714274413,0,0.0,0,0.03,0.37724538704467625,0.815482273911424,0.1867157979021039,0.3686244113271082
1970,10822.434,5812.74,1528.48,0.009,0,0,0.0,0,0.018235413633938102,0,0.0,0,0.02,0.38552378108909185,-0.10863868527685473,0.1867157979021039,0.3685663441729907
1971,5370.0,7897.0,616.0,0.013,0,0,0.4,0,0.12714584580147023,0,0.0,0,0.02,0.188184463422172,0.3334472067089824,0.1867157979021039,0.3663041751071751
1972,5382.0,6412.0,1267.0,0.0025,0,0,0.0,0,0.03617042744470737,0,0.0,0,0.05,0.24752605566394836,0.9942451824685641,0.555,0.3658550006260824
1973,13113.204,6579.749,1538.0,0.022,0,0,0.0,0,0.0013749840494222904,0,0.0,0,0.03,0.3879913368548482,-0.30361735192154593,0.1867157979021039,0.36476471744168837
1974,8163.037,6302.033,1422.299,0.171,1,0,0.2,0,0.14796126573065022,0,0.06719367588932806,1,0.58,0.24761183807440523,1.242959649992086,0.1867157979021039,0.3634763186725555
1975,9473.0,6468.0,1501.0,0.009,0,0,0.0,0,0.09749789029020718,0,0.06719367588932806,0,0.06,0.7556990079866456,0.49680733154245715,0.1867157979021039,0.3615817861128608
1976,7354.327,7341.923,1299.0,0.2,1,0,0.2,0,0.17800204645905687,1,0.8947368421052632,1,0.8,0.19556580700474452,0.6630341785394368,0.6181337712268828,0.36147794210040973
1977,4831.0,7511.0,557.0,0.023,0,0,0.0,0,0.018837141501747444,0,0.0,0,0.01,0.5977044246813168,-0.018480243400007864,0.1867157979021039,0.3605996677935061
1978,4982.0,6735.0,984.0,0.054,0,0,0.0,0,0.084320440477369,0,0.0,0,0.04,0.6603562144717818,0.44946794221665287,0.1867157979021039,0.36047410557608794
1979,7221.856,5251.294,1354.429,0.005,0,0,0.0,0,0.10723464103086748,0,0.06818181818181818,0,0.08,0.35117955735101714,0.6527159249222003,0.37251395480634897,0.36047135195519947
1980,7130.849,4715.697,1055.0,0.015,0,0,0.0,0,0.023678377312449587,0,0.06719367588932806,0,0.04,0.6456221221577562,0.8672060368755025,0.1867157979021039,0.3599342517462277
1981,5348.0,6605.0,1119.0,0.02,0,1,0.6,0,0.24913838842483715,0,0.0,0,0.02,0.3695965143461422,0.43642119451058925,0.1867157979021039,0.3597084099603472
1982,6363.367,6658.965,1292.0,0.01,0,0,0.2,0,0.052127493309418176,0,0.0,0,0.02,0.3263977263200935,0.38528118896192665,0.1867157979021039,0.35865704154267475
1983,7387.408,8806.318,681.0,0.03,0,0,0.0,0,0.09220904386432692,0,0.0,0,0.04,0.23022780905108176,0.34454685821316683,0.1867157979021039,0.3585837458796406
1984,6330.809,8106.534,769.0,0.024,0,0,0.2,0,0.21605303741769138,0,0.06719367588932806,0,0.27,0.13328069730979214,1.05211300668581,0.1867157979021039,0.3575528371892982
1985,7644.533,5312.194,1449.0,0.011,0,0,0.0,0,0.19813655759118826,0,0.06719367588932806,0,0.09,0.8253531010519216,0.7389595886082571,0.1867157979021039,0.35703060453570123
1986,9494.0,6797.0,1480.0,0.012,0,0,0.2,0,0.1517438343336696,0,0.0,0,0.08,0.434139165896601,0.7572820348888829,0.1867157979021039,0.3563537707324017
1987,8783.263,5458.917,1292.699,0.0025,0,0,0.0,0,0.06497805409570788,0,0.06818181818181818,0,0.01,0.6014392923595357,1.0105890126760422,0.37251395480634897,0.35619299014228145
1988,9466.0,6973.0,1451.0,0.01,0,0,0.0,0,0.11487381034059022,0,0.06719367588932806,0,0.01,0.49501945391610724,0.8215321450782189,0.1867157979021039,0.3558025163344106
1989,5863.0,3931.0,844.0,0.0025,0,0,0.2,0,0.26938506231229786,0,0.06818181818181818,0,0.03,0.4807567579028462,0.5624928213775588,1.377,0.35549226596232436
1990,5265.87,6328.584,1308.0,0.011,0,0,0.4,0,0.03374681466785166,0,0.0,0,0.08,0.324823880447794,-0.054347715125879874,0.555,0.35333364413681834
1991,7585.278,6345.557,1298.502,0.011,0,0,0.4,0,0.059627566643191444,0,0.06719367588932806,0,0.07,1.0458078355366571,0.9305883731165354,0.1867157979021039,0.35301811356877205
1992,7444.054,7339.262,1281.0,0.321,1,0,0.4,1,0.7351928062332271,1,1.0,1,0.83,0.4258409498054846,0.9106808113393875,0.6181337712268828,0.35258723728610647
1993,5747.685,5881.423,1150.0,0.0025,0,0,0.0,0,0.1361007665662187,0,0.0,0,0.01,0.32754668748947197,0.32975290617693426,0.1867157979021039,0.3518096846315631
1994,6418.026,7869.974,941.609,0.114,1,0,0.2,0,0.09790034215613291,0,0.4666666666666667,0,0.19,0.27942217721771456,0.7182697802552938,0.4765442467801234,0.35042961889436275
1995,7866.813,5725.574,1465.839,0.025,0,0,0.2,0,0.2550514138321038,0,0.06719367588932806,0,0.11,0.3562133620127618,0.9120432872771738,0.1867157979021039,0.3494499726367423
1996,9908.209,6530.959,1455.0,0.016,0,0,0.0,0,0.02773635448426253,0,0.06719367588932806,0,0.04,0.3156281459320887,1.190244374331342,0.1867157979021039,0.3475608167558555
1997,7617.0,7439.0,1215.0,0.016,0,0,0.0,0,0.04136763597506093,0,0.0,0,0.04,0.35896665554830487,0.3436633284337482,0.37251395480634897,0.3466346265007367
1998,5416.947,6354.975,1317.0,0.035,0,0,0.2,0,0.05411934083050682,0,0.06818181818181818,0,0.03,0.39148211846699243,0.23511621849427253,0.1867157979021039,0.3462836403464372
1999,5843.894,3519.717,1088.55,0.012,0,0,0.4,0,0.07267537976667732,0,0.06719367588932806,0,0.09,0.5746546880903095,0.049492588647616235,1.377,0.3462046582970628
2000,7391.12,6471.84,1306.569,0.02,0,0,0.0,0,0.0697018900534295,0,0.06719367588932806,0,0.03,1.4018541504466067,0.7641565053314452,0.1867157979021039,0.3461164101419225
2001,4413.0,6360.0,879.0,0.081,0,0,0.2,0,0.029755363767248584,0,0.06719367588932806,0,0.07,0.21094327723986084,1.1458596390494353,0.1867157979021039,0.3460846244553666
2002,6245.654,8241.899,694.0,0.0025,0,0,0.0,0,0.024461966096194807,0,0.06719367588932806,0,0.01,0.3682340879946799,-0.000778491617885592,0.1867157979021039,0.34539817090900976
2003,7692.0,7180.0,1275.0,0.047,0,0,0.2,0,0.1960992702702087,0,0.06719367588932806,0,0.15,0.31492170200469916,0.47952875746343315,0.1867157979021039,0.3453540286183548
2004,3308.728,6922.639,20.0,0.006,0,0,0.0,0,0.0225047673393418,0,0.0,0,0.03,0.5706012779039109,-0.019942227147968786,0.1867157979021039,0.3449157091971915
2005,9332.306,6918.581,1392.0,0.011,0,0,0.0,0,0.058568221012420076,0,0.06719367588932806,0,0.04,0.5427711406964798,1.0761135347899162,0.1867157979021039,0.3448749054723102
2006,10781.339,5714.579,1554.56,0.014,0,0,0.2,1,0.7350208289969452,0,0.0,0,0.11,0.3140727742556302,0.22050101441008568,0.6375954356047695,0.3447555238620978
2007,4918.0,6713.0,1005.0,0.21,1,0,0.4,0,0.042532271609804426,1,0.8888888888888888,1,0.75,0.7971074893040758,0.49516677385849633,0.4765442467801234,0.34290651513324333
2008,2869.306,1880.466,673.609,0.352,1,0,0.4,0,0.1143816411874718,1,1.0,1,0.79,0.3666046397552807,0.05624691712039304,0.6181337712268828,0.3427020065642623
2009,6389.0,7482.0,974.0,0.008,0,0,0.0,0,0.038787079322204494,0,0.0,0,0.03,0.43422556790164907,1.2513143903211663,0.1867157979021039,0.3424637538504002
2010,16.0,9177.0,825.0,0.0025,0,0,0.0,0,0.00014630679438417527,0,0.0,0,0.02,0.3345595497600227,-0.5768453178145514,0.1867157979021039,0.3422521394999951
2011,8034.977,6508.005,1381.939,0.017,0,0,0.2,0,0.10596749442472334,0,0.06719367588932806,0,0.12,0.23093519725754127,0.6507096369695481,0.1867157979021039,0.33912150333623775
2012,6277.332,9078.652,596.0,0.0025,0,0,0.0,0,0.007942036829341841,0,0.0,0,0.01,1.2640521819010142,0.20825462595223249,0.37251395480634897,0.33848791262805444
2013,5861.0,3911.0,859.0,0.163,1,0,0.4,1,0.9179846079846927,1,1.0,1,0.88,0.7066465023438994,1.1486225453832053,0.21397319850419855,0.3384750003831251
2014,5647.0,6771.0,1134.0,0.025,0,0,0.0,0,0.11641781284790537,0,0.06719367588932806,0,0.01,0.8535134711339887,0.208320151519923,0.1867157979021039,0.33773872256786514
2015,5738.327,6437.205,1336.0,0.006,0,0,0.2,0,0.22358505488699917,0,0.0,0,0.03,0.22636853622274397,0.10058800059466923,0.1867157979021039,0.337640477153214
2016,6620.139,7621.084,1054.389,0.006,0,0,0.2,0,0.10807869787459043,0,0.06719367588932806,0,0.07,1.051685096956809,0.8307026661122373,0.1867157979021039,0.3374255872468592
2017,6590.512,7503.86,1054.389,0.268,1,0,0.2,0,0.17318730380816702,0,0.06719367588932806,0,0.14,0.26065897747932565,0.6788037683891781,0.4765442467801234,0.3372816929077291
2018,6848.0,6820.0,1298.0,0.049,0,0,0.4,0,0.13972385799091022,1,0.6666666666666666,0,0.25,0.298900460301644,-0.17188616075299126,0.1867157979021039,0.3356628659899771
2019,4650.153,6304.18,1061.0,0.255,1,1,0.6,0,0.3026163749054447,0,0.4666666666666667,1,0.67,0.29453633229988724,-0.09060001266811162,0.4765442467801234,0.33446932210858754
2020,9450.959,6322.051,1496.709,0.014,0,0,0.0,0,0.08331870063216411,0,0.06719367588932806,0,0.03,0.40486753432334255,0.41241482789096434,0.37251395480634897,0.3333652469256502
2021,4918.146,6702.394,1030.0,0.17,1,0,0.4,0,0.05215804802205644,0,0.06818181818181818,1,0.62,0.759527663864497,1.0110190419020522,0.17964990763046554,0.3326355734327616
2022,5392.816,7889.858,640.0,0.011,0,0,0.0,0,0.17922728957410194,0,0.0,0,0.03,0.23709061587734462,0.43504714398453453,0.1867157979021039,0.33223384759571545
2023,5444.036,7875.812,660.0,0.007,0,0,0.0,0,0.04286397965650841,0,0.06818181818181818,0,0.02,0.14949600918574585,-0.06093116353527496,0.17964990763046554,0.3313105868838748
2024,7388.151,8826.55,672.85,0.0025,0,0,0.0,0,0.02012987681243698,0,0.0,0,0.05,0.5104271952948012,0.14484140090192718,0.1867157979021039,0.3311243289432136
2025,4999.0,6744.0,974.0,0.142,1,0,0.4,1,0.577043530255758,1,1.0,1,0.84,1.499754752581952,0.9423310391352107,0.1867157979021039,0.3305965406124467
2026,6494.297,6741.99,1352.149,0.188,1,0,0.2,0,0.47303990589784256,1,0.8947368421052632,1,0.85,0.786237962113091,0.8351724575154522,0.722991173496274,0.330249407530056
2027,5523.253,8011.928,571.0,0.0025,0,0,0.0,0,0.07507210133764539,0,0.06719367588932806,0,0.01,0.5210973085861356,0.3824776080397763,0.1867157979021039,0.3287187019119764
2028,5020.0,6714.0,1000.0,0.126,1,0,0.0,0,0.21685673071965814,0,0.06818181818181818,0,0.06,0.2954082744579763,0.8608818223010335,0.17964990763046554,0.3278372121338279
2029,4519.0,7265.0,550.0,0.015,0,0,0.0,0,0.06005172200547141,0,0.06818181818181818,0,0.01,0.37019790092159777,0.9025132723994953,0.6375954356047695,0.3272414799601745
2030,5399.0,6853.0,1052.0,0.059,0,0,0.0,0,0.13134603972343273,0,0.06719367588932806,0,0.05,0.6935706742638277,0.23567566229674192,0.1867157979021039,0.3269268851297441
2031,9900.994,6526.062,1456.0,0.037,0,0,0.0,0,0.017659557325026408,0,0.06719367588932806,0,0.05,0.5698602230955438,1.3727734780660652,0.1867157979021039,0.32573834803143936
2032,5599.653,7836.193,694.0,0.01,0,0,0.2,0,0.1373301402125002,0,0.06719367588932806,0,0.07,0.4653754124494589,0.26605558483606606,0.1867157979021039,0.3245291672325338
2033,9452.0,6471.0,1492.0,0.227,1,0,0.0,0,0.1310920022045788,0,0.06719367588932806,0,0.24,1.7614040882808446,1.4123008127998826,0.1867157979021039,0.3238751070717638
2034,4912.899,6732.387,995.0,0.333,1,1,0.6,0,0.15061258706815167,1,1.0,1,0.74,0.5114378683622137,0.5283807178075688,0.1867157979021039,0.3230008151786516
2035,6777.825,7997.316,955.0,0.182,1,0,0.2,0,0.0865333139180036,0,0.06818181818181818,1,0.69,0.4106623900406509,0.8095090889526514,0.17964990763046554,0.32223450217247257
2036,9900.955,6524.649,1456.0,0.024,0,0,0.0,0,0.028021245085221472,0,0.06719367588932806,0,0.01,0.5395016843880159,1.0397264867532685,0.1867157979021039,0.3213126687791271
2037,7409.0,7319.0,1289.0,0.147,1,0,0.2,0,0.10251816484727219,1,0.8947368421052632,1,0.75,0.41734513349410524,0.6553990949313898,0.6181337712268828,0.3209865858312752
2038,7447.608,6456.685,1294.868,0.014,0,0,0.0,0,0.08705036904168635,0,0.06719367588932806,0,0.11,1.0418796983764036,0.6287996299335866,0.1867157979021039,0.3204391544056554
2039,5413.353,6353.14,1317.0,0.014,0,0,0.2,0,0.14198954548635812,0,0.06818181818181818,0,0.02,0.2997954119478122,0.10022337759157689,0.1867157979021039,0.31915918303139423
2040,6285.813,8211.679,715.0,0.095,0,0,0.0,0,0.03781664948223584,0,0.06719367588932806,0,0.03,0.303953189447368,-0.19154969571621558,0.1867157979021039,0.3188437901298889
2041,4482.802,6411.963,947.0,0.028,0,0,0.0,0,0.13118860496480605,0,0.06719367588932806,0,0.12,0.19096504705989925,0.45879686016429705,0.4765442467801234,0.31878648898298056
2042,4616.461,6342.215,1039.0,0.013,0,0,0.0,0,0.09750135076493242,0,0.0,0,0.01,0.24167374942368297,0.017849062216528364,0.1867157979021039,0.3181624140493583
2043,5417.933,7122.751,881.0,0.011,0,0,0.0,0,0.06083043148565925,0,0.06719367588932806,0,0.0,0.46851839798465056,0.40471876156435127,0.1867157979021039,0.3180291424922287
2044,5756.057,3348.502,1143.0,0.054,0,0,0.4,1,0.7208362258788261,0,0.0,0,0.28,0.7928978633367866,0.9438439623967064,0.21397319850419855,0.3157677345032935
2045,5730.086,3349.171,1143.25,0.102,1,1,1.0,1,0.9999786437226094,1,1.0,1,0.93,0.23438715010364816,1.3723598073439354,0.21397319850419855,0.3155785739262846
2046,7537.487,5489.147,1370.0,0.035,0,0,0.4,0,0.09658656013466503,0,0.06719367588932806,0,0.03,0.6968074661729736,0.9612825732904303,0.1867157979021039,0.31369998587861003
2047,4978.0,6777.0,940.0,0.022,0,0,0.0,0,0.12322278290449194,0,0.0,0,0.08,0.3842920309379133,0.39197802254204644,0.1867157979021039,0.31330134023385325
2048,6132.0,8384.0,578.0,0.015,0,0,0.0,0,0.19173864379476524,0,0.06719367588932806,0,0.05,0.21813474561844415,0.6115048481969619,0.1867157979021039,0.3127871727464841
2049,5403.0,7888.0,632.0,0.016,0,0,0.0,0,0.1419292046465259,0,0.0,0,0.03,0.55744065127762,-0.25745579302577204,0.1867157979021039,0.31250580393306737
2050,7960.116,5487.462,1483.98,0.263,1,0,0.0,0,0.06654601176549652,0,0.0,0,0.09,0.21367823760707105,0.6351233011378036,0.1867157979021039,0.31130479152703333
2051,7982.963,8490.224,851.0,0.015,0,0,0.0,0,0.03344825777173316,0,0.0,0,0.21,0.2261194645060643,0.21372784999574312,0.1867157979021039,0.30975812268738095
2052,5755.815,7795.417,735.0,0.027,0,0,0.4,0,0.25132521252621254,0,0.0,0,0.22,0.34186282039704885,0.3379110586967169,0.21397319850419855,0.3095938218546469
2053,9898.519,6509.823,1454.0,0.023,0,0,0.0,0,0.01705050116252976,0,0.0,0,0.05,0.40933374565274044,1.9265132173800845,0.1867157979021039,0.3085951595271241
2054,12506.71,9377.052,1326.0,0.079,0,0,0.2,0,0.0005384896079922467,0,0.0,0,0.18,0.30208733227261236,1.1051902341519186,0.1867157979021039,0.3066464319218466
2055,5105.0,6609.0,1060.0,0.111,1,0,0.4,0,0.36673652893833714,1,1.0,1,0.64,0.20344797290742972,0.7462943032453362,0.1867157979021039,0.3058885322487993
2056,3359.985,7087.879,0.0,0.172,1,1,0.8,0,8.960328966901293e-14,0,0.0,0,0.37,0.22251977308035728,-0.3094803381237824,0.21397319850419855,0.30238139662117314
2057,13082.343,7639.524,1385.0,0.039,0,0,0.0,0,0.0057175819086388024,0,0.06719367588932806,0,0.06,0.3979290805919187,-0.4474210544607944,0.1867157979021039,0.3022962701437242
2058,4587.0,6403.0,1007.0,0.119,1,0,0.2,0,0.041245435078905116,1,1.0,1,0.68,0.38552378108909185,0.45178019430224303,0.1867157979021039,0.30117092335856
2059,4375.362,7677.273,366.0,0.0025,0,0,0.0,0,0.034977924725287025,0,0.06719367588932806,0,0.01,0.5761881674404971,0.05094771751478073,0.1867157979021039,0.2991828002516969
2060,4513.0,7794.0,335.0,0.073,0,0,0.2,0,0.21147590257603174,0,0.0,0,0.17,1.2251499444637322,0.5294849034993909,0.1867157979021039,0.2986254042927292
2061,5650.0,8191.0,643.0,0.025,0,0,0.0,0,0.1632526914275142,0,0.0,0,0.01,0.6014392923595355,0.623193484126292,0.1867157979021039,0.29784870671571834
2062,6428.0,8316.0,711.0,0.028,0,0,0.0,0,0.01878509011646168,0,0.06719367588932806,0,0.23,0.2712417580484984,-0.24115421340914528,0.1867157979021039,0.2961222216044408
2063,6550.342,8313.49,772.0,0.082,0,0,0.0,0,0.10473007730069303,0,0.06719367588932806,0,0.09,0.3506934920509861,0.5164180622719478,0.1867157979021039,0.29290775396790125
2064,12485.0,9297.0,1266.0,0.013,0,0,0.2,0,0.009789881969586354,0,0.06719367588932806,0,0.0,0.34253726893615294,0.13351594922595142,0.1867157979021039,0.2921659334968556
2065,12325.0,9308.0,1336.0,0.013,0,0,0.0,0,0.020103071471548925,0,0.06719367588932806,0,0.02,0.34253726893615294,0.3013075774601072,0.1867157979021039,0.29034688956376353
2066,5826.848,8257.536,690.999,0.045,0,0,0.2,0,0.08680402487675602,0,0.06719367588932806,0,0.05,0.6539109968140937,0.21376217063307867,0.1867157979021039,0.2899865427851245
2067,7744.797,7279.979,1228.0,0.009,0,0,0.0,0,0.14476227590111176,0,0.06719367588932806,0,0.09,0.19556580700474455,0.3687009892517168,0.1867157979021039,0.28945796588972483
2068,7652.489,9380.671,1004.9,0.005,0,0,0.2,0,0.08143960606744595,0,0.0,0,0.03,0.29648201362072496,-0.165570996082455,0.1867157979021039,0.28786125840807386
2069,4515.0,6105.0,943.0,0.015,0,0,0.0,0,0.09593599729326319,0,0.0,0,0.02,0.8429942430182458,0.41126699027406644,0.1867157979021039,0.2874072823971081
2070,4617.052,6342.172,1039.0,0.045,0,0,0.2,0,0.1169052238465211,0,0.0,0,0.13,0.21446085677298735,0.1360934535324353,0.1867157979021039,0.28637524655544155
2071,5624.0,8011.0,583.0,0.008,0,0,0.0,0,0.16437025554830426,0,0.38461538461538464,0,0.12,0.5516116502526565,0.23109841283290977,0.722991173496274,0.2861426270132235
2072,5515.665,6887.556,1040.0,0.056,0,0,0.4,0,0.29701445094091605,0,0.0,0,0.03,0.23992530372986381,0.42277469515842464,0.1867157979021039,0.2859454191289035
2073,4986.764,8192.549,400.0,0.25,1,0,0.2,0,0.005902824189788644,1,0.7,1,0.77,0.6182711847270623,-0.18275701690397725,0.1867157979021039,0.2857638187076157
2074,6277.041,8190.147,727.0,0.012,0,0,0.0,0,0.2108195363563243,0,0.06719367588932806,0,0.04,0.3641016562847111,0.6390580517796312,0.1867157979021039,0.2856321383753047
2075,5670.158,6626.205,1284.399,0.115,1,0,0.2,1,0.8178685242534434,1,1.0,1,0.73,0.19590705311433354,1.1747145942760948,0.21397319850419855,0.2851417639623395
2076,10796.085,5752.192,1533.93,0.013,0,0,0.2,0,0.05098226189879684,0,0.06719367588932806,0,0.06,0.49396384221596307,-0.34800274621757205,0.1867157979021039,0.2842532998204252
2077,10760.233,5765.308,1540.0,0.05,0,0,0.2,0,0.13679690331555225,0,0.06719367588932806,0,0.17,0.433938876104343,0.3517005293408895,0.1867157979021039,0.2842043583094787
2078,6769.0,8253.0,800.0,0.051,0,0,0.0,0,0.1548730046727266,0,0.06719367588932806,0,0.04,0.7438791896653093,0.14295463518277768,0.1867157979021039,0.2830363764326821
2079,5830.552,8239.037,696.0,0.005,0,0,0.0,0,0.15938096532796997,0,0.06719367588932806,0,0.01,1.3016174809109984,0.5790408821093165,0.1867157979021039,0.2829732275604319
2080,4620.526,6358.339,1022.22,0.135,1,0,0.4,0,0.29050270151067376,1,0.8888888888888888,1,0.83,0.9283490889700832,0.9922577673014846,0.4765442467801234,0.282379703053281
2081,12291.151,9344.202,1358.05,0.017,0,0,0.0,0,0.0026640013673611875,1,1.0,0,0.41,0.2835903640706803,-0.42355953279112085,0.1867157979021039,0.28164361585761166
2082,4723.448,6225.89,1105.0,0.238,1,0,0.2,0,0.12884256483143827,0,0.06719367588932806,1,0.77,0.32817185768255164,0.12711737713433308,0.1867157979021039,0.27983717916430834
2083,5309.807,7918.561,599.0,0.021,0,0,0.0,0,0.06420329470594666,0,0.0,0,0.01,0.31492170200469904,0.2678752027821366,0.1867157979021039,0.27793340885795786
2084,5420.998,6356.61,1317.0,0.135,1,1,0.6,0,0.37869845469303703,1,1.0,1,0.73,0.332504345476128,0.07935492914354747,0.4765442467801234,0.2761663194898603
2085,5700.856,8006.524,601.0,0.078,0,0,0.2,0,0.12249963158064282,0,0.06719367588932806,0,0.39,0.2162564310442303,0.2815360715270212,0.1867157979021039,0.2760162334527946
2086,5522.985,8011.88,572.0,0.005,0,0,0.0,0,0.1155037026365559,0,0.0,0,0.01,0.36887483222919454,0.17722402018702116,0.1867157979021039,0.2742067242660122
2087,5407.75,8024.675,590.0,0.009,0,0,0.0,0,0.10882781668928806,0,0.0,0,0.01,0.14949600918574585,0.49073995467066944,0.1867157979021039,0.27352060655476834
2088,5455.093,7871.946,659.0,0.016,0,0,0.0,0,0.14192949490214365,0,0.06719367588932806,0,0.17,0.14251474765561228,0.33642069801435986,0.1867157979021039,0.2733421142442042
2089,5779.0,7932.0,636.0,0.157,1,1,0.6,0,0.4919029254784682,0,0.38461538461538464,1,0.88,0.3785942616731327,0.0417986323922204,0.722991173496274,0.2712722133833861
2090,5290.0,6460.0,1204.0,0.146,1,0,0.2,0,0.11207453465561489,0,0.06818181818181818,1,0.69,0.5731953128716277,0.5884177421644949,0.1867157979021039,0.27068006843822157
2091,10759.075,9711.097,1407.0,0.007,0,0,0.0,0,0.005694171139725506,0,0.0,0,0.17,0.3275380915496576,0.020348813366501437,0.1867157979021039,0.270421946855637
2092,6296.624,8160.62,738.0,0.017,0,0,0.0,0,0.10589411505325609,0,0.06719367588932806,0,0.08,0.19556580700474452,0.5751870475044871,0.1867157979021039,0.26975729373377294
2093,10777.316,5702.359,1551.11,0.135,1,0,0.2,0,0.1419220347170927,1,1.0,1,0.68,0.2598378004885789,0.7581801217177884,0.1867157979021039,0.2668137534140204
2094,5596.648,7870.94,671.0,0.008,0,0,0.2,0,0.12679084464622656,0,0.06719367588932806,0,0.05,0.1911282716572153,0.24012724918669168,0.1867157979021039,0.2662831656531654
2095,8410.048,6107.97,1444.589,0.129,1,0,0.0,0,0.0500995527830491,0,0.06719367588932806,0,0.21,0.5720644428612864,0.36846118753170576,0.1867157979021039,0.2647293678525568
2096,12484.0,9294.0,1297.0,0.019,0,0,0.0,0,0.005253859451248548,0,0.06818181818181818,0,0.0,0.6909526133865282,0.08697252317049964,0.1867157979021039,0.26424394216495356
2097,2579.966,2221.598,516.659,0.197,1,1,0.8,1,0.9820895809317359,1,1.0,1,0.92,0.6530959113559103,0.44909850051527983,0.21397319850419855,0.2640733519501029
2098,11801.243,9925.7,1367.0,0.035,0,0,0.0,0,0.011865224320695453,0,0.06818181818181818,0,0.04,0.29950966184740535,-0.36828786099950583,0.1867157979021039,0.260695819519271
2099,5795.033,8225.54,685.0,0.019,0,0,0.0,0,0.14810588840459574,0,0.06818181818181818,0,0.0,0.2725388305042511,0.48329936850917987,0.1867157979021039,0.25899384921856483
2100,5412.525,8021.974,589.0,0.021,0,0,0.2,0,0.10441322027075356,0,0.06719367588932806,0,0.26,0.5042496565151025,0.5139329732388391,0.1867157979021039,0.25857265374149097
2101,5539.211,6856.855,1055.0,0.09,0,0,0.2,0,0.18066265371596635,0,0.06719367588932806,0,0.21,0.293406076163469,0.6144792607047826,0.1867157979021039,0.2562331996210137
2102,8247.33,8642.427,1007.0,0.191,1,1,0.6,1,0.9657756146030382,0,0.0,0,0.41,0.18064051834882117,0.07924687236678438,0.1867157979021039,0.25558923189899163
2103,5772.328,3350.648,1143.47,0.171,1,0,0.4,1,0.9792496947164205,1,1.0,1,0.89,0.22816861320472748,0.5901752813076739,0.21397319850419855,0.2543590802861234
2104,5604.457,7862.093,673.0,0.0025,0,0,0.0,0,0.15109935398480975,0,0.06719367588932806,0,0.17,0.3643373095940933,0.0780257893006835,0.1867157979021039,0.2507890987648547
2105,3309.582,6922.716,20.0,0.005,0,0,0.0,0,0.0070402350931824936,0,0.0,0,0.01,0.5637244756748532,0.03346156906621401,0.1867157979021039,0.24766974198542965
2106,6268.728,8201.253,730.0,0.018,0,0,0.0,0,0.13264914762405283,0,0.0,0,0.17,0.27676701546148375,0.07656760905878177,0.1867157979021039,0.24754785054629655
2107,4542.0,6036.0,947.0,0.114,1,0,0.4,0,0.4630142648124385,1,0.7,1,0.87,1.0006603540980765,0.719397303547217,0.21397319850419855,0.2475036156488722
2108,8400.0,5163.0,1248.0,0.156,1,0,0.2,0,0.13638368929573919,0,0.06719367588932806,1,0.66,0.29648201362072496,0.0952741002540485,0.1867157979021039,0.24397068341434977
2109,4913.4,6713.0,1005.0,0.153,1,0,0.2,0,0.17980589932746494,1,0.6666666666666666,1,0.76,0.3599387099388288,-0.007360046157346003,0.1867157979021039,0.24313403183487942
2110,6297.102,7185.915,1163.0,0.119,1,0,0.4,0,0.4251685347713425,0,0.38461538461538464,1,0.83,0.19112827165721527,0.6142042037651094,0.722991173496274,0.24265849563609554
2111,5629.405,7831.748,703.0,0.023,0,0,0.2,0,0.07543753527669574,0,0.0,0,0.11,0.3736097837639398,0.11523905643608844,0.1867157979021039,0.23410997788619373
2112,6080.0,8427.0,566.0,0.043,0,0,0.0,0,0.10106860405501848,0,0.06818181818181818,0,0.03,0.30395318944736793,0.13581969211888187,0.1867157979021039,0.23214874050996293
2113,4182.324,7636.848,196.69,0.031,0,0,0.2,0,0.12546330776090572,0,0.06719367588932806,0,0.08,0.32093524448004096,1.2147092000082547,0.1867157979021039,0.231993138956042
2114,5294.0,6431.0,1219.0,0.14,1,0,0.4,0,0.18879523678922086,1,1.0,1,0.82,0.31042284975428286,0.2822217233922064,0.1867157979021039,0.23096595517435892
2115,5700.862,8006.657,601.0,0.171,1,1,1.0,0,0.27156532965893604,1,0.7,1,0.79,0.37090775262193326,0.04428599873525758,0.1867157979021039,0.2231637373434234
2116,5392.416,8028.566,593.0,0.038,0,0,0.0,0,0.19362327329152038,0,0.06719367588932806,0,0.05,0.36887483222919454,0.8050955122428555,0.1867157979021039,0.21974712148951792
2117,6159.193,8369.36,614.0,0.13,1,0,0.2,0,0.10134954277752944,0,0.06719367588932806,1,0.63,0.49998448159996145,0.2515187082509564,0.1867157979021039,0.21135693573973652
2118,5700.837,8007.122,601.0,0.006,0,0,0.0,0,0.07612747634509077,0,0.06719367588932806,0,0.02,0.17328920003585582,0.13910629256698104,0.1867157979021039,0.21073213390799114
2119,4969.5,6685.0,1030.0,0.164,1,0,0.4,0,0.21834345019389492,0,0.06719367588932806,1,0.88,0.35330401790452187,0.6851569340129017,0.1867157979021039,0.20938895471152738
2120,5700.844,8006.847,601.0,0.053,0,0,0.2,0,0.2469672863692953,0,0.06719367588932806,0,0.12,0.3458044158853223,0.2803129433315732,0.1867157979021039,0.2092745124331154
2121,5474.0,6817.0,1095.0,0.072,0,0,0.4,0,0.49833252457783933,0,0.06719367588932806,0,0.08,0.5026296469291128,0.7054046749218003,0.1867157979021039,0.20712265964988438
2122,13162.24,7721.219,1399.0,0.132,1,1,0.6,1,0.7197351114259529,0,0.06719367588932806,0,0.41,0.27366907629168585,0.5713744092640214,0.1867157979021039,0.20641122029994516
2123,4525.12,7814.83,321.0,0.123,1,0,0.2,1,0.6379503158928485,1,1.0,0,0.48,0.2267869269000893,0.32536805803966456,0.21397319850419855,0.20331716380210874
2124,5421.62,7889.622,656.0,0.01,0,0,0.0,0,0.15560550210004484,0,0.06818181818181818,0,0.03,0.20017147685941877,0.42521981204789366,0.1867157979021039,0.2012490476924094
2125,8247.712,8643.854,1008.0,0.176,1,1,0.6,1,0.9824013948303969,1,0.6666666666666666,1,0.68,0.4589660621744764,0.19759855761689799,0.1867157979021039,0.20022816177878586
2126,5106.18,8329.73,355.0,0.113,1,0,0.2,0,0.32438708744760136,1,1.0,1,0.65,0.32093524448004096,0.46241949937646143,0.21397319850419855,0.19797268997920095
2127,6100.995,8209.643,699.0,0.064,0,0,0.2,0,0.17627639166175282,0,0.0,0,0.25,0.22909296472609134,0.17254980255874108,0.722991173496274,0.19535306789156065
2128,5566.688,6787.367,1089.0,0.114,1,0,0.4,1,0.6521301097555738,0,0.06719367588932806,1,0.76,0.6440481332093404,0.22685134645123728,0.1867157979021039,0.19414444947081236
2129,5939.501,3655.298,1025.64,0.103,1,0,0.4,1,0.8490441919869146,1,1.0,1,0.77,0.8823024573942919,0.9429787476809466,0.21397319850419855,0.1940293364241085
2130,13208.56,7703.28,1397.28,0.136,1,0,0.2,0,0.20408726022127716,0,0.06719367588932806,0,0.18,0.1863238018848707,0.6447581122095078,0.1867157979021039,0.1930945012991862
2131,4508.0,7800.0,336.0,0.053,0,0,0.4,0,0.12785097579133345,1,0.7,0,0.21,0.4147869240794344,0.13968205403700062,0.1867157979021039,0.18849496500246898
2132,5516.238,6887.632,1040.0,0.119,1,0,0.2,0,0.1535731451479314,0,0.06719367588932806,1,0.78,0.36887483222919454,0.4593283047359712,0.1867157979021039,0.1796646594509202
2133,6486.056,8346.481,736.0,0.106,1,0,0.4,0,0.464580182103881,1,0.7,1,0.76,0.1928125604710041,0.6910450355764812,0.21397319850419855,0.17956187871620913
2134,12571.0,9326.0,1258.0,0.114,1,1,0.8,1,0.8861345091474181,1,1.0,1,0.78,0.5319838335518964,0.6459042325232558,0.1867157979021039,0.1762374966830346
2135,5481.0,8260.0,521.0,0.135,1,0,0.2,0,0.11935815194002047,0,0.06719367588932806,1,0.73,0.3045114715524038,0.7466564102043226,0.1867157979021039,0.17273603156521125
2136,6188.95,7374.591,1033.0,0.12,1,0,0.2,0,0.3549773799610092,0,0.38461538461538464,1,0.72,0.3116068835022923,0.9003468088816964,0.1867157979021039,0.1624346298104404
2137,5552.0,8319.0,598.0,0.101,1,0,0.4,0,0.14806742041586804,0,0.06719367588932806,1,0.73,0.40454055412007905,0.7135398896150473,0.1867157979021039,0.1540785577277421
