Rank,East,North,Level,Au_ppm,target_Au,KNN_pred,KNN_proba,Regresion_Logistica_pred,Regresion_Logistica_proba,Arbol_Decision_pred,Arbol_Decision_proba,Random_Forest_pred,Random_Forest_proba,KNN_Regressor_pred_ppm
1,6352.596,6830.149,1352.149,132.245,1,1,1.0,1,1.0,1,1.0,1,0.97,19.51265629083719
2,6530.685,7774.565,968.0,4.934,1,1,0.8,0,0.16537504067576939,1,0.8947368421052632,1,0.89,7.0661733112962395
3,6365.0,7602.0,924.0,74.766,1,1,1.0,1,1.0,1,1.0,1,0.97,6.600423668048201
4,6352.596,6830.149,1352.149,11.0,1,1,0.8,1,0.977124786471805,1,1.0,1,0.97,6.552837210232339
5,6729.996,7747.946,1013.359,0.085,0,0,0.2,0,0.16613335395397455,0,0.06719367588932806,0,0.13,6.220562812611661
6,5472.809,7666.241,756.0,0.0025,0,0,0.4,0,0.0383864143096406,0,0.0,0,0.01,5.904492256297214
7,6461.315,7685.196,951.059,0.0025,0,0,0.2,0,0.1859937910951922,0,0.0,0,0.07,5.500295913240852
8,6529.013,7791.281,941.609,13.986,1,1,0.8,0,0.30557810266438173,1,0.8947368421052632,1,0.88,5.308363076882898
9,8373.013,6836.033,1391.239,0.009,0,0,0.2,0,0.07946007932425594,0,0.0,0,0.0,4.846900410294284
10,6751.775,6472.681,1229.269,0.0025,0,1,0.6,0,0.1839661628272195,0,0.06818181818181818,0,0.27,4.620860539051815
11,9463.0,6618.0,1510.0,0.011,0,0,0.0,0,0.1318089993575124,0,0.06719367588932806,0,0.06,4.546220298670198
12,9456.0,6383.0,1510.0,0.0025,0,0,0.2,0,0.10191958260227187,0,0.0,0,0.03,4.441589028102009
13,5614.553,7977.078,616.0,0.0025,0,0,0.2,0,0.28321636850416815,0,0.0,0,0.0,4.3804767411146175
14,4593.717,6484.722,909.0,0.086,0,0,0.0,0,0.15900400793869668,0,0.06818181818181818,0,0.04,4.314593608688688
15,4995.068,8197.667,413.0,0.0025,0,0,0.0,0,0.06763185434387556,0,0.0,0,0.03,4.268840844720026
16,8243.0,8411.0,923.0,0.0025,0,1,0.8,0,0.13357682864861256,0,0.0,0,0.02,4.149028223607108
17,7177.255,7692.244,1077.0,0.017,0,1,0.6,0,0.14937482270576175,0,0.06818181818181818,0,0.08,4.149028223607108
18,6411.0,7961.0,850.0,6.157,1,1,0.8,0,0.21920759292685033,1,0.8947368421052632,1,0.84,4.1311059707441915
19,6507.0,7857.0,911.0,2.643,1,1,0.8,0,0.14513504164218155,1,0.8947368421052632,1,0.85,4.121691425764724
20,3311.214,6922.763,20.0,0.0025,0,0,0.0,0,0.08059991705581171,0,0.0,0,0.02,4.0316023493216635
21,5817.0,7768.0,721.0,1.094,1,1,0.8,0,0.10107286192664469,1,0.8888888888888888,1,0.69,4.0316023493216635
22,5901.0,7826.0,707.0,0.03,0,0,0.4,0,0.1932522207860886,0,0.0,0,0.06,4.0316023493216635
23,6531.783,7789.934,965.0,13.727,1,1,0.6,0,0.28054275490154607,1,0.8947368421052632,1,0.8,4.0316023493216635
24,4136.389,7618.941,183.79,0.005,0,0,0.4,0,0.05648678716833768,0,0.0,0,0.03,3.951843834289037
25,4993.825,8199.003,413.0,0.0025,0,0,0.0,0,0.023815517720093705,0,0.06818181818181818,0,0.03,3.860510258590261
26,6508.272,7588.003,951.059,0.037,0,0,0.4,0,0.16377143598726313,0,0.06818181818181818,0,0.1,3.8429129066425394
27,14159.0,56.0,1307.0,0.0025,0,0,0.0,0,0.04751947445721887,0,0.0,0,0.0,3.825618684842951
28,6343.687,6864.89,1302.709,10.903,1,1,1.0,1,0.9999999704850833,1,1.0,1,0.98,3.7791813381517714
29,5107.2,8320.5,361.0,0.0025,0,0,0.0,0,0.015817528823977033,0,0.0,0,0.0,3.7473529762090823
30,7391.0,7457.0,1258.0,0.008,0,0,0.2,0,0.15727055908686766,0,0.06818181818181818,0,0.01,3.702741049914534
31,6498.007,7771.762,960.0,3.216,1,0,0.4,0,0.28489828741408313,1,0.8888888888888888,1,0.78,3.542985545419982
32,6343.687,6864.89,1302.709,11.0,1,1,1.0,1,0.9989823522688511,1,1.0,1,0.98,3.472365874002259
33,6990.0,7900.0,964.0,0.005,0,0,0.2,0,0.12821702831295784,0,0.0,0,0.06,3.4622894229691212
34,6342.393,6898.786,1302.709,11.0,1,1,0.6,1,0.999884393964148,1,1.0,1,0.94,3.4394167096578068
35,4685.0,7904.0,320.0,0.0025,0,0,0.0,0,0.050666314626768676,0,0.0,0,0.03,3.35541615142843
36,7039.0,4179.0,887.0,0.015,0,0,0.0,0,0.09219728191298748,0,0.06719367588932806,0,0.11,3.340256228779095
37,6526.955,7843.95,941.609,6.736,1,0,0.2,0,0.19995570101916826,1,0.8947368421052632,1,0.91,3.3138840982674624
38,10985.236,6465.938,1476.65,0.0025,0,0,0.0,0,0.10248312709449629,0,0.0,0,0.0,3.26448902531916
39,9779.314,6311.982,1494.0,0.0025,0,0,0.0,0,0.11260249155702294,0,0.0,0,0.03,3.248660180277545
40,4696.996,6207.026,1085.0,0.099,0,0,0.4,1,0.8229617420240465,0,0.06719367588932806,0,0.06,3.194045495698847
41,4696.846,6207.026,1085.0,0.067,0,0,0.4,1,0.7294292926503808,0,0.06719367588932806,0,0.11,3.194045495698846
42,6342.393,6898.786,1302.709,12.985,1,1,0.6,1,0.9999964812359926,1,1.0,1,0.94,3.1752325260566185
43,6527.582,5117.217,1130.799,0.009,0,0,0.4,0,0.15403797116448,0,0.0,0,0.0,3.164763588506541
44,3880.602,7340.938,137.65,0.0025,0,0,0.0,0,0.022594716481163128,0,0.0,0,0.03,3.150267271355808
45,7593.259,6351.699,1293.285,0.009,0,0,0.2,0,0.09697117820389692,0,0.06818181818181818,0,0.03,3.150267271355808
46,9425.0,6697.0,1496.0,0.081,0,0,0.0,0,0.13889818040078253,0,0.06719367588932806,0,0.07,3.122958654601597
47,4403.0,7712.0,356.0,0.17,1,0,0.2,0,0.03655201690123207,1,1.0,1,0.62,3.1141357245578782
48,7692.013,7224.965,1271.0,0.01,0,0,0.2,0,0.2059483366024072,0,0.06719367588932806,0,0.1,3.092612384918717
49,4525.71,7814.43,321.0,0.02,0,0,0.4,0,0.20483774439860822,0,0.06719367588932806,0,0.38,3.085776336975822
50,5642.476,7842.945,697.0,0.006,0,0,0.0,0,0.16756606340966804,0,0.0,0,0.0,3.072253836069082
51,6227.834,8305.679,650.0,0.012,0,0,0.0,0,0.15339862795498005,0,0.06719367588932806,0,0.01,3.072253836069082
52,5629.737,7831.999,703.0,0.031,0,0,0.4,0,0.1757696124696345,0,0.07142857142857142,0,0.06,3.048327201222622
53,353.0,8869.0,792.0,0.005,0,0,0.0,0,0.0720438959048235,0,0.06719367588932806,0,0.03,3.04463314284921
54,7333.912,6515.929,1286.879,2.721,1,1,0.6,1,0.9906547192075396,1,1.0,1,0.89,3.0402794487787568
55,4656.668,6316.063,1063.0,0.519,1,0,0.4,1,0.8899292813594972,1,1.0,1,0.8,3.0402794487787568
56,5811.0,7865.0,702.0,0.029,0,0,0.0,0,0.17115290178704293,0,0.4666666666666667,0,0.21,2.9458118564907627
57,6433.059,7774.259,937.0,0.067,0,0,0.4,0,0.18478362765239398,0,0.0,0,0.17,2.945811856490762
58,4929.0,6655.0,1040.0,1.544,1,1,0.6,1,0.9350150723106849,1,1.0,1,0.85,2.941836627490244
59,3880.602,7340.998,137.0,0.0025,0,0,0.2,0,0.07333291612067762,0,0.0,0,0.04,2.8732930035625777
60,4681.005,6257.046,1088.0,13.957,1,1,1.0,1,0.999999999999998,1,1.0,0,0.48,2.839552303891425
61,10508.997,9305.912,1307.0,0.0025,0,0,0.0,0,0.0715189960941711,0,0.0,0,0.03,2.837357724324578
62,7669.902,7218.467,1274.0,4.063,1,1,1.0,1,0.9999999996617754,1,1.0,1,0.92,2.8285066576311513
63,4500.0,7796.0,333.0,0.006,0,0,0.2,0,0.06597995591967967,0,0.06818181818181818,0,0.07,2.8012899384595498
64,8167.498,6296.955,1403.378,0.077,0,1,0.6,0,0.1528585953009456,0,0.06719367588932806,0,0.05,2.7770069720289445
65,6550.153,7726.833,969.0,0.176,1,1,0.6,0,0.17188501964814626,0,0.0,0,0.16,2.770391134357018
66,5748.037,5877.193,1150.0,0.019,0,0,0.0,1,0.6631526008029742,0,0.0,0,0.05,2.732977585180685
67,5255.0,3758.0,877.0,0.032,0,0,0.2,0,0.2546213455094592,0,0.0,0,0.0,2.6971003389217194
68,4630.0,7871.0,316.0,0.01,0,0,0.0,0,0.08295517722935077,0,0.06719367588932806,0,0.02,2.690370707725244
69,6529.833,7847.383,936.0,3.389,1,1,0.6,0,0.21142327885227957,0,0.06719367588932806,1,0.57,2.688647734097266
70,8450.08,6044.907,1444.589,0.086,0,1,0.8,0,0.39325241455309706,0,0.06818181818181818,0,0.12,2.649178063644281
71,4993.0,8197.0,396.0,0.0025,0,0,0.0,0,0.0782169813791213,0,0.0,0,0.01,2.6474973578345073
72,7523.241,7290.346,1275.0,0.035,0,0,0.2,0,0.16971964678726073,0,0.06719367588932806,0,0.02,2.6474973578345073
73,5710.122,7776.634,748.0,0.0025,0,0,0.2,0,0.16662390177449324,0,0.0,0,0.08,2.6474973578345073
74,4716.0,7924.0,287.0,0.0025,0,0,0.0,0,0.09123391017165933,0,0.0,0,0.0,2.6474973578345073
75,4994.65,8198.165,413.0,0.0025,0,0,0.0,0,0.13768224445605096,0,0.0,0,0.02,2.6474973578345073
76,5668.96,6628.041,1284.399,0.216,1,0,0.4,0,0.386362210329624,1,0.8947368421052632,1,0.87,2.6474973578345065
77,3366.177,6982.82,43.0,0.019,0,0,0.0,0,0.03377369663533998,0,0.38461538461538464,0,0.05,2.6474973578345065
78,4592.201,6508.979,885.0,0.033,0,0,0.2,0,0.1474214650630873,0,0.0,0,0.07,2.6474973578345065
79,4845.475,8046.445,320.0,0.0025,0,0,0.2,0,0.10523802347311219,0,0.0,0,0.05,2.6474973578345065
80,6589.0,7741.0,1010.0,0.0025,0,0,0.2,0,0.1749313279747421,0,0.0,0,0.01,2.6474973578345065
81,3883.004,7343.405,138.0,0.0025,0,0,0.0,0,0.06651436038343586,0,0.02702702702702703,0,0.05,2.6474973578345065
82,4750.0,7966.4,275.0,0.0025,0,0,0.0,0,0.06343031854286364,0,0.0,0,0.01,2.6226252633181457
83,6525.819,7759.798,971.0,0.836,1,1,0.6,0,0.23633165392145056,1,0.8888888888888888,1,0.67,2.619919615602302
84,5748.141,5875.98,1150.0,0.007,0,0,0.2,1,0.6855198431558581,0,0.0,0,0.1,2.5945916770908535
85,4769.826,6597.82,956.0,4.187,1,1,1.0,1,0.9999999982063272,1,1.0,1,0.67,2.5816483878945062
86,5686.08,6607.879,1284.399,3.788,1,1,1.0,1,0.9999999799045882,1,1.0,1,0.82,2.5816483878945053
87,6534.289,7776.823,941.609,4.41,1,1,0.6,0,0.21296416655736733,1,0.8947368421052632,1,0.89,2.556802164978831
88,3475.379,6987.782,95.0,0.0025,0,0,0.0,0,0.018354428203705597,0,0.0,0,0.0,2.5530502235532717
89,10811.044,7179.966,1360.29,0.0025,0,0,0.0,0,0.03352678249534211,0,0.0,0,0.0,2.540683100714594
90,6565.277,7703.711,967.0,0.032,0,0,0.4,0,0.13800768855788656,0,0.0,0,0.04,2.527059901233513
91,4307.072,7605.748,277.55,0.0025,0,0,0.0,0,0.04869828702067948,0,0.0,0,0.01,2.5240201924342966
92,7559.0,7715.0,1108.0,0.0025,0,1,0.6,0,0.1859913707210573,0,0.0,0,0.01,2.5240201924342966
93,10817.573,6198.023,1468.48,0.026,0,0,0.4,0,0.1435440011108978,0,0.0,0,0.07,2.509366191921441
94,3197.0,6043.0,249.0,0.007,0,0,0.2,0,0.06052612714288066,0,0.07142857142857142,0,0.05,2.5000505991783126
95,9424.0,6328.0,1512.0,0.007,0,0,0.2,0,0.12090690191272467,0,0.06719367588932806,0,0.03,2.4945834920673193
96,7085.0,5361.0,1307.0,0.026,0,0,0.0,0,0.07008570715742286,0,0.06719367588932806,0,0.08,2.467810370907944
97,4753.44,7963.0,290.0,0.0025,0,0,0.0,0,0.09948071403473184,0,0.0,0,0.0,2.451924893087211
98,4524.35,7815.5,320.0,0.014,0,0,0.0,0,0.20885211431139197,0,0.06719367588932806,0,0.02,2.451924893087211
99,4420.576,7520.641,382.0,0.0025,0,0,0.0,0,0.09843866977870783,0,0.02702702702702703,0,0.04,2.451924893087211
100,4463.0,7642.0,388.0,0.0025,0,0,0.0,0,0.0845453540478086,0,0.0,0,0.0,2.451924893087211
101,4751.85,7963.31,290.0,0.0025,0,0,0.0,0,0.09292630817091604,0,0.0,0,0.0,2.451924893087211
102,4665.0,7909.0,312.0,0.005,0,0,0.0,0,0.12933911604973974,0,0.06719367588932806,0,0.02,2.451924893087211
103,4687.25,7916.45,314.0,0.0025,0,0,0.2,0,0.1372125852628785,0,0.0,0,0.01,2.451924893087211
104,5556.255,6806.828,1156.639,0.654,1,1,0.6,0,0.3514200038570631,1,0.8947368421052632,1,0.76,2.451924893087211
105,4750.52,7963.7,290.0,0.0025,0,0,0.0,0,0.14149658510099597,0,0.0,0,0.0,2.451924893087211
106,6568.215,7706.599,1054.389,0.073,0,1,0.6,0,0.20801033096100685,0,0.0,0,0.07,2.396584623362246
107,10793.805,7197.368,1359.29,0.0025,0,0,0.0,0,0.03546332715099266,0,0.0,0,0.0,2.3936371464250117
108,9558.941,3114.694,1415.709,4.921,1,1,1.0,1,1.0,1,1.0,1,0.69,2.3426734991359717
109,4421.501,7521.07,383.0,0.0025,0,0,0.0,0,0.04073988458988608,0,0.0,0,0.01,2.329386739482138
110,6350.0,7608.0,910.0,0.026,0,0,0.0,0,0.1351963474895587,0,0.06719367588932806,0,0.08,2.3048112871071442
111,6500.656,7831.902,931.0,22.424,1,1,0.6,0,0.4366102653020717,1,0.8947368421052632,1,0.69,2.301442093150472
112,5712.936,7851.486,710.0,0.0025,0,1,0.6,0,0.23010769192274236,0,0.0,0,0.01,2.2828933619608653
113,10810.606,6402.749,1447.88,0.0025,0,0,0.0,0,0.07550137798488665,0,0.0,0,0.01,2.258915158911733
114,10975.592,6390.034,1497.3,0.0025,0,0,0.0,0,0.0630691947653641,0,0.0,0,0.0,2.258915158911733
115,5962.0,7775.0,743.0,0.006,0,0,0.4,0,0.2135965611926503,0,0.0,0,0.18,2.2580432431630344
116,5228.769,7985.177,543.0,0.0025,0,0,0.0,0,0.049009617655124946,0,0.0,0,0.01,2.253745959901584
117,13082.933,7638.933,1385.0,8.391,1,1,0.6,1,0.9999318040252695,1,1.0,1,0.8,2.242486178478264
118,9830.0,6294.0,1498.0,0.009,0,0,0.0,0,0.18999124955951824,0,0.06719367588932806,0,0.06,2.2345833017271115
119,4289.216,7630.576,272.04,0.0025,0,0,0.0,0,0.027657074982857716,0,0.0,0,0.01,2.208813658148536
120,6324.454,7869.724,918.0,0.0025,0,0,0.4,0,0.06869794689767439,0,0.0,0,0.01,2.208813658148536
121,6000.052,7621.173,839.0,0.011,0,0,0.0,0,0.171620737682372,0,0.0,0,0.02,2.1974888956550744
122,7128.0,7342.0,1155.0,0.009,0,0,0.4,0,0.09944204362262825,0,0.0,0,0.01,2.1951635500374658
123,6125.7,7520.748,916.0,0.024,0,0,0.4,0,0.24307291391734748,0,0.0,0,0.14,2.1904933070766233
124,7509.852,7513.465,1244.0,0.005,0,0,0.2,0,0.17752759644198693,0,0.0,0,0.09,2.1749140784667733
125,4625.0,7866.0,315.0,0.0025,0,0,0.0,0,0.09843373647715342,0,0.06818181818181818,0,0.02,2.166617791646361
126,6323.0,7596.0,916.0,0.01,0,0,0.2,0,0.16238301191611496,0,0.06719367588932806,0,0.01,2.166617791646361
127,4687.35,7915.15,315.0,0.0025,0,0,0.0,0,0.09767048803861544,0,0.0,0,0.0,2.156939590545333
128,13083.354,7638.403,1385.0,16.681,1,1,0.6,1,0.9999999727105974,1,1.0,1,0.89,2.1489221886053627
129,7969.0,4654.0,1109.0,0.0025,0,0,0.0,0,0.032564244228858404,0,0.0,0,0.0,2.146768927063849
130,3191.0,6517.0,166.0,0.006,0,0,0.0,0,0.004569813674397239,0,0.03278688524590164,0,0.01,2.139780787919591
131,6314.459,8125.515,757.0,0.006,0,0,0.0,0,0.16807481849809763,0,0.06719367588932806,0,0.1,2.1232242873304292
132,9430.0,6324.0,1519.0,0.007,0,0,0.2,0,0.14714895789689822,0,0.06719367588932806,0,0.08,2.090412740710752
133,4635.393,7157.17,657.0,0.0025,0,0,0.0,0,0.14278861726675568,0,0.38461538461538464,0,0.15,2.0901338699980316
134,6323.518,8116.386,757.0,0.0025,0,0,0.0,0,0.14919304062412966,0,0.06719367588932806,0,0.04,2.090133869998031
135,6576.0,8180.0,797.0,0.046,0,0,0.0,0,0.14099958804794185,0,0.0,0,0.08,2.090133869998031
136,5300.192,8533.699,486.0,2.476,1,1,1.0,1,1.0,1,1.0,1,0.83,2.0852385904434754
137,20477.0,6665.0,1264.0,0.361,1,0,0.4,1,0.9855255560108858,1,1.0,0,0.4,2.0682843557283377
138,9687.255,7199.058,1285.0,0.024,0,0,0.0,0,0.08419127736342734,0,0.06719367588932806,0,0.14,2.0547988977233023
139,6791.0,7992.0,938.0,0.0025,0,0,0.2,0,0.13526575413570963,0,0.02702702702702703,0,0.06,2.0500754889374235
140,6361.0,9036.0,564.0,0.0025,0,0,0.2,0,0.11863819189754317,0,0.0,0,0.01,2.0419965257994486
141,9466.0,6711.0,1501.0,0.006,0,0,0.2,0,0.15626112219824984,0,0.06719367588932806,0,0.14,2.0115517847884745
142,6136.853,7489.084,1055.819,0.048,0,0,0.4,0,0.2806421866476661,0,0.0,0,0.1,2.0019601059834726
143,6101.0,7776.0,774.0,0.0025,0,0,0.0,0,0.050601280931227996,0,0.03278688524590164,0,0.01,1.9988260721747306
144,8678.575,8986.867,1093.85,0.0025,0,0,0.0,0,0.01357179591500683,0,0.03278688524590164,0,0.0,1.9988260721747306
145,10037.201,9295.062,1293.0,0.0025,0,0,0.0,0,0.011201053628953218,0,0.0,0,0.0,1.9988260721747306
146,6836.096,7897.925,985.0,0.013,0,0,0.0,0,0.12477132256620539,0,0.06818181818181818,0,0.05,1.9988260721747306
147,6878.0,7953.0,955.0,0.82,1,0,0.4,0,0.17763189595249199,0,0.02702702702702703,0,0.11,1.9988260721747306
148,7637.571,7300.337,1220.0,0.021,0,0,0.0,0,0.34226969216133746,0,0.02702702702702703,0,0.02,1.9988260721747306
149,6432.989,7796.449,935.0,0.422,1,1,0.6,0,0.14326497213431616,1,1.0,1,0.74,1.9988260721747306
150,6756.568,7967.345,968.0,0.0025,0,0,0.0,0,0.14452333091399155,0,0.03278688524590164,0,0.06,1.9988260721747306
151,6972.504,4908.509,1047.699,0.187,1,0,0.4,1,0.9995974415507465,1,1.0,1,0.88,1.9854797135763198
152,6613.204,7601.88,964.0,0.005,0,0,0.4,0,0.1586070972120277,0,0.0,0,0.01,1.9844162623393502
153,4686.67,6204.417,1080.0,0.855,1,1,0.8,1,0.9998635525752001,1,1.0,1,0.77,1.9727156701221398
154,8630.2,5842.56,1396.0,0.02,0,0,0.2,0,0.225387148340678,0,0.06719367588932806,0,0.06,1.9622173115062451
155,7088.075,7888.41,1026.789,0.0025,0,0,0.2,0,0.2170170401315544,0,0.0,0,0.0,1.9622173115062451
156,6411.0,8998.0,553.0,0.0025,0,0,0.0,0,0.08385949894880242,0,0.0,0,0.01,1.9622173115062451
157,4692.0,7856.0,342.0,0.0025,0,0,0.0,0,0.16222379449276583,0,0.0,0,0.0,1.9622173115062451
158,4651.0,7904.0,311.0,0.0025,0,0,0.0,0,0.07063191234660422,0,0.0,0,0.02,1.9622173115062451
159,4729.95,7936.9,275.0,0.0025,0,0,0.0,0,0.10017333203769786,0,0.0,0,0.01,1.9622173115062451
160,6335.0,7610.0,892.0,0.028,0,0,0.0,0,0.19456595515594838,0,0.07142857142857142,0,0.04,1.9622173115062451
161,14537.603,9548.218,1452.959,6.451,1,1,0.6,1,0.9995949122693912,1,1.0,1,0.83,1.9484944133852973
162,4730.0,7936.0,275.0,0.0025,0,0,0.0,0,0.06975367325126376,0,0.0,0,0.01,1.945753096399772
163,4625.0,7887.0,310.0,0.0025,0,0,0.0,0,0.06459666851109185,0,0.06818181818181818,0,0.01,1.945753096399772
164,7540.48,7444.068,1247.0,0.006,0,0,0.0,0,0.23677202461603597,0,0.4666666666666667,0,0.1,1.9296151283803349
165,4924.965,6626.562,1066.0,6.953,1,1,1.0,1,0.997709939868111,1,1.0,1,0.96,1.925153447300512
166,6090.277,9033.208,574.0,0.026,0,0,0.2,0,0.02545090719382384,0,0.0,0,0.01,1.8857940184374031
167,9461.0,6328.0,1496.709,0.014,0,0,0.2,0,0.07726849984184803,0,0.06719367588932806,0,0.14,1.8757226314355788
168,7723.405,7197.07,1270.0,0.0025,0,0,0.0,0,0.10400441343893069,0,0.0,0,0.02,1.8672929220728591
169,6171.418,7391.818,1024.0,0.193,1,1,0.8,0,0.25015570857436753,1,0.8947368421052632,1,0.79,1.8544137167564863
170,6359.0,7629.0,909.0,0.037,0,1,0.8,0,0.19915388352747126,0,0.06818181818181818,0,0.42,1.8544137167564863
171,8318.001,6855.961,1330.039,0.014,0,1,0.6,0,0.14961105951008258,0,0.03278688524590164,0,0.02,1.8544137167564863
172,6419.0,7850.0,899.0,11.494,1,1,0.8,0,0.42819266547110363,1,0.8947368421052632,1,0.56,1.8544137167564863
173,8181.0,6586.0,1404.0,0.0025,0,0,0.0,0,0.0019812296696285875,0,0.0,0,0.0,1.849936360214105
174,7190.329,3570.463,1262.249,4.25,1,1,1.0,1,0.9999999995843825,1,1.0,1,0.83,1.8496122186919581
175,5541.781,6837.542,1156.639,0.093,0,0,0.0,0,0.2663966480695584,0,0.06719367588932806,0,0.13,1.8466534236078929
176,7466.576,7548.027,1246.0,0.007,0,0,0.4,0,0.24311278667489164,0,0.06719367588932806,0,0.3,1.845259222705352
177,7040.0,7506.0,1176.0,0.0025,0,0,0.0,0,0.0030964259857566095,0,0.0,0,0.01,1.8381471809085652
178,9650.171,3166.114,1463.229,2.262,1,1,1.0,1,0.9999999999998295,1,1.0,1,0.72,1.8271566173738514
179,7570.82,7393.386,1226.0,0.007,0,0,0.2,1,0.5217922383440241,0,0.02702702702702703,0,0.06,1.8126621176540518
180,7826.0,7298.0,1201.0,0.011,0,0,0.2,0,0.1572829784513014,0,0.06818181818181818,0,0.0,1.8111008442597067
181,5716.123,7160.875,1038.02,0.438,1,0,0.4,0,0.3638676416997672,1,0.8947368421052632,1,0.87,1.8070057866872555
182,6498.297,7316.089,1082.0,0.561,1,0,0.4,0,0.2236644200117331,0,0.4666666666666667,1,0.89,1.8070057866872555
183,5260.0,6527.0,1154.0,0.056,0,0,0.0,0,0.13493196497933724,0,0.06719367588932806,0,0.06,1.8012739776727833
184,6846.961,7923.449,968.0,0.422,1,1,0.6,0,0.17139343947953137,0,0.03278688524590164,1,0.68,1.7897215104182582
185,6489.419,7447.858,1009.0,0.045,0,0,0.0,0,0.24388527176734698,0,0.38461538461538464,0,0.13,1.7849698260011517
186,9452.0,6471.0,1492.0,0.227,1,0,0.0,0,0.1310920022045788,0,0.06719367588932806,0,0.24,1.7614040882808446
187,10768.307,7215.64,1354.0,0.015,0,0,0.0,0,0.001992520429939659,0,0.0,0,0.01,1.7573839671442584
188,10810.244,7179.166,1360.29,0.0025,0,0,0.0,0,0.0326858610350258,0,0.0,0,0.0,1.7570479619914274
189,6310.0,7611.0,943.0,0.028,0,0,0.2,0,0.17819027059005704,0,0.07142857142857142,0,0.24,1.7570479619914274
190,5528.433,7720.967,753.0,0.0025,0,0,0.0,0,0.02841503436788811,0,0.0,0,0.0,1.7570479619914274
191,5752.0,7944.0,632.0,0.005,0,1,0.6,0,0.10535470813599221,0,0.0,0,0.01,1.7570479619914274
192,6350.0,7607.0,906.0,0.024,0,0,0.0,0,0.16080005591977956,0,0.06719367588932806,0,0.03,1.746212564020189
193,6529.129,7813.508,941.609,1.999,1,0,0.2,0,0.14018614548710684,1,0.8888888888888888,1,0.82,1.733030970158923
194,7595.0,6888.0,1280.0,0.007,0,0,0.0,0,0.15483062470682038,0,0.0,0,0.04,1.7227610857061566
195,10792.955,7196.518,1359.29,0.0025,0,0,0.0,0,0.0667269019253785,0,0.0,0,0.01,1.7145118848005523
196,8769.0,5532.67,1306.81,0.0025,0,0,0.0,0,0.18785010977814054,0,0.0,0,0.04,1.7056460535215965
197,6504.192,7831.845,933.0,0.771,1,0,0.4,0,0.16721212808927582,1,0.8888888888888888,1,0.8,1.6764262988169722
198,6259.677,7147.453,1169.099,2.136,1,1,1.0,1,0.9994581775266617,1,1.0,1,0.81,1.6738592000755417
199,6530.714,7826.906,945.0,2.496,1,1,0.8,0,0.16519123126159727,1,0.8888888888888888,1,0.79,1.6661998397765192
200,5747.345,7762.019,756.0,0.006,0,0,0.0,0,0.10621984134871046,0,0.0,0,0.02,1.6476171795811592
201,7651.098,7262.602,1258.0,1.881,1,1,1.0,1,0.9999797961217572,1,1.0,1,0.83,1.6435694735328819
202,6614.474,7625.654,1054.389,0.09,0,0,0.2,0,0.15330740072476304,0,0.06818181818181818,0,0.05,1.6429742373718794
203,9484.0,6782.0,1481.0,0.0025,0,0,0.2,0,0.1385999878348954,0,0.06719367588932806,0,0.04,1.6429742373718794
204,4605.0,6333.0,1010.0,0.272,1,0,0.4,1,0.917527944900248,1,1.0,0,0.47,1.6421695487073125
205,4375.226,6417.477,830.0,8.707,1,1,0.8,1,0.9994225200743782,1,1.0,1,0.81,1.6421695487073125
206,5736.0,7994.0,610.0,0.0025,0,0,0.0,0,0.04806122790181736,0,0.0,0,0.0,1.6268296051007707
207,6325.0,7608.0,919.0,0.025,0,0,0.2,0,0.2637443454838566,0,0.06719367588932806,0,0.04,1.6131060244864108
208,5266.044,7286.197,716.069,2.02,1,1,0.6,1,0.6830802039040462,1,1.0,1,0.88,1.6131060244864102
209,9464.0,6717.0,1500.0,0.009,0,0,0.2,0,0.14314710101646086,0,0.06818181818181818,0,0.01,1.6087985932722404
210,6350.0,7659.0,877.0,0.0025,0,0,0.2,0,0.11382115543057078,0,0.0,0,0.0,1.6087985932722404
211,4916.8,6713.0,1005.0,5.153,1,0,0.4,1,0.5927316136151075,1,0.8947368421052632,1,0.68,1.6041229870089064
212,6420.0,7282.0,1089.0,0.011,0,0,0.0,0,0.1650322031257562,0,0.0,0,0.03,1.5995164158259843
213,4930.0,6655.0,1039.0,1.001,1,1,0.6,1,0.788137240243973,1,1.0,1,0.83,1.589416325089164
214,4688.76,6297.202,1068.0,0.209,1,0,0.0,0,0.3469292797608994,1,1.0,0,0.39,1.584242888545356
215,5480.0,6817.0,1095.0,0.021,0,0,0.2,0,0.11897125710378273,0,0.06719367588932806,0,0.06,1.584242888545356
216,5598.0,8339.0,600.0,0.006,0,0,0.0,0,0.11931028429565303,0,0.0,0,0.01,1.584242888545356
217,7595.07,6301.487,1300.025,0.018,0,0,0.0,0,0.026762558402552664,0,0.0,0,0.09,1.5721869166663263
218,12479.768,9390.582,1367.0,0.882,1,1,0.6,1,0.9915827373823907,1,1.0,1,0.72,1.5636977616332697
219,6267.186,9103.737,593.68,0.0025,0,0,0.0,0,0.009797499407922006,0,0.0,0,0.03,1.558974744963495
220,6542.0,7604.0,960.0,0.007,0,0,0.2,0,0.19024190076799163,0,0.06818181818181818,0,0.05,1.5392848341738592
221,5334.0,6584.0,1125.0,0.013,0,0,0.4,0,0.47448877087360186,0,0.0,0,0.03,1.538047907208936
222,7763.773,7522.919,1115.0,0.0025,0,0,0.0,0,0.02242143791280872,0,0.0,0,0.0,1.5238623088541305
223,4596.0,6494.0,886.0,0.08,0,0,0.0,0,0.050295416492516884,1,0.8888888888888888,0,0.14,1.5212275794466623
224,4539.081,6498.288,892.0,0.078,0,0,0.0,0,0.03813783554949876,0,0.4666666666666667,0,0.06,1.5140906413728854
225,7749.347,7367.764,1200.0,0.008,0,0,0.0,0,0.14962934069476053,0,0.0,0,0.01,1.5107014761709778
226,6586.203,7508.036,1054.389,0.088,0,0,0.2,0,0.17522312253329478,0,0.06719367588932806,0,0.1,1.510202509905393
227,5555.949,6806.014,1156.639,0.493,1,0,0.4,1,0.6993506621338434,1,1.0,1,0.85,1.5058967003939314
228,6177.32,7413.31,1011.0,0.01,0,0,0.4,0,0.056256047637711304,0,0.06818181818181818,0,0.01,1.5032824476495061
229,4999.0,6744.0,974.0,0.142,1,0,0.4,1,0.577043530255758,1,1.0,1,0.84,1.499754752581952
230,5225.282,7644.835,649.0,0.0025,0,0,0.0,0,0.06815790681863935,0,0.0,0,0.0,1.490894484285063
231,5106.15,8330.0,355.0,1.14,1,1,1.0,1,0.9997097849647049,0,0.0,0,0.42,1.4886796796485013
232,4741.763,6241.317,1092.0,1.262,1,1,1.0,1,0.9999999996295774,1,1.0,1,0.87,1.4886796796485007
233,12459.734,9409.679,1351.56,0.065,0,0,0.0,0,0.047192839557094475,0,0.0,0,0.12,1.4884497179985412
234,5666.99,8011.368,599.0,0.0025,0,0,0.4,0,0.2297252803855568,0,0.06818181818181818,0,0.08,1.4884497179985412
235,3981.282,6312.947,637.0,0.0025,0,1,0.6,0,0.2286921247872553,0,0.06818181818181818,0,0.13,1.4884497179985412
236,7335.0,6601.0,1263.0,0.035,0,0,0.2,0,0.15335539566584547,0,0.06719367588932806,0,0.09,1.4884497179985412
237,5510.0,6312.0,1277.0,0.009,0,0,0.0,0,0.003625720841389403,0,0.0,0,0.0,1.4881809867190725
238,6503.0,7681.0,953.0,0.52,1,0,0.4,0,0.1839052169404634,0,0.06818181818181818,1,0.72,1.4797384672544514
239,7830.852,9255.068,1008.92,0.0025,0,0,0.0,0,0.002145252739295792,0,0.0,0,0.0,1.4738986134548777
240,4749.68,7967.0,275.0,0.0025,0,0,0.0,0,0.10471683129299794,0,0.0,0,0.0,1.4694613997071506
241,4687.2,7917.35,314.0,0.005,0,0,0.0,0,0.1062352685066251,0,0.0,0,0.05,1.4694613997071506
242,5520.65,7715.18,753.0,0.0025,0,0,0.0,0,0.08754321726931583,0,0.0,0,0.02,1.4694613997071506
243,4843.648,8047.978,320.0,0.0025,0,0,0.2,0,0.3978221001464729,0,0.0,0,0.02,1.4674825200539034
244,17.0,9179.0,825.0,0.0025,0,0,0.0,0,8.634379087937189e-05,0,0.02702702702702703,0,0.0,1.4647391687207554
245,7520.809,7644.348,1189.0,0.007,0,0,0.0,0,0.061135238087847016,0,0.06818181818181818,0,0.04,1.4600283257024134
246,9462.0,6419.0,1506.0,0.0025,0,0,0.0,0,0.14088618088217414,0,0.06818181818181818,0,0.02,1.4597613440306958
247,6412.0,8294.0,698.0,1.377,1,0,0.4,0,0.28706371551581994,0,0.07142857142857142,1,0.67,1.4573319987163558
248,11897.495,8893.909,1196.9,0.0025,0,0,0.0,0,0.0036993616811445518,0,0.0,0,0.0,1.4565244956273118
249,7485.566,8743.402,680.21,0.0025,0,0,0.0,0,0.0013839724664238182,0,0.0,0,0.01,1.4565244956273118
250,7877.0,6781.0,1350.0,0.0025,0,0,0.0,0,0.0002604110129419915,0,0.0,0,0.0,1.4565244956273116
251,9698.348,6299.905,1498.0,0.071,0,0,0.2,0,0.14431473053652127,0,0.06719367588932806,0,0.11,1.4537997230143334
252,6341.541,7527.155,982.0,0.005,0,0,0.2,0,0.08034202105404654,0,0.02702702702702703,0,0.03,1.4532233203478055
253,5066.0,6581.0,1094.0,4.538,1,1,0.6,1,0.9999695175433458,1,1.0,1,0.78,1.452418246011122
254,10893.451,6468.323,1430.0,0.005,0,0,0.2,0,0.16715282199392065,0,0.0,0,0.04,1.4449293710455036
255,7539.928,7445.966,1253.209,0.0025,0,0,0.2,0,0.21441188753348964,0,0.06818181818181818,0,0.02,1.4434226893096116
256,7349.0,7315.0,1268.0,1.103,1,1,0.6,1,0.825577512274301,1,1.0,1,0.82,1.4397306224324828
257,4429.134,6500.58,813.0,0.023,0,0,0.4,0,0.05373836788548964,0,0.0,0,0.04,1.4382973799252894
258,5259.0,6285.0,1296.0,0.0025,0,0,0.0,0,0.001420689014861618,0,0.0,0,0.0,1.4380745357066407
259,4635.889,6191.478,1039.0,0.041,0,1,0.6,1,0.5636408273319233,0,0.0,0,0.09,1.43588033003832
260,5627.657,8011.16,592.0,0.0025,0,0,0.2,0,0.18398267545289096,0,0.06719367588932806,0,0.05,1.431973845396025
261,6554.0,6930.0,1267.069,0.0025,0,0,0.0,0,0.0017324761782112005,0,0.0,0,0.0,1.4147130680143842
262,4604.995,6403.68,1015.0,0.03,0,0,0.0,0,0.10516206453230845,0,0.06818181818181818,0,0.02,1.4028407463001678
263,7391.12,6471.84,1306.569,0.02,0,0,0.0,0,0.0697018900534295,0,0.06719367588932806,0,0.03,1.4018541504466067
264,4751.525,6829.675,942.979,0.074,0,0,0.0,0,0.31600819105355765,0,0.07142857142857142,0,0.12,1.4009839029913351
265,8606.778,5875.272,1436.569,0.005,0,0,0.2,0,0.10333240219259121,0,0.0,0,0.03,1.3850928397310818
266,9438.0,6320.0,1529.0,0.025,0,0,0.0,0,0.15328195618051138,0,0.0,0,0.1,1.376337274583481
267,8136.054,6446.05,1414.849,0.014,0,0,0.0,0,0.09690633713853274,0,0.06719367588932806,0,0.06,1.365911948779556
268,8067.281,5575.402,1503.0,0.037,0,1,0.6,0,0.25830072613238075,0,0.06719367588932806,0,0.22,1.3614953393298523
269,8013.0,4689.0,1114.0,0.007,0,0,0.0,0,0.03339592745508563,0,0.0,0,0.1,1.3602868158399957
270,5577.393,6763.242,1156.639,0.928,1,1,1.0,1,0.9999874626125389,1,1.0,1,0.96,1.3566676386962717
271,11032.974,7844.365,1359.0,0.0025,0,0,0.0,0,0.0005888599365663313,0,0.0,0,0.0,1.3540430783819428
272,11013.126,6555.424,1469.53,0.0025,0,0,0.0,0,0.00022187133473927992,0,0.0,0,0.0,1.3540430783819428
273,10722.304,7925.479,1305.0,0.0025,0,0,0.0,0,5.669681453662295e-05,0,0.0,0,0.0,1.3540430783819428
274,8679.177,8864.974,1035.69,0.0025,0,0,0.0,0,0.0012956040393417804,0,0.0,0,0.0,1.3531979720508422
275,5390.0,6303.0,1296.0,0.012,0,0,0.0,0,0.00134380144177622,0,0.0,0,0.0,1.3531979720508418
276,7648.0,7087.0,1323.0,0.0025,0,0,0.0,0,0.006032969969851692,0,0.0,0,0.0,1.3531979720508418
277,5142.0,6381.0,1183.0,0.007,0,0,0.0,0,0.005745582373338164,0,0.0,0,0.0,1.3531979720508418
278,4438.089,6419.754,913.0,0.0025,0,0,0.0,0,0.000590354329921571,0,0.0,0,0.0,1.3531979720508418
279,5561.711,6797.572,1156.639,6.967,1,1,0.6,1,0.780256275524647,1,1.0,1,0.89,1.3511826379778789
280,6528.118,7809.41,960.0,1.358,1,1,0.6,0,0.17710736867896631,0,0.06719367588932806,1,0.72,1.3500280102909479
281,13292.89,7617.222,1431.0,0.0025,0,0,0.0,0,0.010762642262987693,0,0.0,0,0.0,1.3465820104867752
282,7634.969,7307.316,1221.0,0.501,1,0,0.2,1,0.8597453840025282,1,1.0,1,0.84,1.3433338091985354
283,7468.3,7510.31,1259.0,0.0025,0,0,0.2,0,0.20435393012930772,0,0.06818181818181818,0,0.15,1.3433235952047533
284,6530.422,7826.883,941.609,1.304,1,1,0.6,0,0.12405800119092146,1,0.8888888888888888,1,0.65,1.3380325410656857
285,7684.86,7184.357,1275.0,0.022,0,0,0.0,0,0.23357163524687166,0,0.06719367588932806,0,0.03,1.3370865875645614
286,5777.983,6139.979,1256.439,0.005,0,0,0.0,0,0.0013787479964491925,0,0.0,0,0.0,1.3277400407895552
287,5854.0,6335.0,1336.0,0.021,0,0,0.0,0,0.0009465918825267356,0,0.0,0,0.0,1.3277400407895552
288,6466.191,9148.689,663.15,0.0025,0,0,0.0,0,7.592499000222871e-05,0,0.0,0,0.0,1.3277400407895552
289,7236.054,5250.356,1354.429,0.0025,0,0,0.0,0,0.0004630616560627031,0,0.0,0,0.0,1.3277400407895552
290,5699.027,6580.02,1284.399,0.0025,0,0,0.0,0,0.0003838947426390987,0,0.0,0,0.0,1.3277400407895552
291,7755.732,8593.776,824.0,0.0025,0,0,0.0,0,0.0001332253635998424,0,0.0,0,0.01,1.3277400407895552
292,5858.0,6303.0,1327.0,0.006,0,0,0.0,0,0.0012344274277087306,0,0.0,0,0.0,1.3277400407895552
293,5830.0,6386.0,1348.0,0.085,0,0,0.0,0,0.0006701573662401607,0,0.06719367588932806,0,0.01,1.3277400407895552
294,6646.269,5139.483,1171.169,0.005,0,0,0.0,0,0.00015813922816523327,0,0.0,0,0.0,1.3277400407895552
295,5276.797,7056.298,920.0,0.0025,0,0,0.0,0,0.0002228769839368741,0,0.0,0,0.0,1.3277400407895552
296,5920.297,7074.473,1147.359,0.0025,0,0,0.0,0,0.00423396226519104,0,0.0,0,0.0,1.3277400407895552
297,5751.848,6528.074,1297.839,0.021,0,0,0.0,0,0.00042227636461658055,0,0.0,0,0.0,1.3277400407895552
298,6251.0,6377.0,1292.0,0.0025,0,0,0.0,0,0.00033542424226284576,0,0.0,0,0.0,1.3277400407895552
299,6112.919,7128.661,1147.359,0.008,0,0,0.0,0,0.0022486102510970067,0,0.0,0,0.0,1.3277400407895552
300,5873.0,6309.0,1318.0,0.0025,0,0,0.0,0,0.0017237975756297338,0,0.0,0,0.0,1.3277400407895552
301,281.0,7781.0,787.0,0.0025,0,0,0.0,0,9.968371440954158e-06,0,0.0,0,0.0,1.3277400407895552
302,6551.836,5135.061,1109.419,0.0025,0,0,0.0,0,0.00020571467282633302,0,0.0,0,0.0,1.3277400407895552
303,5280.749,7050.734,924.0,0.0025,0,0,0.0,0,0.0003219252039819204,0,0.0,0,0.0,1.3277400407895552
304,5576.544,6795.458,1156.639,0.011,0,0,0.0,0,0.00043906979310040327,0,0.0,0,0.0,1.3277400407895552
305,7256.961,3823.359,1200.709,0.0025,0,0,0.0,0,0.0005473923897264779,0,0.0,0,0.01,1.3277400407895552
306,8184.0,6035.0,1431.0,0.0025,0,0,0.0,0,0.0023408664722144434,0,0.0,0,0.0,1.3277400407895552
307,6798.0,8116.0,878.0,0.0025,0,0,0.0,0,0.0006885716606737287,0,0.0,0,0.0,1.3277400407895552
308,6327.073,8514.711,617.0,0.0025,0,0,0.0,0,0.0002412255686080633,0,0.0,0,0.0,1.3277400407895552
309,7169.087,5272.533,1387.149,0.005,0,0,0.0,0,0.0008873360680897207,0,0.0,0,0.0,1.3277400407895552
310,5742.0,6194.0,1270.0,0.0025,0,0,0.0,0,0.0020160283414263442,0,0.0,0,0.0,1.3277400407895552
311,12358.239,6165.869,1493.21,0.069,0,0,0.0,0,0.0873374884580933,0,0.0,0,0.07,1.3277400407895552
312,8361.979,6222.042,1443.039,0.019,0,0,0.0,0,0.00029971574499413484,0,0.0,0,0.01,1.3277400407895552
313,5864.0,6231.0,1295.0,0.0025,0,0,0.0,0,0.0003790263307151659,0,0.0,0,0.01,1.3277400407895552
314,5858.0,6215.0,1289.0,0.0025,0,0,0.0,0,0.0019182421870289268,0,0.0,0,0.0,1.3277400407895552
315,6358.081,8524.675,620.0,0.0025,0,0,0.0,0,0.0023217408872288816,0,0.0,0,0.0,1.3277400407895552
316,4558.992,7331.059,529.0,0.0025,0,0,0.0,0,0.0006855296585840006,0,0.0,0,0.0,1.3277400407895552
317,5115.68,7265.548,789.0,0.0025,0,0,0.0,0,0.0002311279033769018,0,0.0,0,0.0,1.3277400407895552
318,5289.277,7052.313,926.0,0.019,0,0,0.0,0,1.5240214746842465e-05,0,0.0,0,0.02,1.3277400407895552
319,5802.0,7144.0,1083.0,0.0025,0,0,0.0,0,0.0007929505233189166,0,0.0,0,0.0,1.3277400407895552
320,6598.299,9015.171,624.0,0.0025,0,0,0.0,0,0.0005890318890099777,0,0.0,0,0.0,1.3277400407895552
321,7138.644,8878.503,642.0,0.0025,0,0,0.0,0,0.001419803609234058,0,0.0,0,0.0,1.3277400407895552
322,5566.279,6787.264,1089.0,0.0025,0,0,0.0,0,0.0005164176676660099,0,0.0,0,0.0,1.3277400407895552
323,5938.795,7716.363,771.0,0.0025,0,0,0.0,0,0.0008870817773699147,0,0.06719367588932806,0,0.02,1.3277400407895552
324,5918.0,6328.0,1310.0,0.005,0,0,0.0,0,0.0004816806080008566,0,0.0,0,0.0,1.3277400407895552
325,5488.0,6538.0,1217.0,0.005,0,0,0.0,0,0.007044425099101872,0,0.0,0,0.0,1.3240931896326185
326,7378.042,8799.857,683.0,0.0025,0,0,0.0,0,0.002203134868311117,0,0.0,0,0.0,1.3240931896326185
327,7539.822,8752.368,615.0,0.0025,0,0,0.0,0,0.002502640439691104,0,0.0,0,0.0,1.3240931896326185
328,7734.0,5341.987,1412.109,0.008,0,0,0.2,0,0.08089213471381605,0,0.06719367588932806,0,0.1,1.3238307337324429
329,10920.0,6418.0,1487.0,0.0025,0,0,0.0,0,0.04818167233674297,0,0.0,0,0.03,1.319284200709451
330,4582.926,6487.616,925.0,0.006,0,0,0.4,0,0.07389469474449506,0,0.0,0,0.01,1.3158976652589347
331,6418.0,7540.0,959.0,0.0025,0,0,0.0,0,0.003698690633967324,0,0.0,0,0.0,1.3131219923296569
332,6468.0,8267.0,717.0,0.053,0,0,0.0,0,0.3128987030901661,1,0.8947368421052632,0,0.27,1.312346106726772
333,7607.818,7389.85,1225.0,0.017,0,0,0.0,0,0.17993231334587403,0,0.0,0,0.0,1.3097794499392155
334,11263.732,7832.584,1230.37,0.0025,0,0,0.0,0,0.00032869068851092766,0,0.0,0,0.0,1.3074922699210423
335,11193.267,7771.686,1286.77,0.0025,0,0,0.0,0,0.0002469875215967171,0,0.0,0,0.0,1.3074922699210423
336,5830.552,8239.037,696.0,0.005,0,0,0.0,0,0.15938096532796997,0,0.06719367588932806,0,0.01,1.3016174809109984
337,4684.098,6356.318,1010.0,0.021,0,0,0.0,0,0.02000525820686234,0,0.0,0,0.03,1.2998162978162042
338,11802.383,8850.063,1180.08,0.005,0,0,0.0,0,0.0009504822411384395,0,0.0,0,0.01,1.2998162978162042
339,10960.155,7735.912,1336.0,0.0025,0,0,0.0,0,0.004491994236586199,0,0.0,0,0.01,1.2989732120213062
340,4735.0,3780.0,870.0,0.0025,0,0,0.0,0,0.00031794842931689884,0,0.0,0,0.0,1.298973212021306
341,5245.175,3347.409,1051.68,0.0025,0,0,0.0,0,0.00048167380009966963,0,0.0,0,0.0,1.298973212021306
342,6273.473,9078.348,593.0,0.0025,0,0,0.0,0,0.0001268496873280012,0,0.0,0,0.0,1.298973212021306
343,4766.736,2771.936,1333.0,0.0025,0,0,0.0,0,0.0005294983355356192,0,0.0,0,0.0,1.298973212021306
344,4784.747,6015.991,1121.0,0.0025,0,0,0.0,0,0.0016511723712727042,0,0.0,0,0.0,1.2961042273024823
345,4457.0,7673.0,363.0,0.0025,0,0,0.0,0,0.13887795456887658,0,0.0,0,0.01,1.2915562094254642
346,6278.0,6571.0,1343.0,0.0025,0,0,0.0,0,0.002250628962637559,0,0.0,0,0.0,1.2892512658705955
347,8687.14,5293.29,1194.68,0.0025,0,0,0.0,0,0.0010635216427440078,0,0.0,0,0.0,1.2855751044603654
348,4326.012,7648.652,334.0,0.0025,0,0,0.0,0,0.002907715560133943,0,0.0,0,0.0,1.2845358172811545
349,6339.0,7627.0,882.0,0.0025,0,0,0.0,0,0.07667161591174332,0,0.02702702702702703,0,0.04,1.2831640983631358
350,10751.655,7228.413,1349.56,0.006,0,0,0.0,0,0.009109483111443094,0,0.0,0,0.02,1.2831640983631358
351,885.0,11617.0,751.0,0.0025,0,0,0.0,0,0.010344969293536259,0,0.0,0,0.0,1.2827255904095414
352,5882.0,3892.0,879.0,0.0025,0,0,0.0,0,0.0005425976556302244,0,0.0,0,0.0,1.2827255904095414
353,10781.239,5714.179,1554.56,0.318,1,1,0.6,1,0.9980380074657916,1,1.0,1,0.85,1.2804469113875805
354,5106.28,8329.074,355.0,0.027,0,0,0.2,0,0.363542157589122,1,0.7,0,0.1,1.2802904811759137
355,13273.051,7774.233,1386.92,0.211,1,1,1.0,1,0.9999999997418847,1,1.0,1,0.8,1.2790193274187311
356,4031.027,7508.127,221.33,0.005,0,0,0.0,0,0.008456520238504647,0,0.03278688524590164,0,0.0,1.2762015587021893
357,4129.443,6633.987,605.0,0.0025,0,0,0.0,0,0.001198958315702222,0,0.0,0,0.0,1.275993647500161
358,5677.0,6218.0,1254.0,0.0025,0,0,0.0,0,0.00025236203070588587,0,0.0,0,0.0,1.275993647500161
359,6074.296,3725.401,992.74,0.0025,0,0,0.0,0,0.0016830563722832514,0,0.0,0,0.01,1.2732827615568096
360,6825.562,6722.534,1337.959,0.011,0,0,0.0,0,0.0018356077733966494,0,0.0,0,0.0,1.2732827615568096
361,4948.0,6623.0,1056.0,0.0025,0,0,0.0,0,0.004104556813228331,0,0.0,0,0.0,1.2732827615568092
362,6160.0,3987.0,887.0,0.0025,0,0,0.0,0,0.0001255042356899831,0,0.0,0,0.0,1.2732827615568092
363,4599.0,5970.0,977.0,0.0025,0,0,0.0,0,0.0047502559764739756,0,0.0,0,0.0,1.2695947441053914
364,4817.0,5968.0,1086.0,0.0025,0,0,0.0,0,0.001629545278385011,0,0.0,0,0.0,1.2695947441053914
365,5823.0,5922.0,1165.0,0.0025,0,0,0.0,0,0.001473653827273489,0,0.0,0,0.0,1.2695947441053914
366,4718.322,6074.248,1131.0,0.0025,0,0,0.0,0,0.0015420310660049059,0,0.0,0,0.0,1.2695947441053914
367,5274.607,6433.085,1237.0,0.009,0,0,0.0,0,0.006052816309215144,0,0.0,0,0.0,1.2695947441053912
368,6527.941,7809.983,941.609,1.077,1,1,0.6,0,0.09683259526018674,0,0.4666666666666667,1,0.78,1.2674178424238087
369,6277.332,9078.652,596.0,0.0025,0,0,0.0,0,0.007942036829341841,0,0.0,0,0.01,1.2640521819010142
370,8628.965,6719.967,1375.089,0.008,0,0,0.0,0,0.10379366956235427,0,0.0,0,0.04,1.2626317675957817
371,6539.0,7750.0,975.0,0.0025,0,0,0.0,0,0.002251014855701611,0,0.0,0,0.0,1.2608487471402665
372,6737.0,6730.0,1357.0,0.007,0,0,0.0,0,0.00171567381514316,0,0.0,0,0.0,1.2608487471402665
373,6731.0,7833.0,1030.0,0.0025,0,0,0.0,0,0.002341483122903556,0,0.0,0,0.0,1.2608487471402665
374,4985.642,8193.464,400.0,0.0025,0,0,0.0,0,0.0010741081283566632,0,0.06719367588932806,0,0.02,1.2608487471402665
375,11929.28,8279.309,1212.58,0.0025,0,0,0.0,0,0.0079894904610376,0,0.0,0,0.01,1.2608487471402665
376,5106.5,8327.524,355.0,0.0025,0,0,0.0,0,0.013441717322267751,0,0.06719367588932806,0,0.09,1.2608487471402665
377,6234.0,7203.0,1135.0,0.039,0,0,0.0,0,0.000919421105420534,0,0.0,0,0.01,1.2608487471402665
378,6666.0,7816.0,1002.0,0.0025,0,0,0.0,0,0.0023651320978866418,0,0.0,0,0.0,1.2608487471402665
379,4987.099,8192.271,400.0,0.01,0,0,0.0,0,0.0012394377700700684,0,0.0,0,0.01,1.2608487471402665
380,8579.84,5678.53,1304.19,0.006,0,0,0.0,0,0.0030747320390755156,0,0.0,0,0.02,1.260848747140266
381,6342.413,6822.44,1332.569,0.01,0,0,0.0,0,0.0017286718557862903,0,0.0,0,0.02,1.260848747140266
382,6934.998,9138.164,715.3,0.0025,0,0,0.0,0,0.0018873289253694282,0,0.0,0,0.01,1.260848747140266
383,3919.959,6658.304,514.0,0.0025,0,0,0.0,0,0.0041925777122302135,0,0.0,0,0.0,1.260848747140266
384,4493.166,7284.159,553.0,0.0025,0,0,0.0,0,0.004047574620454223,0,0.0,0,0.0,1.260848747140266
385,8843.59,5477.65,1277.49,0.0025,0,0,0.0,0,0.0003786892464880913,0,0.0,0,0.02,1.260848747140266
386,6761.0,8006.0,932.0,0.0025,0,0,0.0,0,0.0025336932878303763,0,0.0,0,0.0,1.260848747140266
387,6433.0,7620.0,919.0,0.0025,0,0,0.0,0,0.0026426812989765753,0,0.0,0,0.0,1.260848747140266
388,5447.0,8323.0,539.0,0.014,0,0,0.0,0,0.04947554683925384,0,0.0,0,0.01,1.2590711648003683
389,6181.372,7345.085,1052.0,0.088,0,0,0.4,0,0.2261661089081193,0,0.4666666666666667,0,0.25,1.2578386148606286
390,6454.0,7701.0,937.0,0.014,0,0,0.2,0,0.11450826992540807,0,0.0,0,0.03,1.25014282118981
391,6349.78,7849.143,929.0,0.0025,0,0,0.0,0,0.01837257978225852,0,0.0,0,0.02,1.246038143384963
392,8143.953,6998.028,1317.179,0.058,0,0,0.0,0,0.10485816257131862,0,0.0,0,0.01,1.241317176748416
393,9635.037,5568.045,1435.879,6.095,1,0,0.4,0,0.0916762126124913,1,0.7,1,0.8,1.2407711243896293
394,5896.0,6012.0,1207.0,0.0025,0,0,0.0,0,0.004446947786162035,0,0.0,0,0.0,1.2327814556691272
395,5344.0,6559.0,1132.0,0.0025,0,0,0.0,0,0.0106588902155293,0,0.0,0,0.0,1.232781455669127
396,5886.0,6230.0,1288.0,0.0025,0,0,0.0,0,0.006772239928550776,0,0.0,0,0.0,1.232781455669127
397,4933.982,6270.518,1228.0,0.006,0,0,0.0,0,0.0004141713583844285,0,0.0,0,0.0,1.2319798825112362
398,5424.413,6358.067,1317.0,0.073,0,0,0.0,0,0.12527961540268417,0,0.06818181818181818,0,0.01,1.231835628701291
399,7736.492,5339.727,1412.109,0.005,0,0,0.2,0,0.13849815458131443,0,0.0,0,0.01,1.231748521164469
400,7647.991,7330.175,1242.0,0.007,0,0,0.2,0,0.1627054976844073,0,0.06719367588932806,0,0.02,1.231748521164469
401,7646.665,9257.735,960.0,0.011,0,0,0.0,0,0.05776104776556732,0,0.0,0,0.04,1.231748521164469
402,4994.42,8197.143,410.0,0.005,0,0,0.0,0,0.0388840030162843,0,0.06719367588932806,0,0.06,1.231748521164469
403,4513.0,7794.0,335.0,0.073,0,0,0.2,0,0.21147590257603174,0,0.0,0,0.17,1.2251499444637322
404,10810.88,9670.947,1406.0,0.013,0,0,0.4,0,0.09283869148529249,0,0.0,0,0.14,1.2241840170916358
405,3880.602,7340.948,137.3,0.015,0,0,0.0,0,9.658393167483007e-07,0,0.0,0,0.12,1.2241840170916358
406,5396.0,6578.0,1147.0,0.0025,0,0,0.0,0,0.00164888394766839,0,0.0,0,0.0,1.210589368349123
407,5619.311,7058.962,1013.18,0.0025,0,0,0.0,0,0.011290540730940163,0,0.0,0,0.0,1.210589368349123
408,7865.218,7301.202,1121.959,0.0025,0,0,0.0,0,0.002514255755376603,0,0.0,0,0.0,1.2104343513637787
409,13738.0,1430.0,1325.0,0.0025,0,0,0.0,0,0.000178529584626916,0,0.0,0,0.0,1.2038724413540622
410,4837.258,2969.117,1315.0,0.0025,0,0,0.0,0,2.946227473716398e-05,0,0.0,0,0.0,1.2038724413540622
411,8110.039,5616.972,1448.799,0.0025,0,0,0.0,0,0.0002613684161878974,0,0.0,0,0.0,1.2038724413540622
412,9403.312,5475.841,1342.289,0.0025,0,0,0.0,0,0.00015984274302412394,0,0.0,0,0.0,1.2038724413540622
413,7121.0,5311.0,1351.0,0.0025,0,0,0.0,0,0.00035062713941482246,0,0.0,0,0.0,1.2038724413540622
414,5688.0,5839.0,1103.0,0.0025,0,0,0.0,0,0.0005371981227297248,0,0.0,0,0.0,1.2038724413540622
415,5683.0,5858.0,1097.0,0.006,0,0,0.0,0,0.010566259455137835,0,0.0,0,0.0,1.2038724413540622
416,5694.0,5809.0,1097.0,0.0025,0,0,0.0,0,0.0010218465156584633,0,0.0,0,0.01,1.2038724413540622
417,4857.822,2887.272,1325.0,0.0025,0,0,0.0,0,6.70209222040509e-05,0,0.0,0,0.01,1.2038724413540622
418,11057.485,7814.044,1351.0,0.0025,0,0,0.0,0,2.848555631269921e-05,0,0.0,0,0.0,1.2038724413540622
419,14063.0,1189.0,1265.0,0.0025,0,0,0.0,0,0.0002763469698095617,0,0.0,0,0.0,1.2038724413540622
420,6348.912,7353.111,1040.209,0.018,0,0,0.0,0,0.0010883818016991565,0,0.02702702702702703,0,0.0,1.2030812465920673
421,5674.004,5869.13,1122.0,0.031,0,0,0.0,0,0.0011265214026846915,0,0.0,0,0.0,1.2030812465920673
422,4780.054,6400.453,1036.0,0.021,0,0,0.0,0,0.001950592600091713,0,0.0,0,0.0,1.2030812465920673
423,7504.0,7094.0,1280.0,0.0025,0,0,0.0,0,0.000300716234079825,0,0.0,0,0.0,1.2030812465920673
424,13684.0,1481.0,1354.0,0.0025,0,0,0.0,0,8.744479372413295e-05,0,0.0,0,0.0,1.2030812465920673
425,2540.0,7416.0,393.0,0.0025,0,0,0.0,0,0.0009938554556245048,0,0.0,0,0.0,1.2030812465920673
426,6764.912,4994.066,1117.299,0.005,0,0,0.0,0,0.0028240926796249182,0,0.0,0,0.0,1.2030812465920673
427,6466.76,6960.407,1252.0,1.887,1,1,1.0,1,0.9978301956814183,1,1.0,1,0.95,1.2017203414362965
428,7668.103,7227.104,1273.0,2.625,1,1,0.8,1,0.9953897482772758,1,1.0,1,0.96,1.2017203414362965
429,6516.94,7262.883,1102.0,0.828,1,0,0.4,0,0.2826563005682894,1,0.8888888888888888,1,0.89,1.1990400633545557
430,5747.782,5878.525,1150.0,0.01,0,0,0.2,0,0.20583493802889166,0,0.0,0,0.04,1.1965164679909388
431,7108.0,7442.0,1182.0,0.0025,0,0,0.0,0,0.0035223862745006403,0,0.0,0,0.0,1.1905338233743896
432,6093.945,6750.018,1279.219,0.0025,0,0,0.0,0,0.013727251794228663,0,0.0,0,0.0,1.1889035836517279
433,6506.0,7595.0,947.0,0.075,0,0,0.2,0,0.18779946008452386,0,0.0,0,0.12,1.1880930174866016
434,11635.881,9834.686,1395.03,0.021,0,0,0.0,0,0.0003831274055602692,0,0.06719367588932806,0,0.04,1.177770310169651
435,5707.779,3745.325,968.7,0.01,0,0,0.2,0,0.20087670203037786,0,0.06818181818181818,0,0.15,1.175885943576447
436,7720.564,7548.831,1121.0,0.0025,0,0,0.0,0,0.01636276765714746,0,0.0,0,0.01,1.175198285832297
437,3700.431,6073.42,573.0,0.049,0,0,0.2,0,0.001311857535633267,0,0.0,0,0.34,1.166609037604591
438,7164.0,7507.0,1180.0,0.0025,0,0,0.0,0,0.000653408926099522,0,0.0,0,0.0,1.1651372633151982
439,9717.313,3175.588,1463.229,0.29,1,0,0.2,1,0.879154358987684,1,1.0,1,0.74,1.1532947647043266
440,8119.246,5576.896,1491.0,0.0025,0,0,0.0,0,0.00011945697226462771,0,0.0,0,0.0,1.1532947647043266
441,8185.938,5699.085,1450.0,0.005,0,0,0.0,0,0.0009997195493456645,0,0.0,0,0.0,1.1532947647043266
442,5231.629,7080.589,830.949,0.0025,0,0,0.0,0,5.6004840321843564e-05,0,0.0,0,0.0,1.1532947647043266
443,15213.821,8954.097,1392.959,0.007,0,0,0.0,0,2.1223348669464428e-05,0,0.0,0,0.01,1.1532947647043266
444,6810.0,6716.0,1342.0,0.005,0,0,0.0,0,0.002801352661718605,0,0.0,0,0.0,1.1532947647043266
445,8189.0,5453.0,1423.0,0.0025,0,0,0.0,0,0.00017351955741628464,0,0.0,0,0.0,1.1532947647043266
446,8526.9,5998.63,1409.48,0.0025,0,0,0.0,0,0.0004499910043047065,0,0.0,0,0.0,1.1532947647043266
447,6118.036,7220.62,1147.359,0.005,0,0,0.0,0,0.003911874971858313,0,0.0,0,0.0,1.1532947647043266
448,8527.44,5936.09,1379.58,0.029,0,0,0.0,0,8.25268194214922e-05,0,0.0,0,0.0,1.1532947647043266
449,5294.175,7040.576,938.0,0.0025,0,0,0.0,0,0.0020136044953842033,0,0.0,0,0.0,1.1532947647043266
450,7274.379,4589.765,1006.0,0.0025,0,0,0.0,0,0.0003689679496162846,0,0.0,0,0.0,1.1532947647043266
451,7239.0,6993.0,1197.0,0.0025,0,0,0.0,0,0.00419269693535607,0,0.0,0,0.0,1.1532947647043266
452,6644.0,6577.0,1249.0,0.0025,0,0,0.0,0,0.0019249345034857638,0,0.0,0,0.0,1.1532947647043266
453,5144.728,7682.647,610.0,0.0025,0,0,0.0,0,0.002316468448515861,0,0.0,0,0.01,1.1532947647043266
454,5076.036,7728.606,561.0,0.008,0,0,0.0,0,0.012471298105054698,0,0.0,0,0.0,1.1532947647043266
455,5672.987,6627.363,1284.399,0.057,0,0,0.0,0,0.004570490108115806,0,0.0,0,0.09,1.1532947647043266
456,6360.437,8526.132,621.0,0.0025,0,0,0.0,0,0.0006633308275688523,0,0.0,0,0.0,1.1532947647043266
457,11613.932,7840.834,1303.0,0.0025,0,0,0.0,0,1.3250473631119839e-06,0,0.0,0,0.0,1.1532947647043266
458,8409.0,5162.0,1250.0,0.0025,0,0,0.0,0,3.2176938604181226e-05,0,0.0,0,0.0,1.1532947647043266
459,10367.968,8022.029,1192.059,0.0025,0,0,0.0,0,9.17184313616215e-05,0,0.0,0,0.0,1.1532947647043266
460,11178.51,7648.406,1289.0,0.0025,0,0,0.0,0,5.2499497225620994e-05,0,0.0,0,0.0,1.1532947647043266
461,9570.979,7583.363,1204.78,0.0025,0,0,0.0,0,1.8528155617180152e-05,0,0.0,0,0.0,1.1532947647043266
462,4829.0,3773.0,879.0,0.0025,0,0,0.0,0,0.00017355000078956044,0,0.0,0,0.0,1.1532947647043266
463,9751.766,7554.263,1177.4,0.0025,0,0,0.0,0,1.8717787493965535e-05,0,0.0,0,0.0,1.1532947647043266
464,8314.001,6036.027,1444.589,0.017,0,0,0.0,0,6.789048249737429e-05,0,0.06719367588932806,0,0.03,1.1532947647043266
465,6352.74,6819.014,1352.149,4.363,1,0,0.2,1,0.6361826901305179,1,1.0,1,0.63,1.1532947647043266
466,7188.403,8040.524,930.0,0.0025,0,0,0.0,0,0.0012932417638194056,0,0.02702702702702703,0,0.01,1.1532947647043266
467,7360.476,9291.407,938.0,0.0025,0,0,0.0,0,0.0014498433538064164,0,0.0,0,0.0,1.1532947647043266
468,7342.329,9283.829,938.0,0.0025,0,0,0.0,0,0.0025841171152588714,0,0.0,0,0.0,1.1532947647043266
469,10432.228,8005.492,1206.58,0.0025,0,0,0.0,0,0.00012877687010149502,0,0.0,0,0.0,1.1532947647043266
470,3257.0,6787.0,31.0,0.005,0,0,0.0,0,8.58353801314144e-05,0,0.06719367588932806,0,0.01,1.1532947647043266
471,10496.96,7999.158,1253.83,0.034,0,0,0.0,0,0.0008798423199556848,0,0.0,0,0.04,1.1532947647043266
472,6343.723,8516.412,617.0,0.0025,0,0,0.0,0,0.024092586705727084,0,0.0,0,0.0,1.1532947647043266
473,6391.0,7541.0,949.0,0.0025,0,0,0.0,0,0.002116483742213495,0,0.0,0,0.0,1.1532947647043266
474,10838.0,6970.0,1379.0,0.0025,0,0,0.0,0,0.0002995286399651372,0,0.0,0,0.0,1.1532947647043266
475,6456.45,9044.413,610.0,0.0025,0,0,0.0,0,0.0004548297728563597,0,0.0,0,0.0,1.1532947647043266
476,6352.74,6819.014,1352.149,4.392,1,0,0.2,1,0.9895925732388067,1,1.0,0,0.37,1.1532947647043266
477,10194.0,7588.0,1212.0,0.0025,0,0,0.0,0,0.0004941134883836743,0,0.0,0,0.0,1.1532947647043266
478,4845.839,2874.287,1312.0,0.0025,0,0,0.0,0,2.3461680714559357e-05,0,0.0,0,0.0,1.1532947647043266
479,5605.827,6728.348,1135.0,0.0025,0,0,0.0,0,4.7102307743748484e-05,0,0.0,0,0.0,1.1532947647043266
480,10081.898,7779.689,1124.1,0.0025,0,0,0.0,0,0.000149969337693924,0,0.0,0,0.0,1.1532947647043266
481,5448.353,8013.825,583.0,0.0025,0,0,0.0,0,0.0007415345546580191,0,0.0,0,0.01,1.1532947647043266
482,7310.607,9216.457,947.0,0.0025,0,0,0.0,0,0.0029152976019305855,0,0.0,0,0.0,1.1532947647043266
483,10918.725,7958.742,1309.56,0.0025,0,0,0.0,0,2.5280288024540404e-05,0,0.0,0,0.0,1.1532947647043266
484,10628.872,7928.656,1257.61,0.0025,0,0,0.0,0,0.00019065403420677677,0,0.0,0,0.0,1.1532947647043266
485,10374.323,7964.097,1158.44,0.0025,0,0,0.0,0,3.364916724080716e-05,0,0.0,0,0.0,1.1532947647043266
486,6329.307,8505.809,614.0,0.0025,0,0,0.0,0,0.009125372967246349,0,0.0,0,0.0,1.1532947647043266
487,11691.29,8953.909,1226.3,0.0025,0,0,0.0,0,0.0009661123941650112,0,0.0,0,0.0,1.1532947647043266
488,6843.0,6708.0,1360.0,0.0025,0,0,0.0,0,0.006490590843937706,0,0.0,0,0.0,1.1532947647043266
489,8309.0,5243.0,1325.0,0.0025,0,0,0.0,0,0.00014340517676118567,0,0.0,0,0.0,1.1532947647043266
490,4880.819,6577.501,1052.0,0.0025,0,0,0.0,0,0.0013766797997042542,0,0.02702702702702703,0,0.0,1.1532947647043266
491,13043.0,437.0,1237.0,0.0025,0,0,0.0,0,0.0003609025651371851,0,0.0,0,0.0,1.1532947647043266
492,4830.908,3029.586,1298.34,0.0025,0,0,0.0,0,0.00028804866688746604,0,0.0,0,0.0,1.1532947647043266
493,8271.246,6002.333,1439.559,0.0025,0,0,0.0,0,0.0014137077195184595,0,0.0,0,0.0,1.1532947647043266
494,6340.953,6898.741,1302.709,0.014,0,0,0.0,0,0.000776829025376123,0,0.0,0,0.03,1.1532947647043266
495,5190.027,7115.999,830.949,0.0025,0,0,0.0,0,0.0003412654377281512,0,0.0,0,0.0,1.1532947647043266
496,8595.7,5999.6,1428.0,0.0025,0,0,0.0,0,0.00045422338376079416,0,0.0,0,0.0,1.1532947647043266
497,9509.556,3317.184,1455.289,0.007,0,0,0.0,0,0.0032431297331265404,0,0.06719367588932806,0,0.01,1.1532947647043266
498,8188.116,5693.62,1451.0,0.017,0,0,0.0,0,0.0021091730883208083,0,0.06719367588932806,0,0.02,1.1532947647043266
499,8556.85,5870.64,1368.65,0.043,0,0,0.2,0,0.04831631830147377,0,0.0,0,0.01,1.1532947647043266
500,9717.191,3167.71,1463.229,0.005,0,0,0.0,0,2.138882480658033e-05,0,0.0,0,0.02,1.1532947647043266
501,6081.364,7555.682,867.529,0.023,0,0,0.0,0,0.0022855856283821112,0,0.0,0,0.0,1.1532947647043266
502,5524.0,7946.0,603.0,0.0025,0,0,0.0,0,0.007657171142465792,0,0.0,0,0.0,1.1532947647043266
503,8423.0,5114.0,1244.0,0.0025,0,0,0.0,0,0.0017462359658963484,0,0.0,0,0.0,1.1532947647043266
504,7473.67,5171.429,1417.039,0.0025,0,0,0.0,0,0.0027410271749323126,0,0.0,0,0.0,1.1532947647043266
505,6934.0,6780.0,1294.0,0.0025,0,0,0.0,0,0.001822883381462241,0,0.0,0,0.0,1.1532947647043266
506,5545.507,6837.096,1156.639,0.026,0,0,0.0,0,0.00015652065622581894,0,0.0,0,0.0,1.1532947647043266
507,5118.653,7184.682,827.0,0.0025,0,0,0.0,0,0.0003361067693893671,0,0.0,0,0.01,1.1532947647043266
508,5421.191,8107.76,537.0,0.0025,0,0,0.0,0,0.0008571443718951202,0,0.0,0,0.0,1.1532947647043266
509,5598.0,7522.0,856.0,0.0025,0,0,0.0,0,0.016297507781935953,0,0.02702702702702703,0,0.03,1.1532947647043266
510,10975.154,7744.34,1346.0,0.0025,0,0,0.0,0,0.00025918914916503753,0,0.0,0,0.01,1.1532947647043266
511,6076.893,7066.71,1156.0,0.009,0,0,0.0,0,0.001363719885478001,0,0.0,0,0.0,1.1532947647043266
512,7983.101,9073.868,1036.0,0.0025,0,0,0.0,0,0.009193139911368478,0,0.0,0,0.0,1.1532947647043266
513,17444.0,8340.0,1287.0,0.1,0,0,0.4,0,0.051271009151459705,0,0.0,0,0.24,1.1519413126655051
514,5881.436,6165.981,1262.0,0.0025,0,0,0.0,0,0.014296179486166571,0,0.0,0,0.0,1.1469140223327945
515,4432.935,6459.181,958.0,0.0025,0,0,0.0,0,0.006020907150569155,0,0.0,0,0.0,1.1469140223327945
516,7849.0,7270.0,1214.0,0.0025,0,0,0.0,0,0.002653972198594328,0,0.0,0,0.0,1.1469140223327945
517,4910.027,6506.048,1105.0,0.026,0,0,0.0,0,0.007062850921015385,0,0.0,0,0.02,1.1469140223327945
518,4912.06,6525.365,1091.0,0.011,0,0,0.0,0,0.001644808817220351,0,0.0,0,0.0,1.1469140223327945
519,6645.285,7494.12,1040.969,0.0025,0,0,0.0,0,0.20321428887462425,0,0.0,0,0.01,1.1453334872395577
520,5582.165,7898.066,660.0,0.0025,0,0,0.0,0,0.002020063052015536,0,0.0,0,0.0,1.1397722206627607
521,7160.631,3496.491,1262.249,0.0025,0,0,0.0,0,0.00039131683135749706,0,0.0,0,0.0,1.1397722206627607
522,4183.024,7636.848,196.69,0.018,0,0,0.0,0,0.0037403339172200362,0,0.06719367588932806,0,0.01,1.1397722206627607
523,5886.0,6149.0,1254.0,0.0025,0,0,0.0,0,0.00012237383441396753,0,0.0,0,0.0,1.1397722206627607
524,4183.924,7636.848,196.69,0.018,0,0,0.0,0,0.00333913436492067,0,0.06719367588932806,0,0.01,1.1397722206627607
525,5497.022,7200.974,956.0,0.0025,0,0,0.0,0,0.004117311381679704,0,0.0,0,0.0,1.1397722206627607
526,4717.783,6123.527,1130.0,0.0025,0,0,0.0,0,0.0014447140218397962,0,0.0,0,0.0,1.1383584500989616
527,7625.0,9168.0,914.0,0.0025,0,0,0.0,0,0.14871559342172957,0,0.0,0,0.02,1.1355087111420565
528,8756.96,5544.4,1312.57,0.056,0,1,0.6,0,0.4368606848595871,0,0.0,0,0.19,1.134095944418832
529,17504.0,8370.0,1297.0,0.029,0,0,0.4,0,0.4556642623297708,0,0.0,1,0.61,1.1310978581523108
530,13489.193,7404.77,1452.45,0.0025,0,0,0.0,0,0.0068533775871805185,0,0.0,0,0.0,1.1293370969151204
531,5221.0,6454.0,1214.0,0.0025,0,0,0.0,0,0.00902628487451242,0,0.0,0,0.0,1.1240297993881097
532,6143.0,6981.0,1257.0,0.005,0,0,0.0,0,0.010215327288100446,0,0.0,0,0.0,1.1240297993881097
533,5635.487,3346.942,1112.64,0.204,1,0,0.4,1,0.876742045379171,1,1.0,1,0.9,1.1239204899949407
534,5929.015,6562.341,1289.0,0.0025,0,0,0.0,0,0.006665198801829266,0,0.0,0,0.0,1.1232672682996205
535,8937.0,5192.0,1170.0,0.0025,0,0,0.0,0,0.017620792500339016,0,0.0,0,0.02,1.1192393677391612
536,8054.023,7068.042,1224.319,0.093,0,0,0.4,0,0.142717289249117,0,0.0,0,0.06,1.1184557493840073
537,6223.649,7274.05,1101.0,0.707,1,0,0.4,1,0.751208791563251,1,1.0,1,0.83,1.1182574418277378
538,6610.596,7633.559,968.0,0.053,0,0,0.4,0,0.07021539527563023,0,0.0,0,0.02,1.1170055073980056
539,5504.041,6986.029,1060.439,0.441,1,1,1.0,1,0.9875781520688287,1,1.0,1,0.91,1.1165379956328834
540,4997.0,6855.0,911.0,0.019,0,0,0.2,0,0.3862471382462785,0,0.0,0,0.05,1.1157901245446196
541,6377.332,7068.32,1143.619,0.393,1,0,0.4,0,0.27805276632461334,0,0.06818181818181818,0,0.45,1.1094226798243005
542,3883.004,7343.405,137.65,0.04,0,0,0.0,0,0.0006776600228365832,0,0.0,0,0.03,1.1077626819371214
543,4492.05,6485.318,883.0,0.018,0,0,0.2,0,0.04919317398691391,0,0.0,0,0.01,1.1069622771272492
544,6357.364,8528.587,619.0,0.0025,0,0,0.0,0,0.014481513023550708,0,0.0,0,0.0,1.1029186177905426
545,5146.0,6408.0,1210.0,0.008,0,0,0.0,0,0.051713823234180174,0,0.0,0,0.0,1.1029186177905426
546,6222.612,7041.92,1277.0,0.0025,0,0,0.0,0,0.006709888460033906,0,0.0,0,0.0,1.1029186177905423
547,6221.44,7041.817,1277.0,0.0025,0,0,0.0,0,0.001948749491545882,0,0.0,0,0.0,1.1029186177905423
548,7777.329,9421.947,1001.08,0.0025,0,0,0.0,0,0.01052142718840589,0,0.0,0,0.02,1.1029186177905423
549,4808.731,6022.562,1130.0,0.0025,0,0,0.0,0,0.003464800289546927,0,0.0,0,0.0,1.1029186177905423
550,7969.636,9072.241,1034.0,0.0025,0,0,0.0,0,0.03648861222345797,0,0.0,0,0.0,1.1029186177905423
551,4954.928,6572.46,1101.0,0.026,0,0,0.0,0,0.006556727650712101,0,0.0,0,0.0,1.1029186177905423
552,5676.019,6626.142,1284.399,0.033,0,0,0.0,0,0.009496073818903232,0,0.0,0,0.0,1.1029186177905423
553,8460.0,4754.0,1137.0,0.0025,0,0,0.0,0,0.002198066464314127,0,0.0,0,0.01,1.1029186177905423
554,7043.0,6955.0,1179.0,0.0025,0,0,0.0,0,0.01139912872567576,0,0.0,0,0.0,1.1029186177905423
555,5476.0,6746.0,1126.0,0.0025,0,0,0.0,0,0.013039473841079084,0,0.0,0,0.0,1.1029186177905423
556,5947.032,6374.022,1301.529,0.0025,0,0,0.0,0,0.006552832157989704,0,0.0,0,0.0,1.1029186177905423
557,9638.037,5563.973,1435.879,2.193,1,0,0.4,1,0.749189094178457,1,0.7,1,0.81,1.1011929026590486
558,5669.038,6632.027,1284.399,1.89,1,1,0.8,1,0.9863445641186718,1,1.0,1,0.77,1.100642979759989
559,9902.0,6303.0,1521.0,0.013,0,0,0.0,0,0.10660401070877484,0,0.0,0,0.07,1.0988401386380073
560,10404.521,6048.041,1484.0,0.005,0,0,0.0,0,0.006637405808547982,0,0.03278688524590164,0,0.01,1.0977090252010062
561,6528.818,7820.133,941.609,6.185,1,0,0.2,0,0.07062806216565781,1,0.8947368421052632,1,0.71,1.0959431099711523
562,5445.411,8326.43,557.0,0.0025,0,0,0.4,0,0.11423987073080846,0,0.0,0,0.02,1.093315064615449
563,6185.0,7104.0,1209.0,0.0025,0,0,0.0,0,0.000997005688237866,0,0.0,0,0.0,1.0908463020349035
564,14297.813,8945.08,1479.419,0.0025,0,0,0.0,0,0.07334254771062368,0,0.0,0,0.02,1.0900570225463067
565,6890.705,8028.199,901.279,0.0025,0,0,0.0,0,0.01652451298400461,0,0.0,0,0.05,1.0851914765150918
566,6121.046,7536.826,921.0,0.0025,0,0,0.2,0,0.04389187939058726,0,0.0,0,0.01,1.0838561349465852
567,7259.886,7654.695,1206.779,0.009,0,0,0.4,0,0.21719017763708992,0,0.0,0,0.11,1.0784491103263023
568,10768.307,7211.44,1354.0,0.0025,0,0,0.0,0,0.017586477705798523,0,0.0,0,0.08,1.0762589786015593
569,7053.0,4168.0,894.0,0.018,0,0,0.0,1,0.9733351190417744,0,0.0,0,0.26,1.0746429851708885
570,7837.401,5371.365,1448.0,0.077,0,0,0.4,1,0.5238226593489518,0,0.0,0,0.18,1.0714396018896521
571,5337.142,6521.718,1186.0,0.005,0,0,0.0,0,0.008260714357815719,0,0.0,0,0.0,1.0700649382387943
572,5421.11,7889.084,656.0,0.0025,0,0,0.0,0,0.22756006636728332,0,0.0,0,0.01,1.0698438891561797
573,5341.0,7902.0,609.0,0.011,0,0,0.0,0,0.26221102595582496,0,0.0,0,0.0,1.0698438891561795
574,5022.0,6829.0,1005.0,0.025,0,0,0.0,0,0.13283799068394028,0,0.06818181818181818,0,0.04,1.0619428101585828
575,5951.538,3707.239,993.34,0.532,1,1,1.0,1,0.9999997923347097,1,1.0,1,0.92,1.0608217103487565
576,4428.391,7574.709,389.0,0.0025,0,0,0.0,0,0.002080638093896054,0,0.03278688524590164,0,0.02,1.0584583235431977
577,14537.849,9549.684,1452.959,0.475,1,1,1.0,1,0.9994685783789888,1,0.7,1,0.78,1.0571207764127415
578,6292.924,9084.253,609.0,0.0025,0,0,0.0,0,0.012367710014612765,0,0.0,0,0.03,1.0558379907780586
579,6620.139,7621.084,1054.389,0.006,0,0,0.2,0,0.10807869787459043,0,0.06719367588932806,0,0.07,1.051685096956809
580,5521.08,8370.677,586.0,0.007,0,0,0.0,0,0.14805434764264425,0,0.0,0,0.05,1.0509155315129313
581,6330.647,7866.237,922.0,0.005,0,0,0.4,0,0.02891846873319059,0,0.06719367588932806,0,0.0,1.0484209665289999
582,7585.278,6345.557,1298.502,0.011,0,0,0.4,0,0.059627566643191444,0,0.06719367588932806,0,0.07,1.0458078355366571
583,7447.608,6456.685,1294.868,0.014,0,0,0.0,0,0.08705036904168635,0,0.06719367588932806,0,0.11,1.0418796983764036
584,4928.0,6654.0,1038.0,1.317,1,1,0.6,1,0.5567926947066762,1,0.8947368421052632,1,0.93,1.0415557013904544
585,4931.0,6656.0,1040.0,0.422,1,0,0.4,1,0.5522429699413862,0,0.07142857142857142,1,0.73,1.0415557013904544
586,4919.0,6694.0,1020.0,1.831,1,0,0.2,1,0.5093867455004075,1,1.0,0,0.5,1.0415557013904542
587,4886.0,6902.0,857.0,0.043,0,1,0.6,0,0.3224582405462954,0,0.02702702702702703,0,0.13,1.0369666975413607
588,7372.0,7821.0,1093.0,0.005,0,0,0.2,0,0.07314302579093171,0,0.0,0,0.01,1.0364103074989914
589,6494.619,7376.817,1048.0,0.008,0,1,0.6,0,0.2540853017810482,0,0.0,0,0.29,1.0345292750177015
590,6524.896,7858.805,941.609,0.079,0,0,0.4,0,0.042539858885342584,1,0.8888888888888888,0,0.18,1.0302431662739948
591,7730.599,6044.462,1345.151,0.018,0,0,0.2,0,0.18998200494882767,0,0.06719367588932806,0,0.1,1.029285708347762
592,5682.075,3747.497,969.12,0.012,0,0,0.0,0,0.32086025500371423,0,0.0,0,0.14,1.0279626331557463
593,6274.909,7994.661,829.0,0.222,1,1,0.6,1,0.9658988591169136,1,1.0,1,0.86,1.0092386497371586
594,3936.127,7387.505,214.0,0.006,0,0,0.0,0,0.001325885782027978,0,0.03278688524590164,0,0.0,1.0092371169952237
595,6369.0,7466.0,993.0,0.037,0,0,0.0,0,0.0692297049926183,0,0.0,0,0.1,1.008237575805208
596,4994.261,8198.576,413.0,0.0025,0,0,0.0,0,0.056686008392750786,0,0.06818181818181818,0,0.01,1.0030876182638038
597,4542.0,6036.0,947.0,0.114,1,0,0.4,0,0.4630142648124385,1,0.7,1,0.87,1.0006603540980765
598,7110.061,7747.009,1026.789,0.005,0,0,0.2,0,0.1631943776587697,0,0.06818181818181818,0,0.05,1.0003336295104497
599,7997.0,8498.0,840.0,0.015,0,0,0.0,0,0.06517998819194154,0,0.06719367588932806,0,0.02,0.9979373264957003
600,7754.63,7450.319,1158.0,0.011,0,0,0.0,0,0.10043730970743786,0,0.0,0,0.03,0.9897188401639937
601,5671.99,6627.611,1284.399,0.742,1,1,1.0,1,0.7106746441422452,1,1.0,1,1.0,0.9845400197203911
602,7879.174,5764.615,1465.839,0.006,0,0,0.2,0,0.1132273699126958,0,0.06719367588932806,0,0.05,0.9816794443744505
603,5902.868,7715.943,763.0,0.009,0,0,0.4,0,0.1532402148538397,0,0.06719367588932806,0,0.11,0.9784904852937808
604,4632.068,6302.892,1037.3,0.266,1,0,0.2,0,0.3876835252846052,0,0.06818181818181818,0,0.07,0.9784068845240059
605,5149.893,7419.615,659.0,0.923,1,1,0.8,0,0.3062954583330091,1,0.8947368421052632,1,0.93,0.97661541503913
606,6167.105,7408.005,1007.0,0.016,0,0,0.4,0,0.19763396397716698,0,0.0,0,0.17,0.9755203442035436
607,7652.186,7268.54,1217.0,0.014,0,0,0.4,0,0.38429807869531163,0,0.07142857142857142,0,0.03,0.9755203442035436
608,6505.977,7827.952,941.609,0.263,1,0,0.2,0,0.0631972099772216,0,0.06818181818181818,1,0.63,0.9676840572370469
609,4912.65,6713.0,1005.0,3.082,1,0,0.4,1,0.6532764316044961,1,0.8947368421052632,1,0.93,0.9670231663849469
610,9489.0,6789.0,1480.0,0.0025,0,0,0.0,0,0.08456007851304659,0,0.06719367588932806,0,0.01,0.9658741651154917
611,7335.0,6499.0,1291.0,0.071,0,0,0.0,0,0.1505747315739275,0,0.06719367588932806,0,0.37,0.9656679669593178
612,5292.0,6407.0,1250.0,0.037,0,0,0.0,0,0.09097529126076538,0,0.06719367588932806,0,0.05,0.9649406259836083
613,5015.0,6729.0,989.0,1.043,1,1,0.6,1,0.9964973421341919,1,1.0,1,0.75,0.9629415178908598
614,5413.998,7121.349,887.999,0.024,0,0,0.0,0,0.08520974835633245,0,0.0,0,0.03,0.9598931867131714
615,7360.87,6499.947,1302.579,0.014,0,0,0.0,0,0.10470510073521103,0,0.0,0,0.1,0.9598931867131714
616,5328.0,6576.0,1129.0,0.077,0,0,0.2,0,0.27380751181912594,0,0.06719367588932806,0,0.03,0.9527541899857099
617,6846.612,7845.824,1031.859,0.078,0,0,0.0,0,0.12068954384111424,0,0.06719367588932806,0,0.09,0.9520482703103158
618,10663.0,5821.0,1457.0,0.017,0,0,0.2,0,0.2118775056929121,0,0.06719367588932806,0,0.02,0.9489345400132062
619,6839.058,7919.794,968.0,0.078,0,0,0.4,0,0.12449206960558575,0,0.02702702702702703,0,0.08,0.9417391941056503
620,8906.997,8785.388,1045.77,0.0025,0,0,0.0,0,0.0005598141883290984,0,0.03278688524590164,0,0.01,0.9417391941056503
621,10041.788,6370.285,1529.95,0.005,0,0,0.0,0,0.05510035755503384,0,0.03278688524590164,0,0.0,0.9417391941056503
622,5816.0,7775.0,724.0,0.011,0,1,0.6,0,0.1591640400190924,0,0.03278688524590164,0,0.0,0.9417391941056503
623,6839.696,7926.911,901.279,0.076,0,0,0.4,0,0.21923370768607622,0,0.03278688524590164,0,0.03,0.9417391941056503
624,8684.346,8882.298,1024.02,0.0025,0,0,0.0,0,0.03273108972641693,0,0.03278688524590164,0,0.01,0.9417391941056503
625,6417.0,7865.0,889.0,5.287,1,0,0.4,0,0.2360651221393247,1,0.8947368421052632,1,0.87,0.9417391941056503
626,7521.699,7263.314,1282.0,1.133,1,1,1.0,1,0.9999457801168155,1,1.0,1,0.95,0.9416866840611569
627,6347.546,7868.278,928.0,0.0025,0,0,0.0,0,0.014613375106578983,0,0.0,0,0.0,0.9372636967418913
628,10827.774,5969.127,1502.0,0.0025,0,0,0.2,0,0.016173175709194115,0,0.0,0,0.01,0.937263696741891
629,4416.0,7582.0,357.0,0.0025,0,0,0.0,0,0.0007028554736676935,0,0.03278688524590164,0,0.0,0.9361369155687657
630,3450.497,6885.612,161.0,0.0025,0,0,0.0,0,0.002204844031307766,0,0.03278688524590164,0,0.01,0.9361369155687657
631,5107.22,8320.15,361.0,0.006,0,0,0.0,0,0.0004005109861765262,0,0.03278688524590164,0,0.0,0.9361369155687654
632,4784.829,6145.35,1150.0,0.718,1,1,0.6,1,0.9797995097711606,1,1.0,1,0.84,0.9351561731396688
633,6142.599,7479.788,1055.819,0.021,0,0,0.0,0,0.03995831659664393,0,0.03278688524590164,0,0.03,0.9345242905373776
634,7823.0,7323.0,1185.0,0.008,0,0,0.0,0,0.04160360031951149,0,0.06719367588932806,0,0.05,0.9339547997281369
635,5337.0,6603.0,1121.0,0.302,1,1,0.6,1,0.5432947584603464,1,1.0,1,0.75,0.9321182120298406
636,7629.716,7324.952,1221.0,1.001,1,1,0.6,1,0.939107710602902,1,1.0,1,0.82,0.9314603079992703
637,7367.743,7316.765,1295.0,0.022,0,0,0.0,0,0.24829126965488624,0,0.06719367588932806,0,0.04,0.929507176139492
638,4620.526,6358.339,1022.22,0.135,1,0,0.4,0,0.29050270151067376,1,0.8888888888888888,1,0.83,0.9283490889700832
639,6555.308,8188.868,802.0,1.751,1,1,0.8,1,0.999829172170269,1,1.0,1,0.83,0.9247197052001033
640,3948.927,7387.505,226.81,0.006,0,0,0.0,0,0.03328487551442727,0,0.0,0,0.0,0.9200187435447968
641,4577.892,6490.05,920.0,0.0025,0,0,0.0,0,0.11012167982081122,0,0.0,0,0.04,0.9189615975002698
642,6410.0,7249.0,1107.0,0.481,1,0,0.2,0,0.31820465490099503,0,0.4666666666666667,1,0.71,0.9167574406836608
643,4386.0,6395.0,863.0,0.079,0,0,0.0,0,0.22819058476219906,0,0.07142857142857142,0,0.04,0.9147984380741099
644,4922.1,6645.0,1051.0,4.788,1,1,1.0,0,0.4043158547272894,1,0.8947368421052632,1,0.91,0.9112279736173343
645,4913.899,6732.387,995.0,0.442,1,1,0.8,0,0.30116188828201773,0,0.4666666666666667,1,0.93,0.9112279736173341
646,5204.905,7350.857,707.0,0.156,1,0,0.4,0,0.2880813061661314,1,0.8947368421052632,1,0.86,0.9097430325617594
647,5455.559,8296.044,540.0,0.044,0,0,0.2,0,0.2800359354403933,0,0.06719367588932806,0,0.01,0.9073950855504441
648,4687.45,7913.95,315.0,0.005,0,0,0.0,0,0.026382038670580907,0,0.06818181818181818,0,0.0,0.9043550322269829
649,5269.0,6292.0,1306.0,0.095,0,0,0.4,0,0.08063525357265829,0,0.0,0,0.03,0.9036786114185575
650,12444.785,9426.588,1361.35,0.052,0,0,0.0,0,0.13104819585614677,0,0.06719367588932806,0,0.12,0.9012565313888131
651,12283.92,9911.181,1378.0,0.01,0,0,0.0,0,0.01721413617175597,0,0.0,0,0.06,0.9011733200336376
652,13419.12,7082.566,1453.09,0.0025,0,0,0.0,0,0.004314513702093024,0,0.0,0,0.0,0.8955250427503684
653,7032.841,8908.628,658.0,0.005,0,0,0.0,0,0.0024146347556245206,0,0.03278688524590164,0,0.04,0.8906803852775735
654,5284.909,8057.846,559.0,0.0025,0,0,0.0,0,0.002133259578076417,0,0.03278688524590164,0,0.0,0.8906803852775735
655,9782.049,6637.738,1408.01,0.018,0,0,0.4,0,0.11546100044951794,0,0.0,0,0.01,0.8872087741027168
656,4917.354,6722.226,1021.0,6.466,1,0,0.4,1,0.5445404554428339,1,0.8947368421052632,1,0.83,0.8871980459880737
657,4636.646,7435.528,523.0,0.045,0,0,0.4,0,0.248985399692575,0,0.06818181818181818,0,0.03,0.8855855521686535
658,3940.427,6443.621,579.0,0.062,0,0,0.2,0,0.013926233736172557,0,0.06719367588932806,0,0.08,0.8848025485272626
659,7193.381,5264.183,1387.149,0.0025,0,0,0.0,0,0.07919013458103595,0,0.06719367588932806,0,0.07,0.8845892290312977
660,7647.106,6134.796,1329.093,0.017,0,1,0.8,0,0.2560391333404014,0,0.38461538461538464,1,0.66,0.8839064638033227
661,5939.501,3655.298,1025.64,0.103,1,0,0.4,1,0.8490441919869146,1,1.0,1,0.77,0.8823024573942919
662,6868.257,5977.895,1080.259,0.0025,0,0,0.0,0,0.048060830377397466,0,0.0,0,0.03,0.8811947458656548
663,6494.224,7362.694,1055.0,0.01,0,0,0.4,0,0.19330113720031314,0,0.0,1,0.57,0.877730958259406
664,5730.094,6776.153,1121.78,0.867,1,1,0.8,1,0.9082930420000274,1,1.0,1,0.75,0.8741207220444243
665,4691.611,6233.29,1094.0,1.743,1,0,0.4,0,0.2782073485924321,0,0.06719367588932806,1,0.83,0.8698079576211376
666,9499.0,6813.0,1450.0,0.007,0,0,0.0,0,0.0692053045199143,0,0.06719367588932806,0,0.01,0.8697524710900213
667,5445.0,6549.0,1222.0,0.011,0,0,0.0,0,0.011633065503772945,0,0.0,0,0.0,0.8688234441075802
668,6519.29,7859.273,941.609,0.402,1,0,0.2,0,0.15618210711077532,0,0.0,0,0.06,0.868046605191306
669,6075.138,7582.255,876.0,0.006,0,0,0.0,0,0.014380464671900694,0,0.03278688524590164,0,0.01,0.867765532360684
670,6062.01,7576.883,867.529,0.014,0,0,0.0,0,0.012063849122849028,0,0.03278688524590164,0,0.01,0.867765532360684
671,3327.0,6108.0,359.0,0.081,0,0,0.0,0,0.030441174744379133,0,0.07142857142857142,0,0.04,0.867765532360684
672,10031.0,6376.0,1529.0,0.011,0,0,0.4,0,0.06560528822371653,0,0.03278688524590164,0,0.0,0.867765532360684
673,9892.451,6741.54,1405.1,0.006,0,0,0.0,0,0.07066561262345364,0,0.0,0,0.08,0.867765532360684
674,6397.0,9029.0,565.0,0.0025,0,0,0.0,0,0.08996872668458648,0,0.03278688524590164,0,0.04,0.867765532360684
675,10943.0,6540.0,1446.0,0.006,0,0,0.0,0,0.025553986584084403,0,0.03278688524590164,0,0.03,0.867765532360684
676,9739.973,6295.477,1498.0,0.188,1,0,0.4,0,0.4913265671479439,1,1.0,1,0.75,0.8666700379865794
677,7169.04,7722.022,1026.789,0.006,0,0,0.0,0,0.17326939680547626,0,0.0,0,0.01,0.8646631803358211
678,5073.0,6457.0,1167.0,0.027,0,0,0.2,0,0.0368239750412704,0,0.0,0,0.02,0.8646042660601592
679,5559.0,6674.0,1185.0,0.0025,0,0,0.0,0,0.015434224608095262,0,0.0,0,0.0,0.8617611582290823
680,14986.584,9037.492,1378.789,0.02,0,0,0.0,0,0.24642124823464318,0,0.06719367588932806,0,0.07,0.860397747634996
681,9454.029,5302.049,1301.459,0.007,0,0,0.0,0,0.09589234566845443,0,0.06818181818181818,0,0.01,0.8582506738470685
682,11060.061,6529.653,1513.0,0.007,0,0,0.0,0,0.021027171522333098,0,0.03278688524590164,0,0.01,0.8560349550808817
683,5647.0,6771.0,1134.0,0.025,0,0,0.0,0,0.11641781284790537,0,0.06719367588932806,0,0.01,0.8535134711339887
684,3885.334,7347.179,138.0,0.008,0,0,0.0,0,0.0025999470961509245,0,0.0,0,0.05,0.8534023509842696
685,7680.332,7237.532,1268.0,0.047,0,0,0.2,0,0.3168006939893826,0,0.4666666666666667,0,0.13,0.8496765178652649
686,6427.052,7799.977,941.609,0.052,0,0,0.2,0,0.1132687964234996,0,0.03278688524590164,0,0.04,0.8492175899817225
687,7827.658,7305.075,1170.169,0.0025,0,0,0.0,0,0.05103758591282617,0,0.03278688524590164,0,0.01,0.8492175899817223
688,7356.0,7344.0,1276.0,2.868,1,0,0.4,0,0.2035602968163872,1,0.8947368421052632,1,0.81,0.8478987936680069
689,10809.965,5979.418,1512.0,0.0025,0,0,0.0,0,0.07242270890593702,0,0.0,0,0.01,0.8471790528365175
690,6361.0,7666.0,878.0,0.005,0,0,0.2,0,0.09278804513756354,0,0.06719367588932806,0,0.02,0.844154319259383
691,6356.0,7572.0,932.0,0.005,0,0,0.0,0,0.028487765768703016,0,0.0,0,0.0,0.844154319259383
692,5415.843,6354.501,1317.0,0.019,0,0,0.2,0,0.09156909502670683,0,0.0,0,0.02,0.8438325933250335
693,7361.0,7467.0,1242.0,0.04,0,0,0.2,0,0.3475309537225146,0,0.06719367588932806,0,0.07,0.8429967966578266
694,4515.0,6105.0,943.0,0.015,0,0,0.0,0,0.09593599729326319,0,0.0,0,0.02,0.8429942430182458
695,4420.0,7591.0,359.0,0.0025,0,0,0.0,0,0.03249615711462402,0,0.0,0,0.0,0.8420463207151766
696,12265.0,9946.0,1349.0,0.012,0,0,0.0,0,0.04810891090926546,0,0.06818181818181818,0,0.03,0.8411970698728144
697,9890.076,6738.958,1404.28,0.005,0,0,0.0,0,0.02750126989096415,0,0.06719367588932806,0,0.02,0.8327186207174274
698,13481.737,7834.28,1461.28,0.01,0,0,0.2,0,0.1238801731660634,0,0.0,0,0.07,0.8317236167013481
699,7391.854,7454.328,1259.0,0.012,0,0,0.0,0,0.06901204461092297,0,0.06719367588932806,0,0.05,0.8317236167013481
700,3943.527,6421.15,586.0,0.01,0,0,0.2,0,0.06484709788188575,0,0.0,0,0.01,0.8314774929919642
701,7572.724,6320.114,1310.916,0.016,0,0,0.0,0,0.02452192355848281,0,0.0,0,0.37,0.8262520108398246
702,7644.533,5312.194,1449.0,0.011,0,0,0.0,0,0.19813655759118826,0,0.06719367588932806,0,0.09,0.8253531010519216
703,7654.096,7280.083,1252.0,0.628,1,1,0.6,1,0.9997390037312168,1,1.0,1,0.87,0.8243452653058795
704,4846.925,6213.846,1157.0,0.017,0,0,0.2,0,0.0417436456869403,0,0.02702702702702703,0,0.01,0.8213559576625606
705,6312.578,9072.216,596.0,0.0025,0,0,0.0,0,0.018720165646474544,0,0.0,0,0.0,0.8213559576625604
706,5341.0,6810.0,1037.0,0.011,0,0,0.2,0,0.11862507705676258,0,0.0,0,0.12,0.8171600738876637
707,6335.46,9129.624,635.0,0.007,0,0,0.0,0,0.018118849814420458,0,0.06818181818181818,0,0.03,0.8144755319233385
708,11027.012,6514.599,1485.18,0.009,0,0,0.0,0,0.017468312187499665,0,0.0,0,0.03,0.8122589821787154
709,7459.135,7360.244,1275.0,0.197,1,1,0.6,1,0.9127673970047963,1,1.0,1,0.83,0.8106390679712429
710,5274.881,6429.832,1240.0,0.0025,0,0,0.0,0,0.010085623732287873,0,0.0,0,0.0,0.8097071188169611
711,6164.288,7407.268,1009.0,0.0025,0,0,0.0,0,0.12644785254873286,0,0.0,0,0.0,0.8085568941486025
712,4749.609,6228.706,1102.0,0.351,1,1,0.8,1,0.7827303215773903,1,0.8947368421052632,1,0.8,0.8085380764918022
713,7706.097,7302.684,1237.0,0.006,0,0,0.0,0,0.08791000060253899,0,0.0,0,0.0,0.8067736461341971
714,9384.0,6263.0,1464.0,0.01,0,0,0.2,0,0.09736363936026393,0,0.06719367588932806,0,0.04,0.8063440383157783
715,10056.202,6374.427,1527.38,0.035,0,0,0.2,0,0.11231731945097363,0,0.06719367588932806,0,0.08,0.8063440383157783
716,6467.292,8361.484,729.0,0.025,0,0,0.2,0,0.014222819630812155,0,0.06719367588932806,0,0.08,0.805353077441053
717,7166.81,5271.386,1387.149,0.0025,0,0,0.0,0,0.17205761397496677,0,0.0,0,0.01,0.8035770337303764
718,5105.83,8322.0,360.0,0.0025,0,0,0.0,0,0.00011305003811796948,0,0.0,0,0.01,0.8020866269231682
719,10811.606,6137.087,1467.77,0.007,0,0,0.0,0,0.09417160276322431,0,0.06818181818181818,0,0.02,0.8015437776205938
720,4687.65,7911.85,316.0,0.0025,0,0,0.0,0,0.010504896955908944,0,0.0,0,0.01,0.8012793179798555
721,4392.777,7690.321,371.0,0.0025,0,0,0.0,0,0.012865866005172252,0,0.0,0,0.0,0.8012793179798555
722,6470.0,7775.0,936.0,0.02,0,0,0.0,0,0.000968441428090477,0,0.0,0,0.01,0.7996322213595494
723,10305.331,6101.508,1476.73,0.012,0,0,0.2,0,0.1011855850291411,0,0.03278688524590164,0,0.05,0.7996322213595494
724,5106.36,8328.474,355.0,0.051,0,0,0.2,0,0.16896478018511182,0,0.0,0,0.16,0.7985651076897643
725,4627.629,6320.873,1030.0,0.073,0,0,0.0,0,0.14523557989417293,0,0.06719367588932806,0,0.21,0.7984280312524447
726,4749.0,5890.0,1012.0,0.024,0,0,0.0,0,0.04402203023880051,0,0.02702702702702703,0,0.01,0.7971074893040758
727,4677.064,6180.09,1087.0,0.033,0,0,0.0,0,0.05693276810103857,0,0.0,0,0.01,0.7971074893040758
728,4964.6,6649.0,1056.0,0.738,1,1,0.6,0,0.17573757381279298,0,0.02702702702702703,1,0.7,0.7971074893040758
729,7870.033,5722.899,1465.839,0.005,0,0,0.2,0,0.1083064627332071,0,0.0,0,0.01,0.7971074893040758
730,4918.0,6713.0,1005.0,0.21,1,0,0.4,0,0.042532271609804426,1,0.8888888888888888,1,0.75,0.7971074893040758
731,11971.046,5960.377,1509.829,0.005,0,0,0.0,0,0.03360810138239454,0,0.0,0,0.03,0.7971074893040758
732,12425.317,9432.147,1369.02,0.071,0,0,0.4,1,0.5854311847999734,0,0.0,0,0.18,0.7950584616583081
733,7811.14,6926.42,1336.467,0.005,0,1,0.6,0,0.19806069197441736,0,0.0,0,0.01,0.7949633634075155
734,5756.057,3348.502,1143.0,0.054,0,0,0.4,1,0.7208362258788261,0,0.0,0,0.28,0.7928978633367866
735,5428.0,7562.0,754.0,0.0025,0,0,0.0,0,0.0021945046570258217,0,0.0,0,0.0,0.7923635190571027
736,5203.0,3730.0,877.0,0.0025,0,1,0.6,0,0.3956334941415704,0,0.0,0,0.14,0.7912256330592696
737,6339.352,6818.917,1332.569,0.037,0,0,0.0,0,0.02292583122231044,0,0.02702702702702703,0,0.01,0.7902466512068262
738,11579.528,6845.732,1355.0,0.0025,0,0,0.0,0,0.005000788025769689,0,0.03278688524590164,0,0.01,0.7895535449084286
739,5555.229,6806.051,1156.639,3.108,1,1,0.6,1,0.5770051165160649,1,1.0,1,0.85,0.7879085122862611
740,4633.993,6580.535,873.0,0.069,0,0,0.2,0,0.2924702886433391,0,0.06818181818181818,0,0.09,0.7873127556981572
741,5643.0,8216.0,589.0,0.0025,0,0,0.0,0,0.015395041212113148,0,0.0,0,0.01,0.7870716263679034
742,4962.0,6661.0,1045.0,0.102,1,1,0.8,1,0.6517857980618921,1,1.0,1,0.69,0.7862567293225395
743,4702.059,6705.683,942.979,0.033,0,0,0.2,0,0.35251684761572416,0,0.06719367588932806,1,0.59,0.7862379621130913
744,5414.602,7890.204,657.0,0.005,0,0,0.0,0,0.29580120814941785,0,0.0,0,0.02,0.786237962113091
745,6494.297,6741.99,1352.149,0.188,1,0,0.2,0,0.47303990589784256,1,0.8947368421052632,1,0.85,0.786237962113091
746,12099.47,6411.755,1376.0,0.0025,0,1,0.6,0,0.10434091009928056,0,0.02702702702702703,0,0.04,0.786171356567926
747,6566.274,7175.239,1134.0,0.63,1,1,0.6,0,0.24647340762199127,1,0.8888888888888888,1,0.85,0.7839582130029646
748,7749.635,7376.631,1198.0,0.005,0,0,0.0,0,0.12079184774421581,0,0.06818181818181818,0,0.01,0.7839582130029646
749,7676.014,7243.243,1268.0,0.018,0,0,0.0,0,0.225240597983827,0,0.06818181818181818,0,0.02,0.7821208066022061
750,5320.663,8036.777,592.0,0.0025,0,0,0.0,0,0.055890987174355054,0,0.03278688524590164,0,0.0,0.7817608803551404
751,5478.022,6750.038,1111.139,0.024,0,0,0.0,0,0.007409508144781121,0,0.0,0,0.0,0.7798154784357898
752,6167.262,7412.052,1055.819,0.009,0,0,0.0,0,0.0415058934972429,0,0.03278688524590164,0,0.01,0.777820862878198
753,10038.807,6374.509,1516.88,0.008,0,0,0.2,0,0.09370736714242754,0,0.06818181818181818,0,0.02,0.777820862878198
754,5107.31,8318.08,362.0,0.0025,0,0,0.0,0,0.0004245702849029554,0,0.0,0,0.0,0.7775878791682885
755,7352.0,7355.0,1272.0,0.168,1,0,0.4,0,0.45068309470345425,1,1.0,1,0.82,0.7775326416060615
756,5438.19,6285.201,1286.0,0.0025,0,0,0.4,0,0.0178622503419232,0,0.0,0,0.01,0.7764775419725538
757,21814.0,5432.0,1450.0,0.007,0,0,0.0,0,0.0003625415760057132,0,0.0,0,0.01,0.7746044845047737
758,10774.114,9705.094,1406.0,0.005,0,0,0.0,0,0.003979728328996136,0,0.06719367588932806,0,0.04,0.772691519198695
759,10865.939,6284.559,1508.86,0.006,0,0,0.0,0,0.06080694923306034,0,0.03278688524590164,0,0.0,0.772691519198695
760,9452.0,6423.0,1502.0,0.007,0,0,0.0,0,0.1108225062414999,0,0.06719367588932806,0,0.0,0.7718976355467692
761,7818.0,7408.0,1145.0,0.018,0,0,0.0,0,0.1291775296446162,0,0.0,0,0.02,0.7707552553899129
762,4596.395,6492.619,900.0,0.027,0,0,0.2,0,0.04462391776869272,0,0.0,0,0.03,0.7704986797077191
763,3936.527,7387.505,214.3,0.0025,0,0,0.0,0,0.05841023824960847,0,0.0,0,0.0,0.7696463958571381
764,5539.0,8339.0,585.0,0.023,0,0,0.0,0,0.12823284794543913,0,0.06818181818181818,0,0.0,0.7693493439967537
765,12517.115,9391.492,1330.0,0.022,0,0,0.2,0,0.004834116992334072,0,0.06719367588932806,0,0.1,0.7638804696861311
766,9490.0,6916.0,1469.0,0.005,0,0,0.0,0,0.09250051134457145,0,0.06818181818181818,0,0.02,0.7627466363097876
767,13568.183,7743.042,1492.0,0.143,1,0,0.4,1,0.6188798803710629,1,1.0,1,0.6,0.7626838859765612
768,3988.282,6697.804,516.0,0.009,0,0,0.0,0,0.027132142896878736,0,0.0,0,0.01,0.761600442764191
769,7077.164,4740.719,1070.0,0.019,0,0,0.0,0,0.015332888976102974,0,0.0,0,0.01,0.761600442764191
770,6778.701,7628.489,1086.0,0.011,0,0,0.2,0,0.15665696361706755,0,0.03278688524590164,0,0.02,0.7601661206991284
771,6966.877,7891.534,1031.859,0.0025,0,0,0.4,0,0.04060357566512328,0,0.06818181818181818,0,0.01,0.759527663864497
772,4918.146,6702.394,1030.0,0.17,1,0,0.4,0,0.05215804802205644,0,0.06818181818181818,1,0.62,0.759527663864497
773,4692.994,6235.841,1096.0,0.058,0,0,0.0,0,0.1306848151682988,0,0.0,0,0.02,0.759527663864497
774,7741.41,7368.99,1195.0,0.0025,0,0,0.0,0,0.02390753472268169,0,0.0,0,0.01,0.7591736839586514
775,7841.34,5381.136,1450.0,0.007,0,0,0.0,0,0.06902576692827725,0,0.4666666666666667,0,0.12,0.756916738285293
776,6564.0,8249.0,779.0,0.266,1,1,0.8,1,0.9290824994523988,1,1.0,1,0.84,0.755762292343908
777,9311.03,6885.561,1391.0,0.029,0,0,0.0,0,0.0003629895233037603,0,0.38461538461538464,0,0.04,0.7557264765272448
778,7572.304,5131.126,1417.039,0.009,0,0,0.0,0,0.08711021514746425,0,0.06818181818181818,0,0.04,0.7556990079866458
779,6165.021,7407.497,1008.0,0.006,0,0,0.4,0,0.1528022993756048,0,0.03278688524590164,0,0.01,0.7556990079866456
780,9473.0,6468.0,1501.0,0.009,0,0,0.0,0,0.09749789029020718,0,0.06719367588932806,0,0.06,0.7556990079866456
781,6307.648,7873.18,905.0,0.0025,0,0,0.0,0,0.01770364521974745,0,0.0,0,0.02,0.7523428150289939
782,5269.0,6263.0,1288.0,0.005,0,0,0.0,0,0.11022035018281494,0,0.0,0,0.01,0.7512914977975399
783,12283.669,9423.82,1371.49,0.009,0,0,0.0,0,0.00023604300470255143,0,0.0,0,0.0,0.7512846633543468
784,5006.964,6547.981,1146.899,0.01,0,0,0.0,0,0.023202989422415075,0,0.0,0,0.0,0.7512846633543468
785,5107.25,8319.5,361.0,0.087,0,0,0.0,0,0.0004799839991884871,0,0.0,0,0.02,0.7499293920838903
786,5107.28,8318.73,361.0,0.0025,0,0,0.0,0,0.0004948240015332893,0,0.0,0,0.0,0.7499293920838903
787,7831.989,5577.365,1399.449,0.005,0,0,0.0,0,0.04196627119730182,0,0.06719367588932806,0,0.01,0.7496229928339706
788,9842.0,6739.0,1407.0,0.0025,0,0,0.0,0,0.029134670771784926,0,0.0,0,0.05,0.748985853843971
789,7199.911,3507.765,1262.249,1.057,1,1,1.0,1,0.9999106840799558,1,1.0,1,0.8,0.7488943525767852
790,9799.325,6367.975,1475.0,0.093,0,0,0.2,1,0.6845540047014678,0,0.38461538461538464,0,0.16,0.7473087559607011
791,8054.946,6334.044,1365.179,0.032,0,0,0.2,0,0.23731728176354874,1,1.0,1,0.55,0.7470144971437462
792,7578.767,7490.655,1201.0,0.01,0,0,0.0,0,0.2284827580455007,0,0.06719367588932806,0,0.07,0.7439135186572836
793,6769.0,8253.0,800.0,0.051,0,0,0.0,0,0.1548730046727266,0,0.06719367588932806,0,0.04,0.7438791896653093
794,5272.752,8025.306,556.0,0.0025,0,0,0.0,0,0.12411088645801853,0,0.0,0,0.01,0.7438791896653091
795,11718.693,9882.244,1377.61,0.005,0,0,0.0,0,0.1744594273246641,0,0.0,0,0.04,0.7432911466322227
796,9332.496,6908.476,1409.0,0.007,0,0,0.0,0,0.08466218781533379,0,0.0,0,0.0,0.7388441733536648
797,10718.315,6190.842,1442.0,0.0025,0,0,0.2,0,0.035318778931092365,0,0.0,0,0.01,0.7384978204056387
798,5091.0,6441.0,1176.0,0.03,0,0,0.0,0,0.12220942547905451,0,0.06719367588932806,0,0.12,0.7383401894231267
799,7399.22,8631.432,642.17,0.0025,0,0,0.0,0,0.0018310685560040108,0,0.0,0,0.0,0.7333911889553449
800,10791.388,6067.744,1466.0,0.0025,0,0,0.0,0,0.0404103987643255,0,0.0,0,0.0,0.7308858912325434
801,10782.41,6115.233,1459.0,0.007,0,0,0.0,0,0.06991855640592282,0,0.0,0,0.0,0.7300573108156975
802,8484.024,6823.968,1391.239,0.0025,0,0,0.0,0,0.09662098535553136,0,0.0,0,0.11,0.7243762139021963
803,4005.061,7451.452,206.06,0.005,0,0,0.0,0,0.0010269435573828454,0,0.03278688524590164,0,0.01,0.7239919054478005
804,7298.535,7608.236,1206.779,0.017,0,0,0.0,0,0.07759676025674193,0,0.06719367588932806,0,0.12,0.7234078708243546
805,5548.681,6813.17,1073.0,0.187,1,1,0.6,0,0.2490034300007326,0,0.06719367588932806,1,0.61,0.7229478603075677
806,7338.0,6556.0,1276.0,0.203,1,0,0.4,0,0.21621289842797062,1,0.8947368421052632,1,0.82,0.7226673257248644
807,7270.265,3810.471,1200.709,0.245,1,0,0.4,1,0.8548816165455901,1,1.0,1,0.76,0.7205552288833773
808,6348.0,7608.0,910.0,0.02,0,0,0.0,0,0.07938168062338147,0,0.06719367588932806,0,0.05,0.7192643640218126
809,10730.866,5868.33,1497.0,0.0025,0,0,0.0,0,0.03698418877419702,0,0.06719367588932806,0,0.04,0.7192643640218126
810,10716.626,6355.484,1437.0,0.0025,0,0,0.0,0,0.038132041028493296,0,0.0,0,0.01,0.7192643640218126
811,6363.0,7674.0,879.0,0.007,0,0,0.0,0,0.08072325657624514,0,0.06719367588932806,0,0.01,0.7192643640218126
812,5638.0,6216.0,1236.0,0.014,0,0,0.2,0,0.06188799887465399,0,0.0,0,0.02,0.717439497500026
813,6147.995,8364.259,612.0,0.0025,0,0,0.0,0,0.038907338956957485,0,0.0,0,0.03,0.7157453176951598
814,6585.25,8214.579,819.0,0.271,1,0,0.2,1,0.9851443774292489,1,1.0,1,0.86,0.7148815974459514
815,10305.26,6105.792,1479.71,0.011,0,0,0.0,0,0.07592228352045023,0,0.06818181818181818,0,0.01,0.7138818484676925
816,3887.125,7344.043,138.0,0.0025,0,0,0.0,0,0.0009492210046395078,0,0.02702702702702703,0,0.04,0.7138818484676925
817,5401.676,8034.352,590.0,0.0025,0,0,0.0,0,0.011866374101605319,0,0.03278688524590164,0,0.01,0.7138818484676925
818,4180.011,6659.249,625.0,0.018,0,0,0.0,0,0.06009650668403641,0,0.02702702702702703,0,0.02,0.7138818484676923
819,4902.379,6640.091,1064.0,0.022,0,0,0.2,0,0.0905261160617533,0,0.06818181818181818,0,0.04,0.7103538360933066
820,8456.0,4768.0,1110.0,0.005,0,0,0.0,0,0.0567606992852185,0,0.02702702702702703,0,0.03,0.7088257045305228
821,4814.979,6131.063,1178.0,0.0025,0,0,0.0,0,0.027210238669772128,0,0.0,0,0.0,0.7072978991643355
822,5861.0,3911.0,859.0,0.163,1,0,0.4,1,0.9179846079846927,1,1.0,1,0.88,0.7066465023438994
823,5671.274,6625.091,1218.0,2.35,1,1,0.8,1,0.6936260848290501,1,1.0,1,0.97,0.7064223352135877
824,10874.845,6988.61,1376.58,0.006,0,0,0.0,0,0.0005790936556124592,0,0.0,0,0.02,0.7056599329045754
825,9784.293,6633.692,1408.6,0.01,0,0,0.0,0,0.0367078313685626,0,0.0,0,0.0,0.7041142092033397
826,11028.813,6041.332,1544.0,0.0025,0,0,0.0,0,0.035784104644970775,0,0.0,0,0.04,0.7041142092033397
827,4601.089,6364.632,1021.28,2.873,1,0,0.2,1,0.9324349862442182,1,1.0,1,0.85,0.701874846945432
828,7173.952,8898.108,666.35,0.098,0,0,0.2,0,0.00330602099396777,0,0.06719367588932806,0,0.08,0.698398016541767
829,9474.0,6879.0,1461.0,0.006,0,0,0.0,0,0.08608042535688609,0,0.06719367588932806,0,0.02,0.696877603086502
830,7537.487,5489.147,1370.0,0.035,0,0,0.4,0,0.09658656013466503,0,0.06719367588932806,0,0.03,0.6968074661729736
831,6502.193,7783.962,959.0,1.197,1,0,0.2,0,0.18865125497112128,1,0.8888888888888888,1,0.86,0.6954945103095755
832,7504.0,7697.0,1157.0,0.119,1,0,0.2,0,0.013766127058518103,0,0.06719367588932806,0,0.04,0.6952742369311213
833,5399.0,6853.0,1052.0,0.059,0,0,0.0,0,0.13134603972343273,0,0.06719367588932806,0,0.05,0.6935706742638277
834,12484.0,9294.0,1297.0,0.019,0,0,0.0,0,0.005253859451248548,0,0.06818181818181818,0,0.0,0.6909526133865282
835,4369.427,6430.501,832.0,0.047,0,1,0.6,0,0.2530126159898422,0,0.06818181818181818,0,0.09,0.6904782158513358
836,7004.949,7857.834,1026.789,0.007,0,0,0.0,0,0.1135747361220149,0,0.0,0,0.01,0.6904451319327782
837,7347.0,7301.0,1265.0,2.376,1,0,0.4,0,0.36455669028766374,1,1.0,1,0.88,0.6902085339373987
838,7392.36,5724.571,1235.0,0.005,0,0,0.0,0,0.05075391983534121,0,0.06719367588932806,0,0.09,0.6900118953588961
839,5670.538,6624.916,1218.0,0.317,1,1,1.0,1,0.7931096049992049,1,1.0,1,0.91,0.6895197607425462
840,4930.0,6656.0,1036.0,1.738,1,1,1.0,1,0.807615501390425,1,0.8947368421052632,1,0.94,0.6880491821961567
841,4181.874,7636.848,196.69,0.013,0,0,0.0,0,0.011399973173143866,0,0.06719367588932806,0,0.01,0.6877321930069441
842,5107.35,8317.33,362.0,0.005,0,0,0.0,0,0.014599964862508048,0,0.0,0,0.02,0.6870306015815892
843,5760.749,8300.895,690.999,0.038,0,0,0.0,0,0.01551241693541872,0,0.0,0,0.03,0.6862048386760107
844,9593.964,5867.029,1410.489,0.007,0,0,0.0,0,0.06575742051668833,0,0.0,0,0.03,0.6851837423931506
845,4207.095,6642.626,640.0,0.007,0,0,0.0,0,0.05148083592979613,0,0.0,0,0.03,0.6839923174872174
846,7304.746,7591.771,1206.779,0.021,0,0,0.2,0,0.2729808039269043,0,0.06818181818181818,0,0.09,0.6839416854058122
847,12227.806,9830.008,1333.33,0.005,0,0,0.2,0,0.0011413175402669028,0,0.0,0,0.0,0.6824652472165331
848,7387.0,7845.0,1075.0,0.012,0,0,0.2,0,0.17237428261906734,0,0.06719367588932806,0,0.03,0.6805019213844002
849,8617.115,5860.976,1436.569,0.045,0,0,0.2,0,0.37892957577309916,0,0.38461538461538464,0,0.21,0.6790201510468123
850,10828.719,5975.07,1500.0,0.0025,0,0,0.0,0,0.04933316928246884,0,0.0,0,0.04,0.6781507103454606
851,4365.662,6437.495,826.0,2.133,1,0,0.4,0,0.46611921279897167,1,1.0,1,0.78,0.677265856143198
852,6164.058,7410.504,1055.819,0.2,1,0,0.4,0,0.3286324285718311,1,0.8947368421052632,1,0.87,0.6745444617341543
853,5139.0,6467.0,1165.0,0.005,0,0,0.0,0,0.008539309118611392,0,0.0,0,0.0,0.6723429738206572
854,10035.323,6380.144,1518.7,0.015,0,0,0.0,0,0.11917146679484619,0,0.06818181818181818,0,0.01,0.6689207910005345
855,4313.229,7637.361,297.83,0.0025,0,0,0.0,0,0.004138676921946986,0,0.0,0,0.0,0.6662763394781046
856,5601.033,6584.195,1257.0,0.0025,0,0,0.0,0,0.02627273531359637,0,0.0,0,0.0,0.6603562144717818
857,6647.031,5139.525,1171.169,0.006,0,0,0.0,0,0.07331931717386402,0,0.0,0,0.05,0.6603562144717818
858,4649.203,6287.79,1064.0,0.026,0,0,0.0,0,0.08641569629535531,0,0.06719367588932806,0,0.05,0.6603562144717818
859,7216.168,4546.768,970.0,0.0025,0,0,0.0,0,0.00921135485555937,0,0.0,0,0.0,0.6603562144717818
860,3969.182,6290.314,626.0,0.011,0,0,0.0,0,0.007683381043110331,0,0.06719367588932806,0,0.01,0.6603562144717818
861,5334.076,6546.709,1146.0,0.013,0,0,0.2,0,0.11526743008177091,0,0.0,0,0.02,0.6603562144717818
862,4946.0,5016.0,711.0,0.0025,0,0,0.0,0,0.0022194912965457112,0,0.02702702702702703,0,0.02,0.6603562144717818
863,6776.562,7590.348,1054.389,0.017,0,0,0.4,0,0.0230080991283613,0,0.0,0,0.02,0.6603562144717818
864,6875.539,7952.171,901.279,0.011,0,0,0.0,0,0.021533461387417394,0,0.0,0,0.02,0.6603562144717818
865,7321.26,4585.761,1024.0,0.007,0,0,0.0,0,0.016830676319848314,0,0.0,0,0.0,0.6603562144717818
866,7685.385,7385.344,1208.0,0.005,0,0,0.0,0,0.011494880226759365,0,0.0,0,0.03,0.6603562144717818
867,4982.0,6735.0,984.0,0.054,0,0,0.0,0,0.084320440477369,0,0.0,0,0.04,0.6603562144717818
868,3967.317,6290.059,626.0,0.006,0,0,0.0,0,0.004607646445944792,0,0.0,0,0.0,0.6603562144717818
869,7424.562,8619.624,632.81,0.024,0,0,0.4,0,0.15777248354654683,0,0.38461538461538464,0,0.31,0.6592642661651947
870,4498.715,6423.28,949.0,0.031,0,0,0.0,0,0.14269073407302918,0,0.06719367588932806,0,0.09,0.6592642661651946
871,7353.587,7342.322,1299.0,0.998,1,1,0.6,0,0.2813230356053745,1,0.8947368421052632,1,0.85,0.6587361527023079
872,6183.13,7394.712,1013.0,0.008,0,1,0.6,0,0.25132203683346277,0,0.06719367588932806,0,0.07,0.6587361527023079
873,4873.0,6068.0,1442.0,0.008,0,0,0.0,0,0.004759012301251507,0,0.0,0,0.0,0.658664140157622
874,4925.0,8133.0,332.0,0.03,0,0,0.0,1,0.5858113745288248,0,0.38461538461538464,0,0.19,0.6571518730744634
875,4686.067,6211.508,1080.0,0.019,0,0,0.0,0,0.08223495283019513,0,0.06719367588932806,0,0.03,0.6563635562516308
876,5405.0,6830.0,1063.0,0.04,0,0,0.0,0,0.07243456990794697,0,0.06719367588932806,0,0.02,0.6563635562516308
877,5340.0,6575.0,1122.0,0.053,0,0,0.0,0,0.06895070981361956,0,0.0,0,0.0,0.6563635562516308
878,4897.314,6639.522,1068.0,0.01,0,0,0.0,0,0.04143748268163234,0,0.0,0,0.01,0.6563635562516308
879,7354.0,7321.0,1264.0,1.59,1,0,0.4,1,0.6641623709552145,1,1.0,1,0.84,0.6557323950124614
880,7521.0,7266.0,1282.0,0.586,1,1,0.8,1,0.6577263540542126,1,1.0,1,0.95,0.6545841447475813
881,5826.848,8257.536,690.999,0.045,0,0,0.2,0,0.08680402487675602,0,0.06719367588932806,0,0.05,0.6539109968140937
882,2579.966,2221.598,516.659,0.197,1,1,0.8,1,0.9820895809317359,1,1.0,1,0.92,0.6530959113559103
883,6362.176,6658.167,1292.0,0.007,0,0,0.0,0,0.27719619284840447,0,0.0,0,0.02,0.6520508865330843
884,7173.931,3507.424,1262.249,0.0025,0,0,0.0,0,0.12748237478406982,0,0.06818181818181818,0,0.05,0.6516571979107227
885,6415.764,8103.782,773.0,0.0025,0,0,0.0,0,0.11703329546648883,0,0.06719367588932806,0,0.05,0.6499769734771309
886,5497.22,7002.321,1060.439,0.6,1,1,0.8,1,0.9646317742046873,1,1.0,1,0.81,0.6457814481334575
887,5221.0,6365.0,1257.0,0.013,0,0,0.0,0,0.05384269039267435,0,0.0,0,0.02,0.6456221221577562
888,6352.0,7610.0,906.0,0.0025,0,0,0.0,0,0.02211874255506971,0,0.0,0,0.02,0.6456221221577562
889,4272.918,6310.418,807.0,0.008,0,0,0.0,0,0.00874563753715189,0,0.0,0,0.0,0.6456221221577562
890,4926.39,6626.541,1066.0,0.475,1,0,0.2,0,0.056726250859308894,1,1.0,0,0.22,0.6456221221577562
891,5699.316,5885.342,1135.0,0.0025,0,0,0.0,0,0.010630300726163548,0,0.0,0,0.0,0.6456221221577562
892,7130.849,4715.697,1055.0,0.015,0,0,0.0,0,0.023678377312449587,0,0.06719367588932806,0,0.04,0.6456221221577562
893,5335.222,6547.512,1146.0,0.006,0,0,0.0,0,0.1437561428819658,0,0.0,0,0.02,0.6456221221577562
894,5426.0,6631.0,1134.0,0.018,0,0,0.0,0,0.004576080704654562,0,0.0,0,0.0,0.6456221221577562
895,4359.389,6425.588,828.0,0.018,0,0,0.0,0,0.012396139731221766,0,0.0,0,0.0,0.6456221221577562
896,12318.48,6071.788,1493.43,0.005,0,0,0.2,0,0.01940723778487083,0,0.0,0,0.02,0.6456221221577562
897,5475.0,6812.0,1097.0,0.0025,0,0,0.0,0,0.04765538202279992,0,0.0,0,0.0,0.6456221221577562
898,12101.296,5681.129,1419.069,0.0025,0,0,0.0,0,0.07266255683562883,0,0.0,0,0.06,0.6456221221577562
899,5941.0,8500.0,510.0,0.0025,0,0,0.0,0,0.07888996604113013,0,0.0,0,0.02,0.6452825720761317
900,6504.013,7693.299,951.059,0.013,0,0,0.0,0,0.12175663852336484,0,0.06818181818181818,0,0.01,0.64503390054001
901,5566.688,6787.367,1089.0,0.114,1,0,0.4,1,0.6521301097555738,0,0.06719367588932806,1,0.76,0.6440481332093404
902,4698.232,6240.856,1101.0,0.029,0,0,0.2,0,0.10030751768821775,0,0.06719367588932806,0,0.04,0.642823384885232
903,4995.0,6854.0,907.0,0.018,0,0,0.2,0,0.2470863004582247,0,0.06818181818181818,0,0.05,0.6422798588367769
904,6529.503,7821.969,941.609,1.118,1,0,0.4,0,0.308474453769545,1,0.8888888888888888,1,0.67,0.6408855283877491
905,7940.583,7733.243,1044.0,0.0025,0,0,0.2,0,0.3227910061715651,0,0.0,0,0.13,0.6404400737391167
906,8678.013,6675.971,1375.089,0.008,0,0,0.2,0,0.33485651841826797,0,0.0,0,0.11,0.6404400737391165
907,7306.977,5770.591,1186.0,0.007,0,0,0.0,0,0.056526467002980425,0,0.0,0,0.0,0.6376558630136808
908,5336.513,6529.943,1181.0,0.01,0,0,0.0,0,0.008098629945266484,0,0.0,0,0.01,0.6375778238615782
909,7777.029,9421.947,1001.08,0.047,0,0,0.4,0,0.28058170115576475,0,0.0,0,0.16,0.6345137980870095
910,7939.966,7733.444,1044.0,0.0025,0,0,0.0,0,0.03112417647321351,0,0.0,0,0.04,0.6342674750153195
911,4633.032,6145.424,1032.0,0.017,0,0,0.2,0,0.057720457008108524,0,0.06818181818181818,0,0.03,0.6339298888202651
912,6213.113,7308.349,1081.0,0.014,0,0,0.4,0,0.32643265487331224,0,0.06719367588932806,0,0.14,0.6334845956842289
913,6180.73,7356.765,1044.0,0.011,0,0,0.2,0,0.2942030362707509,0,0.02702702702702703,0,0.08,0.6334845956842288
914,8037.84,5634.98,1473.75,0.02,0,0,0.0,0,0.13873263928685722,0,0.06719367588932806,0,0.04,0.6317299810120653
915,9481.0,6465.0,1504.0,0.0025,0,0,0.0,0,0.049043956462557624,0,0.03278688524590164,0,0.0,0.6291375355152676
916,7354.052,7406.034,1280.549,0.032,0,0,0.2,0,0.23976425775197788,0,0.06719367588932806,0,0.12,0.6287618840262937
917,10058.066,6382.384,1549.0,0.096,0,0,0.0,0,0.22652958733836434,0,0.06719367588932806,0,0.05,0.6275297220794276
918,6340.245,7833.639,918.0,0.0025,0,0,0.0,0,0.04365493360372506,0,0.0,0,0.02,0.6274843557595235
919,10713.582,6204.9,1445.0,0.009,0,0,0.0,0,0.03612737277067948,0,0.06719367588932806,0,0.02,0.6271988553385881
920,5259.106,7957.47,567.0,0.0025,0,0,0.0,0,0.06279906210881529,0,0.0,0,0.0,0.6262094155402735
921,8913.102,6278.424,1470.419,0.011,0,0,0.2,0,0.034261847167969796,0,0.0,0,0.01,0.6258095778037116
922,7181.995,5262.575,1387.149,0.006,0,0,0.0,0,0.12569460549213032,0,0.06719367588932806,0,0.04,0.6258095778037116
923,6364.0,7635.0,909.0,0.018,0,0,0.0,0,0.02606021259950782,0,0.0,0,0.0,0.6235933124681812
924,6262.426,7149.453,1169.099,1.125,1,0,0.2,1,0.989533904882356,1,1.0,1,0.66,0.6211213111348797
925,4523.01,7816.72,320.0,0.027,0,0,0.0,0,0.04221316520765319,0,0.0,0,0.13,0.6184616061067787
926,4986.764,8192.549,400.0,0.25,1,0,0.2,0,0.005902824189788644,1,0.7,1,0.77,0.6182711847270623
927,7597.031,7412.596,1225.0,0.016,0,0,0.0,0,0.15354538045649893,0,0.06719367588932806,0,0.02,0.6176639193018353
928,12418.742,6312.14,1511.66,0.372,1,1,0.6,1,0.7779571621311974,1,1.0,1,0.51,0.6156209210549932
929,7638.491,5312.616,1412.109,0.016,0,0,0.0,0,0.24346470339970072,0,0.06719367588932806,0,0.08,0.6143947688136546
930,3885.334,7346.629,138.0,0.0025,0,0,0.0,0,0.002699107295065639,0,0.02702702702702703,0,0.03,0.6126694345145667
931,4726.049,6254.175,1092.0,4.093,1,1,0.8,1,0.9999960869239182,1,1.0,1,0.79,0.6121480115792222
932,4734.633,6238.41,1096.0,0.045,0,0,0.0,0,0.17355457526069196,0,0.0,0,0.07,0.6120035430994626
933,5074.0,6454.0,1170.0,0.027,0,0,0.0,0,0.08515800567513093,0,0.0,0,0.01,0.6116546221224608
934,5098.394,6502.069,1130.0,0.013,0,0,0.0,0,0.009986619252759064,0,0.0,0,0.01,0.6116546221224608
935,5287.779,7999.252,564.0,0.0025,0,0,0.0,1,0.5455994308812319,0,0.0,0,0.02,0.6113930303090281
936,5803.0,3901.0,871.0,0.0025,0,0,0.4,0,0.0006768552011903869,0,0.0,0,0.02,0.6106669134648044
937,6482.379,8362.637,730.0,0.018,0,0,0.0,0,0.0019312117657772825,0,0.0,0,0.01,0.6106401561338004
938,4621.0,5993.0,986.0,0.006,0,0,0.2,0,0.08659694149292643,0,0.06818181818181818,0,0.08,0.6104126975476397
939,6471.14,6998.602,1227.0,0.868,1,0,0.4,1,0.9749989480548384,1,1.0,1,0.55,0.6102470602023031
940,7451.714,5170.307,1417.039,0.0025,0,0,0.0,0,0.067881660628027,0,0.0,0,0.02,0.6072267614164147
941,12403.73,9449.517,1389.59,0.033,0,0,0.0,0,0.047154093397144714,0,0.06719367588932806,0,0.06,0.6052640376544947
942,6365.987,9165.388,646.4,0.0025,0,0,0.0,0,0.0035158992917466315,0,0.02702702702702703,0,0.02,0.6031382587260661
943,8783.263,5458.917,1292.699,0.0025,0,0,0.0,0,0.06497805409570788,0,0.06818181818181818,0,0.01,0.6014392923595357
944,5650.0,8191.0,643.0,0.025,0,0,0.0,0,0.1632526914275142,0,0.0,0,0.01,0.6014392923595355
945,7168.444,7722.349,1026.789,0.008,0,0,0.0,0,0.16697489433771542,0,0.06818181818181818,0,0.08,0.5993597880013287
946,11747.495,5863.982,1459.979,0.17,1,0,0.4,1,0.5884957123521409,1,1.0,1,0.78,0.5977698243604068
947,4831.0,7511.0,557.0,0.023,0,0,0.0,0,0.018837141501747444,0,0.0,0,0.01,0.5977044246813168
948,5423.357,6357.37,1317.0,0.05,0,0,0.0,0,0.23647144345308754,0,0.06818181818181818,0,0.0,0.5969650550843933
949,5107.65,8316.28,362.0,0.0025,0,0,0.2,0,0.003267340427371499,0,0.03278688524590164,0,0.0,0.5968829604835371
950,7275.33,7627.355,1206.779,0.024,0,0,0.0,0,0.03253288945379278,0,0.0,0,0.01,0.5949902433924396
951,10779.0,6287.0,1453.0,0.005,0,0,0.0,0,0.02502083638554735,0,0.0,0,0.0,0.5942434094993728
952,7312.0,6446.0,1284.0,0.011,0,0,0.0,0,0.08329637108310882,0,0.06719367588932806,0,0.02,0.5931134027302898
953,6754.685,7727.445,1013.359,0.022,0,0,0.0,0,0.14629959523731773,0,0.06719367588932806,0,0.23,0.5894640810771108
954,4979.0,6726.0,985.0,0.013,0,0,0.0,0,0.11581872427130813,0,0.06818181818181818,0,0.05,0.589015815336764
955,12478.309,9381.667,1336.14,0.0025,0,0,0.0,0,0.007900404102810505,0,0.0,0,0.04,0.5873491075454258
956,20654.0,6445.0,1305.0,0.68,1,1,0.6,1,0.8499232382307371,1,1.0,1,0.7,0.5869557646492017
957,7403.0,9151.0,932.0,0.0025,0,0,0.0,0,0.03103760818749568,0,0.07142857142857142,0,0.09,0.585896203545012
958,4922.31,8130.262,340.0,0.0025,0,0,0.0,0,0.20647616582094147,0,0.06818181818181818,0,0.01,0.584975247798458
959,6526.869,7759.846,941.609,0.296,1,0,0.2,0,0.0628008028199926,0,0.06818181818181818,1,0.74,0.5848314025771588
960,5866.0,7857.0,688.0,0.03,0,0,0.4,0,0.3445267084570997,0,0.07142857142857142,0,0.21,0.5843564882362899
961,5350.305,7950.648,621.0,0.0025,0,0,0.0,0,0.042693215060689085,0,0.0,0,0.03,0.5831197813353244
962,4619.826,6358.339,1022.22,0.38,1,1,0.6,1,0.9120144286780878,1,1.0,1,0.86,0.5813670145680553
963,7670.801,7251.682,1265.0,0.013,0,0,0.2,0,0.2717670413691621,0,0.4666666666666667,0,0.07,0.5810072056195112
964,4418.0,7497.0,396.0,0.0025,0,0,0.0,0,0.0006482724125556616,0,0.03278688524590164,0,0.0,0.5800595314196089
965,5203.0,3728.0,875.0,0.0025,0,0,0.2,0,0.011542101591141277,0,0.0,0,0.05,0.5778270864252761
966,4375.362,7677.273,366.0,0.0025,0,0,0.0,0,0.034977924725287025,0,0.06719367588932806,0,0.01,0.5761881674404971
967,6497.0,7701.0,953.0,0.673,1,0,0.2,0,0.06449118005108055,0,0.4666666666666667,1,0.73,0.574802482106731
968,6774.302,7629.914,1085.0,0.021,0,0,0.0,0,0.13903477784090632,0,0.06719367588932806,0,0.02,0.574802482106731
969,5843.894,3519.717,1088.55,0.012,0,0,0.4,0,0.07267537976667732,0,0.06719367588932806,0,0.09,0.5746546880903095
970,7337.914,3846.702,1081.519,0.007,0,0,0.0,0,0.008823521522193723,0,0.0,0,0.0,0.5739163841936356
971,10756.416,5702.925,1545.18,0.0025,0,0,0.0,0,0.017181457396370965,0,0.0,0,0.04,0.5739163841936356
972,7779.157,7350.879,1186.0,0.0025,0,0,0.0,0,0.01286160215607761,0,0.0,0,0.0,0.5739163841936356
973,5290.0,6460.0,1204.0,0.146,1,0,0.2,0,0.11207453465561489,0,0.06818181818181818,1,0.69,0.5731953128716277
974,4384.887,7684.654,374.0,0.02,0,0,0.0,0,0.012578169768776636,0,0.06719367588932806,0,0.02,0.572736966395243
975,4923.0,6645.0,1050.0,0.921,1,1,0.6,0,0.2710616922186897,0,0.07142857142857142,0,0.4,0.5723090781647735
976,8117.04,5373.946,1432.549,0.0025,0,0,0.0,0,0.0518600041588794,0,0.02702702702702703,0,0.04,0.5720644428612864
977,8410.048,6107.97,1444.589,0.129,1,0,0.0,0,0.0500995527830491,0,0.06719367588932806,0,0.21,0.5720644428612864
978,9757.765,6577.131,1416.75,0.019,0,0,0.2,0,0.024183649031298365,0,0.06719367588932806,0,0.05,0.5720644428612864
979,4711.0,6292.0,1057.0,0.693,1,1,0.6,0,0.38875202032005535,0,0.06719367588932806,1,0.68,0.5710883380549223
980,4922.559,8130.166,340.0,0.0025,0,0,0.0,0,0.11464450238686813,0,0.06818181818181818,0,0.04,0.5708150197435153
981,3308.728,6922.639,20.0,0.006,0,0,0.0,0,0.0225047673393418,0,0.0,0,0.03,0.5706012779039109
982,9900.994,6526.062,1456.0,0.037,0,0,0.0,0,0.017659557325026408,0,0.06719367588932806,0,0.05,0.5698602230955438
983,7268.085,7641.189,1206.779,0.02,0,0,0.2,0,0.018691696882663488,0,0.0,0,0.02,0.5664596551361093
984,8157.017,7013.962,1317.179,0.013,0,1,0.8,0,0.16562090636862134,0,0.06719367588932806,0,0.29,0.5663040435212161
985,10033.823,6380.144,1518.7,0.007,0,0,0.0,0,0.11207984529862343,0,0.0,0,0.0,0.5658582675153507
986,3309.582,6922.716,20.0,0.005,0,0,0.0,0,0.0070402350931824936,0,0.0,0,0.01,0.5637244756748532
987,7538.573,7314.581,1266.0,0.134,1,1,0.6,0,0.3642060797695095,0,0.38461538461538464,1,0.92,0.5633415337637966
988,6574.0,7159.0,1131.0,0.025,0,1,0.6,0,0.32010349637594565,0,0.07142857142857142,0,0.17,0.5631881918436876
989,9429.0,6643.0,1493.0,0.021,0,0,0.2,0,0.022818982438232396,0,0.06818181818181818,0,0.04,0.5631881918436876
990,4886.0,6801.0,926.0,0.308,1,0,0.4,0,0.2659299615874125,1,1.0,1,0.72,0.559428180715102
991,5163.129,6312.125,1302.0,0.0025,0,0,0.0,0,0.06830457377663048,0,0.0,0,0.0,0.5592526272411601
992,5506.205,8010.576,580.0,0.0025,0,0,0.0,0,0.03089986661091226,0,0.0,0,0.01,0.5590160451331694
993,5403.0,7888.0,632.0,0.016,0,0,0.0,0,0.1419292046465259,0,0.0,0,0.03,0.55744065127762
994,6457.475,8521.712,631.0,0.0025,0,0,0.0,0,0.032240594585645675,0,0.06719367588932806,0,0.04,0.5573545727342072
995,6336.118,7526.399,980.0,0.0025,0,0,0.0,0,0.029375800348845408,0,0.06818181818181818,0,0.07,0.5561249159422963
996,10798.596,6155.73,1473.0,0.005,0,0,0.0,0,0.03891442403925045,0,0.06719367588932806,0,0.03,0.5554770097090901
997,5886.376,6149.137,1254.0,0.0025,0,0,0.0,0,0.015395018926814715,0,0.0,0,0.0,0.5536365051841283
998,7354.737,7341.691,1299.0,0.084,0,0,0.2,0,0.2503517820510427,1,0.8947368421052632,0,0.36,0.5531378041850534
999,8133.972,6448.141,1393.621,0.017,0,0,0.0,0,0.06395220145030275,0,0.06818181818181818,0,0.06,0.5518085785059272
1000,5624.0,8011.0,583.0,0.008,0,0,0.0,0,0.16437025554830426,0,0.38461538461538464,0,0.12,0.5516116502526565
1001,7276.552,7631.228,1206.779,0.02,0,0,0.0,0,0.033578911562706086,0,0.06818181818181818,0,0.04,0.5508175301649926
1002,6136.528,7512.999,937.0,0.049,0,0,0.0,0,0.14260705020538994,0,0.06818181818181818,0,0.07,0.5463250187851839
1003,7575.762,7439.146,1229.0,0.011,0,0,0.2,0,0.1361682489412248,0,0.06719367588932806,0,0.09,0.5463250187851839
1004,6383.933,7059.859,1228.0,0.225,1,1,0.6,0,0.2886472846441398,1,1.0,1,0.74,0.5463226826187828
1005,9332.306,6918.581,1392.0,0.011,0,0,0.0,0,0.058568221012420076,0,0.06719367588932806,0,0.04,0.5427711406964798
1006,10785.805,5765.804,1558.0,0.019,0,0,0.2,0,0.14047015220658446,0,0.06719367588932806,0,0.07,0.542596768689208
1007,12565.265,9342.622,1297.56,0.048,0,1,0.6,0,0.003917611504800353,0,0.06719367588932806,0,0.05,0.5416662061421317
1008,6162.162,7450.71,977.0,0.646,1,0,0.4,0,0.013633600681772025,0,0.0,0,0.03,0.5406901029897719
1009,9900.955,6524.649,1456.0,0.024,0,0,0.0,0,0.028021245085221472,0,0.06719367588932806,0,0.01,0.5395016843880159
1010,6364.23,6659.329,1292.0,0.0025,0,0,0.0,0,0.015211066773321185,0,0.0,0,0.01,0.5390591641495125
1011,6983.0,7895.0,964.0,0.007,0,0,0.0,0,0.1354454838168162,0,0.0,0,0.0,0.5383649191790223
1012,6256.895,7080.973,1169.099,1.039,1,0,0.4,1,0.9658538488162991,1,1.0,1,0.82,0.5370554901566503
1013,7280.813,7626.337,1206.779,0.012,0,0,0.4,0,0.10860835202087303,0,0.0,0,0.03,0.5370554901566503
1014,12346.345,6084.521,1512.0,0.445,1,0,0.0,0,0.1019546914067963,0,0.38461538461538464,0,0.36,0.5367797907138216
1015,7498.381,9379.659,1057.0,0.0025,0,0,0.2,0,0.04605516755601004,0,0.0,0,0.01,0.5364671240516602
1016,8050.927,5914.231,1378.58,0.024,0,0,0.0,0,0.28013844635334834,0,0.06719367588932806,0,0.1,0.5352063965660936
1017,13272.551,7774.733,1386.92,0.005,0,0,0.0,0,0.04341025222273937,0,0.0,0,0.02,0.5333609063727339
1018,12426.408,9765.04,1399.0,0.012,0,0,0.0,0,0.014901052185370309,0,0.06719367588932806,0,0.13,0.5333609063727338
1019,7777.02,5872.0,1369.029,0.0025,0,0,0.4,0,0.07987695646416902,1,0.8888888888888888,0,0.13,0.5331138592526267
1020,6864.498,7807.703,1031.859,0.03,0,0,0.0,0,0.19191183677738638,0,0.06719367588932806,0,0.01,0.5331138592526266
1021,5488.196,8046.583,563.0,0.008,0,0,0.0,0,0.013635271352799011,0,0.0,0,0.0,0.5330717160201408
1022,12571.0,9326.0,1258.0,0.114,1,1,0.8,1,0.8861345091474181,1,1.0,1,0.78,0.5319838335518964
1023,8041.528,6522.543,1383.583,0.14,1,0,0.2,1,0.7085222506675632,1,1.0,1,0.86,0.5290946373570453
1024,6197.795,7319.488,1070.0,0.023,0,0,0.2,0,0.1874436017590104,1,0.8947368421052632,0,0.26,0.5267639407375799
1025,7823.0,7392.0,1133.0,0.0025,0,0,0.0,0,0.042541929346618594,0,0.0,0,0.01,0.5241764983351281
1026,10797.556,5978.833,1509.0,0.0025,0,0,0.0,0,0.03392199434009847,0,0.0,0,0.0,0.5241764983351281
1027,6072.0,8449.0,564.0,0.012,0,0,0.0,0,0.08976794143230352,0,0.0,0,0.01,0.5210973085861356
1028,6275.028,8226.694,721.0,1.254,1,0,0.2,1,0.9531442832501948,1,1.0,1,0.81,0.5210973085861356
1029,5523.253,8011.928,571.0,0.0025,0,0,0.0,0,0.07507210133764539,0,0.06719367588932806,0,0.01,0.5210973085861356
1030,5870.247,7706.339,777.0,0.0025,0,0,0.0,0,0.08155889763835844,0,0.0,0,0.02,0.5202116332352162
1031,4215.749,6669.771,639.0,0.016,0,0,0.0,0,0.036494851640312985,0,0.0,0,0.01,0.5198649419321464
1032,7756.197,7418.672,1175.0,0.013,0,0,0.0,0,0.07342251877165806,0,0.0,0,0.02,0.519474409023532
1033,5340.0,8030.0,586.0,0.007,0,0,0.0,0,0.08372405582177904,0,0.0,0,0.05,0.5181242811592743
1034,4687.75,7910.9,316.0,0.0025,0,0,0.0,0,0.0046558663930847,0,0.0,0,0.0,0.5176798114726735
1035,9385.0,6308.0,1494.0,0.0025,0,0,0.0,0,0.09239070864336837,0,0.0,0,0.02,0.5171718853956205
1036,4380.674,6388.949,890.0,0.976,1,0,0.4,0,0.08860245498329783,1,1.0,1,0.75,0.5167341029572918
1037,6581.0,7080.0,1177.0,0.28,1,0,0.2,1,0.5378558005565648,1,1.0,1,0.96,0.5162702278298128
1038,7390.36,8812.382,690.0,0.01,0,0,0.0,0,0.0191126064821279,0,0.0,0,0.05,0.5156288481116104
1039,6365.0,7602.0,924.0,0.063,0,0,0.2,0,0.34227927521216256,0,0.06719367588932806,0,0.1,0.5120097251110034
1040,4390.621,7631.221,361.0,0.0025,0,0,0.0,0,0.00025349354718237247,0,0.0,0,0.0,0.5114419354304174
1041,4912.899,6732.387,995.0,0.333,1,1,0.6,0,0.15061258706815167,1,1.0,1,0.74,0.5114378683622137
1042,6766.0,7761.0,1053.0,0.693,1,0,0.4,0,0.09062181110803519,0,0.06719367588932806,1,0.66,0.5113847380112861
1043,7388.151,8826.55,672.85,0.0025,0,0,0.0,0,0.02012987681243698,0,0.0,0,0.05,0.5104271952948012
1044,7688.593,6086.985,1346.024,0.0025,0,1,0.6,0,0.19372617489532154,0,0.06818181818181818,0,0.19,0.5071588952042054
1045,4674.0,7389.0,549.0,1.181,1,1,0.6,0,0.49292285869661506,1,1.0,1,0.9,0.5071588952042054
1046,5346.698,8030.614,593.0,0.012,0,0,0.0,0,0.29786379371597227,0,0.0,0,0.02,0.5058881284222067
1047,5412.525,8021.974,589.0,0.021,0,0,0.2,0,0.10441322027075356,0,0.06719367588932806,0,0.26,0.5042496565151025
1048,4372.395,6423.466,837.0,0.879,1,0,0.2,0,0.10647086158795176,1,1.0,1,0.7,0.5036550375037463
1049,6313.0,7609.0,919.0,0.0025,0,0,0.0,0,0.049172613503447024,0,0.0,0,0.0,0.5026776884220513
1050,5474.0,6817.0,1095.0,0.072,0,0,0.4,0,0.49833252457783933,0,0.06719367588932806,0,0.08,0.5026296469291128
1051,10768.307,7210.64,1354.6,0.0025,0,0,0.0,0,0.002221540114642499,0,0.0,0,0.04,0.5015331008676444
1052,6159.193,8369.36,614.0,0.13,1,0,0.2,0,0.10134954277752944,0,0.06719367588932806,1,0.63,0.49998448159996145
1053,6369.0,7187.0,1154.0,0.956,1,0,0.4,0,0.3173925302217449,1,0.8888888888888888,1,0.72,0.49986894562708356
1054,9571.773,5811.561,1410.489,0.0025,0,0,0.4,0,0.04307059955746856,0,0.06818181818181818,0,0.04,0.4998405783429457
1055,5475.0,6712.0,1135.0,0.012,0,0,0.0,0,0.14497176009494192,0,0.0,0,0.01,0.496373975266243
1056,6504.037,7781.998,941.609,0.051,0,0,0.0,0,0.08940087573230619,0,0.06818181818181818,0,0.02,0.4962800857542099
1057,10924.817,6010.615,1523.0,0.0025,0,0,0.0,0,0.02467246441144117,0,0.0,0,0.0,0.4954050746193628
1058,5538.733,6831.542,1068.0,0.073,0,0,0.0,0,0.23574310098166956,0,0.06719367588932806,0,0.3,0.49501945391610747
1059,6430.254,7774.135,936.0,0.026,0,0,0.0,0,0.15861477450982958,0,0.0,0,0.03,0.49501945391610747
1060,9466.0,6973.0,1451.0,0.01,0,0,0.0,0,0.11487381034059022,0,0.06719367588932806,0,0.01,0.49501945391610724
1061,7474.034,7385.265,1266.0,0.167,1,1,0.6,0,0.48100995601087143,1,0.8947368421052632,1,0.9,0.4942990184056951
1062,10796.085,5752.192,1533.93,0.013,0,0,0.2,0,0.05098226189879684,0,0.06719367588932806,0,0.06,0.49396384221596307
1063,6866.0,7805.0,1027.0,0.008,0,0,0.0,0,0.1703021796016624,0,0.06719367588932806,0,0.02,0.4923838325056785
1064,7646.0,7409.0,1213.0,0.005,0,0,0.0,0,0.07918913008964774,0,0.0,0,0.01,0.4915888632108397
1065,14248.236,9077.789,1385.149,0.009,0,0,0.0,0,0.04600112240102348,0,0.0,0,0.0,0.48921715867829935
1066,10293.22,6104.378,1471.83,0.008,0,0,0.0,0,0.10714939981326048,0,0.0,0,0.06,0.48700733618273656
1067,7748.306,7163.76,1273.0,0.014,0,0,0.2,0,0.11356609853018602,0,0.06818181818181818,0,0.07,0.4869494002765556
1068,7449.0,7200.0,1277.0,0.365,1,0,0.2,0,0.06940742854247536,0,0.0,0,0.49,0.4869494002765556
1069,6973.099,4908.679,1117.0,0.401,1,0,0.2,1,0.5657831073282102,1,1.0,1,0.8,0.4869043355376148
1070,8163.963,6310.01,1422.299,0.041,0,0,0.2,0,0.22754877426760603,0,0.06719367588932806,0,0.1,0.48679051002596585
1071,4386.0,6396.0,862.0,0.086,0,0,0.4,0,0.0034723496869551104,0,0.0,0,0.06,0.48596900876284693
1072,6842.361,7921.866,970.0,0.183,1,0,0.4,0,0.20335719834453586,0,0.03278688524590164,1,0.71,0.48530844280358015
1073,8605.53,5590.24,1286.7,0.005,0,0,0.0,0,0.054069591749535524,0,0.0,0,0.01,0.48496585863189035
1074,7333.999,7453.029,1280.549,0.013,0,0,0.0,0,0.058606123175401884,0,0.06719367588932806,0,0.08,0.4831533937795223
1075,5863.0,3931.0,844.0,0.0025,0,0,0.2,0,0.26938506231229786,0,0.06818181818181818,0,0.03,0.4807567579028462
1076,5274.423,7299.46,835.679,0.0025,0,1,0.6,0,0.185818509752273,0,0.0,0,0.05,0.4797957018511507
1077,5437.789,6313.731,1305.0,0.039,0,0,0.0,0,0.05472352800335206,0,0.0,0,0.01,0.4785933390057144
1078,7443.802,7447.359,1279.0,0.009,0,0,0.2,0,0.06441772068756386,0,0.06719367588932806,0,0.03,0.4771394089895854
1079,4902.394,6760.422,959.0,0.676,1,0,0.4,0,0.3093860035218923,1,0.8888888888888888,1,0.7,0.4762699673695493
1080,5604.192,7861.974,673.0,0.017,0,0,0.0,0,0.35275991143868163,0,0.0,0,0.12,0.4758679501100301
1081,7391.054,8812.927,689.0,0.0025,0,0,0.0,0,0.005915023957058946,0,0.0,0,0.01,0.4754949367252999
1082,10405.918,6048.194,1483.0,0.008,0,0,0.0,0,0.003621745187951725,0,0.0,0,0.02,0.47262745924327487
1083,5068.828,6388.097,1251.0,0.01,0,0,0.0,0,0.06001535738252102,0,0.0,0,0.01,0.47161058553981294
1084,9402.0,6294.0,1509.0,0.0025,0,0,0.0,0,0.07040326490333382,0,0.03278688524590164,0,0.01,0.4703520266465486
1085,5424.0,6768.0,1098.0,0.853,1,1,0.6,0,0.41788940498151433,1,1.0,1,0.87,0.47014694418921266
1086,5417.933,7122.751,881.0,0.011,0,0,0.0,0,0.06083043148565925,0,0.06719367588932806,0,0.0,0.46851839798465056
1087,4815.0,5866.0,1018.0,0.023,0,0,0.2,0,0.36172823882650873,0,0.0,0,0.0,0.4656403731340618
1088,4677.064,6179.99,1087.0,0.028,0,0,0.2,0,0.011687941182078642,0,0.0,0,0.0,0.4655549604587669
1089,5599.653,7836.193,694.0,0.01,0,0,0.2,0,0.1373301402125002,0,0.06719367588932806,0,0.07,0.4653754124494589
1090,7564.877,6330.717,1304.417,0.043,0,0,0.0,0,0.12235159604439538,0,0.0,0,0.11,0.4646161681423823
1091,11050.14,6507.386,1496.27,0.026,0,0,0.2,0,0.07237993731067714,0,0.0,0,0.0,0.46208363556167853
1092,6298.897,6480.536,1285.0,0.026,0,0,0.2,0,0.04465310003018796,1,0.6666666666666666,0,0.14,0.4620836355616785
1093,12478.483,9389.735,1367.0,0.034,0,0,0.2,0,5.556257892658186e-05,1,0.6666666666666666,0,0.13,0.4620836355616785
1094,7359.267,8649.93,635.17,0.0025,0,0,0.0,0,0.003146622159035923,0,0.0,0,0.0,0.4620836355616785
1095,7549.7,7443.748,1247.0,0.032,0,0,0.0,0,0.08381109477621136,0,0.06719367588932806,0,0.1,0.46204428159655125
1096,5338.0,6092.0,1214.0,0.01,0,0,0.0,0,0.08614965290579989,0,0.0,0,0.03,0.46154284215624136
1097,10884.151,6855.847,1420.0,0.0025,0,0,0.0,0,0.011578570560512404,0,0.0,0,0.04,0.4615379354832948
1098,3367.765,6979.527,43.0,0.071,0,0,0.4,1,0.6397717194872576,0,0.0,0,0.02,0.4610154093628133
1099,7957.723,7749.313,1039.0,0.0025,0,0,0.0,0,0.018076695817051784,0,0.0,0,0.0,0.459644683355312
1100,8038.942,5594.018,1485.94,0.007,0,0,0.0,0,0.063669154645117,0,0.06719367588932806,0,0.02,0.4591866749701137
1101,4641.46,6627.546,875.0,0.012,0,0,0.0,0,0.17276484380368018,0,0.06818181818181818,0,0.07,0.4591866749701137
1102,8247.712,8643.854,1008.0,0.176,1,1,0.6,1,0.9824013948303969,1,0.6666666666666666,1,0.68,0.4589660621744764
1103,4615.867,6342.23,1039.0,0.034,0,0,0.4,0,0.2040084105875362,0,0.06818181818181818,0,0.02,0.4584140027903739
1104,5398.0,6853.0,1052.0,0.073,0,0,0.0,0,0.2130225580500033,0,0.06818181818181818,0,0.05,0.4583532489167295
1105,9444.0,6426.0,1495.0,0.006,0,0,0.0,0,0.08128381290529267,0,0.03278688524590164,0,0.01,0.4560910772311464
1106,4909.606,6284.592,1227.0,0.062,0,0,0.0,0,0.12146237564445608,0,0.0,0,0.08,0.45575240782187376
1107,7688.0,7382.0,1187.0,0.005,0,0,0.0,0,0.022111528308810944,0,0.0,0,0.01,0.4557223897891898
1108,9748.088,7293.679,1274.99,0.165,1,1,0.6,0,0.19717464596716416,1,1.0,1,0.68,0.4554352330652114
1109,5409.71,6351.854,1317.0,0.005,0,0,0.2,0,0.05954612674099604,0,0.0,0,0.06,0.4543968214038635
1110,7518.399,5690.262,1286.0,0.005,0,0,0.0,0,0.017194748787761695,0,0.0,0,0.01,0.4541074493123069
1111,7993.0,5462.0,1490.0,0.029,0,0,0.0,0,0.07235582147151302,0,0.06719367588932806,0,0.02,0.4521344196355782
1112,7387.851,8826.55,672.85,0.0025,0,0,0.0,0,0.003726965495566781,0,0.0,0,0.0,0.45156210870259195
1113,7343.085,8828.71,697.0,0.033,0,0,0.0,0,0.03658924158196683,0,0.0,0,0.01,0.45156210870259195
1114,7388.521,8826.55,672.85,0.0025,0,0,0.0,0,0.00625258852437289,0,0.0,0,0.0,0.45156210870259195
1115,7812.048,6934.05,1350.519,0.03,0,0,0.0,0,0.09851432753207054,0,0.0,0,0.3,0.4512491406376537
1116,8212.049,6290.027,1422.299,0.012,0,0,0.0,0,0.10533555733009296,0,0.06719367588932806,0,0.05,0.44967577748418264
1117,4844.595,6211.493,1255.079,0.007,0,0,0.0,0,0.0066954945147849505,0,0.0,0,0.0,0.44963778792612696
1118,4451.654,5964.343,909.0,0.0025,0,0,0.0,0,0.18066093457259647,0,0.0,0,0.0,0.4492242554703022
1119,8431.0,7254.0,1221.999,0.0025,0,0,0.0,0,0.010208421721319574,0,0.0,0,0.0,0.4492242554703022
1120,11548.95,9832.829,1412.9,0.012,0,0,0.0,0,0.035360245684602915,0,0.06818181818181818,0,0.07,0.44832501474308817
1121,6586.0,7102.0,1158.0,1.221,1,0,0.4,1,0.9795860821003446,1,1.0,1,0.72,0.44720580014255495
1122,7575.139,7477.736,1205.0,0.011,0,0,0.0,0,0.06082457836563554,0,0.06818181818181818,0,0.0,0.44497440103514957
1123,6335.0,7119.0,1193.0,0.071,0,0,0.0,0,0.29335112755472054,0,0.4666666666666667,0,0.06,0.44366360574007657
1124,8171.022,7022.044,1317.179,0.005,0,0,0.0,0,0.10525986127311296,0,0.03278688524590164,0,0.0,0.4424272153437822
1125,4846.153,6213.969,1157.0,0.235,1,0,0.4,0,0.24901071564223626,1,1.0,0,0.31,0.4420969601141798
1126,4834.949,6210.729,1102.589,0.021,0,0,0.4,0,0.17696452115690642,0,0.02702702702702703,0,0.06,0.4420969601141798
1127,5556.843,6807.053,1156.639,0.713,1,1,0.6,0,0.49711374634475863,1,1.0,1,0.85,0.4403241940051798
1128,7753.403,7446.545,1170.169,0.013,0,0,0.2,0,0.07297410741065337,0,0.0,0,0.0,0.4399718480337572
1129,7416.0,9167.0,948.0,0.0025,0,0,0.0,0,0.007066273594440524,0,0.0,0,0.0,0.4396326079719751
1130,3862.251,6485.861,510.0,0.028,0,0,0.0,0,0.22988261618310596,0,0.0,0,0.02,0.4385651195697785
1131,4653.335,6315.891,1063.0,0.246,1,1,0.6,1,0.7297280443926604,1,1.0,1,0.88,0.43842382050558065
1132,4995.0,8213.0,382.0,0.01,0,0,0.2,0,0.19326922773422966,0,0.0,0,0.02,0.43820993901165295
1133,363.0,8021.0,790.0,0.0025,0,0,0.4,0,0.225495223946444,0,0.0,0,0.02,0.4378340358567687
1134,6174.443,7369.29,1034.5,0.449,1,0,0.4,0,0.4500728154846643,1,0.8947368421052632,1,0.87,0.4377809025719437
1135,7767.173,7369.335,1199.0,0.01,0,0,0.0,0,0.06895424448067951,0,0.0,0,0.02,0.4374865668493377
1136,7516.522,7507.41,1234.0,0.021,0,0,0.0,0,0.17275001918635913,0,0.4666666666666667,0,0.07,0.4371570952340108
1137,7548.013,7478.601,1244.0,0.005,0,0,0.0,0,0.15630098720385036,0,0.0,0,0.0,0.4371570952340108
1138,8232.041,6952.02,1317.179,0.012,0,0,0.0,0,0.0850575218728082,0,0.06719367588932806,0,0.01,0.4368981410482777
1139,7715.0,7227.0,1271.0,0.0025,0,0,0.0,0,0.0019842372276107187,0,0.0,0,0.0,0.4342754772840126
1140,11986.986,7930.563,1364.0,0.0025,0,0,0.0,0,1.4594020516671024e-05,0,0.0,0,0.0,0.4342754772840126
1141,5225.0,6407.0,1231.0,0.008,0,0,0.0,0,0.012642741129335494,0,0.0,0,0.03,0.4342754772840126
1142,7593.0,7660.0,1133.0,0.0025,0,0,0.0,0,0.015437697526376946,0,0.06719367588932806,0,0.02,0.4342255679016491
1143,6389.0,7482.0,974.0,0.008,0,0,0.0,0,0.038787079322204494,0,0.0,0,0.03,0.43422556790164907
1144,9494.0,6797.0,1480.0,0.012,0,0,0.2,0,0.1517438343336696,0,0.0,0,0.08,0.434139165896601
1145,10760.233,5765.308,1540.0,0.05,0,0,0.2,0,0.13679690331555225,0,0.06719367588932806,0,0.17,0.433938876104343
1146,9730.406,7705.351,1128.98,0.0025,0,0,0.0,0,0.0016819886751336588,0,0.0,0,0.0,0.43276279064428974
1147,9372.0,6273.0,1492.0,0.034,0,0,0.0,0,0.0735717444788094,0,0.0,0,0.14,0.43209140740259117
1148,7873.0,7354.0,1165.0,0.006,0,0,0.0,0,0.056921834952485297,0,0.06719367588932806,0,0.13,0.43121193474628927
1149,4564.0,6217.0,981.0,0.047,0,0,0.2,0,0.3726171576778408,0,0.06818181818181818,0,0.11,0.431099421575786
1150,13481.987,7834.53,1461.28,0.093,0,0,0.0,0,0.03519946240542901,1,1.0,0,0.35,0.43103395344738515
1151,7834.0,5424.0,1436.0,0.005,0,0,0.2,0,0.012722357749369986,0,0.0,0,0.0,0.43103395344738515
1152,5568.791,8001.131,589.0,0.006,0,0,0.0,0,0.11905208502452315,0,0.0,0,0.08,0.4305179761098234
1153,5338.112,8030.053,590.0,0.0025,0,0,0.0,0,0.08431635382568313,0,0.0,0,0.01,0.4305179761098234
1154,6421.0,7821.0,915.0,1.254,1,0,0.2,0,0.065877598212452,0,0.06719367588932806,1,0.74,0.4305179761098234
1155,9473.0,6878.0,1461.0,0.0025,0,0,0.0,0,0.07465836892979993,0,0.0,0,0.0,0.43026243519031376
1156,4963.1,6649.0,1053.0,1.405,1,1,0.6,1,0.502948258039929,0,0.4666666666666667,1,0.63,0.4299081459520242
1157,4984.0,6404.0,1193.0,0.017,0,0,0.0,0,0.24345919900342866,0,0.06719367588932806,0,0.06,0.4298412347031888
1158,6509.909,8350.544,743.0,0.0025,0,0,0.2,0,0.3126836650079094,0,0.0,0,0.02,0.42984013378309216
1159,10942.979,6014.762,1528.0,0.017,0,0,0.2,0,0.09105331859642046,0,0.06719367588932806,0,0.07,0.4297948490632352
1160,6387.0,8328.0,673.0,0.0025,0,0,0.0,0,0.2306969042446124,0,0.0,0,0.0,0.4283856764903148
1161,5155.0,6439.0,1187.0,0.039,0,0,0.0,0,0.05997610467651997,0,0.02702702702702703,0,0.05,0.42835580708948495
1162,6415.0,7251.0,1107.0,0.028,0,0,0.4,0,0.30166974868139196,0,0.02702702702702703,0,0.13,0.42799043666759107
1163,4993.402,8199.455,413.0,0.0025,0,0,0.4,0,0.31672907591912436,0,0.0,0,0.04,0.426819529151062
1164,8189.023,6997.946,1317.179,0.017,0,0,0.0,0,0.1124500596571637,0,0.06818181818181818,0,0.01,0.4258409498054846
1165,7444.054,7339.262,1281.0,0.321,1,0,0.4,1,0.7351928062332271,1,1.0,1,0.83,0.4258409498054846
1166,5243.787,7153.792,839.0,0.041,0,0,0.2,0,0.029579199069314898,0,0.0,0,0.04,0.4255941806407033
1167,5512.583,8019.745,569.0,0.008,0,0,0.0,0,0.10202559245951559,0,0.0,0,0.0,0.42437470215796097
1168,5432.275,8355.507,561.0,0.0025,0,0,0.0,0,0.037509142380954826,0,0.0,0,0.01,0.42437470215796097
1169,5931.0,8505.0,504.0,0.0025,0,0,0.0,0,0.020342007059230054,0,0.0,0,0.01,0.42437470215796097
1170,5105.85,8321.0,360.0,0.0025,0,0,0.0,0,2.307611480559428e-07,0,0.03278688524590164,0,0.0,0.4242808027180328
1171,10746.435,5781.052,1519.0,0.0025,0,0,0.2,0,0.03385525048380572,0,0.0,0,0.0,0.4222637116468276
1172,6240.0,7406.0,1015.0,0.0025,0,0,0.0,0,0.0011781470471215493,0,0.0,0,0.0,0.4215476378590439
1173,6671.0,6994.0,1249.0,0.0025,0,0,0.0,0,0.002105973571443955,0,0.0,0,0.0,0.4215476378590439
1174,6459.0,7315.0,1078.0,0.0025,0,0,0.0,0,0.005986418181450694,0,0.0,0,0.0,0.4215476378590439
1175,6615.0,7184.0,1073.0,0.0025,0,0,0.0,0,0.0020799982634923,0,0.0,0,0.0,0.4215476378590439
1176,10336.166,9037.969,1222.0,0.005,0,0,0.0,0,0.0038688581566480233,0,0.0,0,0.0,0.4215476378590439
1177,7552.0,5299.0,1399.0,0.0025,0,0,0.0,0,0.0030392145645949,0,0.0,0,0.0,0.4215476378590439
1178,8918.989,8950.516,1087.94,0.0025,0,0,0.0,0,0.0009894633384637645,0,0.0,0,0.0,0.4215476378590439
1179,7254.0,5305.0,1371.0,0.0025,0,0,0.0,0,0.003792405090702384,0,0.0,0,0.0,0.4215476378590439
1180,12831.31,6542.322,1529.17,0.0025,0,0,0.0,0,0.002571668610489447,0,0.0,0,0.0,0.4215476378590439
1181,5256.0,7041.0,925.0,0.0025,0,0,0.0,0,0.002926973490764038,0,0.0,0,0.0,0.4215476378590439
1182,3884.067,6550.643,511.0,0.013,0,0,0.0,0,0.007021379080520778,0,0.0,0,0.02,0.4215476378590439
1183,8873.549,8732.284,1049.08,0.0025,0,0,0.0,0,0.004980796714584385,0,0.0,0,0.0,0.4215476378590439
1184,7149.0,7626.0,1129.0,0.0025,0,0,0.0,0,0.00244720463781123,0,0.0,0,0.0,0.4215476378590439
1185,7147.0,7237.0,1152.0,0.0025,0,0,0.0,0,0.002417984757926208,0,0.0,0,0.0,0.4215476378590439
1186,7434.0,7645.0,1241.0,0.0025,0,0,0.0,0,0.00144634827282456,0,0.0,0,0.0,0.4215476378590439
1187,7507.0,7425.0,1249.0,0.011,0,0,0.0,0,0.0018880732299818345,0,0.0,0,0.0,0.4215476378590439
1188,7765.0,5021.0,1284.0,0.0025,0,0,0.0,0,0.005414668484292129,0,0.0,0,0.0,0.4215476378590439
1189,7728.0,6814.0,1298.0,0.0025,0,0,0.0,0,0.0017188200103579005,0,0.0,0,0.0,0.4215476378590439
1190,6662.0,7068.0,1203.0,0.0025,0,0,0.0,0,0.0030011092790479888,0,0.0,0,0.0,0.4215476378590439
1191,4577.0,6061.0,967.0,0.0025,0,0,0.0,0,0.00734455323494504,0,0.0,0,0.01,0.4215476378590439
1192,6690.0,7271.0,1074.0,0.0025,0,0,0.0,0,0.0028994551812290656,0,0.0,0,0.0,0.4215476378590439
1193,10861.0,9241.0,1258.0,0.0025,0,0,0.0,0,0.004648264062265306,0,0.0,0,0.0,0.42127159738165676
1194,5218.0,8313.0,372.0,0.009,0,0,0.0,0,0.0073581948389229756,1,0.6666666666666666,0,0.05,0.4209509590726559
1195,5317.0,6395.0,1250.0,0.011,0,0,0.2,0,0.07571749037005696,0,0.0,0,0.01,0.42014093666432567
1196,13794.0,0.0,1260.0,0.005,0,0,0.2,0,0.009233398379754027,0,0.0,0,0.01,0.4195987555031496
1197,5560.397,6800.527,1156.639,0.657,1,0,0.4,0,0.4709098479421657,0,0.38461538461538464,1,0.82,0.4179477357230701
1198,4687.6,7912.45,326.0,0.006,0,0,0.0,0,0.0011641241015008812,0,0.0,0,0.0,0.4174771255075812
1199,7409.0,7319.0,1289.0,0.147,1,0,0.2,0,0.10251816484727219,1,0.8947368421052632,1,0.75,0.41734513349410524
1200,10934.55,6544.0,1443.0,0.0025,0,0,0.2,0,0.041010204250440184,0,0.03278688524590164,0,0.01,0.41734513349410524
1201,6756.999,7698.019,1054.389,0.046,0,0,0.2,0,0.1482678479151308,0,0.06719367588932806,0,0.04,0.4171976068815252
1202,10748.0,7228.556,1345.99,0.0025,0,0,0.0,0,2.8709082005203283e-05,0,0.0,0,0.02,0.41716030629787015
1203,13529.16,7590.352,1458.09,0.0025,0,0,0.0,0,0.0001603103258668043,0,0.0,0,0.0,0.4165436763926632
1204,12767.646,6507.378,1557.0,0.0025,0,0,0.0,0,0.00203325334418622,0,0.0,0,0.0,0.4165436763926632
1205,12175.346,10011.087,1386.0,0.011,0,0,0.0,0,0.0015060689726969644,1,0.7,0,0.02,0.4165436763926632
1206,13551.816,7643.218,1460.51,0.0025,0,0,0.0,0,0.00011312762233713806,0,0.0,0,0.0,0.4165436763926632
1207,7746.951,7334.899,1214.0,0.007,0,0,0.0,0,0.09775148748037728,0,0.06818181818181818,0,0.0,0.4159177973449592
1208,7611.929,7485.914,1201.0,0.008,0,0,0.0,0,0.02715979398374752,0,0.0,0,0.0,0.41572276741122255
1209,9460.0,6415.0,1506.0,0.0025,0,0,0.2,0,0.12662606112183206,0,0.03278688524590164,0,0.06,0.41561996764674347
1210,16047.285,9179.101,1375.689,0.046,0,0,0.2,0,3.759056936213115e-05,1,1.0,0,0.37,0.4148376876106746
1211,4508.0,7800.0,336.0,0.053,0,0,0.4,0,0.12785097579133345,1,0.7,0,0.21,0.4147869240794344
1212,7502.394,7983.141,1014.0,0.005,0,0,0.0,0,0.012880266440224341,0,0.06719367588932806,0,0.02,0.4140024452400755
1213,5154.877,6439.086,1186.8,0.079,0,0,0.2,0,0.07261616021170984,0,0.0,0,0.13,0.4110395648821172
1214,6777.825,7997.316,955.0,0.182,1,0,0.2,0,0.0865333139180036,0,0.06818181818181818,1,0.69,0.4106623900406509
1215,5144.416,7638.749,617.0,0.009,0,0,0.2,0,0.04110148529172618,0,0.06719367588932806,0,0.03,0.4102634937315411
1216,9898.519,6509.823,1454.0,0.023,0,0,0.0,0,0.01705050116252976,0,0.0,0,0.05,0.40933374565274044
1217,7878.329,7367.657,1121.959,0.0025,0,0,0.0,0,0.07908143195605623,0,0.0,0,0.08,0.40913386054130707
1218,6268.254,8201.132,730.0,0.007,0,0,0.0,0,0.012034207374323803,0,0.0,0,0.01,0.40737745283668647
1219,10535.913,9327.418,1321.0,0.005,0,0,0.0,0,0.0012815937863410788,0,0.0,0,0.0,0.40664622065125805
1220,8057.901,6335.051,1376.543,0.03,0,0,0.2,0,0.1488936150193479,0,0.0,1,0.57,0.4056549688171743
1221,9450.959,6322.051,1496.709,0.014,0,0,0.0,0,0.08331870063216411,0,0.06719367588932806,0,0.03,0.40486753432334255
1222,5552.0,8319.0,598.0,0.101,1,0,0.4,0,0.14806742041586804,0,0.06719367588932806,1,0.73,0.40454055412007905
1223,3220.0,6270.0,208.0,0.0025,0,0,0.0,0,0.04835097642645496,0,0.0,0,0.01,0.40377644461421847
1224,9371.0,6266.0,1495.0,0.024,0,0,0.2,0,0.1349008143929965,0,0.06719367588932806,0,0.05,0.40347787366673205
1225,7728.064,7196.688,1269.0,0.013,0,0,0.2,0,0.08708253988691002,1,0.8888888888888888,0,0.12,0.40242095234280784
1226,7843.0,7359.0,1144.0,0.0025,0,0,0.0,0,0.13101991440627417,0,0.03278688524590164,0,0.02,0.4022518705207637
1227,6158.0,6579.0,1309.0,0.0025,0,0,0.0,0,0.005618800195367613,0,0.0,0,0.0,0.401984242217607
1228,7576.876,7528.326,1204.0,0.011,0,0,0.0,0,0.0014973267687688819,0,0.0,0,0.0,0.401984242217607
1229,5514.741,6892.746,1019.0,0.016,0,0,0.2,0,0.13315822512695946,0,0.03278688524590164,0,0.02,0.4011442452277014
1230,8760.931,5472.188,1292.699,0.01,0,0,0.0,0,0.06785270015134373,0,0.0,0,0.14,0.40114424522770137
1231,10050.0,6372.0,1533.0,0.012,0,0,0.0,0,0.11879738420963765,0,0.06818181818181818,0,0.01,0.4006189576262412
1232,7450.0,7219.0,1283.0,0.007,0,0,0.0,0,0.0012118787432585224,0,0.06719367588932806,0,0.02,0.4001888689402283
1233,4914.05,6713.0,1005.0,0.983,1,0,0.4,0,0.23731594997708869,0,0.06719367588932806,1,0.71,0.39967988118859255
1234,6331.199,8106.937,769.0,0.0025,0,0,0.0,0,0.013837323052740432,0,0.0,0,0.0,0.39941074247014624
1235,11856.873,9268.942,1288.82,0.0025,0,0,0.0,0,0.008542981537004495,0,0.0,0,0.01,0.3986283404174529
1236,9909.227,6531.789,1455.0,0.021,0,0,0.0,0,0.012059516047867822,0,0.06719367588932806,0,0.0,0.3982568840098808
1237,5866.0,6076.0,1240.0,0.0025,0,0,0.0,0,0.008502076678378998,0,0.0,0,0.01,0.3979290805919188
1238,5297.0,6446.0,1232.0,0.0025,0,0,0.0,0,0.0023579918254550865,0,0.0,0,0.0,0.3979290805919188
1239,5699.0,5931.0,1137.0,0.0025,0,0,0.0,0,0.010828519374554743,0,0.0,0,0.0,0.3979290805919188
1240,5098.0,6502.0,1130.0,0.005,0,0,0.0,0,0.006544672930310221,0,0.0,0,0.01,0.3979290805919188
1241,6148.0,6960.0,1293.0,0.0025,0,0,0.0,0,0.0014316891612798862,0,0.0,0,0.0,0.3979290805919188
1242,14483.634,9478.922,1422.489,0.029,0,0,0.0,0,0.0014410303863029224,0,0.0,0,0.01,0.3979290805919188
1243,9047.21,5033.1,1213.31,0.0025,0,0,0.0,0,0.0015956353030555828,0,0.0,0,0.0,0.3979290805919188
1244,8009.0,4723.0,1132.0,0.0025,0,0,0.0,0,0.0032461067384644297,0,0.0,0,0.01,0.3979290805919188
1245,7538.414,7769.906,1120.0,0.0025,0,0,0.0,0,0.004674917037501307,0,0.0,0,0.0,0.3979290805919188
1246,3932.176,6390.467,587.0,0.0025,0,0,0.0,0,0.006219339987801584,0,0.0,0,0.0,0.3979290805919188
1247,8463.307,4830.322,1141.09,0.0025,0,0,0.0,0,0.004470011161069882,0,0.0,0,0.0,0.3979290805919188
1248,8766.983,6230.037,1470.419,0.0025,0,0,0.0,0,0.003816636401229439,0,0.0,0,0.0,0.3979290805919188
1249,5514.904,6482.132,1258.0,0.0025,0,0,0.0,0,0.005972414903566565,0,0.0,0,0.0,0.3979290805919187
1250,5674.958,6633.956,1284.399,0.0025,0,0,0.2,0,0.010771944438172868,0,0.0,0,0.0,0.3979290805919187
1251,5861.0,6053.0,1232.0,0.0025,0,0,0.0,0,0.012303642448867702,0,0.0,0,0.0,0.3979290805919187
1252,12729.132,7543.819,1356.0,0.0025,0,0,0.0,0,0.0038685370135826706,0,0.0,0,0.01,0.3979290805919187
1253,6846.0,7551.0,1097.0,0.0025,0,0,0.0,0,0.0012455172168546354,0,0.0,0,0.0,0.3979290805919187
1254,8901.754,8800.469,1050.12,0.006,0,0,0.0,0,0.0018563373952989132,0,0.0,0,0.0,0.3979290805919187
1255,3937.027,7387.505,214.8,0.005,0,0,0.0,0,8.557761264892169e-05,0,0.0,0,0.0,0.3979290805919187
1256,11612.946,7838.838,1303.0,0.0025,0,0,0.0,0,0.0007458529945929776,0,0.0,0,0.0,0.3979290805919187
1257,8654.0,6665.0,1371.0,0.0025,0,0,0.4,0,0.017734767624263188,0,0.0,0,0.0,0.3979290805919187
1258,8042.978,5316.014,1361.209,0.0025,0,0,0.0,0,0.0027277408835190997,0,0.0,0,0.0,0.3979290805919187
1259,4458.0,7667.0,364.0,0.0025,0,0,0.0,0,0.0006237576863393509,0,0.0,0,0.0,0.3979290805919187
1260,5098.834,6331.705,1295.0,0.005,0,0,0.0,0,0.02936212427659859,0,0.02702702702702703,0,0.01,0.3979290805919187
1261,7114.945,9343.175,979.0,0.0025,0,0,0.0,0,0.019414802115455265,0,0.0,0,0.0,0.3979290805919187
1262,13082.343,7639.524,1385.0,0.039,0,0,0.0,0,0.0057175819086388024,0,0.06719367588932806,0,0.06,0.3979290805919187
1263,7371.567,8851.021,717.0,0.0025,0,0,0.0,0,0.008929424866317884,0,0.0,0,0.0,0.3972496056255347
1264,7407.153,8845.411,719.0,0.007,0,0,0.0,0,0.002176158051434349,0,0.0,0,0.01,0.3972496056255347
1265,7412.519,8835.057,677.0,0.0025,0,0,0.0,0,0.0026697973372350244,0,0.0,0,0.0,0.3972496056255347
1266,4004.911,7451.452,206.06,0.0025,0,0,0.0,0,0.0003678959863743702,0,0.03278688524590164,0,0.0,0.3956804635111422
1267,10888.49,5866.683,1530.07,0.02,0,0,0.2,0,0.05807388293668405,0,0.0,0,0.1,0.3949779786067518
1268,10795.355,5751.462,1533.93,0.014,0,0,0.0,0,0.04875138931176946,0,0.06719367588932806,0,0.05,0.39481158327257054
1269,4631.798,7151.043,697.509,0.009,0,0,0.0,0,0.13560424280066916,0,0.0,0,0.0,0.3946690107019632
1270,5107.69,8315.03,362.0,0.009,0,0,0.0,0,0.00418184444782549,0,0.0,0,0.0,0.3945674808423197
1271,7386.669,8862.305,736.0,0.0025,0,0,0.0,0,0.006273267630361865,0,0.0,0,0.0,0.3945674808423197
1272,13474.491,7297.585,1471.0,0.005,0,0,0.0,0,0.04135630997296742,0,0.0,0,0.04,0.39384290434389124
1273,8260.229,8339.02,890.0,0.0025,0,0,0.0,0,0.12291380232123693,0,0.0,0,0.02,0.39384290434389113
1274,5244.806,7153.649,839.0,0.02,0,0,0.0,0,0.031907652502585586,0,0.0,0,0.03,0.39255656096135155
1275,5382.0,6414.0,1268.0,0.005,0,0,0.0,0,0.013356735236109833,0,0.0,0,0.01,0.39251483680423993
1276,10748.904,9560.958,1370.0,0.005,0,0,0.0,0,4.655444574168757e-06,0,0.06719367588932806,0,0.04,0.39220528836763247
1277,5415.241,6352.257,1292.149,0.0025,0,0,0.0,0,0.2812985178228601,0,0.06818181818181818,0,0.01,0.3915132895280827
1278,5416.947,6354.975,1317.0,0.035,0,0,0.2,0,0.05411934083050682,0,0.06818181818181818,0,0.03,0.39148211846699243
1279,6757.469,8011.793,945.0,0.005,0,0,0.0,0,0.02503796746427368,0,0.06719367588932806,0,0.02,0.39143202216122985
1280,4902.0,6377.0,1228.0,0.008,0,0,0.0,0,0.007547087515128706,0,0.0,0,0.0,0.3908209499702011
1281,4647.522,6205.076,1053.0,0.0025,0,0,0.2,0,0.07260142313047792,0,0.0,0,0.0,0.3904571196178407
1282,12971.0,6609.0,1524.0,0.005,0,0,0.2,0,0.06271333100361344,0,0.06719367588932806,0,0.24,0.3900944131800162
1283,13113.204,6579.749,1538.0,0.022,0,0,0.0,0,0.0013749840494222904,0,0.0,0,0.03,0.3879913368548482
1284,9405.001,6281.946,1496.709,0.0025,0,0,0.0,0,0.013200297609218729,0,0.03278688524590164,0,0.0,0.3879913368548482
1285,4845.201,6214.071,1157.0,0.006,0,0,0.0,0,0.00671905857267039,0,0.0,0,0.0,0.3879913368548482
1286,5983.0,7749.0,759.0,0.099,0,0,0.0,0,0.2141529676622563,1,0.8947368421052632,0,0.31,0.38756778870147707
1287,4884.0,6819.0,910.0,0.031,0,1,0.6,0,0.3339197173725682,0,0.02702702702702703,0,0.18,0.3874615610493989
1288,11212.275,9755.951,1390.67,0.007,0,0,0.0,0,0.004251744541434594,0,0.0,0,0.01,0.3868058216444838
1289,10795.755,5751.862,1533.93,0.0025,0,0,0.0,0,0.004172990870863547,0,0.0,0,0.0,0.3855237810890919
1290,10857.0,8825.0,1159.0,0.0025,0,0,0.0,0,0.008086093693064232,0,0.06719367588932806,0,0.01,0.38552378108909185
1291,10867.0,9037.0,1247.0,0.0025,0,0,0.0,0,0.001603529930030021,0,0.0,0,0.0,0.38552378108909185
1292,13093.248,7644.019,1383.0,0.0025,0,0,0.0,0,0.0006384845812452631,0,0.0,0,0.0,0.38552378108909185
1293,13432.143,7643.936,1456.0,0.0025,0,0,0.0,0,0.0033141473451971165,0,0.0,0,0.0,0.38552378108909185
1294,10790.0,8782.0,1154.0,0.0025,0,0,0.0,0,0.001496248738900926,0,0.0,0,0.02,0.38552378108909185
1295,5186.0,6509.0,1164.0,0.0025,0,0,0.0,0,0.0020272215618531877,0,0.0,0,0.0,0.38552378108909185
1296,11812.595,7970.995,1357.0,0.0025,0,0,0.0,0,0.0014054349013714316,0,0.0,0,0.0,0.38552378108909185
1297,5264.026,6500.068,1171.5,0.0025,0,0,0.0,0,0.0069526387775574825,0,0.0,0,0.0,0.38552378108909185
1298,11429.841,8653.792,1116.01,0.008,0,0,0.0,0,0.002435632025158483,0,0.0,0,0.0,0.38552378108909185
1299,5325.264,6509.152,1190.0,0.006,0,0,0.0,0,0.00450356296821948,0,0.0,0,0.0,0.38552378108909185
1300,9122.0,6366.0,1390.0,0.0025,0,0,0.0,0,0.010694291731945818,0,0.0,0,0.0,0.38552378108909185
1301,12398.056,9596.601,1406.0,0.008,0,0,0.0,0,5.779784337480964e-06,0,0.0,0,0.01,0.38552378108909185
1302,12070.821,9999.697,1367.0,0.005,0,0,0.0,0,0.00022628027523473435,0,0.0,0,0.01,0.38552378108909185
1303,10977.125,7720.589,1344.0,0.0025,0,0,0.0,0,0.00018212743631729005,0,0.0,0,0.0,0.38552378108909185
1304,10176.204,7722.378,1176.0,0.0025,0,0,0.0,0,0.0006670288974150931,0,0.0,0,0.0,0.38552378108909185
1305,10024.459,7725.949,1171.0,0.0025,0,0,0.0,0,0.001688109714838367,0,0.0,0,0.0,0.38552378108909185
1306,10803.614,9687.717,1408.0,0.005,0,0,0.0,0,0.0027906956730735302,0,0.0,0,0.0,0.38552378108909185
1307,10751.67,9714.179,1408.0,0.006,0,0,0.0,0,0.0011658118187948222,0,0.0,0,0.0,0.38552378108909185
1308,10776.619,9725.142,1409.0,0.005,0,0,0.0,0,0.0010143989267431942,0,0.0,0,0.0,0.38552378108909185
1309,10783.487,9699.401,1406.0,0.005,0,0,0.0,0,0.001054424637338492,0,0.0,0,0.0,0.38552378108909185
1310,10343.0,8772.0,1110.0,0.0025,0,0,0.0,0,0.002326310733659893,0,0.0,0,0.0,0.38552378108909185
1311,10144.0,8642.0,1051.0,0.0025,0,0,0.0,0,0.0007425007920339213,0,0.0,0,0.0,0.38552378108909185
1312,4394.729,7653.401,364.0,0.005,0,0,0.0,0,0.0017609724200560292,0,0.0,0,0.01,0.38552378108909185
1313,11795.463,9115.365,1276.28,0.0025,0,0,0.0,0,0.0009522404930858346,0,0.0,0,0.0,0.38552378108909185
1314,11929.604,9407.668,1288.72,0.0025,0,0,0.0,0,5.023003565017189e-05,0,0.0,0,0.0,0.38552378108909185
1315,5322.408,6513.717,1187.0,0.0025,0,0,0.0,0,0.002803936398743615,0,0.0,0,0.0,0.38552378108909185
1316,8895.97,5503.07,1276.82,0.09,0,0,0.0,0,0.003275707445491478,0,0.0,0,0.0,0.38552378108909185
1317,6199.521,7206.243,1169.099,0.011,0,0,0.0,0,0.005339389547031654,0,0.0,0,0.0,0.38552378108909185
1318,7372.0,6388.0,1268.0,0.0025,0,0,0.0,0,0.0034771030210397533,0,0.0,0,0.0,0.38552378108909185
1319,6278.0,7263.0,1111.0,0.0025,0,0,0.0,0,0.0021323331767937295,0,0.0,0,0.0,0.38552378108909185
1320,10159.0,8676.0,1065.0,0.0025,0,0,0.0,0,0.0008605472519793532,0,0.0,0,0.0,0.38552378108909185
1321,10565.0,9023.0,1212.0,0.0025,0,0,0.0,0,0.0007702614917594034,0,0.0,0,0.0,0.38552378108909185
1322,10581.0,9068.0,1216.0,0.0025,0,0,0.0,0,0.0030062383072775316,0,0.0,0,0.0,0.38552378108909185
1323,10714.0,9146.0,1214.0,0.0025,0,0,0.0,0,0.002474754386057029,0,0.0,0,0.0,0.38552378108909185
1324,12269.916,8235.052,1215.39,0.0025,0,0,0.0,0,0.001169760920266606,0,0.0,0,0.0,0.38552378108909185
1325,9227.545,6670.634,1402.869,0.0025,0,0,0.0,0,0.004344737399598352,0,0.0,0,0.0,0.38552378108909185
1326,8478.0,4706.0,1119.0,0.005,0,0,0.0,0,0.00022911702674058317,0,0.0,0,0.0,0.38552378108909185
1327,5536.363,7110.256,970.0,0.0025,0,0,0.0,0,0.002310685561120011,0,0.0,0,0.0,0.38552378108909185
1328,5218.0,8311.0,370.0,0.0025,0,0,0.2,0,0.0028532796304898936,0,0.06719367588932806,0,0.04,0.38552378108909185
1329,8475.19,5865.56,1353.28,0.0025,0,0,0.0,0,0.006956098069570558,0,0.0,0,0.0,0.38552378108909185
1330,8435.15,5558.05,1340.28,0.0025,0,0,0.0,0,0.004233636570997522,0,0.0,0,0.0,0.38552378108909185
1331,8594.05,6007.62,1433.3,0.0025,0,0,0.0,0,0.005564851891317183,0,0.0,0,0.0,0.38552378108909185
1332,8742.03,5767.08,1420.41,0.0025,0,0,0.0,0,0.00502992179866125,0,0.0,0,0.0,0.38552378108909185
1333,9344.245,6551.274,1420.729,0.005,0,0,0.0,0,0.005680594862583269,0,0.0,0,0.0,0.38552378108909185
1334,9012.0,6404.0,1409.0,0.0025,0,0,0.0,0,0.0032656653011528185,0,0.0,0,0.0,0.38552378108909185
1335,10175.674,8736.307,1089.0,0.005,0,0,0.0,0,0.0013757442524203912,0,0.0,0,0.0,0.38552378108909185
1336,10186.511,8728.796,1107.0,0.0025,0,0,0.0,0,0.0003119113902338119,0,0.0,0,0.01,0.38552378108909185
1337,11927.252,8062.049,1349.0,0.0025,0,0,0.0,0,0.005427296492433767,0,0.0,0,0.01,0.38552378108909185
1338,11905.722,8212.004,1269.0,0.0025,0,0,0.0,0,0.004016195719408036,0,0.0,0,0.0,0.38552378108909185
1339,4944.847,6598.249,1076.0,0.014,0,0,0.0,0,0.008320214160194114,0,0.0,0,0.0,0.38552378108909185
1340,4921.0,6629.0,1051.0,0.007,0,0,0.0,0,0.01012713596335592,0,0.0,0,0.0,0.38552378108909185
1341,6645.372,5139.584,1171.169,0.011,0,0,0.2,0,0.013833899798682388,0,0.0,0,0.0,0.38552378108909185
1342,4587.0,6403.0,1007.0,0.119,1,0,0.2,0,0.041245435078905116,1,1.0,1,0.68,0.38552378108909185
1343,7464.106,5159.966,1417.039,0.0025,0,0,0.0,0,0.0035878510814847664,0,0.0,0,0.0,0.38552378108909185
1344,6895.546,5170.002,1296.379,0.007,0,0,0.0,0,0.0010434245917108076,0,0.0,0,0.0,0.38552378108909185
1345,12091.205,9306.671,1322.09,0.005,0,0,0.0,0,0.000596490354984165,0,0.0,0,0.01,0.38552378108909185
1346,9291.764,6342.348,1418.24,0.0025,0,0,0.0,0,0.002390481949612882,0,0.0,0,0.0,0.38552378108909185
1347,6402.0,7830.0,921.0,0.0025,0,0,0.0,0,0.0034435563807542926,0,0.0,0,0.0,0.38552378108909185
1348,14246.0,950.0,1287.0,0.0025,0,0,0.0,0,0.0004100085611139302,0,0.0,0,0.0,0.38552378108909185
1349,8284.0,6467.0,1415.0,0.0025,0,0,0.0,0,0.003106053602813499,0,0.0,0,0.0,0.38552378108909185
1350,8161.0,6671.0,1421.0,0.0025,0,0,0.0,0,0.003478347939845009,0,0.0,0,0.0,0.38552378108909185
1351,10436.0,8858.0,1150.0,0.007,0,0,0.0,0,0.0006823897094157596,0,0.0,0,0.0,0.38552378108909185
1352,9718.066,3156.91,1463.229,0.0025,0,0,0.0,0,0.003399612202416194,0,0.0,0,0.01,0.38552378108909185
1353,5835.0,6038.0,1232.0,0.0025,0,0,0.0,0,0.001191350987915585,0,0.0,0,0.0,0.38552378108909185
1354,6517.0,8470.0,698.0,0.0025,0,0,0.0,0,0.00020175485986077523,0,0.0,0,0.0,0.38552378108909185
1355,9657.505,3298.599,1483.869,0.0025,0,0,0.0,0,0.004011272464642678,0,0.0,0,0.0,0.38552378108909185
1356,7832.785,5574.106,1399.449,0.0025,0,0,0.2,0,0.02869333475280198,0,0.0,0,0.0,0.38552378108909185
1357,6381.42,6659.103,1352.149,0.0025,0,0,0.2,0,0.017234510048801874,0,0.0,0,0.0,0.38552378108909185
1358,8133.016,5644.055,1448.799,0.0025,0,0,0.0,0,0.004619290087660775,0,0.0,0,0.0,0.38552378108909185
1359,8975.109,6234.498,1437.289,0.0025,0,0,0.0,0,0.004307769093488522,0,0.0,0,0.0,0.38552378108909185
1360,8911.725,6276.022,1470.419,0.0025,0,0,0.0,0,0.0022994543480214383,0,0.0,0,0.0,0.38552378108909185
1361,6025.987,6152.051,1219.529,0.017,0,0,0.0,0,0.009924322559360918,0,0.0,0,0.01,0.38552378108909185
1362,6935.59,8947.851,632.0,0.0025,0,0,0.0,0,0.0030696125177543184,0,0.0,0,0.0,0.38552378108909185
1363,5110.048,6320.006,1292.959,0.007,0,0,0.0,0,0.0024519688422677054,0,0.0,0,0.0,0.38552378108909185
1364,5132.958,6328.05,1292.959,0.0025,0,0,0.0,0,0.00599230412092221,0,0.0,0,0.0,0.38552378108909185
1365,6847.915,6724.651,1337.959,0.0025,0,0,0.0,0,0.0036658900803937062,0,0.0,0,0.0,0.38552378108909185
1366,6428.974,6727.485,1352.149,0.012,0,0,0.0,0,0.01674535264483123,0,0.06719367588932806,0,0.01,0.38552378108909185
1367,10728.797,5871.829,1491.0,0.0025,0,0,0.0,0,0.0011442492453408231,0,0.0,0,0.0,0.38552378108909185
1368,5397.0,6603.0,1143.0,0.0025,0,0,0.0,0,0.0015226658138559803,0,0.0,0,0.0,0.38552378108909185
1369,7755.485,8594.815,823.0,0.0025,0,0,0.0,0,0.0013902798465757493,0,0.0,0,0.0,0.38552378108909185
1370,7288.013,8908.907,685.0,0.0025,0,0,0.0,0,8.187604627448365e-05,0,0.0,0,0.0,0.38552378108909185
1371,6945.164,9331.82,879.0,0.0025,0,0,0.0,0,0.000775626628379128,0,0.0,0,0.0,0.38552378108909185
1372,9593.972,5866.032,1410.489,0.0025,0,0,0.0,0,0.0025341264578002507,0,0.0,0,0.0,0.38552378108909185
1373,8061.978,5620.019,1465.839,0.0025,0,0,0.0,0,0.002192884201937179,0,0.0,0,0.0,0.38552378108909185
1374,9571.97,5812.991,1410.489,0.0025,0,0,0.0,0,0.006965815947881808,0,0.0,0,0.0,0.38552378108909185
1375,8236.987,5962.022,1438.359,0.0025,0,0,0.0,0,0.005749278363097567,0,0.0,0,0.0,0.38552378108909185
1376,10890.816,5852.129,1531.8,0.0025,0,0,0.0,0,0.013009794231499757,0,0.0,0,0.0,0.38552378108909185
1377,5407.242,6350.894,1320.0,0.0025,0,0,0.0,0,0.01161820161157017,0,0.0,0,0.0,0.38552378108909185
1378,5266.486,6328.552,1308.0,0.01,0,0,0.0,0,0.010939761503815214,0,0.0,0,0.0,0.38552378108909185
1379,7610.0,6650.0,1284.0,0.018,0,0,0.0,0,0.0005654997596140944,0,0.0,0,0.0,0.38552378108909185
1380,7564.0,6709.0,1317.0,0.007,0,0,0.0,0,0.0036479677480903004,0,0.0,0,0.0,0.38552378108909185
1381,5422.146,6356.866,1317.0,0.014,0,0,0.0,0,0.017734733596856244,0,0.0,0,0.02,0.38552378108909185
1382,6896.213,8964.498,616.0,0.0025,0,0,0.0,0,0.008511493716976857,0,0.0,0,0.0,0.38552378108909185
1383,5660.019,6728.037,1156.639,0.0025,0,0,0.0,0,0.0020861435013780397,0,0.0,0,0.0,0.38552378108909185
1384,10822.434,5812.74,1528.48,0.009,0,0,0.0,0,0.018235413633938102,0,0.0,0,0.02,0.38552378108909185
1385,8995.996,6265.957,1437.289,0.0025,0,0,0.0,0,0.0030291377286863954,0,0.0,0,0.0,0.38552378108909185
1386,12363.0,6098.0,1477.0,0.0025,0,0,0.0,0,0.0011144491356815,0,0.0,0,0.0,0.38552378108909185
1387,12245.056,6314.937,1438.0,0.0025,0,0,0.0,0,0.0031834357071806956,0,0.0,0,0.0,0.38552378108909185
1388,12250.688,6333.912,1448.0,0.0025,0,0,0.0,0,0.00027968998121875177,0,0.0,0,0.0,0.38552378108909185
1389,12174.954,6368.078,1402.0,0.0025,0,0,0.0,0,0.0013295859994297847,0,0.0,0,0.0,0.38552378108909185
1390,14025.137,9135.838,1368.509,0.01,0,0,0.0,0,0.002124745890163036,0,0.0,0,0.0,0.38552378108909185
1391,6748.0,6734.0,1363.0,0.0025,0,0,0.0,0,0.004218669015302886,0,0.0,0,0.0,0.38552378108909185
1392,6808.0,6730.0,1357.0,0.0025,0,0,0.0,0,0.0017848083287976537,0,0.0,0,0.0,0.38552378108909185
1393,5793.0,5975.0,1197.0,0.0025,0,0,0.0,0,0.0019333699509094895,0,0.0,0,0.0,0.38552378108909185
1394,12229.128,7710.341,1386.0,0.0025,0,0,0.0,0,0.0011110089407535347,0,0.0,0,0.0,0.38552378108909185
1395,5236.634,6403.641,1236.0,0.0025,0,0,0.0,0,0.012795700459907935,0,0.0,0,0.0,0.38552378108909185
1396,5200.0,6440.0,1203.0,0.0025,0,0,0.0,0,0.015718802387335765,0,0.0,0,0.0,0.38552378108909185
1397,6429.0,7311.0,1089.0,0.0025,0,0,0.0,0,0.0019403666616446714,0,0.0,0,0.0,0.38552378108909185
1398,5429.0,6508.0,1235.0,0.0025,0,0,0.0,0,0.0027658650239583706,0,0.0,0,0.0,0.38552378108909185
1399,10736.057,8016.064,1271.95,0.0025,0,0,0.0,0,0.002585866271672823,0,0.0,0,0.0,0.38552378108909185
1400,10469.84,7559.584,1233.0,0.0025,0,0,0.0,0,0.0014422484394672058,0,0.0,0,0.0,0.38552378108909185
1401,10784.418,7619.256,1283.0,0.0025,0,0,0.0,0,0.0008807915187386252,0,0.0,0,0.0,0.38552378108909185
1402,7187.0,6671.0,1289.0,0.0025,0,0,0.0,0,0.0009914685659837134,0,0.0,0,0.0,0.38552378108909185
1403,11283.884,6384.383,1465.95,0.0025,0,0,0.0,0,0.002374107204056652,0,0.0,0,0.0,0.38552378108909185
1404,5636.188,6207.932,1246.0,0.0025,0,0,0.0,0,0.003663553685353817,0,0.0,0,0.0,0.38552378108909185
1405,13560.6,7726.182,1468.89,0.0025,0,0,0.0,0,0.0009741779086108301,0,0.0,0,0.0,0.38552378108909185
1406,13564.38,7700.069,1464.32,0.0025,0,0,0.0,0,0.0010460743866267204,0,0.0,0,0.0,0.38552378108909185
1407,5387.0,6442.0,1265.0,0.0025,0,0,0.0,0,0.002297255109337465,0,0.0,0,0.0,0.38552378108909185
1408,5482.0,6489.0,1245.0,0.014,0,0,0.0,0,0.006051330531219902,0,0.0,0,0.0,0.38552378108909185
1409,5497.623,6490.076,1250.0,0.06,0,0,0.0,0,0.0026721483251833053,0,0.0,0,0.0,0.38552378108909185
1410,12850.0,6553.0,1516.0,0.0025,0,0,0.0,0,0.004095536549110136,0,0.0,0,0.0,0.38552378108909185
1411,5519.347,6483.03,1258.0,0.0025,0,0,0.0,0,0.006640562479036458,0,0.0,0,0.0,0.38552378108909185
1412,5362.457,6464.279,1216.0,0.0025,0,0,0.0,0,0.0008761226347062618,0,0.0,0,0.0,0.38552378108909185
1413,13637.0,7880.0,1442.0,0.0025,0,0,0.0,0,0.00361246826048313,0,0.0,0,0.0,0.38552378108909185
1414,13563.0,7802.0,1468.0,0.0025,0,0,0.0,0,0.0004163871826857931,0,0.0,0,0.01,0.38552378108909185
1415,6283.533,8306.076,651.0,0.0025,0,0,0.0,0,0.009279379287762877,0,0.0,0,0.01,0.38552378108909185
1416,5634.161,6203.318,1244.0,0.0025,0,0,0.0,0,0.007028771267413037,0,0.0,0,0.0,0.38552378108909185
1417,4687.75,7910.0,316.0,0.0025,0,0,0.0,0,0.001731197943190498,0,0.0,0,0.01,0.38552378108909185
1418,13113.212,6577.722,1538.0,0.0025,0,0,0.0,0,0.0003952424971834615,0,0.02702702702702703,0,0.01,0.38552378108909185
1419,5514.8,6481.138,1259.0,0.0025,0,0,0.0,0,0.00694767836507214,0,0.0,0,0.0,0.38552378108909185
1420,7633.0,7377.0,1218.0,0.0025,0,0,0.0,0,0.0034319913236015606,0,0.0,0,0.0,0.38552378108909185
1421,5616.0,6483.0,1292.0,0.029,0,0,0.0,0,0.010958294749525756,0,0.0,0,0.0,0.38552378108909185
1422,7303.975,9180.48,885.98,0.0025,0,0,0.0,0,0.0010305822984401538,0,0.02702702702702703,0,0.0,0.38552378108909185
1423,7313.698,9144.563,881.19,0.01,0,0,0.0,0,6.604724697954089e-05,0,0.0,0,0.0,0.38552378108909185
1424,7174.0,5235.0,1368.0,0.0025,0,0,0.0,0,0.004070882576516438,0,0.0,0,0.0,0.38552378108909185
1425,7214.0,5275.0,1365.0,0.0025,0,0,0.0,0,0.0034115940645204797,0,0.0,0,0.0,0.38552378108909185
1426,9915.388,6636.172,1453.0,0.0025,0,0,0.0,0,0.0020354481054108975,0,0.0,0,0.0,0.38552378108909185
1427,9307.264,6330.462,1427.14,0.0025,0,0,0.0,0,0.0027231334902221203,0,0.0,0,0.0,0.38552378108909185
1428,4916.0,6713.0,1005.0,0.471,1,0,0.4,0,0.026301304913980705,1,0.8888888888888888,1,0.68,0.38552378108909185
1429,5258.0,6370.0,1252.0,0.0025,0,0,0.0,0,0.016827877346565337,0,0.0,0,0.01,0.38552378108909185
1430,5427.85,6359.209,1317.0,0.0025,0,0,0.0,0,0.006557824777554799,0,0.0,0,0.0,0.38552378108909185
1431,4906.796,6463.646,1144.0,0.01,0,0,0.0,0,0.0010858276448196297,0,0.0,0,0.01,0.38552378108909185
1432,5648.0,6381.0,1349.0,0.0025,0,0,0.0,0,0.004691005960819522,0,0.0,0,0.0,0.38552378108909185
1433,9962.632,6620.384,1473.0,0.0025,0,0,0.0,0,0.003010329356221352,0,0.0,0,0.0,0.38552378108909185
1434,8187.557,5576.832,1467.0,0.0025,0,0,0.0,0,0.002127528042324953,0,0.0,0,0.0,0.38552378108909185
1435,7969.405,9071.236,1033.0,0.0025,0,0,0.0,0,0.02008795260269415,0,0.0,0,0.0,0.38552378108909185
1436,9944.644,6620.537,1462.0,0.0025,0,0,0.0,0,0.0027066868988655773,0,0.0,0,0.0,0.38552378108909185
1437,8118.083,8580.602,933.22,0.0025,0,0,0.0,0,0.006599350418085683,0,0.0,0,0.02,0.38552378108909185
1438,7634.055,9150.665,936.0,0.0025,0,0,0.0,0,0.025236116682423242,0,0.0,0,0.0,0.38552378108909185
1439,7413.037,9176.006,930.3,0.005,0,0,0.0,0,0.08880579100652487,0,0.0,0,0.01,0.38552378108909185
1440,8019.0,6444.007,1381.939,0.0025,0,0,0.0,0,0.006578265375153611,0,0.0,0,0.0,0.38552378108909185
1441,7983.017,6489.989,1381.939,0.0025,0,0,0.0,0,0.0027431640619172424,0,0.0,0,0.0,0.38552378108909185
1442,3970.725,6290.229,626.0,0.005,0,0,0.0,0,0.008583359176354268,0,0.02702702702702703,0,0.04,0.38552378108909185
1443,8500.269,5902.138,1436.569,0.0025,0,0,0.0,0,0.0037041273228576805,0,0.0,0,0.0,0.38552378108909185
1444,7715.0,7324.0,1229.0,0.0025,0,0,0.0,0,0.0021223475288204723,0,0.0,0,0.0,0.38552378108909185
1445,9376.996,6265.009,1496.709,0.0025,0,0,0.0,0,0.0049564959363034,0,0.0,0,0.01,0.38552378108909185
1446,6383.0,7480.0,975.0,0.0025,0,0,0.0,0,0.0020750492319091076,0,0.0,0,0.0,0.38552378108909185
1447,7446.0,7291.0,1294.0,0.0025,0,0,0.0,0,0.002534295698726101,0,0.0,0,0.0,0.38552378108909185
1448,7840.0,6776.0,1341.459,0.0025,0,0,0.0,0,0.001095003250963384,0,0.0,0,0.0,0.38552378108909185
1449,7891.0,6800.0,1350.0,0.0025,0,0,0.0,0,0.0011464464717497243,0,0.0,0,0.0,0.38552378108909185
1450,7785.0,6934.0,1320.0,0.0025,0,0,0.0,0,0.0016008952282384754,0,0.0,0,0.0,0.38552378108909185
1451,7676.0,7042.0,1318.0,0.005,0,0,0.0,0,0.0011527552314759446,0,0.0,0,0.0,0.38552378108909185
1452,7563.0,7166.0,1300.0,0.005,0,0,0.0,0,0.0010904758101814703,0,0.0,0,0.0,0.38552378108909185
1453,9316.0,6235.965,1466.209,0.009,0,0,0.0,0,0.008928425070102691,0,0.0,0,0.0,0.38552378108909185
1454,11961.156,6512.366,1367.0,0.0025,0,0,0.0,0,0.0035410927613636536,0,0.0,0,0.0,0.38552378108909185
1455,7760.933,5627.106,1399.449,0.0025,0,0,0.0,0,0.0014620368136126374,0,0.0,0,0.0,0.38552378108909185
1456,5111.019,6689.958,1012.639,0.0025,0,0,0.0,0,0.009600838998667174,0,0.0,0,0.0,0.38552378108909185
1457,13542.711,7621.113,1484.0,0.0025,0,0,0.0,0,0.0001505450132341228,0,0.03278688524590164,0,0.02,0.38552378108909185
1458,10726.726,6353.396,1422.0,0.0025,0,0,0.0,0,0.006660518343975791,0,0.0,0,0.0,0.38552378108909185
1459,6977.414,8982.512,654.68,0.0025,0,0,0.0,0,0.0005229198786932456,0,0.0,0,0.0,0.38552378108909185
1460,7136.525,8878.642,641.0,0.0025,0,0,0.0,0,0.00037511203668030016,0,0.0,0,0.0,0.38552378108909185
1461,6949.532,9387.872,916.0,0.0025,0,0,0.0,0,0.0010783178250430602,0,0.0,0,0.0,0.38552378108909185
1462,5353.0,6890.0,1127.0,0.0025,0,0,0.0,0,0.0020315381274687645,0,0.0,0,0.0,0.38552378108909185
1463,7287.0,7426.0,1265.0,0.006,0,0,0.0,0,0.00029642554993615153,0,0.0,0,0.0,0.38552378108909185
1464,7327.0,7203.0,1244.0,0.0025,0,0,0.0,0,0.0017513844099105297,0,0.0,0,0.0,0.38552378108909185
1465,7681.0,7008.0,1314.0,0.0025,0,0,0.0,0,0.0010410640925384773,0,0.0,0,0.0,0.38552378108909185
1466,7652.0,6888.0,1282.0,0.0025,0,0,0.0,0,0.0011281791224404107,0,0.0,0,0.0,0.38552378108909185
1467,7484.0,6817.0,1293.0,0.005,0,0,0.0,0,0.0006889699110879618,0,0.0,0,0.0,0.38552378108909185
1468,5410.541,6352.091,1317.0,0.0025,0,0,0.0,0,0.035913205318695095,0,0.0,0,0.0,0.38552378108909185
1469,2506.0,13023.0,1097.0,0.0025,0,0,0.0,0,0.0010582360150513043,0,0.0,0,0.0,0.38552378108909185
1470,7090.549,8873.495,656.0,0.0025,0,0,0.0,0,0.0006125508395597514,0,0.0,0,0.0,0.38552378108909185
1471,7791.561,9130.511,1028.72,0.0025,0,0,0.0,0,0.002243317781117956,0,0.0,0,0.0,0.38552378108909185
1472,9250.801,7427.507,1239.39,0.0025,0,0,0.0,0,0.000134893529563776,0,0.0,0,0.0,0.38552378108909185
1473,9416.112,7499.893,1209.93,0.0025,0,0,0.0,0,0.005056761853952861,0,0.0,0,0.0,0.38552378108909185
1474,10406.749,6048.345,1482.0,0.0025,0,0,0.0,0,0.004761168285050831,0,0.0,0,0.0,0.38552378108909185
1475,10403.693,6047.974,1485.0,0.0025,0,0,0.0,0,0.006607028936548829,0,0.0,0,0.01,0.38552378108909185
1476,5377.0,6983.0,973.0,0.0025,0,0,0.0,0,0.0016541470715457358,0,0.0,0,0.0,0.38552378108909185
1477,5377.0,6984.0,973.0,0.0025,0,0,0.0,0,0.0025584619008849206,0,0.0,0,0.0,0.38552378108909185
1478,7765.708,5612.842,1399.449,0.0025,0,0,0.2,0,0.005311226861574278,0,0.0,0,0.0,0.38552378108909185
1479,12066.249,6446.937,1374.0,0.0025,0,0,0.0,0,0.004973919485781768,0,0.0,0,0.0,0.38552378108909185
1480,13113.21,6580.892,1538.0,0.0025,0,0,0.0,0,0.002114244129716335,0,0.06719367588932806,0,0.01,0.38552378108909185
1481,5297.0,6442.0,1235.0,0.005,0,0,0.0,0,0.026270873979266276,0,0.0,0,0.0,0.38552378108909185
1482,13458.64,7240.536,1443.95,0.0025,0,0,0.0,0,0.0019080838004762073,0,0.0,0,0.0,0.38552378108909185
1483,13009.704,6619.15,1544.27,0.0025,0,0,0.0,0,0.00400300194554932,0,0.0,0,0.0,0.38552378108909185
1484,12929.12,6593.801,1523.09,0.0025,0,0,0.0,0,0.001643836576117766,0,0.0,0,0.0,0.38552378108909185
1485,12600.041,6529.809,1557.14,0.0025,0,0,0.0,0,0.0024902990685546187,0,0.0,0,0.0,0.38552378108909185
1486,12405.711,6599.967,1571.49,0.0025,0,0,0.0,0,0.0023394134292645495,0,0.0,0,0.0,0.38552378108909185
1487,5851.0,6080.0,1252.0,0.0025,0,0,0.0,0,0.0024072709486237086,0,0.0,0,0.0,0.38552378108909185
1488,13493.0,7316.0,1405.0,0.0025,0,0,0.0,0,0.0030547489540948426,0,0.0,0,0.0,0.38552378108909185
1489,9255.155,6844.422,1386.0,0.0025,0,0,0.0,0,0.007074987784158387,0,0.0,0,0.0,0.38552378108909185
1490,9274.334,7160.944,1393.0,0.005,0,0,0.0,0,0.014639958414129645,0,0.0,0,0.0,0.38552378108909185
1491,6137.0,7008.0,1255.0,0.0025,0,0,0.0,0,0.0016990067121880185,0,0.0,0,0.01,0.38552378108909185
1492,9086.685,8631.27,972.53,0.0025,0,0,0.0,0,0.0014066138867091216,0,0.0,0,0.0,0.38552378108909185
1493,8914.314,9028.546,1108.39,0.0025,0,0,0.0,0,0.0018705033487972113,0,0.0,0,0.0,0.38552378108909185
1494,8686.428,8977.299,1091.36,0.006,0,0,0.0,0,0.003014655848154729,0,0.0,0,0.02,0.38552378108909185
1495,9249.006,6440.427,1396.53,0.0025,0,0,0.0,0,0.006062705564996318,0,0.0,0,0.0,0.38552378108909185
1496,7886.0,4822.0,1195.0,0.0025,0,0,0.0,0,0.004759964288304563,0,0.0,0,0.0,0.38552378108909185
1497,9361.382,6661.742,1417.3,0.0025,0,0,0.0,0,0.004729494351881164,0,0.0,0,0.0,0.38552378108909185
1498,9337.693,7044.911,1387.87,0.0025,0,0,0.0,0,0.004626057079014748,0,0.0,0,0.0,0.38552378108909185
1499,8398.0,5926.0,1416.0,0.0025,0,0,0.0,0,0.0010120409429282607,0,0.0,0,0.0,0.38552378108909185
1500,8346.0,5624.0,1396.0,0.0025,0,0,0.0,0,0.0009743576317629255,0,0.0,0,0.0,0.38552378108909185
1501,8358.0,5483.0,1364.0,0.0025,0,0,0.0,0,0.012764507395153377,0,0.0,0,0.0,0.38552378108909185
1502,8257.0,5550.0,1426.0,0.0025,0,0,0.0,0,0.002216233763896777,0,0.0,0,0.0,0.38552378108909185
1503,8240.0,5118.0,1298.0,0.0025,0,0,0.0,0,0.005979500333731638,0,0.0,0,0.0,0.38552378108909185
1504,5752.0,7443.0,953.0,0.0025,0,0,0.0,0,0.0027813063714411724,0,0.0,0,0.0,0.38552378108909185
1505,9320.683,6575.191,1393.99,0.0025,0,0,0.0,0,0.00650478762240178,0,0.0,0,0.0,0.38552378108909185
1506,6296.0,7506.0,987.0,0.0025,0,0,0.0,0,0.0023649214455039335,0,0.0,0,0.0,0.38552378108909185
1507,6294.0,6781.0,1342.0,0.0025,0,0,0.0,0,0.0057263606112954194,0,0.0,0,0.0,0.38552378108909185
1508,9142.554,6308.243,1408.11,0.0025,0,0,0.0,0,0.004142586877628555,0,0.0,0,0.0,0.38552378108909185
1509,9188.867,6268.263,1424.22,0.0025,0,0,0.0,0,0.004643450111585913,0,0.0,0,0.0,0.38552378108909185
1510,5184.997,6989.987,934.069,0.0025,0,0,0.0,0,0.0017614482988313877,0,0.0,0,0.0,0.38552378108909185
1511,7906.0,6463.0,1381.939,0.0025,0,0,0.0,0,0.001862266132830709,0,0.0,0,0.0,0.38552378108909185
1512,9206.111,7092.305,1328.98,0.0025,0,0,0.0,0,0.003502535087632006,0,0.0,0,0.0,0.38552378108909185
1513,9115.31,6910.447,1308.9,0.0025,0,0,0.0,0,0.0044640529568673384,0,0.0,0,0.0,0.38552378108909185
1514,9275.735,6609.744,1397.0,0.005,0,0,0.0,0,0.005092012153292267,0,0.0,0,0.0,0.38552378108909185
1515,10095.745,9271.919,1266.0,0.0025,0,0,0.0,0,0.003561261716669949,0,0.0,0,0.0,0.38552378108909185
1516,10124.417,9242.645,1247.0,0.0025,0,0,0.0,0,0.0007295490213362779,0,0.0,0,0.0,0.38552378108909185
1517,9946.424,9323.672,1333.0,0.0025,0,0,0.0,0,0.0027560633211522207,0,0.0,0,0.0,0.38552378108909185
1518,9201.0,6520.0,1362.0,0.005,0,0,0.0,0,0.0024061848782302975,0,0.0,0,0.0,0.38552378108909185
1519,9008.0,6622.0,1342.0,0.0025,0,0,0.0,0,0.00147129918137266,0,0.0,0,0.0,0.38552378108909185
1520,9078.0,6711.0,1333.0,0.0025,0,0,0.0,0,0.0029710176819421957,0,0.0,0,0.0,0.38552378108909185
1521,8899.0,6746.0,1320.0,0.005,0,0,0.0,0,0.0018115053848894883,0,0.0,0,0.0,0.38552378108909185
1522,9247.878,6391.422,1418.0,0.0025,0,0,0.0,0,0.010656586926981614,0,0.0,0,0.0,0.38552378108909185
1523,10172.545,9339.51,1258.0,0.0025,0,0,0.0,0,0.0004580235306704017,0,0.0,0,0.0,0.38552378108909185
1524,5359.797,8200.243,503.0,0.0025,0,0,0.0,0,0.0013522607160352757,0,0.0,0,0.0,0.38552378108909185
1525,7134.0,6878.0,1192.0,0.0025,0,0,0.0,0,0.009339167178551192,0,0.0,0,0.0,0.38552378108909185
1526,7393.0,7494.0,1257.0,0.009,0,0,0.0,0,0.0063299044821759605,0,0.06719367588932806,0,0.0,0.38552378108909185
1527,7154.0,7480.0,1199.0,0.0025,0,0,0.0,0,0.003032660564508937,0,0.0,0,0.0,0.38552378108909185
1528,4359.698,6426.525,829.0,0.013,0,0,0.0,0,0.0016096114597527235,0,0.0,0,0.0,0.38552378108909185
1529,6383.0,6745.0,1336.0,0.0025,0,0,0.0,0,0.0042119257529218135,0,0.0,0,0.0,0.38552378108909185
1530,4879.0,6217.0,1172.0,0.0025,0,0,0.0,0,0.003900817316130279,0,0.0,0,0.0,0.38552378108909185
1531,5256.0,8076.0,527.609,0.0025,0,0,0.0,0,0.003235063359778361,0,0.0,0,0.0,0.38552378108909185
1532,7513.254,5653.021,1293.0,0.0025,0,0,0.0,0,0.010762913403047055,0,0.0,0,0.0,0.38552378108909185
1533,3935.627,7373.154,213.61,0.0025,0,0,0.0,0,6.260708517284256e-06,0,0.0,0,0.0,0.38552378108909185
1534,8251.755,8310.912,881.0,0.0025,0,0,0.0,0,0.002132358882893635,0,0.0,0,0.0,0.38552378108909185
1535,7374.0,5248.0,1316.0,0.0025,0,0,0.0,0,0.004637570615944846,0,0.0,0,0.0,0.38552378108909185
1536,7596.0,5163.0,1381.0,0.0025,0,0,0.0,0,0.0037683039172675113,0,0.0,0,0.0,0.38552378108909185
1537,10061.0,8642.0,1066.0,0.0025,0,0,0.0,0,0.0009603840565735758,0,0.0,0,0.0,0.38552378108909185
1538,4914.8,6713.0,1005.0,0.035,0,0,0.2,0,0.03518098232394283,0,0.02702702702702703,0,0.01,0.38552378108909185
1539,4578.505,6378.437,1012.0,0.022,0,0,0.2,0,0.02631574853207584,0,0.0,0,0.03,0.38552378108909185
1540,7437.008,5468.047,1372.0,0.0025,0,0,0.0,0,0.0033370625335416423,0,0.0,0,0.0,0.38552378108909185
1541,8331.0,6099.0,1439.0,0.0025,0,0,0.0,0,0.006091470835376764,0,0.0,0,0.0,0.38552378108909185
1542,8216.0,6365.0,1399.0,0.0025,0,0,0.0,0,0.0035400619928656375,0,0.0,0,0.0,0.38552378108909185
1543,10026.0,8974.0,1185.0,0.0025,0,0,0.0,0,0.0011891029442131736,0,0.0,0,0.0,0.38552378108909185
1544,10005.0,9001.0,1187.0,0.0025,0,0,0.0,0,0.0018039527790780277,0,0.0,0,0.0,0.38552378108909185
1545,9992.0,8993.0,1185.0,0.0025,0,0,0.0,0,0.0066242603036786845,0,0.0,0,0.0,0.38552378108909185
1546,5057.794,7710.406,563.0,0.0025,0,0,0.0,0,0.0012915889471848535,0,0.0,0,0.0,0.38552378108909185
1547,6768.0,7610.0,1070.0,0.005,0,0,0.0,0,0.002093794146511626,0,0.0,0,0.0,0.38552378108909185
1548,6732.0,7802.0,1030.0,0.0025,0,0,0.0,0,0.004946854582789789,0,0.0,0,0.0,0.38552378108909185
1549,3936.495,6142.107,599.0,0.024,0,0,0.0,0,0.003386373572611024,0,0.0,0,0.0,0.38552378108909185
1550,7754.0,6544.0,1290.0,0.0025,0,0,0.0,0,0.004391329158219392,0,0.0,0,0.0,0.38552378108909185
1551,6433.0,6718.0,1335.0,0.0025,0,0,0.0,0,0.0022581730097637615,0,0.0,0,0.0,0.38552378108909185
1552,8780.0,5308.0,1220.0,0.0025,0,0,0.0,0,0.001383786360162178,0,0.0,0,0.0,0.38552378108909185
1553,8571.0,5252.0,1239.0,0.0025,0,0,0.0,0,0.0016653443113263666,0,0.0,0,0.0,0.38552378108909185
1554,8224.0,4869.0,1157.0,0.0025,0,0,0.0,0,0.0019016023013936738,0,0.0,0,0.0,0.38552378108909185
1555,5653.383,7201.3,1056.0,0.0025,0,0,0.0,0,0.00286431338192275,0,0.0,0,0.0,0.38552378108909185
1556,9436.986,7788.053,1123.439,0.0025,0,0,0.0,0,0.028325426221286684,0,0.0,0,0.0,0.38552378108909185
1557,4733.169,6142.799,1117.0,0.01,0,0,0.0,0,0.009681270410437877,0,0.0,0,0.0,0.38552378108909185
1558,6761.0,7989.0,940.0,0.0025,0,0,0.2,0,0.023521959511504945,0,0.0,0,0.01,0.38552378108909185
1559,4878.0,6847.0,903.0,0.054,0,0,0.4,0,0.2607433290519737,0,0.02702702702702703,0,0.12,0.3848360343715123
1560,4978.0,6777.0,940.0,0.022,0,0,0.0,0,0.12322278290449194,0,0.0,0,0.08,0.3842920309379133
1561,8050.362,6589.467,1393.671,0.005,0,0,0.0,0,0.06616945942531546,0,0.0,0,0.0,0.3842920309379133
1562,12989.375,6612.729,1539.38,0.073,0,0,0.0,0,0.039840908317404396,0,0.0,0,0.12,0.38291561360124066
1563,8275.955,6903.998,1317.179,0.017,0,0,0.0,0,0.03571490537171849,0,0.03278688524590164,0,0.02,0.38230187187926495
1564,6140.26,3753.21,1002.98,0.0025,0,0,0.0,0,0.004530599150955289,0,0.0,0,0.02,0.38020164305206133
1565,4448.574,6502.089,832.0,0.463,1,0,0.2,0,0.14584805371459042,1,1.0,0,0.39,0.38006176183292295
1566,7634.0,7420.0,1220.0,0.011,0,0,0.0,0,0.05397589639393007,0,0.06818181818181818,0,0.05,0.3798396859361727
1567,7707.292,7211.075,1270.0,0.048,0,0,0.0,0,0.19226741884418944,0,0.0,0,0.0,0.37972095482130497
1568,6187.004,7383.143,1025.0,0.032,0,0,0.0,0,0.282578357458575,0,0.06719367588932806,0,0.04,0.37972095482130497
1569,7395.408,7478.71,1258.0,0.021,0,0,0.0,0,0.24607271704685366,0,0.06719367588932806,0,0.04,0.37972095482130497
1570,7548.625,7331.734,1265.0,0.067,0,0,0.2,0,0.4490119059333427,0,0.06719367588932806,0,0.16,0.37972095482130497
1571,7675.07,7199.327,1275.0,0.028,0,0,0.2,0,0.3059145297921295,0,0.06719367588932806,0,0.12,0.37972095482130486
1572,7359.948,7465.966,1280.549,0.292,1,0,0.0,1,0.6459927755550388,1,1.0,0,0.48,0.37940166495196403
1573,7389.0,7344.0,1285.0,0.086,0,0,0.0,0,0.4202215238513959,1,0.8947368421052632,0,0.13,0.379401664951964
1574,7405.778,8845.406,719.0,0.006,0,0,0.0,0,0.007601616053795128,0,0.0,0,0.01,0.37926433419013833
1575,5246.0,4123.0,764.0,0.0025,0,0,0.0,0,0.0010713627734016422,0,0.0,0,0.01,0.37915396759275116
1576,4412.0,6361.0,894.0,0.021,0,0,0.0,0,0.026696262630974105,0,0.0,0,0.02,0.37915396759275116
1577,8243.993,6942.042,1317.179,0.006,0,0,0.0,0,0.07366544460947166,0,0.0,0,0.01,0.37898687954531257
1578,5779.0,7932.0,636.0,0.157,1,1,0.6,0,0.4919029254784682,0,0.38461538461538464,1,0.88,0.3785942616731327
1579,5576.0,4860.0,794.0,0.0025,0,0,0.0,0,0.004912325523777566,0,0.0,0,0.01,0.3784051391518745
1580,4697.819,6262.421,1090.0,0.403,1,1,0.6,0,0.1747947563983014,0,0.06719367588932806,1,0.66,0.37724538704467625
1581,4920.0,6466.0,1124.0,0.005,0,0,0.2,0,0.07685383714274413,0,0.0,0,0.03,0.37724538704467625
1582,7928.936,4532.386,1060.0,0.0025,0,0,0.0,0,0.00612471010463513,0,0.0,0,0.0,0.37642726147184313
1583,7694.761,7222.483,1271.0,0.007,0,0,0.0,0,0.14224086145862022,0,0.06818181818181818,0,0.01,0.37617871150989646
1584,6495.463,8452.627,700.0,0.067,0,0,0.0,0,0.01753569180128337,0,0.06719367588932806,0,0.01,0.3749935969149101
1585,10848.709,9609.613,1406.0,0.01,0,0,0.0,0,0.1177632476764681,0,0.06719367588932806,0,0.08,0.3749935969149101
1586,4903.065,6295.829,1229.0,0.04,0,0,0.2,0,0.024943340108611222,0,0.0,0,0.05,0.374746955666133
1587,11329.408,7444.62,1286.0,0.0025,0,0,0.0,0,0.002943355287266798,0,0.0,0,0.0,0.37416817287548765
1588,5364.713,8030.412,598.0,0.009,0,0,0.0,0,0.12430983980958929,0,0.0,0,0.0,0.3740079997638797
1589,5629.405,7831.748,703.0,0.023,0,0,0.2,0,0.07543753527669574,0,0.0,0,0.11,0.3736097837639398
1590,4916.943,6722.159,1021.0,0.434,1,0,0.2,1,0.6040099397571328,1,0.8947368421052632,1,0.81,0.3735103351097082
1591,7766.117,5612.502,1399.449,0.007,0,0,0.0,0,0.09686578519359199,0,0.06719367588932806,0,0.19,0.37209624069829395
1592,9437.991,6308.0,1496.709,0.008,0,0,0.0,0,0.059315598378581864,0,0.06719367588932806,0,0.05,0.37190889816946904
1593,9932.904,9539.296,1377.0,0.0025,0,0,0.0,0,0.0031658688757407166,0,0.0,0,0.0,0.3717251917789475
1594,7085.137,5361.376,1307.0,0.029,0,0,0.0,0,0.007174883467336196,0,0.06719367588932806,0,0.02,0.37131287469483537
1595,5700.862,8006.657,601.0,0.171,1,1,1.0,0,0.27156532965893604,1,0.7,1,0.79,0.37090775262193326
1596,6235.006,8239.024,694.0,0.0025,0,0,0.2,0,0.13374591565073168,0,0.0,0,0.05,0.37019790092159777
1597,5322.32,7998.088,586.0,0.009,0,0,0.0,0,0.11759080930163485,0,0.0,0,0.01,0.37019790092159777
1598,4519.0,7265.0,550.0,0.015,0,0,0.0,0,0.06005172200547141,0,0.06818181818181818,0,0.01,0.37019790092159777
1599,5336.5,6602.0,1121.0,0.063,0,0,0.4,0,0.3053721423614844,0,0.0,0,0.03,0.3697570817920627
1600,5348.0,6605.0,1119.0,0.02,0,1,0.6,0,0.24913838842483715,0,0.0,0,0.02,0.3695965143461422
1601,5412.399,8021.496,592.0,0.0025,0,0,0.2,0,0.07912327246568338,0,0.0,0,0.05,0.36887483222919454
1602,5522.985,8011.88,572.0,0.005,0,0,0.0,0,0.1155037026365559,0,0.0,0,0.01,0.36887483222919454
1603,5295.573,8026.062,567.0,0.009,0,0,0.0,0,0.03854955098420627,0,0.0,0,0.02,0.36887483222919454
1604,5516.238,6887.632,1040.0,0.119,1,0,0.2,0,0.1535731451479314,0,0.06719367588932806,1,0.78,0.36887483222919454
1605,5325.548,8181.649,498.0,0.0025,0,0,0.2,0,0.14048254281657765,0,0.0,0,0.05,0.36887483222919454
1606,5272.383,8025.099,556.0,0.0025,0,0,0.0,0,0.11735566648877842,0,0.0,0,0.0,0.36887483222919454
1607,5392.416,8028.566,593.0,0.038,0,0,0.0,0,0.19362327329152038,0,0.06719367588932806,0,0.05,0.36887483222919454
1608,5710.66,7849.902,722.0,0.0025,0,0,0.0,0,0.12306534159584462,0,0.0,0,0.01,0.36887483222919454
1609,10936.135,7160.599,1357.46,0.0025,0,0,0.0,0,0.0066279848738545165,0,0.0,0,0.01,0.36881345161447016
1610,6463.948,7037.448,1206.0,0.401,1,0,0.2,0,0.4245979630938453,1,0.8947368421052632,1,0.91,0.36866902215042197
1611,6245.654,8241.899,694.0,0.0025,0,0,0.0,0,0.024461966096194807,0,0.06719367588932806,0,0.01,0.3682340879946799
1612,5747.557,3743.596,962.22,0.076,0,0,0.4,0,0.0003437871218532949,0,0.0,0,0.33,0.3676095946884047
1613,6746.803,7654.855,1054.389,0.017,0,0,0.0,0,0.11233328388593666,0,0.0,0,0.06,0.36681153191302734
1614,2869.306,1880.466,673.609,0.352,1,0,0.4,0,0.1143816411874718,1,1.0,1,0.79,0.3666046397552807
1615,8273.002,6001.34,1439.559,0.0025,0,0,0.0,0,0.0039001533621699216,0,0.0,0,0.0,0.36590801797156886
1616,5604.457,7862.093,673.0,0.0025,0,0,0.0,0,0.15109935398480975,0,0.06719367588932806,0,0.17,0.3643373095940933
1617,6277.041,8190.147,727.0,0.012,0,0,0.0,0,0.2108195363563243,0,0.06719367588932806,0,0.04,0.3641016562847111
1618,5136.996,6318.009,1292.959,0.082,0,0,0.0,0,0.053012629473186045,0,0.06719367588932806,0,0.11,0.3638554404035507
1619,6352.0,7618.0,898.0,0.005,0,0,0.0,0,0.032053703144802145,0,0.0,0,0.0,0.36322570785681424
1620,5745.785,3734.941,977.0,0.0025,0,0,0.2,0,0.013382610217424065,0,0.06719367588932806,0,0.07,0.3626057725404334
1621,7474.984,9394.083,1040.08,0.0025,0,0,0.2,0,0.0034607425609418626,0,0.0,0,0.03,0.36119104902073157
1622,4913.4,6713.0,1005.0,0.153,1,0,0.2,0,0.17980589932746494,1,0.6666666666666666,1,0.76,0.3599387099388288
1623,9276.343,7158.845,1383.0,0.005,0,0,0.2,0,0.02403448004767089,0,0.0,0,0.07,0.3596696015093262
1624,4817.645,6132.79,1178.0,0.0025,0,0,0.0,0,0.02827065014909035,0,0.0,0,0.0,0.3596695653564899
1625,10349.502,7840.799,1133.68,0.0025,0,0,0.0,0,0.0010775488519419157,0,0.0,0,0.0,0.3596056397226919
1626,7617.0,7439.0,1215.0,0.016,0,0,0.0,0,0.04136763597506093,0,0.0,0,0.04,0.35896665554830487
1627,8040.999,5315.998,1361.209,0.0025,0,0,0.0,0,0.057798723505884816,0,0.06719367588932806,0,0.0,0.3589666555483048
1628,6847.858,7846.75,1031.859,0.007,0,0,0.2,0,0.1224827688565325,0,0.0,0,0.11,0.3580058661227829
1629,7516.58,7507.325,1234.0,0.028,0,0,0.2,0,0.034069277016291186,0,0.06818181818181818,0,0.07,0.35800586612278285
1630,12428.873,9420.568,1367.92,0.006,0,0,0.0,0,0.006656722726765008,0,0.06719367588932806,0,0.08,0.3564281388379975
1631,7866.813,5725.574,1465.839,0.025,0,0,0.2,0,0.2550514138321038,0,0.06719367588932806,0,0.11,0.3562133620127618
1632,5636.0,6198.0,1233.0,0.008,0,0,0.0,1,0.6844785127851339,0,0.0,0,0.12,0.3555814999997139
1633,4969.5,6685.0,1030.0,0.164,1,0,0.4,0,0.21834345019389492,0,0.06719367588932806,1,0.88,0.35330401790452187
1634,4896.0,6357.0,1250.0,0.006,0,0,0.4,0,0.03096693020011291,0,0.0,0,0.02,0.3526806104952262
1635,4822.481,6135.919,1178.0,0.0025,0,0,0.0,0,0.011775622692859073,0,0.0,0,0.0,0.35248813472866225
1636,4487.885,6418.159,947.0,0.028,0,0,0.0,0,0.05719719856409192,1,1.0,0,0.37,0.3514209687577721
1637,6287.057,7483.666,1003.0,0.06,0,0,0.0,0,0.217811783006931,0,0.0,0,0.0,0.3514209687577721
1638,7221.856,5251.294,1354.429,0.005,0,0,0.0,0,0.10723464103086748,0,0.06818181818181818,0,0.08,0.35117955735101714
1639,6550.342,8313.49,772.0,0.082,0,0,0.0,0,0.10473007730069303,0,0.06719367588932806,0,0.09,0.3506934920509861
1640,10736.495,5788.955,1512.0,0.005,0,0,0.0,0,0.03368785179625793,0,0.06719367588932806,0,0.11,0.349253393167018
1641,5738.977,6437.243,1336.0,0.008,0,0,0.0,0,0.2573157513814554,0,0.0,0,0.02,0.3491431575058325
1642,26.0,9211.0,817.0,0.0025,0,0,0.0,0,0.03273767192103339,0,0.0,0,0.01,0.3486912567814475
1643,4933.863,6580.251,1080.0,0.015,0,0,0.0,0,0.013226375664076168,0,0.0,0,0.0,0.3478238985318011
1644,7588.664,8765.428,753.0,0.0025,0,0,0.0,0,0.001454149988906937,0,0.0,0,0.0,0.3472787550108377
1645,10718.47,9555.548,1369.0,0.016,0,0,0.0,0,0.00738091089212999,0,0.06719367588932806,0,0.0,0.3472787550108377
1646,7746.633,3283.81,1452.149,0.063,0,0,0.2,1,0.5733285014141498,1,1.0,0,0.49,0.34708823267825556
1647,4021.16,6431.971,635.0,0.0025,0,0,0.0,0,0.0030056534921845024,0,0.0,0,0.0,0.34586023520182446
1648,6949.768,7873.601,989.0,0.007,0,0,0.0,0,0.2601920663455819,0,0.0,0,0.14,0.34582154298293843
1649,5700.844,8006.847,601.0,0.053,0,0,0.2,0,0.2469672863692953,0,0.06719367588932806,0,0.12,0.3458044158853223
1650,7613.912,9173.874,961.0,0.0025,0,0,0.0,0,0.008202083452989999,0,0.0,0,0.0,0.3457967972503655
1651,11252.733,7997.779,1209.82,0.0025,0,0,0.0,0,0.002413482396208771,0,0.0,0,0.0,0.34579679725036544
1652,12145.648,9090.515,1257.1,0.0025,0,0,0.0,0,0.005662848163832147,0,0.0,0,0.0,0.34579679725036544
1653,10756.416,5703.675,1545.18,0.024,0,0,0.0,0,0.10742063944787626,1,1.0,0,0.38,0.3451121413065779
1654,10847.003,9608.365,1404.0,0.006,0,0,0.0,0,0.06513750513578839,0,0.06719367588932806,0,0.01,0.34488357762627186
1655,11096.631,9642.112,1388.58,0.009,0,0,0.0,0,0.002372823679992228,0,0.0,0,0.0,0.34488357762627186
1656,4565.0,6230.0,972.0,0.018,0,0,0.4,0,0.11778703622359371,0,0.0,0,0.06,0.34447114946219937
1657,8183.008,6994.023,1317.179,0.01,0,0,0.0,0,0.05360614552840922,0,0.06719367588932806,0,0.02,0.344403436502582
1658,10484.254,9252.733,1298.0,0.005,0,0,0.0,0,0.0037504509629265716,0,0.0,0,0.0,0.3439207102864855
1659,4717.746,6243.939,1077.0,0.754,1,0,0.2,0,0.08969442679042265,1,1.0,1,0.75,0.3435303899431743
1660,5531.158,7963.812,610.0,0.0025,0,0,0.0,0,0.013274152403034464,0,0.0,0,0.0,0.34281747369264054
1661,12485.0,9297.0,1266.0,0.013,0,0,0.2,0,0.009789881969586354,0,0.06719367588932806,0,0.0,0.34253726893615294
1662,12325.0,9308.0,1336.0,0.013,0,0,0.0,0,0.020103071471548925,0,0.06719367588932806,0,0.02,0.34253726893615294
1663,5755.815,7795.417,735.0,0.027,0,0,0.4,0,0.25132521252621254,0,0.0,0,0.22,0.34186282039704885
1664,5259.459,6499.908,1175.0,0.0025,0,0,0.0,0,0.008120012629636637,0,0.0,0,0.0,0.34046017597791484
1665,6376.753,6661.73,1293.0,0.009,0,0,0.0,0,0.3722582043549594,0,0.0,0,0.03,0.34046017597791484
1666,6876.91,4935.207,1075.0,0.019,0,0,0.0,0,0.005435830164921977,0,0.06719367588932806,0,0.01,0.33894522896076823
1667,6117.019,9021.901,574.0,0.0025,0,0,0.0,0,0.013897773187668926,0,0.0,0,0.0,0.3386063942305115
1668,7365.083,8645.858,635.17,0.0025,0,0,0.0,0,0.029437961839043368,0,0.0,0,0.0,0.33788022742134616
1669,9918.749,9347.723,1339.0,0.0025,0,0,0.0,0,0.3073450813872146,0,0.0,0,0.0,0.33764016276791314
1670,5342.0,6604.0,1120.0,0.007,0,0,0.0,0,0.05452231307972174,0,0.0,0,0.02,0.3367678377086529
1671,7449.0,7200.0,1290.0,0.364,1,0,0.2,0,0.25618661464233167,1,0.8947368421052632,1,0.88,0.3365285456029674
1672,11952.674,10040.002,1362.64,0.006,0,0,0.0,0,0.022162402285371245,0,0.06719367588932806,0,0.05,0.33572355778978447
1673,4875.0,5989.0,1102.0,0.007,0,0,0.0,0,0.039789915132905355,0,0.0,0,0.0,0.3353819945746854
1674,16.0,9177.0,825.0,0.0025,0,0,0.0,0,0.00014630679438417527,0,0.0,0,0.02,0.3345595497600227
1675,7580.65,7420.142,1224.0,0.029,0,0,0.0,0,0.0714426769776177,0,0.06719367588932806,0,0.02,0.3332972469871474
1676,7711.0,7373.0,1182.0,0.0025,0,0,0.0,0,0.05226964126721353,0,0.06818181818181818,0,0.04,0.3332972469871474
1677,6348.0,7735.0,870.0,0.0025,0,0,0.0,0,0.017058249634547287,0,0.0,0,0.0,0.33261787027938006
1678,5420.998,6356.61,1317.0,0.135,1,1,0.6,0,0.37869845469303703,1,1.0,1,0.73,0.332504345476128
1679,5740.198,3719.372,979.56,0.0025,0,0,0.4,0,0.14909428700759914,0,0.06818181818181818,0,0.02,0.33219743060734314
1680,7591.791,8775.412,755.0,0.0025,0,0,0.0,0,0.020396868904675645,0,0.0,0,0.02,0.33167570944504426
1681,12448.019,9465.28,1366.139,0.246,1,0,0.2,0,0.44856929494770537,1,1.0,1,0.69,0.3308657942470722
1682,9926.649,9451.377,1364.0,0.0025,0,0,0.0,0,0.01646751615057154,0,0.0,0,0.02,0.33057508587079576
1683,9549.563,9700.593,1430.0,0.0025,0,0,0.0,0,0.08120293252072425,0,0.0,0,0.01,0.33057508587079565
1684,7313.698,9144.563,880.19,0.0025,0,0,0.0,0,0.00521357879973138,0,0.0,0,0.01,0.3291183650851148
1685,5739.666,6437.321,1336.0,0.006,0,0,0.0,0,0.2216130878255709,0,0.0,0,0.03,0.3287624169657234
1686,7868.927,5392.414,1461.0,0.011,0,0,0.0,0,0.025730932275466988,0,0.03278688524590164,0,0.0,0.32870654023310814
1687,12449.398,9397.661,1351.71,0.009,0,0,0.0,0,0.030001038285998535,0,0.0,0,0.03,0.328430003811734
1688,4904.0,6354.0,1254.0,0.014,0,0,0.2,0,0.04791772250583931,0,0.0,0,0.03,0.32817185768255175
1689,5218.0,6372.0,1257.0,0.005,0,0,0.2,0,0.05570824845693105,0,0.0,0,0.01,0.32817185768255175
1690,4610.451,6339.269,1037.0,0.021,0,0,0.4,0,0.15389794950153543,0,0.0,0,0.03,0.32817185768255164
1691,4723.448,6225.89,1105.0,0.238,1,0,0.2,0,0.12884256483143827,0,0.06719367588932806,1,0.77,0.32817185768255164
1692,5672.192,6625.17,1218.0,0.544,1,1,0.6,1,0.7958886003081315,1,1.0,1,0.72,0.32801416288798924
1693,5747.685,5881.423,1150.0,0.0025,0,0,0.0,0,0.1361007665662187,0,0.0,0,0.01,0.32754668748947197
1694,5337.068,6535.113,1183.0,0.006,0,0,0.0,0,0.04017045678904622,0,0.0,0,0.01,0.3275380915496576
1695,13113.231,6578.797,1538.0,0.021,0,0,0.0,0,0.004689933836147439,0,0.0,0,0.01,0.3275380915496576
1696,4393.198,7633.17,361.0,0.0025,0,0,0.0,0,0.0005382462100652593,0,0.0,0,0.0,0.3275380915496576
1697,7837.047,9323.753,1021.0,0.0025,0,0,0.0,0,0.0010100586169468,0,0.0,0,0.0,0.3275380915496576
1698,5051.42,6403.026,1236.0,0.0025,0,0,0.0,0,0.011642816370323337,0,0.0,0,0.0,0.3275380915496576
1699,6736.715,6504.185,1229.269,0.008,0,0,0.2,0,0.21022811761754936,0,0.0,0,0.02,0.3275380915496576
1700,10061.589,6373.738,1530.51,0.005,0,0,0.2,0,0.03506013634109539,0,0.0,0,0.01,0.3275380915496576
1701,7352.003,8779.044,681.0,0.0025,0,0,0.0,0,0.04127154047204962,0,0.0,0,0.0,0.3275380915496576
1702,9548.52,9701.509,1430.0,0.0025,0,0,0.0,0,0.00504630441495462,0,0.0,0,0.01,0.3275380915496576
1703,6866.761,8979.233,634.0,0.0025,0,0,0.0,0,0.2225652841761933,0,0.0,0,0.03,0.3275380915496576
1704,7346.043,8769.035,678.0,0.0025,0,0,0.0,0,0.07671936851800698,0,0.0,0,0.02,0.3275380915496576
1705,4670.455,6204.731,1066.0,0.011,0,0,0.2,0,0.03752632779940948,0,0.0,0,0.0,0.3275380915496576
1706,10305.31,6105.992,1479.71,0.011,0,0,0.0,0,0.03813868014679569,0,0.0,0,0.0,0.3275380915496576
1707,6204.0,7106.0,1207.0,0.0025,0,0,0.0,0,0.004871155624657825,0,0.0,0,0.0,0.3275380915496576
1708,10759.075,9711.097,1407.0,0.007,0,0,0.0,0,0.005694171139725506,0,0.0,0,0.17,0.3275380915496576
1709,4986.0,6355.0,1310.0,0.006,0,0,0.0,0,0.00978164023634552,0,0.0,0,0.0,0.3274420295532055
1710,7820.0,6793.0,1329.0,0.0025,0,0,0.0,0,0.0011761471422142905,0,0.0,0,0.0,0.3274420295532055
1711,7316.0,5338.0,1373.0,0.0025,0,0,0.0,0,0.002285657775527848,0,0.0,0,0.0,0.3274420295532055
1712,5345.0,6312.0,1305.0,0.005,0,0,0.0,0,0.014696463987289327,0,0.0,0,0.0,0.3270633553995527
1713,5418.365,6355.573,1317.0,0.005,0,0,0.0,0,0.029968755482255464,0,0.0,0,0.0,0.3270633553995527
1714,5419.722,6356.106,1317.0,0.012,0,0,0.0,0,0.022324351271492234,0,0.0,0,0.01,0.3270633553995527
1715,12626.487,7964.014,1250.32,0.009,0,0,0.0,0,0.0018010101844274395,0,0.0,0,0.04,0.3270633553995527
1716,5427.199,6358.933,1317.0,0.005,0,0,0.0,0,0.020754899486969937,0,0.0,0,0.0,0.3270633553995527
1717,5426.278,6358.629,1317.0,0.005,0,0,0.0,0,0.017582111537196222,0,0.0,0,0.0,0.3270633553995527
1718,5235.0,6155.0,1225.0,0.0025,0,0,0.0,0,0.008498785848192822,0,0.0,0,0.0,0.3270633553995527
1719,5425.399,6358.291,1317.0,0.0025,0,0,0.0,0,0.019100943807783436,0,0.0,0,0.0,0.3270633553995527
1720,5000.0,8195.0,392.0,0.0025,0,0,0.0,0,7.048350312599569e-07,0,0.06719367588932806,0,0.03,0.3270633553995527
1721,11813.631,6042.868,1490.58,0.0025,0,0,0.0,0,0.002100095988875518,0,0.0,0,0.04,0.3270633553995527
1722,11899.552,10003.919,1357.18,0.0025,0,0,0.0,0,0.0008781225014082393,0,0.0,0,0.0,0.3270633553995527
1723,5097.0,6362.0,1265.0,0.0025,0,0,0.0,0,0.032653429560322425,0,0.0,0,0.0,0.3270633553995527
1724,5068.0,6993.0,858.0,0.0025,0,0,0.0,0,0.0024867441343860803,0,0.0,0,0.0,0.3270633553995527
1725,4412.266,7508.274,381.0,0.0025,0,0,0.0,0,1.2698475220512378e-06,0,0.0,0,0.02,0.3270633553995527
1726,4843.982,6213.846,1255.079,0.013,0,0,0.0,0,0.00014129192252929242,0,0.0,0,0.01,0.3270633553995527
1727,6766.474,4993.114,1117.299,0.017,0,0,0.0,0,0.01720737198528401,0,0.0,0,0.01,0.3270633553995527
1728,12182.615,9451.037,1345.29,0.0025,0,0,0.0,0,0.000508041719221303,0,0.06719367588932806,0,0.06,0.3270633553995527
1729,6850.671,4953.589,1187.309,0.01,0,0,0.0,0,0.006123281207815363,0,0.0,0,0.01,0.3270633553995527
1730,5195.0,6506.0,1162.0,0.006,0,0,0.0,0,0.00277291703443845,0,0.0,0,0.0,0.3270633553995527
1731,8119.451,8580.064,926.0,0.0025,0,0,0.0,0,0.0077152597718488656,0,0.0,0,0.0,0.3270633553995527
1732,8283.833,8336.032,900.0,0.0025,0,0,0.0,0,0.028207337499022517,0,0.0,0,0.0,0.3270633553995527
1733,6688.0,7176.0,1172.0,0.025,0,0,0.0,0,0.004617189977057924,0,0.0,0,0.0,0.3270633553995527
1734,7295.639,5755.038,1187.0,0.0025,0,0,0.0,0,0.003068764964040253,0,0.0,0,0.0,0.3270633553995527
1735,7549.156,4548.131,1069.0,0.0025,0,0,0.0,0,0.13025080603136593,0,0.0,0,0.01,0.3270633553995527
1736,7664.31,4557.415,1072.0,0.0025,0,0,0.0,0,0.00937532433109149,0,0.0,0,0.01,0.3270633553995527
1737,8458.298,8794.814,1048.8,0.0025,0,0,0.0,0,0.012974633310473823,0,0.0,0,0.0,0.3270633553995527
1738,7311.601,9215.031,946.0,0.0025,0,0,0.0,0,0.0040923831246457475,0,0.0,0,0.0,0.3270633553995527
1739,7942.0,4860.0,1215.0,0.0025,0,0,0.0,0,0.003882939495867673,0,0.0,0,0.0,0.3270633553995527
1740,7823.0,4907.0,1274.0,0.0025,0,0,0.0,0,0.004171214142257051,0,0.0,0,0.0,0.3270633553995527
1741,8227.0,4879.0,1167.0,0.0025,0,0,0.0,0,0.005016748943261282,0,0.0,0,0.0,0.3270633553995527
1742,11355.961,5366.114,1408.659,0.006,0,0,0.0,0,0.004512207998595991,0,0.0,0,0.01,0.3270633553995527
1743,21906.0,5514.0,1484.0,0.0025,0,0,0.0,0,0.0011946859427848385,0,0.0,0,0.0,0.3270633553995527
1744,6951.182,8939.598,628.0,0.0025,0,0,0.0,0,0.005919426528095059,0,0.0,0,0.0,0.3270633553995527
1745,11844.238,6031.247,1478.17,0.005,0,0,0.0,0,0.007351205018588335,0,0.0,0,0.01,0.3270633553995527
1746,7593.904,8778.542,756.0,0.0025,0,0,0.0,0,0.000481202242017476,0,0.0,0,0.0,0.3270633553995527
1747,10299.045,6102.594,1500.0,0.014,0,0,0.0,0,0.0862055486778612,0,0.06818181818181818,0,0.01,0.32691826581581124
1748,6363.367,6658.965,1292.0,0.01,0,0,0.2,0,0.052127493309418176,0,0.0,0,0.02,0.3263977263200935
1749,4687.5,7913.05,316.0,0.0025,0,0,0.0,0,0.00010978911912488978,0,0.0,0,0.0,0.32592383214274734
1750,7939.0,4564.0,1058.0,0.0025,0,0,0.0,0,0.011092985646048648,0,0.0,0,0.0,0.3251514733447335
1751,6600.749,6751.646,1352.149,0.005,0,0,0.0,0,0.008801897673627187,0,0.0,0,0.0,0.3251514733447335
1752,8565.0,5005.0,1159.0,0.0025,0,0,0.0,0,0.01342575289846009,0,0.0,0,0.0,0.3251514733447335
1753,4619.0,5950.0,978.0,0.041,0,0,0.0,0,0.0066268791448989076,0,0.02702702702702703,0,0.01,0.3251514733447335
1754,8567.52,5620.21,1297.17,0.0025,0,0,0.0,0,0.013204191454908839,0,0.0,0,0.0,0.3251514733447335
1755,10414.0,8808.0,1142.0,0.0025,0,0,0.0,0,0.0008901577012846105,0,0.02702702702702703,0,0.0,0.3251514733447335
1756,9431.033,6312.041,1496.709,0.006,0,0,0.0,0,0.031014077251810265,0,0.06719367588932806,0,0.01,0.3251514733447335
1757,5357.543,6467.721,1216.0,0.0025,0,0,0.0,0,0.006141285017041178,0,0.0,0,0.0,0.3251514733447335
1758,10681.661,9460.156,1331.0,0.007,0,0,0.0,0,0.004775427158506628,0,0.06719367588932806,0,0.03,0.3251514733447335
1759,5850.0,6456.0,1323.0,0.0025,0,0,0.0,0,0.005902032036641258,0,0.0,0,0.0,0.3251514733447335
1760,7683.43,4469.841,1036.0,0.0025,0,0,0.0,0,0.010256753874581831,0,0.0,0,0.0,0.3251514733447335
1761,9016.0,5096.0,1190.0,0.0025,0,0,0.0,0,0.018951615846470544,0,0.0,0,0.0,0.3251514733447335
1762,6083.0,7661.0,837.0,0.0025,0,0,0.0,0,0.0057296635060987075,0,0.0,0,0.0,0.3251514733447335
1763,8122.0,6722.0,1411.0,0.0025,0,0,0.0,0,0.0057194356183259505,0,0.0,0,0.0,0.3251514733447335
1764,5265.87,6328.584,1308.0,0.011,0,0,0.4,0,0.03374681466785166,0,0.0,0,0.08,0.324823880447794
1765,9392.0,6302.0,1502.0,0.005,0,0,0.0,0,0.05612698354724883,0,0.0,0,0.03,0.32344099712461105
1766,5105.85,8323.0,360.0,0.006,0,0,0.0,0,0.00044492607298754635,1,0.6666666666666666,0,0.05,0.3227956335986715
1767,5342.774,7989.736,601.0,0.028,0,0,0.0,0,0.07189115674171132,0,0.0,0,0.0,0.3223068047177787
1768,10543.592,7645.832,1239.0,0.0025,0,0,0.0,0,0.0025121868393426358,0,0.0,0,0.01,0.3218485800886181
1769,13273.551,7773.733,1386.92,0.0025,0,0,0.0,0,0.03013145386224436,0,0.0,0,0.01,0.32120414961575605
1770,4182.324,7636.848,196.69,0.031,0,0,0.2,0,0.12546330776090572,0,0.06719367588932806,0,0.08,0.32093524448004096
1771,5106.18,8329.73,355.0,0.113,1,0,0.2,0,0.32438708744760136,1,1.0,1,0.65,0.32093524448004096
1772,11124.085,6882.425,1385.65,0.005,0,0,0.0,0,0.00014363256634303934,0,0.0,0,0.0,0.3204909396358369
1773,5415.317,7886.495,657.0,0.009,0,0,0.0,0,0.13482283899969696,0,0.0,0,0.0,0.3199581099474837
1774,5427.29,8016.623,590.0,0.015,0,0,0.0,0,0.11277975773690717,0,0.0,0,0.0,0.3199300451493018
1775,6525.656,8558.077,627.0,0.0025,0,0,0.0,0,0.024965775649987785,0,0.0,0,0.0,0.3195718768842223
1776,5734.634,3345.364,1143.99,0.23,1,0,0.4,1,0.9955221590843161,1,1.0,1,0.91,0.3193926071893723
1777,9371.006,6257.988,1496.709,0.005,0,0,0.0,0,0.00834100039031663,0,0.0,0,0.01,0.31892907400416276
1778,4632.452,6103.056,1039.0,0.011,0,0,0.0,0,0.002458538402266964,0,0.02702702702702703,0,0.02,0.31892907400416276
1779,8122.615,5580.841,1490.0,0.0025,0,0,0.0,0,0.013179985787976857,0,0.0,0,0.01,0.31892907400416276
1780,5832.0,6399.0,1341.0,0.0025,0,0,0.0,0,0.0034479024456054697,0,0.0,0,0.0,0.3182451595576301
1781,7806.013,3268.358,1452.149,0.017,0,0,0.2,1,0.8517170253372456,1,1.0,0,0.35,0.31797753260326195
1782,7802.957,6929.993,1350.519,0.0025,0,0,0.0,0,0.16170835914015444,0,0.0,0,0.04,0.3177931003270637
1783,10055.108,6385.345,1541.0,0.005,0,0,0.0,0,0.04724860344693384,0,0.0,0,0.0,0.3177482940675893
1784,4622.267,6284.322,1009.39,0.076,0,0,0.2,0,0.20209498562716247,0,0.0,0,0.04,0.3172658618607039
1785,12184.714,9619.928,1349.43,0.236,1,0,0.4,1,0.7776184726191064,1,1.0,0,0.36,0.31706482263030994
1786,5770.249,8262.428,690.999,0.016,0,0,0.4,0,0.19855107579750278,0,0.06719367588932806,0,0.28,0.3162087314498775
1787,9908.209,6530.959,1455.0,0.016,0,0,0.0,0,0.02773635448426253,0,0.06719367588932806,0,0.04,0.3156281459320887
1788,5656.0,8013.0,593.0,0.039,0,0,0.0,0,0.08477503110867475,0,0.0,0,0.0,0.3152658647020276
1789,7692.0,7180.0,1275.0,0.047,0,0,0.2,0,0.1960992702702087,0,0.06719367588932806,0,0.15,0.31492170200469916
1790,5309.807,7918.561,599.0,0.021,0,0,0.0,0,0.06420329470594666,0,0.0,0,0.01,0.31492170200469904
1791,7252.0,9301.0,989.0,0.0025,0,0,0.0,0,0.02929630596692313,0,0.0,0,0.01,0.3141849987962253
1792,10781.339,5714.579,1554.56,0.014,0,0,0.2,1,0.7350208289969452,0,0.0,0,0.11,0.3140727742556302
1793,10073.0,8888.0,1127.0,0.0025,0,0,0.0,0,0.0030578018376787664,0,0.0,0,0.0,0.31339200632907266
1794,10082.0,8743.0,1075.0,0.0025,0,0,0.0,0,0.0014470672028195995,0,0.0,0,0.0,0.31339200632907266
1795,10287.0,8689.0,1085.0,0.0025,0,0,0.0,0,0.0009631745597092124,0,0.0,0,0.0,0.31339200632907266
1796,13368.477,7064.41,1456.61,0.0025,0,0,0.0,0,0.011509772923800999,0,0.0,0,0.0,0.31339200632907266
1797,10460.726,9162.846,1276.0,0.0025,0,0,0.0,0,0.0005251706045603941,0,0.0,0,0.03,0.31339200632907266
1798,10892.864,9520.108,1412.0,0.005,0,0,0.0,0,0.001125044289276166,0,0.0,0,0.0,0.31339200632907266
1799,10077.0,8760.0,1081.0,0.0025,0,0,0.0,0,0.00321678511928535,0,0.0,0,0.0,0.31339200632907266
1800,6933.387,4491.697,959.0,0.0025,0,0,0.0,0,0.0035679879410371656,0,0.0,0,0.0,0.313119634306739
1801,352.0,8030.0,790.0,0.005,0,0,0.2,0,0.057197682159965554,0,0.0,0,0.06,0.312588913291552
1802,6188.95,7374.591,1033.0,0.12,1,0,0.2,0,0.3549773799610092,0,0.38461538461538464,1,0.72,0.3116068835022923
1803,8557.7,5871.49,1368.65,0.005,0,0,0.4,0,0.3035919715569337,0,0.03278688524590164,0,0.17,0.31121869677711356
1804,5635.132,6203.076,1244.0,0.043,0,0,0.4,0,0.18056234355571535,0,0.0,0,0.15,0.31042284975428286
1805,5636.0,6208.0,1246.0,0.043,0,0,0.4,0,0.0664590350258079,0,0.0,0,0.08,0.31042284975428286
1806,5294.0,6431.0,1219.0,0.14,1,0,0.4,0,0.18879523678922086,1,1.0,1,0.82,0.31042284975428286
1807,4685.526,6211.428,1080.0,0.555,1,0,0.4,0,0.20812337486241583,1,1.0,1,0.68,0.3104228497542828
1808,16242.11,9301.554,1357.729,0.033,0,0,0.0,0,0.035119262980781836,0,0.0,0,0.13,0.30824719396115513
1809,6763.869,4867.874,1013.559,0.006,0,0,0.0,0,0.01408442691997058,0,0.0,0,0.03,0.3081153560059544
1810,6183.965,8349.394,624.0,0.008,0,0,0.0,0,0.05237947449412561,0,0.0,0,0.02,0.3079006477325389
1811,5315.348,3201.014,1126.48,0.286,1,1,1.0,1,0.9999974666335407,0,0.0,1,0.7,0.30752945155280975
1812,3368.882,6976.376,43.0,0.02,0,0,0.0,0,0.22407131867299257,0,0.0,0,0.27,0.30659438346601775
1813,11573.009,7065.976,1309.0,0.0025,0,0,0.0,0,0.004002835374888392,0,0.0,0,0.0,0.3065469795501437
1814,8949.0,4946.0,1198.0,0.0025,0,0,0.0,0,0.0034101520489496617,0,0.0,0,0.0,0.3065469795501437
1815,6775.243,9176.615,699.85,0.0025,0,0,0.0,0,0.0025606688159148868,0,0.0,0,0.0,0.3065469795501437
1816,7861.0,6505.0,1337.0,0.0025,0,0,0.0,0,0.006373261364761802,0,0.0,0,0.0,0.3065469795501437
1817,6688.0,7269.0,1077.0,0.0025,0,0,0.0,0,0.002955669022765394,0,0.0,0,0.0,0.3065469795501437
1818,5797.0,6157.0,1286.0,0.0025,0,0,0.0,0,0.0025321156264718203,0,0.0,0,0.0,0.3065469795501437
1819,12105.873,7738.184,1388.0,0.005,0,0,0.0,0,0.0023872028357539627,0,0.0,0,0.0,0.3065469795501437
1820,11615.695,8856.134,1193.41,0.0025,0,0,0.0,0,0.0048607419216359,0,0.0,0,0.0,0.3065469795501437
1821,4309.524,6338.249,825.0,0.005,0,0,0.0,0,0.0047792989243510865,0,0.0,0,0.0,0.3065469795501437
1822,4968.2,6374.2,1199.0,0.0025,0,0,0.0,0,0.0007820083534148154,0,0.0,0,0.0,0.3065469795501437
1823,4969.0,6374.0,1194.0,0.052,0,0,0.0,0,0.00011984260370426161,0,0.06719367588932806,0,0.01,0.3065469795501437
1824,5560.612,6970.5,1002.42,0.0025,0,0,0.0,0,0.004865447620605422,0,0.0,0,0.0,0.3065469795501437
1825,8400.96,5594.5,1351.58,0.0025,0,0,0.0,0,0.0037916946855405973,0,0.0,0,0.02,0.3065469795501437
1826,3880.34,6542.436,505.0,0.0025,0,0,0.0,0,0.002497035346527348,0,0.0,0,0.0,0.3065469795501437
1827,5942.0,7246.0,1100.0,0.0025,0,0,0.0,0,0.001920294911835026,0,0.0,0,0.0,0.3065469795501437
1828,8618.0,6656.0,1378.0,0.0025,0,0,0.0,0,0.0033629644523291763,0,0.0,0,0.0,0.3065469795501437
1829,7118.649,9357.443,984.0,0.0025,0,0,0.0,0,0.011271255781323217,0,0.0,0,0.0,0.3065469795501437
1830,11568.974,7096.43,1308.0,0.0025,0,0,0.0,0,0.004734297738904845,0,0.0,0,0.0,0.3065469795501437
1831,6941.902,9320.45,876.0,0.0025,0,0,0.0,0,0.001442983710211336,0,0.0,0,0.0,0.3065469795501437
1832,5319.665,8036.053,590.0,0.009,0,0,0.0,0,0.24659526380300203,0,0.0,0,0.03,0.305783041149033
1833,3885.334,7347.289,138.0,0.0025,0,0,0.0,0,0.001814386319973867,0,0.0,0,0.04,0.30560433105985907
1834,4687.0,7919.0,313.0,0.007,0,0,0.0,0,0.0002656055950908397,0,0.06719367588932806,0,0.03,0.30560433105985907
1835,5153.999,7735.219,593.0,0.013,0,0,0.2,0,0.021477978066976135,0,0.0,0,0.02,0.30494264708450575
1836,12593.212,9322.593,1287.22,0.042,0,0,0.0,0,0.00119006395111345,0,0.06719367588932806,0,0.05,0.30494264708450575
1837,5481.0,8260.0,521.0,0.135,1,0,0.2,0,0.11935815194002047,0,0.06719367588932806,1,0.73,0.3045114715524038
1838,10960.114,6020.15,1530.0,0.007,0,0,0.0,0,0.03180061784109868,0,0.06719367588932806,0,0.19,0.3044823647206258
1839,10896.122,5998.548,1514.0,0.0025,0,0,0.0,0,0.006380362755609747,0,0.0,0,0.0,0.3044823647206258
1840,10847.687,5985.819,1505.0,0.0025,0,0,0.0,0,0.01450476485554107,0,0.0,0,0.0,0.3044823647206258
1841,5416.856,6990.309,973.0,0.0025,0,0,0.0,0,0.09260655107045655,0,0.0,0,0.01,0.3044823647206258
1842,10875.946,6040.388,1480.46,0.0025,0,0,0.0,0,0.022315307462370936,0,0.06719367588932806,0,0.01,0.30448236472062573
1843,7747.847,7168.944,1272.0,0.025,0,0,0.2,0,0.10674155693822705,0,0.06719367588932806,0,0.09,0.30418616305335144
1844,6285.813,8211.679,715.0,0.095,0,0,0.0,0,0.03781664948223584,0,0.06719367588932806,0,0.03,0.303953189447368
1845,5292.965,8045.829,567.0,0.01,0,0,0.0,0,0.11807538411617412,0,0.0,0,0.0,0.303953189447368
1846,6080.0,8427.0,566.0,0.043,0,0,0.0,0,0.10106860405501848,0,0.06818181818181818,0,0.03,0.30395318944736793
1847,13566.359,7659.223,1461.89,0.0025,0,0,0.0,0,0.016529116280273412,0,0.0,0,0.0,0.3037241218861891
1848,12506.71,9377.052,1326.0,0.079,0,0,0.2,0,0.0005384896079922467,0,0.0,0,0.18,0.30208733227261236
1849,5413.353,6353.14,1317.0,0.014,0,0,0.2,0,0.14198954548635812,0,0.06818181818181818,0,0.02,0.2997954119478122
1850,11801.243,9925.7,1367.0,0.035,0,0,0.0,0,0.011865224320695453,0,0.06818181818181818,0,0.04,0.29950966184740535
1851,7646.0,7414.0,1201.0,0.019,0,0,0.0,0,0.023307792600420523,0,0.0,0,0.01,0.29923344290028636
1852,11665.294,7865.684,1314.0,0.0025,0,0,0.0,0,0.0006035674172834625,0,0.03278688524590164,0,0.0,0.29921149977487044
1853,6848.0,6820.0,1298.0,0.049,0,0,0.4,0,0.13972385799091022,1,0.6666666666666666,0,0.25,0.298900460301644
1854,5360.0,6440.0,1234.0,0.03,0,0,0.0,0,0.07923960087179117,0,0.06719367588932806,0,0.08,0.2981736065244086
1855,11973.089,10040.492,1363.75,0.01,0,0,0.0,0,4.457527549866632e-05,0,0.06719367588932806,0,0.2,0.29713755284451776
1856,5211.113,7777.32,594.0,0.0025,0,0,0.0,0,0.017582901781101563,0,0.0,0,0.01,0.29648201362072496
1857,8400.0,5163.0,1248.0,0.156,1,0,0.2,0,0.13638368929573919,0,0.06719367588932806,1,0.66,0.29648201362072496
1858,5154.828,6439.146,1186.5,0.008,0,0,0.0,0,0.0397657020572639,0,0.02702702702702703,0,0.05,0.29648201362072496
1859,5155.399,6439.088,1186.9,0.006,0,0,0.2,0,0.032987149479624014,0,0.0,0,0.04,0.29648201362072496
1860,7652.489,9380.671,1004.9,0.005,0,0,0.2,0,0.08143960606744595,0,0.0,0,0.03,0.29648201362072496
1861,5278.899,6322.572,1312.0,0.013,0,0,0.2,0,0.0973292558979624,0,0.0,0,0.01,0.296122223358499
1862,5020.0,6714.0,1000.0,0.126,1,0,0.0,0,0.21685673071965814,0,0.06818181818181818,0,0.06,0.2954082744579763
1863,12372.0,9466.0,1400.0,0.026,0,0,0.2,0,0.12208522863433148,0,0.06719367588932806,0,0.05,0.2948700784028428
1864,4650.153,6304.18,1061.0,0.255,1,1,0.6,0,0.3026163749054447,0,0.4666666666666667,1,0.67,0.29453633229988724
1865,8006.979,7150.022,1224.319,0.0025,0,0,0.0,0,0.10658489424765889,0,0.0,0,0.02,0.29390936648319194
1866,6255.471,8251.829,697.0,0.097,0,0,0.0,0,0.29768433957756374,0,0.07142857142857142,0,0.21,0.2937019443984848
1867,5539.211,6856.855,1055.0,0.09,0,0,0.2,0,0.18066265371596635,0,0.06719367588932806,0,0.21,0.293406076163469
1868,10961.628,5933.863,1531.18,0.01,0,0,0.0,0,0.016990104122231824,0,0.06719367588932806,0,0.03,0.2933987766475144
1869,4522.1,7817.8,320.0,0.005,0,0,0.0,0,0.0005191124932632965,0,0.0,0,0.04,0.29306503832381803
1870,9897.863,6508.022,1455.0,0.029,0,0,0.0,0,0.0049093220040687694,0,0.0,0,0.02,0.2920162193514658
1871,4422.475,7521.769,384.0,0.0025,0,0,0.0,0,0.0017980909814130411,0,0.0,0,0.0,0.29092560109856813
1872,7607.886,6190.909,1317.929,0.0025,0,0,0.2,0,0.19461133996811245,0,0.06818181818181818,0,0.15,0.28985190997020155
1873,4620.0,6407.0,998.0,0.047,0,0,0.0,0,0.002615771148947716,0,0.0,0,0.02,0.2897314518829461
1874,6737.494,6511.198,1229.269,0.026,0,0,0.4,0,0.33703088349546106,0,0.06719367588932806,0,0.3,0.28841869317763874
1875,3706.803,6092.985,573.0,0.35,1,0,0.4,0,0.14394988138337156,1,1.0,1,0.75,0.28841869317763874
1876,4820.35,6134.421,1178.0,0.005,0,0,0.0,0,0.02975592953221296,0,0.0,0,0.01,0.2879399450239638
1877,4813.369,6129.726,1178.0,0.005,0,0,0.0,0,0.026919641506034868,0,0.0,0,0.0,0.28793994502396375
1878,12333.0,9378.0,1370.0,0.02,0,0,0.2,0,0.01065164090001619,0,0.06719367588932806,0,0.08,0.2870353712146351
1879,5182.0,6696.0,1017.0,0.0025,0,0,0.0,0,0.0029029459789653373,0,0.0,0,0.0,0.28556526092851975
1880,0.0,9216.0,817.0,0.0025,0,0,0.0,0,6.985283056179243e-05,0,0.0,0,0.0,0.28534740572923867
1881,11969.984,9250.353,1304.83,0.0025,0,0,0.0,0,0.00010325073607299417,0,0.0,0,0.0,0.28534740572923856
1882,3310.345,6922.672,20.0,0.019,0,0,0.0,0,0.00010238927723117962,0,0.0,0,0.04,0.2850098579325963
1883,3975.356,6291.86,626.0,0.006,0,0,0.0,0,0.0030744730966933663,0,0.0,0,0.0,0.2846814136805973
1884,4986.355,8192.968,400.0,0.019,0,0,0.0,0,0.03983175435330939,0,0.06719367588932806,0,0.03,0.2846814136805973
1885,4727.0,6633.0,912.0,0.048,0,0,0.0,0,0.06049225486428609,0,0.06719367588932806,0,0.05,0.2846814136805973
1886,5560.141,6800.232,1156.639,0.083,0,0,0.0,0,0.02178423480221979,0,0.06719367588932806,0,0.03,0.2846814136805973
1887,5333.216,6546.106,1146.0,0.006,0,0,0.0,0,0.08609435184823672,0,0.0,0,0.0,0.28468141368059724
1888,12291.151,9344.202,1358.05,0.017,0,0,0.0,0,0.0026640013673611875,1,1.0,0,0.41,0.2835903640706803
1889,5599.0,6591.0,1223.0,0.0025,0,0,0.0,0,0.0028703963012634637,0,0.0,0,0.0,0.2823718422498907
1890,7711.0,6971.0,1317.0,0.0025,0,0,0.0,0,0.015195622676918449,0,0.0,0,0.0,0.2823718422498907
1891,8940.0,5296.0,1174.0,0.0025,0,0,0.0,0,0.008215632229206906,0,0.0,0,0.0,0.2823718422498907
1892,7615.0,6483.0,1038.0,0.008,0,0,0.0,0,0.004194451159471604,0,0.0,0,0.0,0.2823718422498907
1893,7436.362,4377.58,944.0,0.0025,0,0,0.0,0,0.014754893494418091,0,0.0,0,0.0,0.2823718422498906
1894,13415.978,7867.289,1457.0,0.071,0,0,0.0,0,0.0009634758103102996,0,0.0,0,0.0,0.2823718422498906
1895,7232.238,4423.497,923.0,0.0025,0,0,0.0,0,0.008201664912409541,0,0.0,0,0.0,0.2823718422498906
1896,5727.759,6451.983,1332.0,0.008,0,0,0.0,0,0.29076781551357267,0,0.0,0,0.03,0.2803388408095406
1897,6362.703,6658.752,1292.0,0.009,0,0,0.2,0,0.08359466148871415,0,0.06818181818181818,0,0.07,0.2801586871026583
1898,12369.0,6246.0,1488.0,0.0025,0,0,0.0,0,0.0031079868005403463,0,0.0,0,0.0,0.28009205566249196
1899,5052.817,6403.458,1235.0,0.0025,0,0,0.0,0,0.013872904768536315,0,0.0,0,0.0,0.28009205566249196
1900,6847.0,6690.0,1358.0,0.0025,0,0,0.0,0,0.006668282440907003,0,0.0,0,0.0,0.28009205566249196
1901,7388.0,5177.0,1308.0,0.0025,0,0,0.0,0,0.00587199145404589,0,0.0,0,0.01,0.28009205566249185
1902,7299.823,5787.374,1183.0,0.0025,0,0,0.0,0,0.0027641701633198215,0,0.0,0,0.0,0.28009205566249185
1903,7450.437,5620.751,1286.0,0.0025,0,0,0.0,0,0.004069778514109581,0,0.0,0,0.01,0.28009205566249185
1904,8879.033,8654.444,1019.0,0.0025,0,0,0.0,0,0.001101120919445511,0,0.0,0,0.0,0.28009205566249185
1905,5972.0,3917.0,883.0,0.0025,0,0,0.0,0,0.0003600705095372044,0,0.0,0,0.0,0.28009205566249185
1906,9159.0,6615.0,1348.0,0.006,0,0,0.0,0,0.0008196364122675412,0,0.0,0,0.0,0.28009205566249185
1907,5039.128,6497.076,1140.0,0.006,0,0,0.0,0,0.020577730055514207,0,0.0,0,0.0,0.28009205566249185
1908,7271.0,5300.0,1346.0,0.0025,0,0,0.0,0,0.003876660734457221,0,0.0,0,0.0,0.28009205566249185
1909,7555.0,5115.0,1373.0,0.0025,0,0,0.0,0,0.002634973002355909,0,0.0,0,0.0,0.28009205566249185
1910,7898.006,5423.997,1489.369,0.0025,0,0,0.0,0,0.0046697605449286,0,0.0,0,0.0,0.28009205566249185
1911,7000.0,5421.0,1220.0,0.0025,0,0,0.0,0,0.010942047990983257,0,0.0,0,0.0,0.28009205566249185
1912,5123.258,6357.067,1291.0,0.0025,0,0,0.0,0,0.01945136299298184,0,0.0,0,0.01,0.28009205566249185
1913,5057.557,6403.278,1240.0,0.005,0,0,0.0,0,0.003422450050583557,0,0.0,0,0.0,0.28009205566249185
1914,5497.0,6745.0,1130.0,0.0025,0,0,0.0,0,0.005224507842637442,0,0.0,0,0.0,0.28009205566249185
1915,5713.0,6363.0,1363.0,0.0025,0,0,0.0,0,0.006000749640591934,0,0.0,0,0.0,0.28009205566249185
1916,7088.0,5445.0,1267.0,0.0025,0,0,0.0,0,0.0036140074483491753,0,0.0,0,0.0,0.28009205566249185
1917,3935.62,6142.321,600.0,0.006,0,0,0.0,0,0.0042252521344141895,0,0.0,0,0.0,0.28009205566249185
1918,3962.551,6742.066,493.0,0.028,0,0,0.0,0,0.013422543424659103,0,0.0,0,0.0,0.28009205566249185
1919,6379.0,7345.0,1061.0,0.0025,0,0,0.0,0,0.004394077635326588,0,0.0,0,0.0,0.28009205566249185
1920,9217.572,8458.713,961.09,0.0025,0,0,0.0,0,0.0005394831758524565,0,0.0,0,0.0,0.28009205566249185
1921,6460.0,7389.0,1038.0,0.0025,0,0,0.0,0,0.0027388902663684684,0,0.0,0,0.0,0.28009205566249185
1922,6566.0,7307.0,1055.0,0.007,0,0,0.0,0,0.00486708532046384,0,0.0,0,0.0,0.28009205566249185
1923,7095.31,4683.005,1051.0,0.0025,0,0,0.0,0,0.033256067095292045,0,0.0,0,0.0,0.28009205566249185
1924,6201.0,7260.0,1100.0,0.0025,0,0,0.0,0,0.004560814530591007,0,0.0,0,0.0,0.28009205566249185
1925,5098.788,6502.139,1130.0,0.042,0,0,0.0,0,0.025158755434351428,0,0.0,0,0.0,0.28009205566249185
1926,5040.0,6497.0,1140.0,0.0025,0,0,0.0,0,0.015250048973913433,0,0.0,0,0.01,0.28009205566249185
1927,5407.893,6351.173,1320.0,0.0025,0,0,0.0,0,0.012882712404711665,0,0.0,0,0.0,0.28009205566249185
1928,5472.0,6782.0,1112.0,0.0025,0,0,0.0,0,0.008435909979840216,0,0.0,0,0.0,0.28009205566249185
1929,5543.563,7699.075,773.0,0.0025,0,0,0.0,0,0.003673984353432996,0,0.0,0,0.0,0.28009205566249185
1930,4602.829,6404.056,1015.0,0.032,0,0,0.0,0,0.005975743573367955,0,0.0,0,0.02,0.28009205566249185
1931,10791.762,5947.719,1493.0,0.0025,0,0,0.0,0,0.006483806836629609,0,0.0,0,0.01,0.28009205566249185
1932,13420.369,7979.213,1461.0,0.008,0,0,0.0,0,0.0016365298479806888,0,0.0,0,0.0,0.28009205566249185
1933,8485.0,4846.0,1141.0,0.0025,0,0,0.0,0,0.0016076835458938487,0,0.0,0,0.0,0.28009205566249185
1934,15215.853,8958.177,1392.959,0.008,0,0,0.0,0,0.004053464417885614,0,0.0,0,0.0,0.28009205566249185
1935,15961.376,9122.193,1395.149,0.013,0,0,0.0,0,0.0023393866000744994,0,0.0,0,0.01,0.28009205566249185
1936,9768.449,3356.856,1483.869,0.009,0,0,0.0,0,0.00490568073112921,0,0.06719367588932806,0,0.01,0.28009205566249185
1937,7225.0,6643.0,1289.0,0.0025,0,0,0.0,0,0.00474385936826653,0,0.0,0,0.0,0.28009205566249185
1938,5802.0,5952.0,1185.0,0.0025,0,0,0.0,0,0.0013229132802924223,0,0.0,0,0.0,0.28009205566249185
1939,6257.232,7213.196,1169.099,0.032,0,0,0.0,0,0.005803354957811807,0,0.06719367588932806,0,0.02,0.28009205566249185
1940,6618.0,7235.0,1093.0,0.0025,0,0,0.0,0,0.007936075914782834,0,0.0,0,0.0,0.28009205566249185
1941,8524.72,5764.64,1333.57,0.0025,0,0,0.0,0,0.0025880092413878286,0,0.0,0,0.0,0.28009205566249185
1942,6681.0,6855.0,1300.0,0.0025,0,0,0.0,0,0.02611206208400769,0,0.0,0,0.0,0.28009205566249185
1943,8618.49,5946.74,1429.29,0.0025,0,0,0.0,0,0.004744202461325972,0,0.0,0,0.01,0.28009205566249185
1944,5448.0,6346.0,1312.0,0.0025,0,0,0.0,0,0.0051266980391278996,0,0.0,0,0.0,0.28009205566249185
1945,5664.0,6310.0,1336.0,0.005,0,0,0.0,0,0.0037515037026730337,0,0.0,0,0.0,0.28009205566249185
1946,15934.444,9106.715,1395.149,0.042,0,0,0.0,0,0.0014419875761934701,0,0.06719367588932806,0,0.0,0.28009205566249185
1947,6330.0,7325.0,1083.0,0.0025,0,0,0.0,0,0.004669163145356428,0,0.0,0,0.01,0.28009205566249185
1948,5922.0,6353.0,1316.0,0.0025,0,0,0.0,0,0.001679893246059819,0,0.0,0,0.0,0.28009205566249185
1949,5893.0,6304.0,1320.0,0.0025,0,0,0.0,0,0.0026174985930212907,0,0.0,0,0.0,0.28009205566249185
1950,5356.395,7056.879,907.18,0.0025,0,0,0.0,0,0.0033528852046452234,0,0.0,0,0.0,0.28009205566249185
1951,12406.572,9767.952,1396.0,0.014,0,0,0.0,0,0.003883114814914713,0,0.0,0,0.0,0.28009205566249185
1952,5792.0,5937.0,1174.0,0.0025,0,0,0.0,0,0.005280393678032531,0,0.0,0,0.0,0.28009205566249185
1953,5675.0,6015.0,1162.0,0.0025,0,0,0.0,0,0.0018501469245315563,0,0.0,0,0.0,0.28009205566249185
1954,8439.0,5192.0,1254.0,0.0025,0,0,0.0,0,0.0034238004901588097,0,0.0,0,0.0,0.28009205566249185
1955,5857.7,6231.0,1297.0,0.0025,0,0,0.0,0,0.007736349628627865,0,0.0,0,0.0,0.28009205566249185
1956,5508.585,6987.065,969.0,0.0025,0,0,0.0,0,0.0044249568161744066,0,0.0,0,0.0,0.28009205566249185
1957,6418.026,7869.974,941.609,0.114,1,0,0.2,0,0.09790034215613291,0,0.4666666666666667,0,0.19,0.27942217721771456
1958,4647.58,7444.351,522.0,0.0025,0,0,0.0,0,0.008342312766678052,0,0.0,0,0.0,0.27917557571372725
1959,5866.906,6076.423,1240.0,0.0025,0,0,0.2,0,0.20815764671963985,0,0.0,0,0.01,0.2789623828106821
1960,5366.878,7888.632,633.0,0.006,0,0,0.0,0,0.252594344930409,0,0.0,0,0.0,0.27830005681521647
1961,6478.008,7737.954,941.609,0.416,1,0,0.2,0,0.11442334181631629,0,0.06719367588932806,0,0.28,0.27741561621161615
1962,3972.212,6290.54,626.0,0.0025,0,0,0.0,0,0.005245903924455507,0,0.02702702702702703,0,0.01,0.2770138185805674
1963,4995.594,8197.018,413.0,0.006,0,0,0.0,0,0.08029943234204936,0,0.06719367588932806,0,0.01,0.2770138185805674
1964,5497.965,6489.136,1251.0,0.0025,0,0,0.0,0,0.02057848497839422,0,0.0,0,0.02,0.2770138185805674
1965,4873.81,6262.021,1196.0,0.019,0,0,0.0,0,0.04260632772971604,0,0.06719367588932806,0,0.05,0.2770138185805674
1966,5570.832,6791.101,1156.639,0.029,0,0,0.0,0,0.022597414187520763,0,0.0,0,0.02,0.2770138185805674
1967,7338.0,7187.0,1248.0,0.0025,0,0,0.0,0,0.00550418750904891,0,0.0,0,0.0,0.2770138185805674
1968,12185.944,9866.588,1324.53,0.006,0,0,0.0,0,0.0001763977294128982,0,0.0,0,0.03,0.2770138185805674
1969,3974.447,6291.402,626.0,0.007,0,0,0.0,0,0.008783692316875615,0,0.0,0,0.0,0.2770138185805674
1970,5414.701,6353.784,1317.0,0.0025,0,0,0.0,0,0.008849177921918073,0,0.0,0,0.0,0.2770138185805673
1971,5411.491,6352.539,1317.0,0.0025,0,0,0.0,0,0.014955007644732,0,0.0,0,0.0,0.2770138185805673
1972,5379.0,6455.0,1254.0,0.018,0,0,0.0,0,0.003341850079242522,0,0.0,0,0.0,0.2770138185805673
1973,5408.565,6351.44,1320.0,0.0025,0,0,0.0,0,0.008158081484455104,0,0.0,0,0.0,0.2770138185805673
1974,6410.0,6739.0,1335.0,0.0025,0,0,0.0,0,0.016372621703369138,0,0.06719367588932806,0,0.0,0.2770138185805673
1975,11989.433,9247.174,1307.57,0.0025,0,0,0.0,0,0.0010222887788258685,1,1.0,0,0.0,0.2770138185805673
1976,3973.353,6290.887,626.0,0.0025,0,0,0.0,0,0.013586087833292348,0,0.06719367588932806,0,0.0,0.2770138185805673
1977,13401.108,7930.185,1451.0,0.015,0,0,0.0,0,0.0008118466156939702,0,0.0,0,0.0,0.2770138185805673
1978,7595.705,7475.786,1208.0,0.0025,0,0,0.0,0,0.030669640852904818,0,0.0,0,0.0,0.2768455490152389
1979,6268.728,8201.253,730.0,0.018,0,0,0.0,0,0.13264914762405283,0,0.0,0,0.17,0.27676701546148375
1980,6274.946,9078.549,595.0,0.0025,0,0,0.0,0,1.8273682006836241e-06,0,0.0,0,0.0,0.2763503195288377
1981,6276.2,9078.549,596.0,0.0025,0,0,0.0,0,3.5199252033255295e-05,0,0.0,0,0.0,0.2763503195288376
1982,5412.298,6352.81,1317.0,0.0025,0,0,0.0,0,0.015051924486557518,0,0.0,0,0.0,0.2763503195288376
1983,8730.17,5566.78,1299.12,0.006,0,0,0.4,0,0.16822019286716464,0,0.06719367588932806,0,0.13,0.2759026270804661
1984,9447.0,6429.0,1497.0,0.006,0,0,0.0,0,0.10616003970799055,0,0.03278688524590164,0,0.02,0.2759026270804661
1985,6892.0,7999.0,929.0,0.017,0,0,0.0,0,0.12345143567052273,0,0.03278688524590164,0,0.01,0.2759026270804661
1986,6572.0,7167.0,1125.0,0.0025,0,0,0.0,0,0.18998533004078064,0,0.0,0,0.16,0.27557583668372354
1987,6562.195,8529.096,667.0,0.0025,0,0,0.0,0,0.1388918329198196,0,0.0,0,0.0,0.2755732992725425
1988,5430.223,8352.772,559.0,0.0025,0,0,0.0,0,0.030152403709521398,0,0.0,0,0.0,0.2754528116260484
1989,5326.0,6553.0,1154.0,0.042,0,0,0.4,0,0.1982563329456984,0,0.06719367588932806,0,0.1,0.2748920624876429
1990,5557.228,8030.05,569.0,0.0025,0,0,0.0,0,0.0738252012896923,0,0.0,0,0.0,0.2748189640429631
1991,5492.003,8007.473,580.0,0.0025,0,0,0.0,0,0.12828370586662752,0,0.0,0,0.02,0.2748189640429631
1992,10163.711,6252.092,1530.0,0.024,0,0,0.0,0,0.029042483170340878,0,0.06719367588932806,0,0.06,0.27395035537032897
1993,13162.24,7721.219,1399.0,0.132,1,1,0.6,1,0.7197351114259529,0,0.06719367588932806,0,0.41,0.27366907629168585
1994,5306.604,8039.198,577.0,0.009,0,0,0.0,0,0.09293456906741172,0,0.03278688524590164,0,0.01,0.2736263681919215
1995,6582.0,7104.0,1164.0,0.021,0,0,0.0,0,0.21695857642511504,0,0.07142857142857142,0,0.12,0.2734480919947506
1996,5344.757,7899.473,623.0,0.018,0,0,0.0,0,0.2469288038495842,0,0.06818181818181818,0,0.03,0.2725388305042511
1997,5795.033,8225.54,685.0,0.019,0,0,0.0,0,0.14810588840459574,0,0.06818181818181818,0,0.0,0.2725388305042511
1998,12421.0,9484.0,1365.0,0.014,0,0,0.0,0,1.4506286978124335e-05,0,0.0,0,0.03,0.2723670741207424
1999,6428.0,8316.0,711.0,0.028,0,0,0.0,0,0.01878509011646168,0,0.06719367588932806,0,0.23,0.2712417580484984
2000,8548.67,5806.69,1341.28,0.0025,0,0,0.0,0,0.0018193711863014547,0,0.0,0,0.0,0.27099200403208507
2001,7284.0,6575.0,1281.0,0.0025,0,0,0.0,0,0.006218880440312781,0,0.0,0,0.0,0.27099200403208507
2002,7211.0,7585.0,1146.0,0.006,0,0,0.0,0,0.001864567511517466,0,0.0,0,0.0,0.27099200403208507
2003,5802.0,6339.0,1359.0,0.0025,0,0,0.0,0,0.009723045788876315,0,0.0,0,0.0,0.27099200403208507
2004,5850.0,6442.0,1325.0,0.0025,0,0,0.0,0,0.002221932524469936,0,0.0,0,0.0,0.27099200403208507
2005,7537.0,5166.0,1320.0,0.0025,0,0,0.0,0,0.006959267573706189,0,0.0,0,0.0,0.27099200403208507
2006,5842.0,6145.0,1272.0,0.0025,0,0,0.0,0,0.006981735399379965,0,0.0,0,0.0,0.27099200403208507
2007,12175.563,6025.04,1493.97,0.0025,0,0,0.0,0,0.0018097560855553695,0,0.06719367588932806,0,0.0,0.27099200403208507
2008,9938.961,7979.888,1098.0,0.0025,0,0,0.0,0,0.0011371370679830568,0,0.0,0,0.0,0.27099200403208507
2009,12148.866,6036.253,1490.58,0.0025,0,0,0.0,0,0.003735531418935195,0,0.0,0,0.0,0.27099200403208507
2010,7362.0,7374.0,1272.0,0.086,0,0,0.0,0,0.22162866834108624,1,0.8947368421052632,0,0.47,0.270966704854778
2011,5572.0,6585.0,1252.0,0.0025,0,0,0.0,0,0.0023485101189457507,0,0.0,0,0.0,0.26824596460482897
2012,6764.997,7673.952,1054.389,0.047,0,0,0.2,0,0.10816513489946142,0,0.06719367588932806,0,0.06,0.26818945438133784
2013,7314.843,7553.961,1206.779,0.005,0,0,0.4,0,0.09466725280052397,0,0.06818181818181818,0,0.0,0.2681894543813378
2014,5114.0,6678.0,1020.0,0.005,0,0,0.0,0,0.016015772143378043,0,0.0,0,0.0,0.2669131436179216
2015,11861.497,9973.41,1360.34,0.016,0,0,0.0,0,6.212001668924856e-05,0,0.0,0,0.0,0.2669131436179216
2016,13423.401,7979.578,962.0,0.011,0,0,0.0,0,0.00013155049383598607,0,0.0,0,0.01,0.2669131436179215
2017,9884.0,6720.0,1428.0,0.039,0,0,0.0,0,0.06578925096779097,0,0.0,0,0.08,0.26520919929433906
2018,4882.0,6347.0,1254.0,0.0025,0,0,0.2,0,0.026634674855217078,0,0.0,0,0.0,0.2650802979544471
2019,7406.545,8845.414,719.0,0.016,0,0,0.0,0,0.02604031245872567,0,0.0,0,0.01,0.26248806170507294
2020,5688.0,6370.0,1353.0,0.0025,0,0,0.0,0,0.004798693856679166,0,0.0,0,0.0,0.26247537742010657
2021,6041.007,7656.266,825.0,0.0025,0,0,0.0,0,0.0012255016965164905,0,0.03278688524590164,0,0.0,0.2619062572295838
2022,5065.2,6581.0,1094.0,0.011,0,0,0.0,0,0.02758322801269407,0,0.06719367588932806,0,0.0,0.26154697431436547
2023,4723.0,5995.0,1040.0,0.042,0,0,0.0,0,0.09500690612695974,0,0.0,0,0.09,0.26154697431436547
2024,5296.0,5976.0,1178.0,0.009,0,0,0.0,0,0.015283652616593257,0,0.0,0,0.01,0.26154697431436547
2025,10160.057,6251.813,1537.0,0.0025,0,0,0.0,0,0.0161932749132896,0,0.03278688524590164,0,0.01,0.26108452669192095
2026,6590.512,7503.86,1054.389,0.268,1,0,0.2,0,0.17318730380816702,0,0.06719367588932806,0,0.14,0.26065897747932565
2027,10777.316,5702.359,1551.11,0.135,1,0,0.2,0,0.1419220347170927,1,1.0,1,0.68,0.2598378004885789
2028,5107.181,7796.021,543.0,0.0025,0,0,0.0,0,0.013999407490465165,0,0.0,0,0.01,0.2595348445061761
2029,5066.8,6581.0,1094.0,0.034,0,0,0.0,0,0.06272458569189095,0,0.06719367588932806,0,0.01,0.25920655518239977
2030,7731.366,7189.951,1270.0,0.038,0,0,0.4,0,0.14370004948372742,0,0.03278688524590164,0,0.05,0.2591847648178402
2031,4811.6,6128.751,1178.0,0.0025,0,0,0.0,0,0.021873556107207606,0,0.0,0,0.02,0.25888805343206217
2032,10766.031,6153.87,1460.0,0.006,0,0,0.0,0,0.11960538185936356,0,0.03278688524590164,0,0.01,0.258408826713561
2033,10820.694,5822.978,1528.93,0.054,0,0,0.4,0,0.34830530543506066,0,0.07142857142857142,0,0.09,0.25706062626765885
2034,5053.624,6403.46,1235.0,0.0025,0,0,0.0,0,0.01242111651350743,0,0.0,0,0.0,0.2560285004030862
2035,8976.265,6231.452,1437.289,0.0025,0,0,0.0,0,0.07410789472341488,0,0.06818181818181818,0,0.05,0.25584541958923845
2036,5479.011,6750.046,1111.139,0.028,0,0,0.0,0,0.19839220635202992,0,0.0,0,0.02,0.2509460767620266
2037,4641.015,6340.459,1016.7,0.023,0,0,0.0,0,0.14349964551526712,0,0.0,0,0.06,0.2504933982232629
2038,9655.75,3299.504,1483.869,0.029,0,0,0.0,0,0.01889843400582402,0,0.0,0,0.0,0.25029484095117177
2039,8163.037,6302.033,1422.299,0.171,1,0,0.2,0,0.14796126573065022,0,0.06719367588932806,1,0.58,0.24761183807440523
2040,5382.0,6412.0,1267.0,0.0025,0,0,0.0,0,0.03617042744470737,0,0.0,0,0.05,0.24752605566394836
2041,5370.292,8166.589,504.0,0.009,0,0,0.0,0,0.13798096633622997,0,0.06818181818181818,0,0.02,0.24710123570214196
2042,8503.516,5901.5,1436.569,0.008,0,0,0.0,0,0.03647278158615689,0,0.06719367588932806,0,0.11,0.24597975446923148
2043,5275.099,7313.326,762.0,0.0025,0,0,0.0,0,5.23497975760484e-05,0,0.0,0,0.0,0.2453082175335171
2044,4985.997,8193.225,400.0,0.007,0,0,0.0,0,0.02884413544250649,0,0.0,0,0.07,0.24285092387734078
2045,4616.461,6342.215,1039.0,0.013,0,0,0.0,0,0.09750135076493242,0,0.0,0,0.01,0.24167374942368297
2046,9512.361,5371.409,1342.289,0.015,0,0,0.0,0,0.018223223326122737,0,0.0,0,0.01,0.24033544031281104
2047,5515.665,6887.556,1040.0,0.056,0,0,0.4,0,0.29701445094091605,0,0.0,0,0.03,0.23992530372986381
2048,6906.0,7658.0,1113.0,0.0025,0,0,0.2,0,0.0067069651001940185,0,0.03278688524590164,0,0.0,0.23730558964012097
2049,5392.816,7889.858,640.0,0.011,0,0,0.0,0,0.17922728957410194,0,0.0,0,0.03,0.23709061587734462
2050,6460.375,8364.004,728.0,0.013,0,0,0.0,0,0.0054074712274357365,0,0.06719367588932806,0,0.12,0.23675008942651043
2051,7185.679,9242.846,909.93,0.009,0,0,0.0,0,0.06131396820880796,0,0.03278688524590164,0,0.01,0.2363896598843187
2052,5429.87,8352.753,559.0,0.02,0,0,0.0,0,0.07145482198710035,0,0.06719367588932806,0,0.01,0.23459315156382612
2053,5730.086,3349.171,1143.25,0.102,1,1,1.0,1,0.9999786437226094,1,1.0,1,0.93,0.23438715010364816
2054,8402.877,4944.364,1182.22,0.02,0,0,0.2,0,0.04776750517698006,0,0.06719367588932806,0,0.08,0.23405307363468564
2055,7472.0,7511.0,1245.0,0.008,0,0,0.0,0,0.22554240969742062,0,0.06719367588932806,0,0.02,0.2335829482240772
2056,8034.977,6508.005,1381.939,0.017,0,0,0.2,0,0.10596749442472334,0,0.06719367588932806,0,0.12,0.23093519725754127
2057,10822.434,5814.74,1528.48,0.0025,0,0,0.0,0,0.00363492488877555,0,0.03278688524590164,0,0.02,0.23065375246762837
2058,7387.408,8806.318,681.0,0.03,0,0,0.0,0,0.09220904386432692,0,0.0,0,0.04,0.23022780905108176
2059,4715.121,6236.843,1077.0,0.019,0,0,0.4,0,0.22566961886479675,0,0.06719367588932806,0,0.11,0.22909296472609136
2060,6100.995,8209.643,699.0,0.064,0,0,0.2,0,0.17627639166175282,0,0.0,0,0.25,0.22909296472609134
2061,5772.328,3350.648,1143.47,0.171,1,0,0.4,1,0.9792496947164205,1,1.0,1,0.89,0.22816861320472748
2062,6332.121,6896.556,1302.709,0.039,0,0,0.2,0,0.03651213035854088,0,0.06719367588932806,0,0.05,0.227861830925457
2063,4525.12,7814.83,321.0,0.123,1,0,0.2,1,0.6379503158928485,1,1.0,0,0.48,0.2267869269000893
2064,5738.327,6437.205,1336.0,0.006,0,0,0.2,0,0.22358505488699917,0,0.0,0,0.03,0.22636853622274397
2065,7982.963,8490.224,851.0,0.015,0,0,0.0,0,0.03344825777173316,0,0.0,0,0.21,0.2261194645060643
2066,14323.775,8943.012,1435.429,0.0025,0,0,0.0,0,0.028728615732629054,0,0.0,0,0.0,0.22467592041784817
2067,7756.236,7420.633,1173.0,0.0025,0,0,0.0,0,0.07519385049526692,0,0.03278688524590164,0,0.0,0.22462595043377404
2068,6872.263,8977.7,624.0,0.0025,0,0,0.0,0,0.0021563915700776736,0,0.0,0,0.03,0.2245857854535507
2069,4526.23,7813.82,321.0,0.015,0,0,0.0,0,0.0017182132674221457,0,0.06719367588932806,0,0.04,0.22356764044824984
2070,4881.0,5974.0,1097.0,0.011,0,0,0.0,0,0.011841293759117338,0,0.0,0,0.01,0.22324674386625395
2071,3359.985,7087.879,0.0,0.172,1,1,0.8,0,8.960328966901293e-14,0,0.0,0,0.37,0.22251977308035728
2072,5669.828,6624.638,1218.0,0.261,1,0,0.4,1,0.9946529019091985,1,1.0,1,0.83,0.2200632896451033
2073,6201.0,6418.0,1363.0,0.0025,0,0,0.0,0,0.03560069276318865,0,0.0,0,0.0,0.21924923808056482
2074,5382.598,8030.441,596.0,0.0025,0,0,0.0,0,0.1798583204408373,0,0.0,0,0.0,0.21813474561844415
2075,6132.0,8384.0,578.0,0.015,0,0,0.0,0,0.19173864379476524,0,0.06719367588932806,0,0.05,0.21813474561844415
2076,6269.458,8200.522,731.0,0.0025,0,0,0.0,0,0.1649076244685664,0,0.06818181818181818,0,0.01,0.21813474561844415
2077,9209.416,6371.632,1466.209,0.006,0,0,0.0,0,0.07404674834958425,0,0.03278688524590164,0,0.04,0.21692920804572768
2078,11008.37,6690.639,1475.0,0.01,0,0,0.0,0,0.010988640993555164,0,0.03278688524590164,0,0.01,0.21692920804572766
2079,8104.991,6453.993,1414.849,0.009,0,0,0.0,0,0.02284266508047227,0,0.0,0,0.0,0.21692920804572766
2080,5700.856,8006.524,601.0,0.078,0,0,0.2,0,0.12249963158064282,0,0.06719367588932806,0,0.39,0.2162564310442303
2081,21562.0,2883.0,1392.0,0.02,0,0,0.0,0,0.021359619287199722,0,0.0,0,0.01,0.21590066710397443
2082,6463.657,8509.734,633.0,0.0025,0,0,0.0,0,0.003336898650490226,0,0.0,0,0.0,0.21582552872869057
2083,7128.681,8945.348,672.58,0.0025,0,0,0.0,0,0.0019864726538279583,0,0.0,0,0.01,0.21563460419787941
2084,4966.0,6375.4,1196.0,0.0025,0,0,0.0,0,0.004057437693056512,0,0.0,0,0.03,0.21563460419787941
2085,4967.0,6374.35,1198.0,0.0025,0,0,0.0,0,0.00015972978085190684,0,0.0,0,0.0,0.21563460419787941
2086,8207.95,6967.989,1317.179,0.047,0,0,0.0,0,0.03540785111653812,0,0.0,0,0.0,0.21476576465519834
2087,8045.973,6590.005,1381.939,0.007,0,0,0.2,0,0.09275538728536761,0,0.06719367588932806,0,0.09,0.21471249401676262
2088,9402.416,6919.178,1364.12,0.011,0,0,0.0,0,0.08232349273755844,0,0.03278688524590164,0,0.01,0.21463766824256172
2089,7985.52,5480.849,1514.0,0.096,0,0,0.0,0,0.04040689487847638,0,0.06719367588932806,0,0.06,0.21463766824256172
2090,6351.051,7687.279,863.0,0.006,0,0,0.0,0,0.09006738654678784,0,0.06818181818181818,0,0.03,0.21463766824256172
2091,6360.191,7690.664,879.0,0.0025,0,0,0.0,0,0.05608225407055325,0,0.03278688524590164,0,0.0,0.21463766824256172
2092,5795.0,6186.0,1293.0,0.0025,0,0,0.2,0,0.0800981270209851,0,0.0,0,0.0,0.21454629931543162
2093,4617.052,6342.172,1039.0,0.045,0,0,0.2,0,0.1169052238465211,0,0.0,0,0.13,0.21446085677298735
2094,7960.116,5487.462,1483.98,0.263,1,0,0.0,0,0.06654601176549652,0,0.0,0,0.09,0.21367823760707105
2095,7483.145,7669.697,1193.0,0.0025,0,0,0.2,0,0.014265282400328955,0,0.03278688524590164,0,0.0,0.21282257268496418
2096,14164.0,45.0,1311.0,0.0025,0,0,0.0,0,0.005290330473509893,0,0.03278688524590164,0,0.0,0.2120729907940337
2097,4413.0,6360.0,879.0,0.081,0,0,0.2,0,0.029755363767248584,0,0.06719367588932806,0,0.07,0.21094327723986084
2098,12353.194,9530.005,1391.44,0.019,0,0,0.0,0,0.023344126902828274,0,0.0,0,0.01,0.20904903154759377
2099,7595.851,8804.479,799.0,0.0025,0,0,0.0,0,0.032643534031373586,0,0.03278688524590164,0,0.03,0.20658227498102433
2100,10760.0,6173.0,1454.0,0.009,0,0,0.2,0,0.09861403601259913,0,0.06719367588932806,0,0.08,0.20344797290742975
2101,5105.0,6609.0,1060.0,0.111,1,0,0.4,0,0.36673652893833714,1,1.0,1,0.64,0.20344797290742972
2102,5110.0,6420.0,1194.0,0.033,0,0,0.2,0,0.257271982346046,0,0.0,0,0.12,0.20344797290742972
2103,5073.0,6630.0,1049.0,0.028,0,0,0.2,0,0.3081982176938138,0,0.0,0,0.13,0.20344797290742966
2104,5421.62,7889.622,656.0,0.01,0,0,0.0,0,0.15560550210004484,0,0.06818181818181818,0,0.03,0.20017147685941877
2105,6107.0,7601.0,874.0,0.0025,0,0,0.0,0,0.015150223796748,0,0.0,0,0.0,0.19919639626349755
2106,5302.0,8023.0,557.0,0.009,0,0,0.0,0,0.02455275838842692,0,0.0,0,0.0,0.19818692344748437
2107,5674.576,3343.853,1130.0,0.256,1,1,1.0,1,0.9982179369343852,1,1.0,1,0.75,0.19706656522073104
2108,5705.875,3342.532,1138.08,0.309,1,1,0.8,1,0.9999238802061945,1,1.0,1,0.94,0.19706656522073104
2109,5670.158,6626.205,1284.399,0.115,1,0,0.2,1,0.8178685242534434,1,1.0,1,0.73,0.19590705311433354
2110,7744.797,7279.979,1228.0,0.009,0,0,0.0,0,0.14476227590111176,0,0.06719367588932806,0,0.09,0.19556580700474455
2111,6296.624,8160.62,738.0,0.017,0,0,0.0,0,0.10589411505325609,0,0.06719367588932806,0,0.08,0.19556580700474452
2112,7354.327,7341.923,1299.0,0.2,1,0,0.2,0,0.17800204645905687,1,0.8947368421052632,1,0.8,0.19556580700474452
2113,6486.056,8346.481,736.0,0.106,1,0,0.4,0,0.464580182103881,1,0.7,1,0.76,0.1928125604710041
2114,6559.0,8265.0,774.0,0.092,0,0,0.0,0,0.20323543174575726,0,0.0,0,0.4,0.19134108715617842
2115,4816.15,6131.683,1178.0,0.008,0,0,0.0,0,0.031046542252922662,0,0.0,0,0.0,0.19120548611199087
2116,5596.648,7870.94,671.0,0.008,0,0,0.2,0,0.12679084464622656,0,0.06719367588932806,0,0.05,0.1911282716572153
2117,6297.102,7185.915,1163.0,0.119,1,0,0.4,0,0.4251685347713425,0,0.38461538461538464,1,0.83,0.19112827165721527
2118,3885.334,7347.029,138.0,0.005,0,0,0.0,0,0.00019969845522562832,0,0.02702702702702703,0,0.02,0.19098316218632494
2119,4482.802,6411.963,947.0,0.028,0,0,0.0,0,0.13118860496480605,0,0.06719367588932806,0,0.12,0.19096504705989925
2120,12235.003,9655.366,1353.57,0.184,1,1,0.8,1,0.864732782229154,1,1.0,1,0.72,0.19054983888060506
2121,4630.442,6102.064,1039.0,0.05,0,0,0.4,1,0.9969051878909729,0,0.02702702702702703,0,0.34,0.189655488262843
2122,4848.251,6220.151,1155.0,0.254,1,0,0.4,1,0.9408340387786356,1,1.0,1,0.73,0.189655488262843
2123,8332.0,5475.0,1374.0,0.0025,0,0,0.0,0,0.005771552713619073,0,0.0,0,0.0,0.18895856196041866
2124,5771.154,3427.561,1136.18,0.008,0,0,0.2,0,0.13761930564282118,0,0.0,0,0.18,0.1884816751837392
2125,5370.0,7897.0,616.0,0.013,0,0,0.4,0,0.12714584580147023,0,0.0,0,0.02,0.188184463422172
2126,13208.56,7703.28,1397.28,0.136,1,0,0.2,0,0.20408726022127716,0,0.06719367588932806,0,0.18,0.1863238018848707
2127,7615.0,7430.0,1216.0,0.028,0,0,0.0,0,0.022877214003660055,0,0.0,0,0.0,0.18243922873878227
2128,8247.33,8642.427,1007.0,0.191,1,1,0.6,1,0.9657756146030382,0,0.0,0,0.41,0.18064051834882117
2129,5110.0,6425.0,1190.0,0.066,0,0,0.4,0,0.1918359559721854,0,0.0,0,0.11,0.1790716091693414
2130,5655.921,7832.334,706.0,0.005,0,0,0.0,0,0.2569638777512412,0,0.0,0,0.37,0.17328920003585582
2131,5700.837,8007.122,601.0,0.006,0,0,0.0,0,0.07612747634509077,0,0.06719367588932806,0,0.02,0.17328920003585582
2132,5415.344,7888.669,657.0,0.008,0,0,0.2,0,0.18855643160961572,0,0.0,0,0.03,0.16856678423600555
2133,5300.878,8029.965,566.0,0.006,0,0,0.0,0,0.11016893822250308,0,0.0,0,0.0,0.14949600918574585
2134,5444.036,7875.812,660.0,0.007,0,0,0.0,0,0.04286397965650841,0,0.06818181818181818,0,0.02,0.14949600918574585
2135,5407.75,8024.675,590.0,0.009,0,0,0.0,0,0.10882781668928806,0,0.0,0,0.01,0.14949600918574585
2136,5455.093,7871.946,659.0,0.016,0,0,0.0,0,0.14192949490214365,0,0.06719367588932806,0,0.17,0.14251474765561228
2137,6330.809,8106.534,769.0,0.024,0,0,0.2,0,0.21605303741769138,0,0.06719367588932806,0,0.27,0.13328069730979214
