East,North,Level,Au_ppm,target_Au,bloque,y_prob,y_pred
7304.746,7591.771,1206.779,0.021,0,NE,0.20057565420866014,1
7298.535,7608.236,1206.779,0.017,0,NE,0.18943807035684584,1
7314.843,7553.961,1206.779,0.005,0,NE,0.13219973742961882,0
7354.052,7406.034,1280.549,0.032,0,NE,0.23646790385246277,1
7275.33,7627.355,1206.779,0.024,0,NE,0.037853073328733444,0
7276.552,7631.228,1206.779,0.02,0,NE,0.08165616095066071,0
7280.813,7626.337,1206.779,0.012,0,NE,0.1289951652288437,0
7268.085,7641.189,1206.779,0.02,0,NE,0.11852451860904693,0
7259.886,7654.695,1206.779,0.009,0,NE,0.24195050895214082,1
7169.04,7722.022,1026.789,0.006,0,NE,0.03775569833815098,0
7168.444,7722.349,1026.789,0.008,0,NE,0.15667618811130524,0
7359.948,7465.966,1280.549,0.292,1,NE,0.4032226115465164,1
7110.061,7747.009,1026.789,0.005,0,NE,0.16039253100752832,0
7004.949,7857.834,1026.789,0.007,0,NE,0.12443269118666649,0
6756.999,7698.019,1054.389,0.046,0,NE,0.028959150612354278,0
6764.997,7673.952,1054.389,0.047,0,NE,0.015625814348459242,0
7333.999,7453.029,1280.549,0.013,0,NE,0.0790015585720539,0
7878.329,7367.657,1121.959,0.0025,0,NE,0.02895915023982525,0
7827.658,7305.075,1170.169,0.0025,0,NE,0.0651129961013794,0
7753.403,7446.545,1170.169,0.013,0,NE,0.014957265183329582,0
10367.968,8022.029,1192.059,0.0025,0,NE,0.0,0
9436.986,7788.053,1123.439,0.0025,0,NE,0.014500942453742028,0
8431.0,7254.0,1221.999,0.0025,0,NE,0.19343868643045425,1
8006.979,7150.022,1224.319,0.0025,0,NE,0.12665171958506108,0
8054.023,7068.042,1224.319,0.093,0,NE,0.22453682720661164,1
8157.017,7013.962,1317.179,0.013,0,NE,0.2631345748901367,1
8143.953,6998.028,1317.179,0.058,0,NE,0.08805181495845318,0
7865.218,7301.202,1121.959,0.0025,0,NE,0.0033898308873176576,0
8183.008,6994.023,1317.179,0.01,0,NE,0.0692648570984602,0
8189.023,6997.946,1317.179,0.017,0,NE,0.02895914874970913,0
8171.022,7022.044,1317.179,0.005,0,NE,0.010169491171836853,0
6776.562,7590.348,1054.389,0.017,0,NE,0.054025976359844206,0
6746.803,7654.855,1054.389,0.017,0,NE,0.010625814646482467,0
6620.139,7621.084,1054.389,0.006,0,NE,0.027498452365398406,0
6614.474,7625.654,1054.389,0.09,0,NE,0.24364186823368073,1
6568.215,7706.599,1054.389,0.073,0,NE,0.7064095079898834,1
6890.705,8028.199,901.279,0.0025,0,NE,0.028959150612354278,0
6875.539,7952.171,901.279,0.011,0,NE,0.1344665564596653,0
6839.696,7926.911,901.279,0.076,0,NE,0.02794727049767971,0
6847.858,7846.75,1031.859,0.007,0,NE,0.16977811455726624,0
6846.612,7845.824,1031.859,0.078,0,NE,0.26710972040891645,1
6729.996,7747.946,1013.359,0.085,0,NE,0.42567251473665235,1
6754.685,7727.445,1013.359,0.022,0,NE,0.29689604640007017,1
6864.498,7807.703,1031.859,0.03,0,NE,0.1531661782413721,0
6966.877,7891.534,1031.859,0.0025,0,NE,0.14144391603767872,0
7539.928,7445.966,1253.209,0.0025,0,NE,0.049107203260064125,0
7088.075,7888.41,1026.789,0.0025,0,NE,0.0975545335561037,0
6645.285,7494.12,1040.969,0.0025,0,NE,0.05912823267281055,0
6590.512,7503.86,1054.389,0.268,1,NE,0.16564481407403947,0
6586.203,7508.036,1054.389,0.088,0,NE,0.4130312204360962,1
14537.603,9548.218,1452.959,6.451,1,NE,0.7364094853401184,1
14537.849,9549.684,1452.959,0.475,1,NE,0.7364094853401184,1
14483.634,9478.922,1422.489,0.029,0,NE,0.10994583778083325,0
14248.236,9077.789,1385.149,0.009,0,NE,0.06500379107892514,0
14025.137,9135.838,1368.509,0.01,0,NE,0.0,0
15934.444,9106.715,1395.149,0.042,0,NE,0.010169491544365883,0
15961.376,9122.193,1395.149,0.013,0,NE,0.0217369269579649,0
16047.285,9179.101,1375.689,0.046,0,NE,0.8808403372764587,1
16242.11,9301.554,1357.729,0.033,0,NE,0.5210718095302582,1
15213.821,8954.097,1392.959,0.007,0,NE,0.06720159240067006,0
15215.853,8958.177,1392.959,0.008,0,NE,0.016723166033625603,0
14986.584,9037.492,1378.789,0.02,0,NE,0.71318119764328,1
14323.775,8943.012,1435.429,0.0025,0,NE,0.0033898301422595977,0
14297.813,8945.08,1479.419,0.0025,0,NE,0.052948720008134845,0
12448.019,9465.28,1366.139,0.246,1,NE,0.26574895679950716,1
6585.25,8214.579,819.0,0.271,1,NE,0.30589942932128905,1
6555.308,8188.868,802.0,1.751,1,NE,0.8165128707885743,1
6562.195,8529.096,667.0,0.0025,0,NE,0.0,0
8243.0,8411.0,923.0,0.0025,0,NE,0.026736927032470704,0
6878.0,7953.0,955.0,0.82,1,NE,0.06926485821604729,0
6892.0,7999.0,929.0,0.017,0,NE,0.23646791130304337,1
7416.0,9167.0,948.0,0.0025,0,NE,0.0033898305147886275,0
7403.0,9151.0,932.0,0.0025,0,NE,0.021280601993203162,0
6769.0,8253.0,800.0,0.051,0,NE,0.10234857238829136,0
6842.361,7921.866,970.0,0.183,1,NE,0.40503557920455935,1
6839.058,7919.794,968.0,0.078,0,NE,0.0692648570984602,0
6846.961,7923.449,968.0,0.422,1,NE,0.44620571434497835,1
6836.096,7897.925,985.0,0.013,0,NE,0.021736926212906838,0
6866.0,7805.0,1027.0,0.008,0,NE,0.19525578245520592,1
6766.0,7761.0,1053.0,0.693,1,NE,0.17613890320062636,0
6777.825,7997.316,955.0,0.182,1,NE,0.028502826392650605,0
6757.469,8011.793,945.0,0.005,0,NE,0.022246566787362098,0
7625.0,9168.0,914.0,0.0025,0,NE,0.010169491544365883,0
6756.568,7967.345,968.0,0.0025,0,NE,0.02895915098488331,0
7252.0,9301.0,989.0,0.0025,0,NE,0.0033898305147886275,0
7997.0,8498.0,840.0,0.015,0,NE,0.02895915098488331,0
7188.403,8040.524,930.0,0.0025,0,NE,0.0033898305147886275,0
7502.394,7983.141,1014.0,0.005,0,NE,0.010169492289423942,0
6949.768,7873.601,989.0,0.007,0,NE,0.5317022383213044,1
6791.0,7992.0,938.0,0.0025,0,NE,0.02628060318529606,0
7516.58,7507.325,1234.0,0.028,0,NE,0.07180375680327415,0
7576.876,7528.326,1204.0,0.011,0,NE,0.0,0
7611.929,7485.914,1201.0,0.008,0,NE,0.010625815764069558,0
7595.705,7475.786,1208.0,0.0025,0,NE,0.0033898305147886275,0
7720.564,7548.831,1121.0,0.0025,0,NE,0.0,0
7504.0,7697.0,1157.0,0.119,1,NE,0.06393273659050465,0
7372.0,7821.0,1093.0,0.005,0,NE,0.015169491618871688,0
7387.0,7845.0,1075.0,0.012,0,NE,0.04135045558214188,0
7654.096,7280.083,1252.0,0.628,1,NE,0.41303121447563174,1
7651.098,7262.602,1258.0,1.881,1,NE,0.3163645565509796,1
7516.522,7507.41,1234.0,0.021,0,NE,0.2186901330947876,1
7575.762,7439.146,1229.0,0.011,0,NE,0.0907527282834053,0
7647.991,7330.175,1242.0,0.007,0,NE,0.10646723844110965,0
7685.385,7385.344,1208.0,0.005,0,NE,0.07547665238380433,0
7749.635,7376.631,1198.0,0.005,0,NE,0.16066091358661652,0
7746.951,7334.899,1214.0,0.007,0,NE,0.06469989083707332,0
7756.197,7418.672,1175.0,0.013,0,NE,0.015169491618871688,0
7756.236,7420.633,1173.0,0.0025,0,NE,0.0,0
7754.63,7450.319,1158.0,0.011,0,NE,0.15667619109153746,0
7763.773,7522.919,1115.0,0.0025,0,NE,0.028502827137708665,0
7939.966,7733.444,1044.0,0.0025,0,NE,0.026736925914883615,0
7957.723,7749.313,1039.0,0.0025,0,NE,0.010169491916894913,0
7443.802,7447.359,1279.0,0.009,0,NE,0.060989799723029134,0
7468.3,7510.31,1259.0,0.0025,0,NE,0.20268122404813765,1
7520.809,7644.348,1189.0,0.007,0,NE,0.010169491544365883,0
7593.0,7660.0,1133.0,0.0025,0,NE,0.0,0
7559.0,7715.0,1108.0,0.0025,0,NE,0.02895914874970913,0
7538.414,7769.906,1120.0,0.0025,0,NE,0.0,0
7483.145,7669.697,1193.0,0.0025,0,NE,0.0,0
6688.0,7269.0,1077.0,0.0025,0,NE,0.0,0
6566.274,7175.239,1134.0,0.63,1,NE,0.48503558039665223,1
8251.755,8310.912,881.0,0.0025,0,NE,0.0,0
8260.229,8339.02,890.0,0.0025,0,NE,0.0005598310381174088,0
8283.833,8336.032,900.0,0.0025,0,NE,0.0033898305147886275,0
8118.083,8580.602,933.22,0.0025,0,NE,0.0033898305147886275,0
8119.451,8580.064,926.0,0.0025,0,NE,0.0,0
8247.33,8642.427,1007.0,0.191,1,NE,0.3163645565509796,1
8247.712,8643.854,1008.0,0.176,1,NE,0.17190634608268737,0
7634.055,9150.665,936.0,0.0025,0,NE,0.0013199497014284133,0
7613.912,9173.874,961.0,0.0025,0,NE,0.0033898305147886275,0
7413.037,9176.006,930.3,0.005,0,NE,0.06553329154849052,0
7342.329,9283.829,938.0,0.0025,0,NE,0.0,0
7311.601,9215.031,946.0,0.0025,0,NE,0.0033898305147886275,0
7310.607,9216.457,947.0,0.0025,0,NE,0.0,0
7360.476,9291.407,938.0,0.0025,0,NE,0.0,0
7652.489,9380.671,1004.9,0.005,0,NE,0.07217948995530606,0
7777.329,9421.947,1001.08,0.0025,0,NE,0.06720159277319908,0
7777.029,9421.947,1001.08,0.047,0,NE,0.3861158907413483,1
7646.665,9257.735,960.0,0.011,0,NE,0.4050355851650238,1
7969.405,9071.236,1033.0,0.0025,0,NE,0.0,0
7969.636,9072.241,1034.0,0.0025,0,NE,0.0217369269579649,0
7983.101,9073.868,1036.0,0.0025,0,NE,0.0033898305147886275,0
7830.852,9255.068,1008.92,0.0025,0,NE,0.0,0
7837.047,9323.753,1021.0,0.0025,0,NE,0.08825443014502525,0
7118.649,9357.443,984.0,0.0025,0,NE,0.0033898305147886275,0
7498.381,9379.659,1057.0,0.0025,0,NE,0.1423223741352558,0
7114.945,9343.175,979.0,0.0025,0,NE,0.0033898305147886275,0
6949.532,9387.872,916.0,0.0025,0,NE,0.0,0
7791.561,9130.511,1028.72,0.0025,0,NE,0.0,0
7474.984,9394.083,1040.08,0.0025,0,NE,0.0033898305147886275,0
7185.679,9242.846,909.93,0.009,0,NE,0.010169491171836853,0
7303.975,9180.48,885.98,0.0025,0,NE,0.0,0
7313.698,9144.563,880.19,0.0025,0,NE,0.0033898305147886275,0
7313.698,9144.563,881.19,0.01,0,NE,0.0,0
6941.902,9320.45,876.0,0.0025,0,NE,0.0033898305147886275,0
6945.164,9331.82,879.0,0.0025,0,NE,0.0,0
7982.963,8490.224,851.0,0.015,0,NE,0.08747868612408638,0
9687.255,7199.058,1285.0,0.024,0,NE,0.09696451798081399,0
9748.088,7293.679,1274.99,0.165,1,NE,0.31636455059051516,1
7424.562,8619.624,632.81,0.024,0,NE,0.22044723480939865,1
7399.22,8631.432,642.17,0.0025,0,NE,0.0033898305147886275,0
7365.083,8645.858,635.17,0.0025,0,NE,0.023959149047732352,0
7359.267,8649.93,635.17,0.0025,0,NE,0.030273707956075667,0
6775.243,9176.615,699.85,0.0025,0,NE,0.0,0
6934.998,9138.164,715.3,0.0025,0,NE,0.021736926212906838,0
6896.213,8964.498,616.0,0.0025,0,NE,0.0,0
6866.761,8979.233,634.0,0.0025,0,NE,0.0,0
6598.299,9015.171,624.0,0.0025,0,NE,0.0,0
9250.801,7427.507,1239.39,0.0025,0,NE,0.0,0
9416.112,7499.893,1209.93,0.0025,0,NE,0.0,0
9570.979,7583.363,1204.78,0.0025,0,NE,0.022891261056065558,0
9751.766,7554.263,1177.4,0.0025,0,NE,0.0,0
9730.406,7705.351,1128.98,0.0025,0,NE,0.0,0
6872.263,8977.7,624.0,0.0025,0,NE,0.0217369269579649,0
6935.59,8947.851,632.0,0.0025,0,NE,0.0,0
6951.182,8939.598,628.0,0.0025,0,NE,0.0235028263181448,0
7032.841,8908.628,658.0,0.005,0,NE,0.0033898308873176576,0
7090.549,8873.495,656.0,0.0025,0,NE,0.0,0
7136.525,8878.642,641.0,0.0025,0,NE,0.014500941708683967,0
7138.644,8878.503,642.0,0.0025,0,NE,0.003904642118141055,0
7346.043,8769.035,678.0,0.0025,0,NE,0.023959150537848473,0
7352.003,8779.044,681.0,0.0025,0,NE,0.09111987911164761,0
7405.778,8845.406,719.0,0.006,0,NE,0.20510535836219787,1
7406.545,8845.414,719.0,0.016,0,NE,0.2543793976306915,1
7407.153,8845.411,719.0,0.007,0,NE,0.14246676713228226,0
6977.414,8982.512,654.68,0.0025,0,NE,0.0,0
7128.681,8945.348,672.58,0.0025,0,NE,0.09823232740163804,0
7173.952,8898.108,666.35,0.098,0,NE,0.17190634459257126,0
7288.013,8908.907,685.0,0.0025,0,NE,0.0,0
7387.851,8826.55,672.85,0.0025,0,NE,0.052948721870779994,0
7388.151,8826.55,672.85,0.0025,0,NE,0.13534161821007729,0
7388.521,8826.55,672.85,0.0025,0,NE,0.052948721870779994,0
7412.519,8835.057,677.0,0.0025,0,NE,0.0,0
7485.566,8743.402,680.21,0.0025,0,NE,0.0,0
7539.822,8752.368,615.0,0.0025,0,NE,0.0,0
7588.664,8765.428,753.0,0.0025,0,NE,0.0,0
7591.791,8775.412,755.0,0.0025,0,NE,0.010169491544365883,0
7593.904,8778.542,756.0,0.0025,0,NE,0.0,0
7390.36,8812.382,690.0,0.01,0,NE,0.19222657084465028,1
7391.054,8812.927,689.0,0.0025,0,NE,0.021280602738261222,0
7387.408,8806.318,681.0,0.03,0,NE,0.07072649672627448,0
7378.042,8799.857,683.0,0.0025,0,NE,0.0,0
7343.085,8828.71,697.0,0.033,0,NE,0.015625814720988274,0
7371.567,8851.021,717.0,0.0025,0,NE,0.0033898308873176576,0
7386.669,8862.305,736.0,0.0025,0,NE,0.0033898305147886275,0
7595.851,8804.479,799.0,0.0025,0,NE,0.032234209775924685,0
7755.485,8594.815,823.0,0.0025,0,NE,0.0,0
7755.732,8593.776,824.0,0.0025,0,NE,0.0,0
10874.845,6988.61,1376.58,0.006,0,NE,0.2011873960494995,1
10194.0,7588.0,1212.0,0.0025,0,NE,0.014500940963625909,0
10748.0,7228.556,1345.99,0.0025,0,NE,0.20344387292861937,1
10811.044,7179.966,1360.29,0.0025,0,NE,0.021736926212906838,0
10810.244,7179.166,1360.29,0.0025,0,NE,0.0217369269579649,0
10792.955,7196.518,1359.29,0.0025,0,NE,0.023959149047732352,0
10793.805,7197.368,1359.29,0.0025,0,NE,0.010625814646482467,0
10768.307,7215.64,1354.0,0.015,0,NE,0.410108357667923,1
10768.307,7211.44,1354.0,0.0025,0,NE,0.2497282862663269,1
10768.307,7210.64,1354.6,0.0025,0,NE,0.3163645565509796,1
10751.655,7228.413,1349.56,0.006,0,NE,0.10376632139086724,0
13420.369,7979.213,1461.0,0.008,0,NE,0.0,0
13423.401,7979.578,962.0,0.011,0,NE,0.014500941708683967,0
13401.108,7930.185,1451.0,0.015,0,NE,0.021280603483319283,0
13415.978,7867.289,1457.0,0.071,0,NE,0.0,0
13481.987,7834.53,1461.28,0.093,0,NE,0.5787793815135955,1
13481.737,7834.28,1461.28,0.01,0,NE,0.4050355851650238,1
13432.143,7643.936,1456.0,0.0025,0,NE,0.0033898301422595977,0
13292.89,7617.222,1431.0,0.0025,0,NE,0.0,0
13162.24,7721.219,1399.0,0.132,1,NE,0.7043276786804199,1
13093.248,7644.019,1383.0,0.0025,0,NE,0.023959149047732352,0
13082.933,7638.933,1385.0,8.391,1,NE,0.5510573029518128,1
13083.354,7638.403,1385.0,16.681,1,NE,0.8353907465934753,1
13082.343,7639.524,1385.0,0.039,0,NE,0.23646791726350785,1
12229.128,7710.341,1386.0,0.0025,0,NE,0.0,0
12105.873,7738.184,1388.0,0.005,0,NE,0.0,0
12729.132,7543.819,1356.0,0.0025,0,NE,0.023959150537848473,0
11986.986,7930.563,1364.0,0.0025,0,NE,0.0,0
11927.252,8062.049,1349.0,0.0025,0,NE,0.0,0
11905.722,8212.004,1269.0,0.0025,0,NE,0.0,0
13273.551,7773.733,1386.92,0.0025,0,NE,0.0,0
13273.051,7774.233,1386.92,0.211,1,NE,0.6254460632801055,1
13272.551,7774.733,1386.92,0.005,0,NE,0.023502827063202857,0
13208.56,7703.28,1397.28,0.136,1,NE,0.6897428512573243,1
12626.487,7964.014,1250.32,0.009,0,NE,0.2131184756755829,1
12269.916,8235.052,1215.39,0.0025,0,NE,0.0033898305147886275,0
11929.28,8279.309,1212.58,0.0025,0,NE,0.12131683081388474,0
9938.961,7979.888,1098.0,0.0025,0,NE,0.0033898305147886275,0
10024.459,7725.949,1171.0,0.0025,0,NE,0.0,0
10081.898,7779.689,1124.1,0.0025,0,NE,0.0,0
10176.204,7722.378,1176.0,0.0025,0,NE,0.0,0
10722.304,7925.479,1305.0,0.0025,0,NE,0.0,0
10960.155,7735.912,1336.0,0.0025,0,NE,0.35306850969791415,1
10975.154,7744.34,1346.0,0.0025,0,NE,0.021280601993203162,0
10977.125,7720.589,1344.0,0.0025,0,NE,0.0,0
11057.485,7814.044,1351.0,0.0025,0,NE,0.0033898305147886275,0
11032.974,7844.365,1359.0,0.0025,0,NE,0.0,0
11178.51,7648.406,1289.0,0.0025,0,NE,0.0033898305147886275,0
11613.932,7840.834,1303.0,0.0025,0,NE,0.0033898305147886275,0
11612.946,7838.838,1303.0,0.0025,0,NE,0.0,0
10349.502,7840.799,1133.68,0.0025,0,NE,0.0,0
10374.323,7964.097,1158.44,0.0025,0,NE,0.0007358779665082693,0
10432.228,8005.492,1206.58,0.0025,0,NE,0.0007358779665082693,0
10496.96,7999.158,1253.83,0.034,0,NE,0.07468917779624462,0
10628.872,7928.656,1257.61,0.0025,0,NE,0.023502827063202857,0
10736.057,8016.064,1271.95,0.0025,0,NE,0.0,0
10918.725,7958.742,1309.56,0.0025,0,NE,0.0,0
11193.267,7771.686,1286.77,0.0025,0,NE,0.023959150165319444,0
11263.732,7832.584,1230.37,0.0025,0,NE,0.0,0
11252.733,7997.779,1209.82,0.0025,0,NE,0.0,0
10543.592,7645.832,1239.0,0.0025,0,NE,0.0,0
10469.84,7559.584,1233.0,0.0025,0,NE,0.0,0
10784.418,7619.256,1283.0,0.0025,0,NE,0.0033898301422595977,0
11329.408,7444.62,1286.0,0.0025,0,NE,0.0,0
11665.294,7865.684,1314.0,0.0025,0,NE,0.023959149047732352,0
11812.595,7970.995,1357.0,0.0025,0,NE,0.0,0
13637.0,7880.0,1442.0,0.0025,0,NE,0.0,0
13563.0,7802.0,1468.0,0.0025,0,NE,0.010169491916894913,0
13568.183,7743.042,1492.0,0.143,1,NE,0.49010834097862244,1
13542.711,7621.113,1484.0,0.0025,0,NE,0.10344793051481246,0
13493.0,7316.0,1405.0,0.0025,0,NE,0.0,0
13474.491,7297.585,1471.0,0.005,0,NE,0.11248519718647003,0
11573.009,7065.976,1309.0,0.0025,0,NE,0.0,0
11568.974,7096.43,1308.0,0.0025,0,NE,0.0,0
13560.6,7726.182,1468.89,0.0025,0,NE,0.0,0
13564.38,7700.069,1464.32,0.0025,0,NE,0.005961371771991253,0
13566.359,7659.223,1461.89,0.0025,0,NE,0.016723166033625603,0
13551.816,7643.218,1460.51,0.0025,0,NE,0.016723166033625603,0
13529.16,7590.352,1458.09,0.0025,0,NE,0.0,0
13489.193,7404.77,1452.45,0.0025,0,NE,0.0,0
13458.64,7240.536,1443.95,0.0025,0,NE,0.0033898305147886275,0
13419.12,7082.566,1453.09,0.0025,0,NE,0.0033898305147886275,0
13368.477,7064.41,1456.61,0.0025,0,NE,0.0033898305147886275,0
10936.135,7160.599,1357.46,0.0025,0,NE,0.18479067236185073,1
12593.212,9322.593,1287.22,0.042,0,NE,0.31636455059051516,1
12565.265,9342.622,1297.56,0.048,0,NE,0.5954460501670837,1
12506.71,9377.052,1326.0,0.079,0,NE,0.7953600764274598,1
12517.115,9391.492,1330.0,0.022,0,NE,0.1649163171648979,0
12478.309,9381.667,1336.14,0.0025,0,NE,0.04173692651093006,0
12479.768,9390.582,1367.0,0.882,1,NE,0.7865128517150879,1
12459.734,9409.679,1351.56,0.065,0,NE,0.3967750370502472,1
12449.398,9397.661,1351.71,0.009,0,NE,0.3875494241714478,1
12478.483,9389.735,1367.0,0.034,0,NE,0.31636455059051516,1
12428.873,9420.568,1367.92,0.006,0,NE,0.6835091054439545,1
12425.317,9432.147,1369.02,0.071,0,NE,0.5787793815135955,1
12444.785,9426.588,1361.35,0.052,0,NE,0.3182806342840195,1
12403.73,9449.517,1389.59,0.033,0,NE,0.31636454463005065,1
12353.194,9530.005,1391.44,0.019,0,NE,0.2011873960494995,1
12184.714,9619.928,1349.43,0.236,1,NE,0.49010834097862244,1
12235.003,9655.366,1353.57,0.184,1,NE,0.6755494177341461,1
12227.806,9830.008,1333.33,0.005,0,NE,0.021624108776450157,0
12185.944,9866.588,1324.53,0.006,0,NE,0.2260027974843979,1
11973.089,10040.492,1363.75,0.01,0,NE,0.2298566997051239,1
11952.674,10040.002,1362.64,0.006,0,NE,0.12858906388282776,0
11899.552,10003.919,1357.18,0.0025,0,NE,0.0,0
11861.497,9973.41,1360.34,0.016,0,NE,0.014500941708683967,0
11801.243,9925.7,1367.0,0.035,0,NE,0.1752399191260338,0
11718.693,9882.244,1377.61,0.005,0,NE,0.0033898305147886275,0
11635.881,9834.686,1395.03,0.021,0,NE,0.1076538972556591,0
11548.95,9832.829,1412.9,0.012,0,NE,0.3422904908657074,1
11212.275,9755.951,1390.67,0.007,0,NE,0.0,0
11096.631,9642.112,1388.58,0.009,0,NE,0.0033898305147886275,0
11429.841,8653.792,1116.01,0.008,0,NE,0.0,0
12372.0,9466.0,1400.0,0.026,0,NE,0.2657489597797394,1
12571.0,9326.0,1258.0,0.114,1,NE,0.601071810722351,1
12485.0,9297.0,1266.0,0.013,0,NE,0.2272423267364502,1
12484.0,9294.0,1297.0,0.019,0,NE,0.49010837376117705,1
12325.0,9308.0,1336.0,0.013,0,NE,0.4101083517074585,1
12333.0,9378.0,1370.0,0.02,0,NE,0.31636455059051516,1
12421.0,9484.0,1365.0,0.014,0,NE,0.05294872149825096,0
12398.056,9596.601,1406.0,0.008,0,NE,0.15298333615064622,0
12426.408,9765.04,1399.0,0.012,0,NE,0.5210718095302582,1
12406.572,9767.952,1396.0,0.014,0,NE,0.023502827063202857,0
12283.92,9911.181,1378.0,0.01,0,NE,0.25259350016713145,1
12265.0,9946.0,1349.0,0.012,0,NE,0.1298191610723734,0
12175.346,10011.087,1386.0,0.011,0,NE,0.07900155559182168,0
12070.821,9999.697,1367.0,0.005,0,NE,0.0033898305147886275,0
10751.67,9714.179,1408.0,0.006,0,NE,0.0,0
10759.075,9711.097,1407.0,0.007,0,NE,0.410108345746994,1
10774.114,9705.094,1406.0,0.005,0,NE,0.041736925765872,0
10783.487,9699.401,1406.0,0.005,0,NE,0.0033898305147886275,0
10776.619,9725.142,1409.0,0.005,0,NE,0.0033898305147886275,0
10803.614,9687.717,1408.0,0.005,0,NE,0.0,0
10810.88,9670.947,1406.0,0.013,0,NE,0.25528384149074557,1
10847.003,9608.365,1404.0,0.006,0,NE,0.06720159277319908,0
10848.709,9609.613,1406.0,0.01,0,NE,0.12566701471805572,0
10892.864,9520.108,1412.0,0.005,0,NE,0.011623729206621646,0
10748.904,9560.958,1370.0,0.005,0,NE,0.1888984151184559,1
10718.47,9555.548,1369.0,0.016,0,NE,0.07547665126621723,0
10681.661,9460.156,1331.0,0.007,0,NE,0.023959151282906533,0
10535.913,9327.418,1321.0,0.005,0,NE,0.24319003224372865,1
10508.997,9305.912,1307.0,0.0025,0,NE,0.028959150612354278,0
10484.254,9252.733,1298.0,0.005,0,NE,0.2646873123943806,1
10460.726,9162.846,1276.0,0.0025,0,NE,0.023959149047732352,0
10336.166,9037.969,1222.0,0.005,0,NE,0.10940592810511589,0
10175.674,8736.307,1089.0,0.005,0,NE,0.049625513702631,0
10186.511,8728.796,1107.0,0.0025,0,NE,0.0322342075407505,0
12291.151,9344.202,1358.05,0.017,0,NE,0.7698462009429932,1
11897.495,8893.909,1196.9,0.0025,0,NE,0.0,0
12283.669,9423.82,1371.49,0.009,0,NE,0.0,0
12182.615,9451.037,1345.29,0.0025,0,NE,0.003846153989434242,0
12091.205,9306.671,1322.09,0.005,0,NE,0.0033898305147886275,0
11989.433,9247.174,1307.57,0.0025,0,NE,0.0,0
11969.984,9250.353,1304.83,0.0025,0,NE,0.0,0
11929.604,9407.668,1288.72,0.0025,0,NE,0.0,0
11856.873,9268.942,1288.82,0.0025,0,NE,0.0033898305147886275,0
11795.463,9115.365,1276.28,0.0025,0,NE,0.0,0
11691.29,8953.909,1226.3,0.0025,0,NE,0.0033898308873176576,0
11615.695,8856.134,1193.41,0.0025,0,NE,0.0033898305147886275,0
11802.383,8850.063,1180.08,0.005,0,NE,0.0,0
10144.0,8642.0,1051.0,0.0025,0,NE,0.0033898308873176576,0
10287.0,8689.0,1085.0,0.0025,0,NE,0.0,0
10343.0,8772.0,1110.0,0.0025,0,NE,0.0,0
10414.0,8808.0,1142.0,0.0025,0,NE,0.0,0
10436.0,8858.0,1150.0,0.007,0,NE,0.0,0
10159.0,8676.0,1065.0,0.0025,0,NE,0.0322342075407505,0
10565.0,9023.0,1212.0,0.0025,0,NE,0.0,0
10581.0,9068.0,1216.0,0.0025,0,NE,0.003843021672219038,0
10714.0,9146.0,1214.0,0.0025,0,NE,0.0,0
10861.0,9241.0,1258.0,0.0025,0,NE,0.0,0
10867.0,9037.0,1247.0,0.0025,0,NE,0.0,0
10857.0,8825.0,1159.0,0.0025,0,NE,0.04794872142374516,0
10790.0,8782.0,1154.0,0.0025,0,NE,0.0033898308873176576,0
12145.648,9090.515,1257.1,0.0025,0,NE,0.0033898301422595977,0
9274.334,7160.944,1393.0,0.005,0,NE,0.0,0
9337.693,7044.911,1387.87,0.0025,0,NE,0.0,0
9276.343,7158.845,1383.0,0.005,0,NE,0.18353208899497986,0
9206.111,7092.305,1328.98,0.0025,0,NE,0.0,0
10172.545,9339.51,1258.0,0.0025,0,NE,0.0,0
10095.745,9271.919,1266.0,0.0025,0,NE,0.0,0
10124.417,9242.645,1247.0,0.0025,0,NE,0.0033898305147886275,0
10037.201,9295.062,1293.0,0.0025,0,NE,0.021280602738261222,0
9946.424,9323.672,1333.0,0.0025,0,NE,0.0,0
9918.749,9347.723,1339.0,0.0025,0,NE,0.5787793934345246,1
9926.649,9451.377,1364.0,0.0025,0,NE,0.21407172083854675,1
9932.904,9539.296,1377.0,0.0025,0,NE,0.0,0
9549.563,9700.593,1430.0,0.0025,0,NE,0.49877938628196716,1
9548.52,9701.509,1430.0,0.0025,0,NE,0.28120976984500884,1
9217.572,8458.713,961.09,0.0025,0,NE,0.0,0
9086.685,8631.27,972.53,0.0025,0,NE,0.0,0
8879.033,8654.444,1019.0,0.0025,0,NE,0.0,0
8873.549,8732.284,1049.08,0.0025,0,NE,0.0,0
8906.997,8785.388,1045.77,0.0025,0,NE,0.023959149420261384,0
8901.754,8800.469,1050.12,0.006,0,NE,0.0,0
8458.298,8794.814,1048.8,0.0025,0,NE,0.010169491171836853,0
8918.989,8950.516,1087.94,0.0025,0,NE,0.0,0
8914.314,9028.546,1108.39,0.0025,0,NE,0.010625816136598586,0
8686.428,8977.299,1091.36,0.006,0,NE,0.0,0
8678.575,8986.867,1093.85,0.0025,0,NE,0.017179489508271216,0
8684.346,8882.298,1024.02,0.0025,0,NE,0.014500942453742028,0
8679.177,8864.974,1035.69,0.0025,0,NE,0.0,0
10061.0,8642.0,1066.0,0.0025,0,NE,0.023502827063202857,0
10082.0,8743.0,1075.0,0.0025,0,NE,0.0,0
10077.0,8760.0,1081.0,0.0025,0,NE,0.0033898308873176576,0
10073.0,8888.0,1127.0,0.0025,0,NE,0.0,0
10026.0,8974.0,1185.0,0.0025,0,NE,0.0,0
10005.0,9001.0,1187.0,0.0025,0,NE,0.0,0
9992.0,8993.0,1185.0,0.0025,0,NE,0.0,0
7748.306,7163.76,1273.0,0.014,0,NE,0.1705773413181305,0
7747.847,7168.944,1272.0,0.025,0,NE,0.09487985111773015,0
7731.366,7189.951,1270.0,0.038,0,NE,0.13335949182510376,0
7728.064,7196.688,1269.0,0.013,0,NE,0.25266945660114287,1
7723.405,7197.07,1270.0,0.0025,0,NE,0.07977675497531891,0
7707.292,7211.075,1270.0,0.048,0,NE,0.06469989120960236,0
7694.761,7222.483,1271.0,0.007,0,NE,0.06469989083707332,0
7692.013,7224.965,1271.0,0.01,0,NE,0.13393541015684604,0
7680.332,7237.532,1268.0,0.047,0,NE,0.22600279599428177,1
7676.014,7243.243,1268.0,0.018,0,NE,0.22401339560747147,1
7670.801,7251.682,1265.0,0.013,0,NE,0.1847906716167927,1
7668.103,7227.104,1273.0,2.625,1,NE,0.8165128707885743,1
7652.186,7268.54,1217.0,0.014,0,NE,0.12011146247386932,0
7637.571,7300.337,1220.0,0.021,0,NE,0.023959150537848473,0
7634.969,7307.316,1221.0,0.501,1,NE,0.20265336185693741,1
7629.716,7324.952,1221.0,1.001,1,NE,0.43001322746276854,1
7607.818,7389.85,1225.0,0.017,0,NE,0.10500559881329537,0
7597.031,7412.596,1225.0,0.016,0,NE,0.04135045222938061,0
7575.139,7477.736,1205.0,0.011,0,NE,0.04214096814393997,0
7578.767,7490.655,1201.0,0.01,0,NE,0.19211390167474746,1
7580.65,7420.142,1224.0,0.029,0,NE,0.049962816387414934,0
7684.86,7184.357,1275.0,0.022,0,NE,0.3132078662514687,1
7675.07,7199.327,1275.0,0.028,0,NE,0.40503557920455935,1
7669.902,7218.467,1274.0,4.063,1,NE,0.40361244678497316,1
7538.573,7314.581,1266.0,0.134,1,NE,0.8875227570533752,1
7523.241,7290.346,1275.0,0.035,0,NE,0.14221046715974808,0
7521.699,7263.314,1282.0,1.133,1,NE,0.8165128707885743,1
7548.625,7331.734,1265.0,0.067,0,NE,0.7103310823440552,1
7570.82,7393.386,1226.0,0.007,0,NE,0.05279692858457565,0
7444.054,7339.262,1281.0,0.321,1,NE,0.46198262870311735,1
7459.135,7360.244,1275.0,0.197,1,NE,0.8363679885864258,1
7474.034,7385.265,1266.0,0.167,1,NE,0.6897428393363952,1
7540.48,7444.068,1247.0,0.006,0,NE,0.3352838456630707,1
7549.7,7443.748,1247.0,0.032,0,NE,0.17610472440719604,0
7548.013,7478.601,1244.0,0.005,0,NE,0.06469989083707332,0
7509.852,7513.465,1244.0,0.005,0,NE,0.31419104188680647,1
7466.576,7548.027,1246.0,0.007,0,NE,0.40503557324409484,1
7449.0,7200.0,1290.0,0.364,1,NE,0.5651389479637146,1
7367.743,7316.765,1295.0,0.022,0,NE,0.2493109107017517,1
7354.737,7341.691,1299.0,0.084,0,NE,0.23646791130304337,1
7354.327,7341.923,1299.0,0.2,1,NE,0.2566195711493492,1
7353.587,7342.322,1299.0,0.998,1,NE,0.4050355851650238,1
7395.408,7478.71,1258.0,0.021,0,NE,0.2260027900338173,1
7391.854,7454.328,1259.0,0.012,0,NE,0.24972828328609467,1
7177.255,7692.244,1077.0,0.017,0,NE,0.41303121447563174,1
6778.701,7628.489,1086.0,0.011,0,NE,0.0235028263181448,0
6774.302,7629.914,1085.0,0.021,0,NE,0.08962309584021569,0
6565.277,7703.711,967.0,0.032,0,NE,0.6897428512573243,1
6610.596,7633.559,968.0,0.053,0,NE,0.17269686684012414,0
6613.204,7601.88,964.0,0.005,0,NE,0.021280603483319283,0
7681.0,7008.0,1314.0,0.0025,0,NE,0.0,0
7648.0,7087.0,1323.0,0.0025,0,NE,0.0,0
7504.0,7094.0,1280.0,0.0025,0,NE,0.0,0
7239.0,6993.0,1197.0,0.0025,0,NE,0.0013919267803430557,0
7327.0,7203.0,1244.0,0.0025,0,NE,0.0,0
7338.0,7187.0,1248.0,0.0025,0,NE,0.023502827063202857,0
7287.0,7426.0,1265.0,0.006,0,NE,0.0,0
7362.0,7374.0,1272.0,0.086,0,NE,0.08786795660853386,0
7352.0,7355.0,1272.0,0.168,1,NE,0.25266945660114287,1
7356.0,7344.0,1276.0,2.868,1,NE,0.25528384745121,1
7354.0,7321.0,1264.0,1.59,1,NE,0.3963645607233047,1
7349.0,7315.0,1268.0,1.103,1,NE,0.2657489597797394,1
7347.0,7301.0,1265.0,2.376,1,NE,0.5109008550643921,1
7389.0,7344.0,1285.0,0.086,0,NE,0.49010834097862244,1
7409.0,7319.0,1289.0,0.147,1,NE,0.0880518164485693,0
7446.0,7291.0,1294.0,0.0025,0,NE,0.0,0
7676.0,7042.0,1318.0,0.005,0,NE,0.0,0
7563.0,7166.0,1300.0,0.005,0,NE,0.0,0
7692.0,7180.0,1275.0,0.047,0,NE,0.5317022383213044,1
7715.0,7227.0,1271.0,0.0025,0,NE,0.0,0
7715.0,7324.0,1229.0,0.0025,0,NE,0.0,0
7633.0,7377.0,1218.0,0.0025,0,NE,0.0033898308873176576,0
7646.0,7414.0,1201.0,0.019,0,NE,0.11574674099683761,0
7711.0,7373.0,1182.0,0.0025,0,NE,0.08786795735359192,0
7688.0,7382.0,1187.0,0.005,0,NE,0.16053307056427002,0
7615.0,7430.0,1216.0,0.028,0,NE,0.09090272895991802,0
7617.0,7439.0,1215.0,0.016,0,NE,0.12178690880537033,0
7521.0,7266.0,1282.0,0.586,1,NE,0.8165128588676452,1
7507.0,7425.0,1249.0,0.011,0,NE,0.0,0
7472.0,7511.0,1245.0,0.008,0,NE,0.2583353191614151,1
7434.0,7645.0,1241.0,0.0025,0,NE,0.0,0
7361.0,7467.0,1242.0,0.04,0,NE,0.27756609916687014,1
7393.0,7494.0,1257.0,0.009,0,NE,0.0033898305147886275,0
7391.0,7457.0,1258.0,0.008,0,NE,0.10942066945135594,0
7449.0,7200.0,1277.0,0.365,1,NE,0.7480442464351654,1
7450.0,7219.0,1283.0,0.007,0,NE,0.11992109678685665,0
7154.0,7480.0,1199.0,0.0025,0,NE,0.0,0
7164.0,7507.0,1180.0,0.0025,0,NE,0.0,0
7211.0,7585.0,1146.0,0.006,0,NE,0.0,0
7149.0,7626.0,1129.0,0.0025,0,NE,0.0033898305147886275,0
7147.0,7237.0,1152.0,0.0025,0,NE,0.0033898308873176576,0
7128.0,7342.0,1155.0,0.009,0,NE,0.026736926659941672,0
7108.0,7442.0,1182.0,0.0025,0,NE,0.0,0
7040.0,7506.0,1176.0,0.0025,0,NE,0.0,0
6906.0,7658.0,1113.0,0.0025,0,NE,0.023502827808260917,0
6983.0,7895.0,964.0,0.007,0,NE,0.11615763194859027,0
6990.0,7900.0,964.0,0.005,0,NE,0.26313458383083344,1
6846.0,7551.0,1097.0,0.0025,0,NE,0.0033898305147886275,0
6768.0,7610.0,1070.0,0.005,0,NE,0.0,0
6732.0,7802.0,1030.0,0.0025,0,NE,0.0,0
6731.0,7833.0,1030.0,0.0025,0,NE,0.0,0
6666.0,7816.0,1002.0,0.0025,0,NE,0.0,0
6761.0,7989.0,940.0,0.0025,0,NE,0.0111111119389534,0
6761.0,8006.0,932.0,0.0025,0,NE,0.0,0
6798.0,8116.0,878.0,0.0025,0,NE,0.0033898305147886275,0
6564.0,8249.0,779.0,0.266,1,NE,0.8165128707885743,1
6559.0,8265.0,774.0,0.092,0,NE,0.22674849331378938,1
6576.0,8180.0,797.0,0.046,0,NE,0.10646724291145801,0
6589.0,7741.0,1010.0,0.0025,0,NE,0.0289591483771801,0
6671.0,6994.0,1249.0,0.0025,0,NE,0.0,0
6662.0,7068.0,1203.0,0.0025,0,NE,0.0033898305147886275,0
6688.0,7176.0,1172.0,0.025,0,NE,0.0,0
6615.0,7184.0,1073.0,0.0025,0,NE,0.0,0
6572.0,7167.0,1125.0,0.0025,0,NE,0.3963645398616791,1
6618.0,7235.0,1093.0,0.0025,0,NE,0.009992420300841331,0
6690.0,7271.0,1074.0,0.0025,0,NE,0.0,0
6566.0,7307.0,1055.0,0.007,0,NE,0.0,0
6574.0,7159.0,1131.0,0.025,0,NE,0.11104588694870472,0
6582.0,7104.0,1164.0,0.021,0,NE,0.17020729184150696,0
6581.0,7080.0,1177.0,0.28,1,NE,0.4130312204360962,1
6586.0,7102.0,1158.0,1.221,1,NE,0.3875494360923767,1
17504.0,8370.0,1297.0,0.029,0,NE,0.8176078200340271,1
17444.0,8340.0,1287.0,0.1,0,NE,0.9369746923446656,1
7849.0,7270.0,1214.0,0.0025,0,NE,0.0033898305147886275,0
7826.0,7298.0,1201.0,0.011,0,NE,0.07338110469281674,0
7818.0,7408.0,1145.0,0.018,0,NE,0.2067720279097557,1
7706.097,7302.684,1237.0,0.006,0,NE,0.043758458271622655,0
7744.797,7279.979,1228.0,0.009,0,NE,0.22656984627246857,1
7749.347,7367.764,1200.0,0.008,0,NE,0.08038341142237186,0
7741.41,7368.99,1195.0,0.0025,0,NE,0.03723421059548855,0
7767.173,7369.335,1199.0,0.01,0,NE,0.1921139046549797,1
7779.157,7350.879,1186.0,0.0025,0,NE,0.09325443021953106,0
7646.0,7409.0,1213.0,0.005,0,NE,0.021736927703022955,0
7634.0,7420.0,1220.0,0.011,0,NE,0.03723421059548855,0
7823.0,7323.0,1185.0,0.008,0,NE,0.05148708112537861,0
7873.0,7354.0,1165.0,0.006,0,NE,0.1338888943195343,0
7843.0,7359.0,1144.0,0.0025,0,NE,0.11992017328739166,0
7823.0,7392.0,1133.0,0.0025,0,NE,0.012940098345279694,0
7940.583,7733.243,1044.0,0.0025,0,NE,0.7312719702720643,1
6118.036,7220.62,1147.359,0.005,0,NO,0.0067447047680616375,0
5190.027,7115.999,830.949,0.0025,0,NO,0.002898550778627396,0
5184.997,6989.987,934.069,0.0025,0,NO,0.0,0
5826.848,8257.536,690.999,0.045,0,NO,0.15563399940729142,0
6478.008,7737.954,941.609,0.416,1,NO,0.07222228273749351,0
6504.037,7781.998,941.609,0.051,0,NO,0.014536912366747857,0
6427.052,7799.977,941.609,0.052,0,NO,0.06661548279225826,0
6505.977,7827.952,941.609,0.263,1,NO,0.014536912366747857,0
6526.955,7843.95,941.609,6.736,1,NO,0.04292041249573231,0
6418.026,7869.974,941.609,0.114,1,NO,0.022976214438676833,0
5760.749,8300.895,690.999,0.038,0,NO,0.2585551515221596,1
5770.249,8262.428,690.999,0.016,0,NO,0.2629996001720428,1
5266.044,7286.197,716.069,2.02,1,NO,0.9047619104385376,1
4631.798,7151.043,697.509,0.009,0,NO,0.026345279440283774,0
5231.629,7080.589,830.949,0.0025,0,NO,0.002898550778627396,0
5920.297,7074.473,1147.359,0.0025,0,NO,0.0,0
5497.22,7002.321,1060.439,0.6,1,NO,0.1239138349890709,0
5413.998,7121.349,887.999,0.024,0,NO,0.039536912366747855,0
5274.423,7299.46,835.679,0.0025,0,NO,0.12103940285742283,0
6112.919,7128.661,1147.359,0.008,0,NO,0.0067447047680616375,0
6377.332,7068.32,1143.619,0.393,1,NO,0.1805262215435505,0
6256.895,7080.973,1169.099,1.039,1,NO,0.501794096827507,1
6262.426,7149.453,1169.099,1.125,1,NO,0.6268426135182381,1
6259.677,7147.453,1169.099,2.136,1,NO,0.6725080132484436,1
6257.232,7213.196,1169.099,0.032,0,NO,0.0,0
6199.521,7206.243,1169.099,0.011,0,NO,0.0,0
6348.912,7353.111,1040.209,0.018,0,NO,0.0,0
6167.262,7412.052,1055.819,0.009,0,NO,0.04717680662870407,0
6164.058,7410.504,1055.819,0.2,1,NO,0.32185675501823424,1
6142.599,7479.788,1055.819,0.021,0,NO,0.08030439615249634,0
6136.853,7489.084,1055.819,0.048,0,NO,0.05331852287054062,0
6081.364,7555.682,867.529,0.023,0,NO,0.0067447047680616375,0
6062.01,7576.883,867.529,0.014,0,NO,0.04863377194851637,0
6504.013,7693.299,951.059,0.013,0,NO,0.014536912739276885,0
6461.315,7685.196,951.059,0.0025,0,NO,0.086379324644804,0
6519.29,7859.273,941.609,0.402,1,NO,0.03344672918319702,0
6524.896,7858.805,941.609,0.079,0,NO,0.026345279440283774,0
6530.422,7826.883,941.609,1.304,1,NO,0.019414960965514184,0
6529.503,7821.969,941.609,1.118,1,NO,0.033446728438138965,0
6528.818,7820.133,941.609,6.185,1,NO,0.02609512209892273,0
6529.129,7813.508,941.609,1.999,1,NO,0.021217073500156402,0
6527.941,7809.983,941.609,1.077,1,NO,0.01966511756181717,0
6529.013,7791.281,941.609,13.986,1,NO,0.05773248970508575,0
6534.289,7776.823,941.609,4.41,1,NO,0.1210394062101841,0
6526.869,7759.846,941.609,0.296,1,NO,0.014536911994218827,0
6508.272,7588.003,951.059,0.037,0,NO,0.05773248933255672,0
6330.809,8106.534,769.0,0.024,0,NO,0.7761904835700989,1
6331.199,8106.937,769.0,0.0025,0,NO,0.016516410186886786,0
6323.518,8116.386,757.0,0.0025,0,NO,0.13363772816956043,0
6314.459,8125.515,757.0,0.006,0,NO,0.21008946150541305,1
6296.624,8160.62,738.0,0.017,0,NO,0.17789905071258544,0
6277.041,8190.147,727.0,0.012,0,NO,0.09353676959872245,0
6269.458,8200.522,731.0,0.0025,0,NO,0.025199615210294724,0
6268.728,8201.253,730.0,0.018,0,NO,0.6532919406890869,1
6268.254,8201.132,730.0,0.007,0,NO,0.014536911994218827,0
6361.0,9036.0,564.0,0.0025,0,NO,0.015199615061283112,0
6397.0,9029.0,565.0,0.0025,0,NO,0.046344177424907686,0
6411.0,8998.0,553.0,0.0025,0,NO,0.018098166026175023,0
6486.056,8346.481,736.0,0.106,1,NO,0.8133333444595336,1
6509.909,8350.544,743.0,0.0025,0,NO,0.07489899173378944,0
6482.379,8362.637,730.0,0.018,0,NO,0.006744705140590668,0
6467.292,8361.484,729.0,0.025,0,NO,0.05099024623632431,0
6460.375,8364.004,728.0,0.013,0,NO,0.038601978495717046,0
6428.0,8316.0,711.0,0.028,0,NO,0.09266071990132332,0
6495.463,8452.627,700.0,0.067,0,NO,0.03373769819736481,0
6517.0,8470.0,698.0,0.0025,0,NO,0.0,0
6525.656,8558.077,627.0,0.0025,0,NO,0.002898550778627396,0
6357.364,8528.587,619.0,0.0025,0,NO,0.0,0
6360.437,8526.132,621.0,0.0025,0,NO,0.0,0
6358.081,8524.675,620.0,0.0025,0,NO,0.0,0
6343.723,8516.412,617.0,0.0025,0,NO,0.0,0
6329.307,8505.809,614.0,0.0025,0,NO,0.0,0
6327.073,8514.711,617.0,0.0025,0,NO,0.0,0
5300.192,8533.699,486.0,2.476,1,NO,0.5452284276485443,1
5830.552,8239.037,696.0,0.005,0,NO,0.1355716660618782,0
5795.033,8225.54,685.0,0.019,0,NO,0.08667781054973603,0
5521.08,8370.677,586.0,0.007,0,NO,0.06598922312259674,0
5432.275,8355.507,561.0,0.0025,0,NO,0.021638362482190133,0
5430.223,8352.772,559.0,0.0025,0,NO,0.014536912366747857,0
5429.87,8352.753,559.0,0.02,0,NO,0.04125134572386742,0
5445.411,8326.43,557.0,0.0025,0,NO,0.030077663809061052,0
5455.559,8296.044,540.0,0.044,0,NO,0.05232960358262062,0
6274.909,7994.661,829.0,0.222,1,NO,0.9333333373069763,1
6349.78,7849.143,929.0,0.0025,0,NO,0.018639291077852248,0
6430.254,7774.135,936.0,0.026,0,NO,0.03274947293102741,0
6433.059,7774.259,937.0,0.067,0,NO,0.2529342442750931,1
6360.191,7690.664,879.0,0.0025,0,NO,0.03007766492664814,0
6347.546,7868.278,928.0,0.0025,0,NO,0.010690758377313614,0
6340.245,7833.639,918.0,0.0025,0,NO,0.011638360843062402,0
6330.647,7866.237,922.0,0.005,0,NO,0.021638361737132072,0
6324.454,7869.724,918.0,0.0025,0,NO,0.011638360843062402,0
6307.648,7873.18,905.0,0.0025,0,NO,0.007792206853628159,0
6415.764,8103.782,773.0,0.0025,0,NO,0.014536911621689796,0
6285.813,8211.679,715.0,0.095,0,NO,0.03271309807896614,0
6275.028,8226.694,721.0,1.254,1,NO,0.3072737127542496,1
6255.471,8251.829,697.0,0.097,0,NO,0.4544761836528778,1
6235.006,8239.024,694.0,0.0025,0,NO,0.0323281854391098,0
6412.0,8294.0,698.0,1.377,1,NO,0.6438095331192016,1
6550.342,8313.49,772.0,0.082,0,NO,0.13685816377401352,0
6245.654,8241.899,694.0,0.0025,0,NO,0.0077922075986862184,0
6283.533,8306.076,651.0,0.0025,0,NO,0.006744704209268093,0
6387.0,8328.0,673.0,0.0025,0,NO,0.015816476196050644,0
6227.834,8305.679,650.0,0.012,0,NO,0.08648727610707282,0
6183.965,8349.394,624.0,0.008,0,NO,0.021638360992074012,0
6159.193,8369.36,614.0,0.13,1,NO,0.06083397455513477,0
6147.995,8364.259,612.0,0.0025,0,NO,0.0,0
6100.995,8209.643,699.0,0.064,0,NO,0.5371428519487381,1
6463.657,8509.734,633.0,0.0025,0,NO,0.0,0
6457.475,8521.712,631.0,0.0025,0,NO,0.01163836158812046,0
6132.0,8384.0,578.0,0.015,0,NO,0.04054074659943581,0
6080.0,8427.0,566.0,0.043,0,NO,0.10587437897920608,0
6072.0,8449.0,564.0,0.012,0,NO,0.02609512284398079,0
5941.0,8500.0,510.0,0.0025,0,NO,0.022976214438676833,0
5931.0,8505.0,504.0,0.0025,0,NO,0.014536912366747857,0
5455.093,7871.946,659.0,0.016,0,NO,0.24966626316308976,1
5444.036,7875.812,660.0,0.007,0,NO,0.1597057670354843,0
5414.602,7890.204,657.0,0.005,0,NO,0.10654960796236992,0
5415.344,7888.669,657.0,0.008,0,NO,0.3147233575582504,1
5415.317,7886.495,657.0,0.009,0,NO,0.10715051889419555,0
5344.757,7899.473,623.0,0.018,0,NO,0.08113830760121346,0
5309.807,7918.561,599.0,0.021,0,NO,0.108600315451622,0
5259.106,7957.47,567.0,0.0025,0,NO,0.021638360992074012,0
5228.769,7985.177,543.0,0.0025,0,NO,0.025199615210294724,0
5284.909,8057.846,559.0,0.0025,0,NO,0.046344177424907686,0
5292.965,8045.829,567.0,0.01,0,NO,0.028318522870540618,0
5300.878,8029.965,566.0,0.006,0,NO,0.021638360992074012,0
5306.604,8039.198,577.0,0.009,0,NO,0.025199615210294724,0
5319.665,8036.053,590.0,0.009,0,NO,0.08611117154359818,0
5320.663,8036.777,592.0,0.0025,0,NO,0.025286906957626344,0
5275.099,7313.326,762.0,0.0025,0,NO,0.0,0
5346.698,8030.614,593.0,0.012,0,NO,0.02163836024701595,0
5364.713,8030.412,598.0,0.009,0,NO,0.02892274558544159,0
5382.598,8030.441,596.0,0.0025,0,NO,0.0265164103358984,0
5392.416,8028.566,593.0,0.038,0,NO,0.3453034609556198,1
5407.75,8024.675,590.0,0.009,0,NO,0.10091745108366013,0
5412.525,8021.974,589.0,0.021,0,NO,0.25855515599250795,1
5412.399,8021.496,592.0,0.0025,0,NO,0.06621597334742546,0
5427.29,8016.623,590.0,0.015,0,NO,0.03319657295942306,0
5448.353,8013.825,583.0,0.0025,0,NO,0.0,0
5492.003,8007.473,580.0,0.0025,0,NO,0.05773249007761479,0
5531.158,7963.812,610.0,0.0025,0,NO,0.0077922075986862184,0
5506.205,8010.576,580.0,0.0025,0,NO,0.06850246824324131,0
5522.985,8011.88,572.0,0.005,0,NO,0.07018875330686569,0
5523.253,8011.928,571.0,0.0025,0,NO,0.05461357794702053,0
5512.583,8019.745,569.0,0.008,0,NO,0.04634417667984962,0
5557.228,8030.05,569.0,0.0025,0,NO,0.055292166210711,0
5568.791,8001.131,589.0,0.006,0,NO,0.21394433826208115,1
6121.046,7536.826,921.0,0.0025,0,NO,0.003846153989434242,0
5627.657,8011.16,592.0,0.0025,0,NO,0.21797795593738556,1
5614.553,7977.078,616.0,0.0025,0,NO,0.02234884798526764,0
5666.99,8011.368,599.0,0.0025,0,NO,0.5477681398391724,1
5700.837,8007.122,601.0,0.006,0,NO,0.5126984119415283,1
5700.844,8006.847,601.0,0.053,0,NO,0.5563395380973816,1
5700.862,8006.657,601.0,0.171,1,NO,0.35835797488689425,1
5700.856,8006.524,601.0,0.078,0,NO,0.6256728649139405,1
5342.774,7989.736,601.0,0.028,0,NO,0.03885213360190391,0
5350.305,7950.648,621.0,0.0025,0,NO,0.014536912366747857,0
5322.32,7998.088,586.0,0.009,0,NO,0.06347813755273819,0
5295.573,8026.062,567.0,0.009,0,NO,0.025199615210294724,0
5287.779,7999.252,564.0,0.0025,0,NO,0.021638361737132072,0
5272.752,8025.306,556.0,0.0025,0,NO,0.02163836024701595,0
5272.383,8025.099,556.0,0.0025,0,NO,0.03007766343653202,0
5596.648,7870.94,671.0,0.008,0,NO,0.30631356239318847,1
5604.192,7861.974,673.0,0.017,0,NO,0.2525234192609787,1
5604.457,7862.093,673.0,0.0025,0,NO,0.6532919645309448,1
5599.653,7836.193,694.0,0.01,0,NO,0.058723928034305574,0
5629.405,7831.748,703.0,0.023,0,NO,0.09270909726619721,0
5629.737,7831.999,703.0,0.031,0,NO,0.09870949648320675,0
5642.476,7842.945,697.0,0.006,0,NO,0.021638360619544984,0
5655.921,7832.334,706.0,0.005,0,NO,0.26263679265975953,1
5710.66,7849.902,722.0,0.0025,0,NO,0.025199615955352785,0
5211.113,7777.32,594.0,0.0025,0,NO,0.0811052791774273,0
4831.0,7511.0,557.0,0.023,0,NO,0.025199614465236664,0
5107.181,7796.021,543.0,0.0025,0,NO,0.026516409963369368,0
5076.036,7728.606,561.0,0.008,0,NO,0.046621377021074294,0
5057.794,7710.406,563.0,0.0025,0,NO,0.0,0
5153.999,7735.219,593.0,0.013,0,NO,0.021638361737132072,0
5144.728,7682.647,610.0,0.0025,0,NO,0.003846153989434242,0
5144.416,7638.749,617.0,0.009,0,NO,0.021638360992074012,0
5225.282,7644.835,649.0,0.0025,0,NO,0.010690757632255554,0
5115.68,7265.548,789.0,0.0025,0,NO,0.0,0
4674.0,7389.0,549.0,1.181,1,NO,0.5563395738601684,1
4519.0,7265.0,550.0,0.015,0,NO,0.028631776198744775,0
5401.676,8034.352,590.0,0.0025,0,NO,0.021638360992074012,0
5488.196,8046.583,563.0,0.008,0,NO,0.019665117748081683,0
5421.191,8107.76,537.0,0.0025,0,NO,0.0,0
5370.292,8166.589,504.0,0.009,0,NO,0.02163836024701595,0
5359.797,8200.243,503.0,0.0025,0,NO,0.0,0
5325.548,8181.649,498.0,0.0025,0,NO,0.021638360992074012,0
5416.856,6990.309,973.0,0.0025,0,NO,0.0856520775705576,0
4635.393,7157.17,657.0,0.0025,0,NO,0.036310724914073944,0
5294.175,7040.576,938.0,0.0025,0,NO,0.003846153989434242,0
5289.277,7052.313,926.0,0.019,0,NO,0.02361377142369747,0
6433.0,7620.0,919.0,0.0025,0,NO,0.0067447047680616375,0
6365.0,7602.0,924.0,74.766,1,NO,0.8085714340209961,1
6364.0,7635.0,909.0,0.018,0,NO,0.0067447047680616375,0
6359.0,7629.0,909.0,0.037,0,NO,0.269666263461113,1
6325.0,7608.0,919.0,0.025,0,NO,0.17897796034812927,0
6313.0,7609.0,919.0,0.0025,0,NO,0.02344672791659832,0
6310.0,7611.0,943.0,0.028,0,NO,0.034440836310386656,0
5256.0,7041.0,925.0,0.0025,0,NO,0.0,0
5068.0,6993.0,858.0,0.0025,0,NO,0.006744704581797123,0
6494.224,7362.694,1055.0,0.01,0,NO,0.26073701679706573,1
6494.619,7376.817,1048.0,0.008,0,NO,0.1749053031206131,0
6516.94,7262.883,1102.0,0.828,1,NO,0.46069265305995943,1
6498.297,7316.089,1082.0,0.561,1,NO,0.6278951048851014,1
6489.419,7447.858,1009.0,0.045,0,NO,0.06309706419706344,0
6341.541,7527.155,982.0,0.005,0,NO,0.01809816565364599,0
6336.118,7526.399,980.0,0.0025,0,NO,0.007792206853628159,0
6287.057,7483.666,1003.0,0.06,0,NO,0.03192181512713432,0
5280.749,7050.734,924.0,0.0025,0,NO,0.010000000149011612,0
5276.797,7056.298,920.0,0.0025,0,NO,0.0028985509648919105,0
6379.0,7345.0,1061.0,0.0025,0,NO,0.0,0
6369.0,7466.0,993.0,0.037,0,NO,0.08554495200514793,0
6383.0,7480.0,975.0,0.0025,0,NO,0.0,0
6389.0,7482.0,974.0,0.008,0,NO,0.02163836285471916,0
6391.0,7541.0,949.0,0.0025,0,NO,0.0,0
6356.0,7572.0,932.0,0.005,0,NO,0.0077922075986862184,0
6352.0,7610.0,906.0,0.0025,0,NO,0.0,0
6350.0,7607.0,906.0,0.024,0,NO,0.17612081468105317,0
6350.0,7608.0,910.0,0.026,0,NO,0.1216827780008316,0
6348.0,7608.0,910.0,0.02,0,NO,0.07375485077500343,0
6420.0,7282.0,1089.0,0.011,0,NO,0.026345279440283774,0
6410.0,7249.0,1107.0,0.481,1,NO,0.033446726948022844,0
6415.0,7251.0,1107.0,0.028,0,NO,0.2696662664413452,1
6335.0,7610.0,892.0,0.028,0,NO,0.057732488587498666,0
6352.0,7618.0,898.0,0.005,0,NO,0.014536911994218827,0
6339.0,7627.0,882.0,0.0025,0,NO,0.02297621462494135,0
6361.0,7666.0,878.0,0.005,0,NO,0.08325573317706585,0
6363.0,7674.0,879.0,0.007,0,NO,0.0265164103358984,0
6351.051,7687.279,863.0,0.006,0,NO,0.01779220774769783,0
6348.0,7735.0,870.0,0.0025,0,NO,0.0,0
6350.0,7659.0,877.0,0.0025,0,NO,0.0334467276930809,0
6323.0,7596.0,916.0,0.01,0,NO,0.046344177424907686,0
3359.985,7087.879,0.0,0.172,1,NO,0.37846840023994444,1
4412.266,7508.274,381.0,0.0025,0,NO,0.0067447047680616375,0
4420.576,7520.641,382.0,0.0025,0,NO,0.025199615210294724,0
4421.501,7521.07,383.0,0.0025,0,NO,0.021638360992074012,0
4422.475,7521.769,384.0,0.0025,0,NO,0.006744704581797123,0
4418.0,7497.0,396.0,0.0025,0,NO,0.021638360992074012,0
4428.391,7574.709,389.0,0.0025,0,NO,0.028318523615598678,0
4416.0,7582.0,357.0,0.0025,0,NO,0.018098165094852448,0
4420.0,7591.0,359.0,0.0025,0,NO,0.028318522870540618,0
4390.621,7631.221,361.0,0.0025,0,NO,0.0067447047680616375,0
4393.198,7633.17,361.0,0.0025,0,NO,0.0,0
4394.729,7653.401,364.0,0.005,0,NO,0.010000000149011612,0
4384.887,7684.654,374.0,0.02,0,NO,0.04997286312282086,0
4392.777,7690.321,371.0,0.0025,0,NO,0.03386058136820793,0
4375.362,7677.273,366.0,0.0025,0,NO,0.03386058323085308,0
4403.0,7712.0,356.0,0.17,1,NO,0.06598922125995159,0
4457.0,7673.0,363.0,0.0025,0,NO,0.033196572214365005,0
4458.0,7667.0,364.0,0.0025,0,NO,0.0,0
4463.0,7642.0,388.0,0.0025,0,NO,0.025199615210294724,0
4326.012,7648.652,334.0,0.0025,0,NO,0.0829922616481781,0
4513.0,7794.0,335.0,0.073,0,NO,0.2629995971918106,1
4508.0,7800.0,336.0,0.053,0,NO,0.6171014666557312,1
4500.0,7796.0,333.0,0.006,0,NO,0.09656187035143375,0
4522.1,7817.8,320.0,0.005,0,NO,0.051749583706259726,0
4523.01,7816.72,320.0,0.027,0,NO,0.3265166595578194,1
4524.35,7815.5,320.0,0.014,0,NO,0.2541107192635536,1
4525.12,7814.83,321.0,0.123,1,NO,0.6657142877578736,1
4525.71,7814.43,321.0,0.02,0,NO,0.5351099967956543,1
4526.23,7813.82,321.0,0.015,0,NO,0.21352341771125793,1
4625.0,7887.0,310.0,0.0025,0,NO,0.09558485932648182,0
4651.0,7904.0,311.0,0.0025,0,NO,0.028318523615598678,0
4665.0,7909.0,312.0,0.005,0,NO,0.11045075841248035,0
4692.0,7856.0,342.0,0.0025,0,NO,0.028318523615598678,0
4687.0,7919.0,313.0,0.007,0,NO,0.11006323248147964,0
4687.2,7917.35,314.0,0.005,0,NO,0.26520244777202606,1
4687.25,7916.45,314.0,0.0025,0,NO,0.20949990153312684,1
4687.35,7915.15,315.0,0.0025,0,NO,0.09479419291019439,0
4687.45,7913.95,315.0,0.005,0,NO,0.06873873956501483,0
4687.5,7913.05,316.0,0.0025,0,NO,0.01030595824122429,0
4687.6,7912.45,326.0,0.006,0,NO,0.0067447047680616375,0
4687.65,7911.85,316.0,0.0025,0,NO,0.0216383621096611,0
4687.75,7910.9,316.0,0.0025,0,NO,0.01163836121559143,0
4687.75,7910.0,316.0,0.0025,0,NO,0.03358911983668804,0
4630.0,7871.0,316.0,0.01,0,NO,0.12103940285742283,0
4625.0,7866.0,315.0,0.0025,0,NO,0.21394433975219726,1
4716.0,7924.0,287.0,0.0025,0,NO,0.07222228422760964,0
4729.95,7936.9,275.0,0.0025,0,NO,0.1104507565498352,0
4730.0,7936.0,275.0,0.0025,0,NO,0.05388305485248566,0
4750.52,7963.7,290.0,0.0025,0,NO,0.05388305634260178,0
4751.85,7963.31,290.0,0.0025,0,NO,0.12103940397500992,0
4753.44,7963.0,290.0,0.0025,0,NO,0.05388305671513081,0
4749.68,7967.0,275.0,0.0025,0,NO,0.05388305671513081,0
4750.0,7966.4,275.0,0.0025,0,NO,0.06623937785625458,0
4995.594,8197.018,413.0,0.006,0,NO,0.2195551499724388,1
4995.068,8197.667,413.0,0.0025,0,NO,0.03007766306400299,0
4994.65,8198.165,413.0,0.0025,0,NO,0.07222228422760964,0
4994.261,8198.576,413.0,0.0025,0,NO,0.034580171760171655,0
4993.825,8199.003,413.0,0.0025,0,NO,0.025199614465236664,0
4993.402,8199.455,413.0,0.0025,0,NO,0.05219298228621483,0
4995.0,8213.0,382.0,0.01,0,NO,0.08070576786994935,0
4994.42,8197.143,410.0,0.005,0,NO,0.025199614465236664,0
4987.099,8192.271,400.0,0.01,0,NO,0.03114614635705948,0
4986.764,8192.549,400.0,0.25,1,NO,0.22808123528957366,1
4986.355,8192.968,400.0,0.019,0,NO,0.15661101192235946,0
4985.997,8193.225,400.0,0.007,0,NO,0.12201641723513604,0
4985.642,8193.464,400.0,0.0025,0,NO,0.03426505625247955,0
4922.31,8130.262,340.0,0.0025,0,NO,0.325146409869194,1
4922.559,8130.166,340.0,0.0025,0,NO,0.5304295301437378,1
4843.648,8047.978,320.0,0.0025,0,NO,0.1745716705918312,0
4845.475,8046.445,320.0,0.0025,0,NO,0.1793396532535553,0
5218.0,8313.0,372.0,0.009,0,NO,0.017407408356666564,0
5218.0,8311.0,370.0,0.0025,0,NO,0.03843631595373154,0
5106.15,8330.0,355.0,1.14,1,NO,0.2614122986793518,1
5106.18,8329.73,355.0,0.113,1,NO,0.2224123001098633,1
5106.28,8329.074,355.0,0.027,0,NO,0.2479024976491928,1
5106.36,8328.474,355.0,0.051,0,NO,0.2939342468976974,1
5106.5,8327.524,355.0,0.0025,0,NO,0.17100614234805106,0
5105.85,8323.0,360.0,0.006,0,NO,0.10818318128585816,0
5105.83,8322.0,360.0,0.0025,0,NO,0.033196572214365005,0
5105.85,8321.0,360.0,0.0025,0,NO,0.030077663809061052,0
5107.2,8320.5,361.0,0.0025,0,NO,0.015256256982684135,0
5107.22,8320.15,361.0,0.006,0,NO,0.02080148011445999,0
5107.25,8319.5,361.0,0.087,0,NO,0.01809816583991051,0
5107.28,8318.73,361.0,0.0025,0,NO,0.022976214438676833,0
5107.31,8318.08,362.0,0.0025,0,NO,0.002898550778627396,0
5107.35,8317.33,362.0,0.005,0,NO,0.01809816583991051,0
5107.65,8316.28,362.0,0.0025,0,NO,0.018098164908587934,0
5107.69,8315.03,362.0,0.009,0,NO,0.0067447047680616375,0
6076.893,7066.71,1156.0,0.009,0,NO,0.003846153989434242,0
5653.383,7201.3,1056.0,0.0025,0,NO,0.0,0
5716.123,7160.875,1038.02,0.438,1,NO,0.4068571537733078,1
5619.311,7058.962,1013.18,0.0025,0,NO,0.0067447047680616375,0
5536.363,7110.256,970.0,0.0025,0,NO,0.0,0
5497.022,7200.974,956.0,0.0025,0,NO,0.0,0
5244.806,7153.649,839.0,0.02,0,NO,0.11262762844562531,0
5356.395,7056.879,907.18,0.0025,0,NO,0.0,0
5243.787,7153.792,839.0,0.041,0,NO,0.05149942710995674,0
6221.44,7041.817,1277.0,0.0025,0,NO,0.0,0
6222.612,7041.92,1277.0,0.0025,0,NO,0.0,0
4313.229,7637.361,297.83,0.0025,0,NO,0.03373769819736481,0
4289.216,7630.576,272.04,0.0025,0,NO,0.03398785442113876,0
4307.072,7605.748,277.55,0.0025,0,NO,0.025199614465236664,0
4181.874,7636.848,196.69,0.013,0,NO,0.03914310373365879,0
4182.324,7636.848,196.69,0.031,0,NO,0.22246031761169432,1
4183.024,7636.848,196.69,0.018,0,NO,0.04863067381083965,0
4183.924,7636.848,196.69,0.018,0,NO,0.06397116519510745,0
4136.389,7618.941,183.79,0.005,0,NO,0.025199615210294724,0
4031.027,7508.127,221.33,0.005,0,NO,0.021217073500156402,0
4004.911,7451.452,206.06,0.0025,0,NO,0.03319657146930695,0
4005.061,7451.452,206.06,0.005,0,NO,0.021638361364603044,0
3948.927,7387.505,226.81,0.006,0,NO,0.028318523615598678,0
3937.027,7387.505,214.8,0.005,0,NO,0.0,0
3936.527,7387.505,214.3,0.0025,0,NO,0.025199615210294724,0
3936.127,7387.505,214.0,0.006,0,NO,0.02831852212548256,0
3935.627,7373.154,213.61,0.0025,0,NO,0.019414960220456124,0
3880.602,7340.998,137.0,0.0025,0,NO,0.051615482196211815,0
3880.602,7340.948,137.3,0.015,0,NO,0.12437882348895073,0
3880.602,7340.938,137.65,0.0025,0,NO,0.04282724224030972,0
3887.125,7344.043,138.0,0.0025,0,NO,0.021217074245214462,0
3885.334,7347.289,138.0,0.0025,0,NO,0.08667781315743923,0
3885.334,7347.179,138.0,0.008,0,NO,0.2151208132505417,1
3885.334,7347.029,138.0,0.005,0,NO,0.02052631676197052,0
3885.334,7346.629,138.0,0.0025,0,NO,0.028318522870540618,0
3883.004,7343.405,138.0,0.0025,0,NO,0.0287881962954998,0
3883.004,7343.405,137.65,0.04,0,NO,0.15661101490259172,0
6267.186,9103.737,593.68,0.0025,0,NO,0.01163836196064949,0
6335.46,9129.624,635.0,0.007,0,NO,0.01809816565364599,0
6365.987,9165.388,646.4,0.0025,0,NO,0.021217073313891888,0
6466.191,9148.689,663.15,0.0025,0,NO,0.0,0
6312.578,9072.216,596.0,0.0025,0,NO,0.02322637103497982,0
6117.019,9021.901,574.0,0.0025,0,NO,0.002898550778627396,0
6090.277,9033.208,574.0,0.026,0,NO,0.015199615061283112,0
6273.473,9078.348,593.0,0.0025,0,NO,0.014536912366747857,0
6274.946,9078.549,595.0,0.0025,0,NO,0.022976213693618776,0
6276.2,9078.549,596.0,0.0025,0,NO,0.014536912366747857,0
6277.332,9078.652,596.0,0.0025,0,NO,0.08336836919188499,0
6292.924,9084.253,609.0,0.0025,0,NO,0.01163836158812046,0
6456.45,9044.413,610.0,0.0025,0,NO,0.0,0
6550.153,7726.833,969.0,0.176,1,NO,0.026345280185341834,0
6525.819,7759.798,971.0,0.836,1,NO,0.22396055832505227,1
6530.685,7774.565,968.0,4.934,1,NO,0.12141550667583942,0
6531.783,7789.934,965.0,13.727,1,NO,0.019665116816759108,0
6528.118,7809.41,960.0,1.358,1,NO,0.03152405992150307,0
6530.714,7826.906,945.0,2.496,1,NO,0.020327820628881454,0
6529.833,7847.383,936.0,3.389,1,NO,0.046344175934791565,0
6504.192,7831.845,933.0,0.771,1,NO,0.018098165094852448,0
6500.656,7831.902,931.0,22.424,1,NO,0.1834212750196457,0
6502.193,7783.962,959.0,1.197,1,NO,0.11458812616765499,0
6498.007,7771.762,960.0,3.216,1,NO,0.08799868552014231,0
6432.989,7796.449,935.0,0.422,1,NO,0.21237971261143684,1
6470.0,7775.0,936.0,0.02,0,NO,0.11431405954062938,0
6421.0,7821.0,915.0,1.254,1,NO,0.021638361364603044,0
6419.0,7850.0,899.0,11.494,1,NO,0.2614122986793518,1
6417.0,7865.0,889.0,5.287,1,NO,0.1604155071079731,0
6402.0,7830.0,921.0,0.0025,0,NO,0.0,0
6539.0,7750.0,975.0,0.0025,0,NO,0.00044427732937037947,0
6411.0,7961.0,850.0,6.157,1,NO,0.08648727759718895,0
6506.0,7595.0,947.0,0.075,0,NO,0.1575756896287203,0
6454.0,7701.0,937.0,0.014,0,NO,0.014536912366747857,0
6497.0,7701.0,953.0,0.673,1,NO,0.030172940343618393,0
6503.0,7681.0,953.0,0.52,1,NO,0.058723928034305574,0
6542.0,7604.0,960.0,0.007,0,NO,0.25247313678264616,1
6507.0,7857.0,911.0,2.643,1,NO,0.03232818618416786,0
5481.0,8260.0,521.0,0.135,1,NO,0.08085512220859528,0
5447.0,8323.0,539.0,0.014,0,NO,0.0265164103358984,0
5598.0,8339.0,600.0,0.006,0,NO,0.03609616365283728,0
5539.0,8339.0,585.0,0.023,0,NO,0.025199613720178603,0
5552.0,8319.0,598.0,0.101,1,NO,0.25855515003204343,1
5650.0,8191.0,643.0,0.025,0,NO,0.044007521495223044,0
5643.0,8216.0,589.0,0.0025,0,NO,0.0,0
6468.0,8267.0,717.0,0.053,0,NO,0.684761905670166,1
6197.795,7319.488,1070.0,0.023,0,NO,0.09331728518009186,0
6181.372,7345.085,1052.0,0.088,0,NO,0.3024321645498276,1
6180.73,7356.765,1044.0,0.011,0,NO,0.22855958491563796,1
6174.443,7369.29,1034.5,0.449,1,NO,0.26263679265975953,1
6171.418,7391.818,1024.0,0.193,1,NO,0.3274758726358414,1
6167.105,7408.005,1007.0,0.016,0,NO,0.1749053005129099,0
6165.021,7407.497,1008.0,0.006,0,NO,0.03398785404860973,0
6164.288,7407.268,1009.0,0.0025,0,NO,0.011638360843062402,0
6383.933,7059.859,1228.0,0.225,1,NO,0.29836740493774416,1
6297.102,7185.915,1163.0,0.119,1,NO,0.09785816557705403,0
6223.649,7274.05,1101.0,0.707,1,NO,0.35328531116247175,1
6213.113,7308.349,1081.0,0.014,0,NO,0.17657120898365974,0
6188.95,7374.591,1033.0,0.12,1,NO,0.2885357826948166,1
6187.004,7383.143,1025.0,0.032,0,NO,0.0722988773137331,0
6183.13,7394.712,1013.0,0.008,0,NO,0.21658684462308883,1
6177.32,7413.31,1011.0,0.01,0,NO,0.044835040345788,0
6162.162,7450.71,977.0,0.646,1,NO,0.02885965034365654,0
6136.528,7512.999,937.0,0.049,0,NO,0.018318523466587067,0
6125.7,7520.748,916.0,0.024,0,NO,0.21833964623510838,1
6075.138,7582.255,876.0,0.006,0,NO,0.043825991079211236,0
6041.007,7656.266,825.0,0.0025,0,NO,0.013846154138445855,0
6000.052,7621.173,839.0,0.011,0,NO,0.014536911621689796,0
5902.868,7715.943,763.0,0.009,0,NO,0.25306668132543564,1
5938.795,7716.363,771.0,0.0025,0,NO,0.003846153989434242,0
6471.14,6998.602,1227.0,0.868,1,NO,0.740921151638031,1
6463.948,7037.448,1206.0,0.401,1,NO,0.8333333373069763,1
5392.816,7889.858,640.0,0.011,0,NO,0.13997707217931749,0
5710.122,7776.634,748.0,0.0025,0,NO,0.057402082905173304,0
5747.345,7762.019,756.0,0.006,0,NO,0.06720617413520813,0
6101.0,7776.0,774.0,0.0025,0,NO,0.04634417816996574,0
5736.0,7994.0,610.0,0.0025,0,NO,0.018098165094852448,0
5656.0,8013.0,593.0,0.039,0,NO,0.033723929151892665,0
5341.0,7902.0,609.0,0.011,0,NO,0.05266582407057285,0
5520.65,7715.18,753.0,0.0025,0,NO,0.03742183819413185,0
5528.433,7720.967,753.0,0.0025,0,NO,0.03007766343653202,0
5752.0,7944.0,632.0,0.005,0,NO,0.03958648666739464,0
5779.0,7932.0,636.0,0.157,1,NO,0.5452284395694733,1
5624.0,8011.0,583.0,0.008,0,NO,0.2517681986093521,1
5524.0,7946.0,603.0,0.0025,0,NO,0.014536911994218827,0
5340.0,8030.0,586.0,0.007,0,NO,0.1214155063033104,0
5421.62,7889.622,656.0,0.01,0,NO,0.11045075692236424,0
5421.11,7889.084,656.0,0.0025,0,NO,0.06623938009142875,0
5366.878,7888.632,633.0,0.006,0,NO,0.058566398546099664,0
5417.933,7122.751,881.0,0.011,0,NO,0.0640740729868412,0
5118.653,7184.682,827.0,0.0025,0,NO,0.0,0
4558.992,7331.059,529.0,0.0025,0,NO,0.003846153989434242,0
5472.809,7666.241,756.0,0.0025,0,NO,0.045634272322058675,0
5204.905,7350.857,707.0,0.156,1,NO,0.4495001554489136,1
5149.893,7419.615,659.0,0.923,1,NO,0.6532919645309448,1
6459.0,7315.0,1078.0,0.0025,0,NO,0.0,0
6460.0,7389.0,1038.0,0.0025,0,NO,0.0,0
6418.0,7540.0,959.0,0.0025,0,NO,0.0038461536169052124,0
6234.0,7203.0,1135.0,0.039,0,NO,0.010690758377313614,0
6278.0,7263.0,1111.0,0.0025,0,NO,0.0,0
6201.0,7260.0,1100.0,0.0025,0,NO,0.0,0
6330.0,7325.0,1083.0,0.0025,0,NO,0.011638360843062402,0
6429.0,7311.0,1089.0,0.0025,0,NO,0.0,0
6240.0,7406.0,1015.0,0.0025,0,NO,0.0,0
6296.0,7506.0,987.0,0.0025,0,NO,0.0,0
6107.0,7601.0,874.0,0.0025,0,NO,0.0077922075986862184,0
6083.0,7661.0,837.0,0.0025,0,NO,0.0,0
6137.0,7008.0,1255.0,0.0025,0,NO,0.0,0
6185.0,7104.0,1209.0,0.0025,0,NO,0.0,0
6204.0,7106.0,1207.0,0.0025,0,NO,0.02228545695543289,0
5942.0,7246.0,1100.0,0.0025,0,NO,0.0,0
5802.0,7144.0,1083.0,0.0025,0,NO,0.0,0
5752.0,7443.0,953.0,0.0025,0,NO,0.0,0
5598.0,7522.0,856.0,0.0025,0,NO,0.01809816583991051,0
5428.0,7562.0,754.0,0.0025,0,NO,0.0,0
5403.0,7888.0,632.0,0.016,0,NO,0.05001486465334892,0
5370.0,7897.0,616.0,0.013,0,NO,0.07222228571772575,0
5302.0,8023.0,557.0,0.009,0,NO,0.021638361737132072,0
5256.0,8076.0,527.609,0.0025,0,NO,0.0,0
4647.58,7444.351,522.0,0.0025,0,NO,0.0016383521258831024,0
4636.646,7435.528,523.0,0.045,0,NO,0.13590530455112457,0
4493.166,7284.159,553.0,0.0025,0,NO,0.003846153989434242,0
4993.0,8197.0,396.0,0.0025,0,NO,0.05107435621321201,0
5338.112,8030.053,590.0,0.0025,0,NO,0.07162137888371944,0
4925.0,8133.0,332.0,0.03,0,NO,0.46069264113903047,1
4685.0,7904.0,320.0,0.0025,0,NO,0.3001208156347275,1
5543.563,7699.075,773.0,0.0025,0,NO,0.0,0
5870.247,7706.339,777.0,0.0025,0,NO,0.012177034886553884,0
5755.815,7795.417,735.0,0.027,0,NO,0.46894457936286926,1
5712.936,7851.486,710.0,0.0025,0,NO,0.21235703080892562,1
5582.165,7898.066,660.0,0.0025,0,NO,0.014536912366747857,0
5000.0,8195.0,392.0,0.0025,0,NO,0.04594615139067173,0
5866.0,7857.0,688.0,0.03,0,NO,0.44590477347373964,1
5901.0,7826.0,707.0,0.03,0,NO,0.03997076004743576,0
5983.0,7749.0,759.0,0.099,0,NO,0.02651640959084034,0
6335.0,7119.0,1193.0,0.071,0,NO,0.033196572214365005,0
6369.0,7187.0,1154.0,0.956,1,NO,0.17490530163049697,0
5816.0,7775.0,724.0,0.011,0,NO,0.0394296333193779,0
5811.0,7865.0,702.0,0.029,0,NO,0.26299960911273956,1
5962.0,7775.0,743.0,0.006,0,NO,0.2765656545758247,1
5817.0,7768.0,721.0,1.094,1,NO,0.026345277763903142,0
17.0,9179.0,825.0,0.0025,0,NO,0.006744704395532608,0
16.0,9177.0,825.0,0.0025,0,NO,0.05968516431748867,0
0.0,9216.0,817.0,0.0025,0,NO,0.0,0
26.0,9211.0,817.0,0.0025,0,NO,0.030605019256472587,0
353.0,8869.0,792.0,0.005,0,NO,0.1335663888603449,0
281.0,7781.0,787.0,0.0025,0,NO,0.0,0
352.0,8030.0,790.0,0.005,0,NO,0.13590530455112457,0
363.0,8021.0,790.0,0.0025,0,NO,0.09425306729972363,0
2540.0,7416.0,393.0,0.0025,0,NO,0.003846153989434242,0
885.0,11617.0,751.0,0.0025,0,NO,0.0,0
2506.0,13023.0,1097.0,0.0025,0,NO,0.0,0
6352.596,6830.149,1352.149,132.245,1,SO,0.656296306848526,1
6352.74,6819.014,1352.149,4.392,1,SO,0.024488430097699167,0
6342.413,6822.44,1332.569,0.01,0,SO,0.0,0
6339.352,6818.917,1332.569,0.037,0,SO,0.0,0
6428.974,6727.485,1352.149,0.012,0,SO,0.0,0
5136.996,6318.009,1292.959,0.082,0,SO,0.005430196784436703,0
5132.958,6328.05,1292.959,0.0025,0,SO,0.0,0
5006.964,6547.981,1146.899,0.01,0,SO,0.0,0
5110.048,6320.006,1292.959,0.007,0,SO,0.0,0
5111.019,6689.958,1012.639,0.0025,0,SO,0.0,0
6342.393,6898.786,1302.709,12.985,1,SO,0.6190343916416168,1
6340.953,6898.741,1302.709,0.014,0,SO,0.0,0
6343.687,6864.89,1302.709,10.903,1,SO,0.5390344083309173,1
6332.121,6896.556,1302.709,0.039,0,SO,0.002898550778627396,0
6494.297,6741.99,1352.149,0.188,1,SO,0.11089687198400497,0
6381.42,6659.103,1352.149,0.0025,0,SO,0.0,0
5699.027,6580.02,1284.399,0.0025,0,SO,0.0,0
5668.96,6628.041,1284.399,0.216,1,SO,0.41543652713298795,1
5669.038,6632.027,1284.399,1.89,1,SO,0.7315343976020813,1
5674.958,6633.956,1284.399,0.0025,0,SO,0.0,0
5660.019,6728.037,1156.639,0.0025,0,SO,0.0,0
5479.011,6750.046,1111.139,0.028,0,SO,0.03171734549105167,0
5478.022,6750.038,1111.139,0.024,0,SO,0.002531645633280277,0
5555.949,6806.014,1156.639,0.493,1,SO,0.5984883308410645,1
6093.945,6750.018,1279.219,0.0025,0,SO,0.0,0
5947.032,6374.022,1301.529,0.0025,0,SO,0.0,0
5777.983,6139.979,1256.439,0.005,0,SO,0.0,0
6025.987,6152.051,1219.529,0.017,0,SO,0.0,0
2869.306,1880.466,673.609,0.352,1,SO,0.7171331286430359,1
2579.966,2221.598,516.659,0.197,1,SO,0.8276570916175843,1
5751.848,6528.074,1297.839,0.021,0,SO,0.0,0
5686.08,6607.879,1284.399,3.788,1,SO,0.18129817694425582,0
5676.019,6626.142,1284.399,0.033,0,SO,0.0,0
5672.987,6627.363,1284.399,0.057,0,SO,0.013677619956433773,0
5671.99,6627.611,1284.399,0.742,1,SO,0.40154762864112853,1
5670.158,6626.205,1284.399,0.115,1,SO,0.058818796463310716,0
5577.393,6763.242,1156.639,0.928,1,SO,0.524754923582077,1
5570.832,6791.101,1156.639,0.029,0,SO,0.0,0
5576.544,6795.458,1156.639,0.011,0,SO,0.0,0
4751.525,6829.675,942.979,0.074,0,SO,0.07881953325122595,0
5561.711,6797.572,1156.639,6.967,1,SO,0.7362963080406189,1
5560.397,6800.527,1156.639,0.657,1,SO,0.40379630625247953,1
5560.141,6800.232,1156.639,0.083,0,SO,0.0,0
5556.843,6807.053,1156.639,0.713,1,SO,0.7229629814624786,1
5556.255,6806.828,1156.639,0.654,1,SO,0.21767140328884124,1
5555.229,6806.051,1156.639,3.108,1,SO,0.2924819618463516,1
5545.507,6837.096,1156.639,0.026,0,SO,0.0,0
5541.781,6837.542,1156.639,0.093,0,SO,0.15109700560569764,0
5504.041,6986.029,1060.439,0.441,1,SO,0.5021031975746155,1
4702.059,6705.683,942.979,0.033,0,SO,0.2190692752599716,1
5415.241,6352.257,1292.149,0.0025,0,SO,0.020906535163521766,0
4834.949,6210.729,1102.589,0.021,0,SO,0.05881879571825266,0
4844.595,6211.493,1255.079,0.007,0,SO,0.010779068060219287,0
4843.982,6213.846,1255.079,0.013,0,SO,0.0,0
6551.836,5135.061,1109.419,0.0025,0,SO,0.0,0
6527.582,5117.217,1130.799,0.009,0,SO,0.030430343933403492,0
4902.394,6760.422,959.0,0.676,1,SO,0.2853571489453316,1
4886.0,6902.0,857.0,0.043,0,SO,0.39960318207740786,1
4886.0,6801.0,926.0,0.308,1,SO,0.1657557049766183,0
4884.0,6819.0,910.0,0.031,0,SO,0.39195237159729,1
4878.0,6847.0,903.0,0.054,0,SO,0.1446267619729042,0
4596.0,6494.0,886.0,0.08,0,SO,0.30404135286808015,1
5616.0,6483.0,1292.0,0.029,0,SO,0.0,0
5445.0,6549.0,1222.0,0.011,0,SO,0.0,0
5559.0,6674.0,1185.0,0.0025,0,SO,0.0,0
5497.0,6745.0,1130.0,0.0025,0,SO,0.0,0
5475.0,6712.0,1135.0,0.012,0,SO,0.02448843102902174,0
5472.0,6782.0,1112.0,0.0025,0,SO,0.0,0
5480.0,6817.0,1095.0,0.021,0,SO,0.030686016753315927,0
5474.0,6817.0,1095.0,0.072,0,SO,0.11089687198400497,0
5475.0,6812.0,1097.0,0.0025,0,SO,0.0,0
5424.0,6768.0,1098.0,0.853,1,SO,0.13958700764924287,0
5476.0,6746.0,1126.0,0.0025,0,SO,0.0,0
5405.0,6830.0,1063.0,0.04,0,SO,0.002531645633280277,0
5399.0,6853.0,1052.0,0.059,0,SO,0.014954006299376488,0
5398.0,6853.0,1052.0,0.073,0,SO,0.030430345423519613,0
5353.0,6890.0,1127.0,0.0025,0,SO,0.0,0
5377.0,6983.0,973.0,0.0025,0,SO,0.0,0
5377.0,6984.0,973.0,0.0025,0,SO,0.0,0
5424.413,6358.067,1317.0,0.073,0,SO,0.05753179416060448,0
5423.357,6357.37,1317.0,0.05,0,SO,0.0317173458635807,0
5422.146,6356.866,1317.0,0.014,0,SO,0.0,0
5420.998,6356.61,1317.0,0.135,1,SO,0.022182921506464483,0
5419.722,6356.106,1317.0,0.012,0,SO,0.0,0
5418.365,6355.573,1317.0,0.005,0,SO,0.002531645633280277,0
5416.947,6354.975,1317.0,0.035,0,SO,0.06251903492957353,0
5415.843,6354.501,1317.0,0.019,0,SO,0.020906535163521766,0
5414.701,6353.784,1317.0,0.0025,0,SO,0.0,0
5413.353,6353.14,1317.0,0.014,0,SO,0.030430344864726067,0
5412.298,6352.81,1317.0,0.0025,0,SO,0.0,0
5411.491,6352.539,1317.0,0.0025,0,SO,0.0,0
5410.541,6352.091,1317.0,0.0025,0,SO,0.0,0
5409.71,6351.854,1317.0,0.005,0,SO,0.013677619397640228,0
5382.0,6412.0,1267.0,0.0025,0,SO,0.010779068060219287,0
5382.0,6414.0,1268.0,0.005,0,SO,0.0,0
5258.0,6370.0,1252.0,0.0025,0,SO,0.0,0
5146.0,6408.0,1210.0,0.008,0,SO,0.0,0
5427.85,6359.209,1317.0,0.0025,0,SO,0.0,0
5427.199,6358.933,1317.0,0.005,0,SO,0.0,0
5426.278,6358.629,1317.0,0.005,0,SO,0.0,0
5425.399,6358.291,1317.0,0.0025,0,SO,0.002531645633280277,0
5408.565,6351.44,1320.0,0.0025,0,SO,0.0,0
5407.893,6351.173,1320.0,0.0025,0,SO,0.0,0
5437.789,6313.731,1305.0,0.039,0,SO,0.027531793899834157,0
5407.242,6350.894,1320.0,0.0025,0,SO,0.0,0
5438.19,6285.201,1286.0,0.0025,0,SO,0.018007983267307282,0
5278.899,6322.572,1312.0,0.013,0,SO,0.16675272732973098,0
5266.486,6328.552,1308.0,0.01,0,SO,0.0,0
5265.87,6328.584,1308.0,0.011,0,SO,0.005430196598172188,0
5163.129,6312.125,1302.0,0.0025,0,SO,0.005430196598172188,0
5123.258,6357.067,1291.0,0.0025,0,SO,0.0,0
5098.834,6331.705,1295.0,0.005,0,SO,0.002531645633280277,0
5097.0,6362.0,1265.0,0.0025,0,SO,0.0,0
5269.0,6292.0,1306.0,0.095,0,SO,0.0541856998577714,0
5269.0,6263.0,1288.0,0.005,0,SO,0.009760561026632785,0
5360.0,6440.0,1234.0,0.03,0,SO,0.0,0
5290.0,6460.0,1204.0,0.146,1,SO,0.005430196598172188,0
5294.0,6431.0,1219.0,0.14,1,SO,0.030430344864726067,0
5292.0,6407.0,1250.0,0.037,0,SO,0.005430196411907673,0
5317.0,6395.0,1250.0,0.011,0,SO,0.010779068060219287,0
4727.0,6633.0,912.0,0.048,0,SO,0.013677619770169258,0
5225.0,6407.0,1231.0,0.008,0,SO,0.02144294250756502,0
5110.0,6425.0,1190.0,0.066,0,SO,0.03043034505099058,0
3327.0,6108.0,359.0,0.081,0,SO,0.02090653423219919,0
5051.42,6403.026,1236.0,0.0025,0,SO,0.0,0
5053.624,6403.46,1235.0,0.0025,0,SO,0.002531645633280277,0
5052.817,6403.458,1235.0,0.0025,0,SO,0.0,0
5068.828,6388.097,1251.0,0.01,0,SO,0.018007984943687917,0
5057.557,6403.278,1240.0,0.005,0,SO,0.0,0
4954.928,6572.46,1101.0,0.026,0,SO,0.0,0
4933.863,6580.251,1080.0,0.015,0,SO,0.013677619956433773,0
4924.965,6626.562,1066.0,6.953,1,SO,0.5393329620361328,1
4926.39,6626.541,1066.0,0.475,1,SO,0.00824742317199707,0
4769.826,6597.82,956.0,4.187,1,SO,0.3134343594312668,1
4539.081,6498.288,892.0,0.078,0,SO,0.4423802405595779,1
5850.0,6456.0,1323.0,0.0025,0,SO,0.0,0
5850.0,6442.0,1325.0,0.0025,0,SO,0.0,0
5832.0,6399.0,1341.0,0.0025,0,SO,0.0,0
5802.0,6339.0,1359.0,0.0025,0,SO,0.0,0
5713.0,6363.0,1363.0,0.0025,0,SO,0.0025316454470157624,0
5688.0,6370.0,1353.0,0.0025,0,SO,0.0,0
5648.0,6381.0,1349.0,0.0025,0,SO,0.0,0
5345.0,6312.0,1305.0,0.005,0,SO,0.0,0
5259.0,6285.0,1296.0,0.0025,0,SO,0.0,0
5235.0,6155.0,1225.0,0.0025,0,SO,0.0,0
5338.0,6092.0,1214.0,0.01,0,SO,0.02320142835378647,0
5576.0,4860.0,794.0,0.0025,0,SO,0.0,0
4946.0,5016.0,711.0,0.0025,0,SO,0.0,0
4984.0,6404.0,1193.0,0.017,0,SO,0.07234314624220133,0
4902.0,6377.0,1228.0,0.008,0,SO,0.002531645819544792,0
4920.0,6466.0,1124.0,0.005,0,SO,0.07712875381112098,0
4906.796,6463.646,1144.0,0.01,0,SO,0.002531645633280277,0
4910.027,6506.048,1105.0,0.026,0,SO,0.0,0
4922.1,6645.0,1051.0,4.788,1,SO,0.35773434937000276,1
4923.0,6645.0,1050.0,0.921,1,SO,0.12053070068359376,0
4919.0,6694.0,1020.0,1.831,1,SO,0.2757099702954292,1
4916.8,6713.0,1005.0,5.153,1,SO,0.264902600646019,1
4914.05,6713.0,1005.0,0.983,1,SO,0.2607142776250839,1
4912.65,6713.0,1005.0,3.082,1,SO,0.3696031868457794,1
4912.06,6525.365,1091.0,0.011,0,SO,0.0,0
4880.819,6577.501,1052.0,0.0025,0,SO,0.0,0
4928.0,6654.0,1038.0,1.317,1,SO,0.3970115453004837,1
4929.0,6655.0,1040.0,1.544,1,SO,0.46451058983802795,1
4930.0,6656.0,1036.0,1.738,1,SO,0.4437826693058014,1
4930.0,6655.0,1039.0,1.001,1,SO,0.10795920193195344,0
4931.0,6656.0,1040.0,0.422,1,SO,0.3787616103887558,1
4969.0,6374.0,1194.0,0.052,0,SO,0.002531645633280277,0
4968.2,6374.2,1199.0,0.0025,0,SO,0.0,0
4967.0,6374.35,1198.0,0.0025,0,SO,0.0,0
4966.0,6375.4,1196.0,0.0025,0,SO,0.0,0
4948.0,6623.0,1056.0,0.0025,0,SO,0.0,0
4964.6,6649.0,1056.0,0.738,1,SO,0.0,0
4963.1,6649.0,1053.0,1.405,1,SO,0.13714300841093063,0
4962.0,6661.0,1045.0,0.102,1,SO,0.4191650480031967,1
4969.5,6685.0,1030.0,0.164,1,SO,0.33200609087944033,1
4918.0,6713.0,1005.0,0.21,1,SO,0.031717344745993616,0
4916.0,6713.0,1005.0,0.471,1,SO,0.03171734604984522,0
4914.8,6713.0,1005.0,0.035,0,SO,0.0,0
4913.4,6713.0,1005.0,0.153,1,SO,0.030430344492197038,0
4913.899,6732.387,995.0,0.442,1,SO,0.45633761286735536,1
4912.899,6732.387,995.0,0.333,1,SO,0.03171734530478716,0
4997.0,6855.0,911.0,0.019,0,SO,0.3083192765712738,1
4995.0,6854.0,907.0,0.018,0,SO,0.031717345118522644,0
4723.0,5995.0,1040.0,0.042,0,SO,0.020302879437804223,0
4621.0,5993.0,986.0,0.006,0,SO,0.23091037422418595,1
4577.0,6061.0,967.0,0.0025,0,SO,0.012055455148220063,0
4605.0,6333.0,1010.0,0.272,1,SO,0.21214225236326456,1
4684.098,6356.318,1010.0,0.021,0,SO,0.0,0
4784.829,6145.35,1150.0,0.718,1,SO,0.9333333253860474,1
5296.0,5976.0,1178.0,0.009,0,SO,0.013677619025111198,0
4845.201,6214.071,1157.0,0.006,0,SO,0.002531645633280277,0
4846.153,6213.969,1157.0,0.235,1,SO,0.01265911255031824,0
4846.925,6213.846,1157.0,0.017,0,SO,0.013677618838846684,0
4848.251,6220.151,1155.0,0.254,1,SO,0.020906535908579826,0
4733.169,6142.799,1117.0,0.01,0,SO,0.0,0
4717.783,6123.527,1130.0,0.0025,0,SO,0.0,0
4873.0,6068.0,1442.0,0.008,0,SO,0.0,0
4815.0,5866.0,1018.0,0.023,0,SO,0.005430196411907673,0
4718.322,6074.248,1131.0,0.0025,0,SO,0.0,0
4784.747,6015.991,1121.0,0.0025,0,SO,0.0,0
4808.731,6022.562,1130.0,0.0025,0,SO,0.0,0
3936.495,6142.107,599.0,0.024,0,SO,0.0,0
3935.62,6142.321,600.0,0.006,0,SO,0.002531645819544792,0
4542.0,6036.0,947.0,0.114,1,SO,0.3115560382604599,1
4412.0,6361.0,894.0,0.021,0,SO,0.027531792968511583,0
4515.0,6105.0,943.0,0.015,0,SO,0.022182922065258025,0
4564.0,6217.0,981.0,0.047,0,SO,0.07712875381112098,0
4578.505,6378.437,1012.0,0.022,0,SO,0.0,0
4875.0,5989.0,1102.0,0.007,0,SO,0.0,0
4881.0,5974.0,1097.0,0.011,0,SO,0.002531645633280277,0
4272.918,6310.418,807.0,0.008,0,SO,0.0,0
4309.524,6338.249,825.0,0.005,0,SO,0.0,0
4817.0,5968.0,1086.0,0.0025,0,SO,0.0,0
4749.0,5890.0,1012.0,0.024,0,SO,0.002531645633280277,0
4599.0,5970.0,977.0,0.0025,0,SO,0.0,0
4619.0,5950.0,978.0,0.041,0,SO,0.0,0
4375.226,6417.477,830.0,8.707,1,SO,0.2635421991348267,1
4359.389,6425.588,828.0,0.018,0,SO,0.01800798512995243,0
4359.698,6426.525,829.0,0.013,0,SO,0.002531645819544792,0
4432.935,6459.181,958.0,0.0025,0,SO,0.0,0
4492.05,6485.318,883.0,0.018,0,SO,0.06879542041569948,0
4577.892,6490.05,920.0,0.0025,0,SO,0.19285715222358704,1
4582.926,6487.616,925.0,0.006,0,SO,0.412758994102478,1
4593.717,6484.722,909.0,0.086,0,SO,0.4482142925262451,1
4596.395,6492.619,900.0,0.027,0,SO,0.38023312389850616,1
4592.201,6508.979,885.0,0.033,0,SO,0.3797619089484215,1
4633.993,6580.535,873.0,0.069,0,SO,0.030430344678461552,0
4641.46,6627.546,875.0,0.012,0,SO,0.3003555923700333,1
5221.0,6365.0,1257.0,0.013,0,SO,0.03171734716743231,0
5218.0,6372.0,1257.0,0.005,0,SO,0.0,0
5155.0,6439.0,1187.0,0.039,0,SO,0.03171734698116779,0
5154.877,6439.086,1186.8,0.079,0,SO,0.022182921506464483,0
5155.399,6439.088,1186.9,0.006,0,SO,0.002531645633280277,0
5098.394,6502.069,1130.0,0.013,0,SO,0.0025316454470157624,0
5154.828,6439.146,1186.5,0.008,0,SO,0.01242236141115427,0
5139.0,6467.0,1165.0,0.005,0,SO,0.0,0
5098.0,6502.0,1130.0,0.005,0,SO,0.002531645633280277,0
5098.788,6502.139,1130.0,0.042,0,SO,0.0,0
5039.128,6497.076,1140.0,0.006,0,SO,0.0,0
5040.0,6497.0,1140.0,0.0025,0,SO,0.0,0
5142.0,6381.0,1183.0,0.007,0,SO,0.0,0
5110.0,6420.0,1194.0,0.033,0,SO,0.030430344864726067,0
5091.0,6441.0,1176.0,0.03,0,SO,0.007228915393352508,0
5073.0,6457.0,1167.0,0.027,0,SO,0.023201429285109043,0
5074.0,6454.0,1170.0,0.027,0,SO,0.002531645633280277,0
5065.2,6581.0,1094.0,0.011,0,SO,0.0,0
5066.0,6581.0,1094.0,4.538,1,SO,0.1396512845531106,0
5066.8,6581.0,1094.0,0.034,0,SO,0.030430344119668006,0
5073.0,6630.0,1049.0,0.028,0,SO,0.013677619211375714,0
5105.0,6609.0,1060.0,0.111,1,SO,0.06251903548836708,0
5015.0,6729.0,989.0,1.043,1,SO,0.28192640244960787,1
5114.0,6678.0,1020.0,0.005,0,SO,0.0,0
5020.0,6714.0,1000.0,0.126,1,SO,0.031717346236109736,0
4021.16,6431.971,635.0,0.0025,0,SO,0.0,0
4180.011,6659.249,625.0,0.018,0,SO,0.03171734772622585,0
4129.443,6633.987,605.0,0.0025,0,SO,0.0,0
3940.427,6443.621,579.0,0.062,0,SO,0.0028985509648919105,0
3943.527,6421.15,586.0,0.01,0,SO,0.0025316454470157624,0
3932.176,6390.467,587.0,0.0025,0,SO,0.0,0
3862.251,6485.861,510.0,0.028,0,SO,0.22785714715719224,1
3880.34,6542.436,505.0,0.0025,0,SO,0.0,0
3884.067,6550.643,511.0,0.013,0,SO,0.019284371472895145,0
3919.959,6658.304,514.0,0.0025,0,SO,0.0,0
3962.551,6742.066,493.0,0.028,0,SO,0.002531645633280277,0
3988.282,6697.804,516.0,0.009,0,SO,0.002531645819544792,0
3981.282,6312.947,637.0,0.0025,0,SO,0.21172039210796356,1
3450.497,6885.612,161.0,0.0025,0,SO,0.002531645633280277,0
3367.765,6979.527,43.0,0.071,0,SO,0.22007937133312225,1
3475.379,6987.782,95.0,0.0025,0,SO,0.03171734549105167,0
3366.177,6982.82,43.0,0.019,0,SO,0.05881879515945911,0
5348.0,6605.0,1119.0,0.02,0,SO,0.03171734530478716,0
5342.0,6604.0,1120.0,0.007,0,SO,0.030430345423519613,0
5337.0,6603.0,1121.0,0.302,1,SO,0.054185701161623,0
5336.5,6602.0,1121.0,0.063,0,SO,0.020906535722315312,0
5326.0,6553.0,1154.0,0.042,0,SO,0.030430344678461552,0
5260.0,6527.0,1154.0,0.056,0,SO,0.02090653367340565,0
5341.0,6810.0,1037.0,0.011,0,SO,0.02218292187899351,0
5182.0,6696.0,1017.0,0.0025,0,SO,0.0,0
4979.0,6726.0,985.0,0.013,0,SO,0.013677619025111198,0
4982.0,6735.0,984.0,0.054,0,SO,0.02448842991143465,0
4999.0,6744.0,974.0,0.142,1,SO,0.3390435427427292,1
4978.0,6777.0,940.0,0.022,0,SO,0.05418570041656494,0
5022.0,6829.0,1005.0,0.025,0,SO,0.1720875883474946,0
3368.882,6976.376,43.0,0.02,0,SO,0.18805322647094727,1
3308.728,6922.639,20.0,0.006,0,SO,0.023201430030167104,0
3309.582,6922.716,20.0,0.005,0,SO,0.0970012865960598,0
3310.345,6922.672,20.0,0.019,0,SO,0.11467465329915286,0
3311.214,6922.763,20.0,0.0025,0,SO,0.013210521452128888,0
3257.0,6787.0,31.0,0.005,0,SO,0.005430196598172188,0
3191.0,6517.0,166.0,0.006,0,SO,0.05332469586282969,0
3220.0,6270.0,208.0,0.0025,0,SO,0.009760561212897301,0
3197.0,6043.0,249.0,0.007,0,SO,0.14558487776666879,0
6160.0,3987.0,887.0,0.0025,0,SO,0.019284371472895145,0
5972.0,3917.0,883.0,0.0025,0,SO,0.0,0
5882.0,3892.0,879.0,0.0025,0,SO,0.007228915393352508,0
5863.0,3931.0,844.0,0.0025,0,SO,0.23679585307836531,1
4829.0,3773.0,879.0,0.0025,0,SO,0.0,0
5803.0,3901.0,871.0,0.0025,0,SO,0.005430196784436703,0
5861.0,3911.0,859.0,0.163,1,SO,0.47308201193809507,1
5203.0,3728.0,875.0,0.0025,0,SO,0.023201428540050983,0
5203.0,3730.0,877.0,0.0025,0,SO,0.17175272703170777,0
5246.0,4123.0,764.0,0.0025,0,SO,0.0,0
4735.0,3780.0,870.0,0.0025,0,SO,0.0,0
5255.0,3758.0,877.0,0.032,0,SO,0.030430345423519613,0
6278.0,6571.0,1343.0,0.0025,0,SO,0.0,0
6201.0,6418.0,1363.0,0.0025,0,SO,0.0,0
5893.0,6304.0,1320.0,0.0025,0,SO,0.0,0
5918.0,6328.0,1310.0,0.005,0,SO,0.0,0
5922.0,6353.0,1316.0,0.0025,0,SO,0.0,0
5742.0,6194.0,1270.0,0.0025,0,SO,0.0,0
5636.0,6208.0,1246.0,0.043,0,SO,0.03171734567731619,0
5636.188,6207.932,1246.0,0.0025,0,SO,0.0,0
5635.132,6203.076,1244.0,0.043,0,SO,0.005430196598172188,0
5634.161,6203.318,1244.0,0.0025,0,SO,0.0,0
5675.0,6015.0,1162.0,0.0025,0,SO,0.0,0
5699.0,5931.0,1137.0,0.0025,0,SO,0.002531645633280277,0
5683.0,5858.0,1097.0,0.006,0,SO,0.002531645633280277,0
5688.0,5839.0,1103.0,0.0025,0,SO,0.0,0
5694.0,5809.0,1097.0,0.0025,0,SO,0.0,0
5830.0,6386.0,1348.0,0.085,0,SO,0.0,0
5854.0,6335.0,1336.0,0.021,0,SO,0.0,0
5873.0,6309.0,1318.0,0.0025,0,SO,0.0,0
5858.0,6303.0,1327.0,0.006,0,SO,0.0,0
5886.0,6230.0,1288.0,0.0025,0,SO,0.0,0
5864.0,6231.0,1295.0,0.0025,0,SO,0.0,0
5858.0,6215.0,1289.0,0.0025,0,SO,0.0,0
5857.7,6231.0,1297.0,0.0025,0,SO,0.0,0
5842.0,6145.0,1272.0,0.0025,0,SO,0.0,0
5881.436,6165.981,1262.0,0.0025,0,SO,0.0,0
5886.0,6149.0,1254.0,0.0025,0,SO,0.0,0
5886.376,6149.137,1254.0,0.0025,0,SO,0.0,0
5851.0,6080.0,1252.0,0.0025,0,SO,0.0,0
5866.0,6076.0,1240.0,0.0025,0,SO,0.0,0
5866.906,6076.423,1240.0,0.0025,0,SO,0.0,0
5861.0,6053.0,1232.0,0.0025,0,SO,0.0,0
5835.0,6038.0,1232.0,0.0025,0,SO,0.0,0
5793.0,5975.0,1197.0,0.0025,0,SO,0.0,0
5792.0,5937.0,1174.0,0.0025,0,SO,0.0,0
5896.0,6012.0,1207.0,0.0025,0,SO,0.0,0
5823.0,5922.0,1165.0,0.0025,0,SO,0.0,0
5802.0,5952.0,1185.0,0.0025,0,SO,0.0,0
5387.0,6442.0,1265.0,0.0025,0,SO,0.0,0
5379.0,6455.0,1254.0,0.018,0,SO,0.0,0
5482.0,6489.0,1245.0,0.014,0,SO,0.0,0
5497.965,6489.136,1251.0,0.0025,0,SO,0.0,0
5497.623,6490.076,1250.0,0.06,0,SO,0.0,0
5514.8,6481.138,1259.0,0.0025,0,SO,0.0,0
5519.347,6483.03,1258.0,0.0025,0,SO,0.0,0
5514.904,6482.132,1258.0,0.0025,0,SO,0.0,0
5362.457,6464.279,1216.0,0.0025,0,SO,0.0,0
5357.543,6467.721,1216.0,0.0025,0,SO,0.0,0
5297.0,6442.0,1235.0,0.005,0,SO,0.0016989072784781456,0
5297.0,6446.0,1232.0,0.0025,0,SO,0.0,0
5274.881,6429.832,1240.0,0.0025,0,SO,0.0,0
5274.607,6433.085,1237.0,0.009,0,SO,0.0,0
5236.634,6403.641,1236.0,0.0025,0,SO,0.0,0
5221.0,6454.0,1214.0,0.0025,0,SO,0.0,0
5200.0,6440.0,1203.0,0.0025,0,SO,0.0,0
5396.0,6578.0,1147.0,0.0025,0,SO,0.0,0
5397.0,6603.0,1143.0,0.0025,0,SO,0.0,0
5488.0,6538.0,1217.0,0.005,0,SO,0.0,0
5429.0,6508.0,1235.0,0.0025,0,SO,0.0,0
5340.0,6575.0,1122.0,0.053,0,SO,0.0,0
5334.0,6584.0,1125.0,0.013,0,SO,0.05418570041656494,0
5344.0,6559.0,1132.0,0.0025,0,SO,0.0,0
5328.0,6576.0,1129.0,0.077,0,SO,0.03171734530478716,0
5426.0,6631.0,1134.0,0.018,0,SO,0.0,0
5333.216,6546.106,1146.0,0.006,0,SO,0.0,0
5334.076,6546.709,1146.0,0.013,0,SO,0.002531645633280277,0
5335.222,6547.512,1146.0,0.006,0,SO,0.023201429285109043,0
5336.513,6529.943,1181.0,0.01,0,SO,0.0,0
5337.068,6535.113,1183.0,0.006,0,SO,0.0,0
5337.142,6521.718,1186.0,0.005,0,SO,0.0,0
5322.408,6513.717,1187.0,0.0025,0,SO,0.0,0
5325.264,6509.152,1190.0,0.006,0,SO,0.0,0
5264.026,6500.068,1171.5,0.0025,0,SO,0.0,0
5259.459,6499.908,1175.0,0.0025,0,SO,0.0,0
5195.0,6506.0,1162.0,0.006,0,SO,0.0,0
5186.0,6509.0,1164.0,0.0025,0,SO,0.0,0
4498.715,6423.28,949.0,0.031,0,SO,0.03043034579604864,0
4487.885,6418.159,947.0,0.028,0,SO,0.0317173445597291,0
4482.802,6411.963,947.0,0.028,0,SO,0.12864570394158364,0
4438.089,6419.754,913.0,0.0025,0,SO,0.0,0
4380.674,6388.949,890.0,0.976,1,SO,0.012055455334484577,0
4413.0,6360.0,879.0,0.081,0,SO,0.002531645633280277,0
4372.395,6423.466,837.0,0.879,1,SO,0.15908903107047082,0
4369.427,6430.501,832.0,0.047,0,SO,0.25445028841495515,1
4365.662,6437.495,826.0,2.133,1,SO,0.17638655751943588,0
4429.134,6500.58,813.0,0.023,0,SO,0.027531793899834157,0
4448.574,6502.089,832.0,0.463,1,SO,0.0734285170212388,0
4386.0,6395.0,863.0,0.079,0,SO,0.03171734642237425,0
4386.0,6396.0,862.0,0.086,0,SO,0.08373115006834268,0
4944.847,6598.249,1076.0,0.014,0,SO,0.0,0
4902.379,6640.091,1064.0,0.022,0,SO,0.022182922437787057,0
4897.314,6639.522,1068.0,0.01,0,SO,0.009760561026632785,0
4921.0,6629.0,1051.0,0.007,0,SO,0.0,0
4918.146,6702.394,1030.0,0.17,1,SO,0.028818796016275884,0
4916.943,6722.159,1021.0,0.434,1,SO,0.27793651521205903,1
4917.354,6722.226,1021.0,6.466,1,SO,0.37112848460674286,1
4986.0,6355.0,1310.0,0.006,0,SO,0.0,0
4933.982,6270.518,1228.0,0.006,0,SO,0.0,0
4903.065,6295.829,1229.0,0.04,0,SO,0.0288187962025404,0
4904.0,6354.0,1254.0,0.014,0,SO,0.0025316454470157624,0
4896.0,6357.0,1250.0,0.006,0,SO,0.002531645633280277,0
4909.606,6284.592,1227.0,0.062,0,SO,0.020906534418463706,0
4882.0,6347.0,1254.0,0.0025,0,SO,0.010779068805277348,0
4873.81,6262.021,1196.0,0.019,0,SO,0.03170561920851469,0
4749.609,6228.706,1102.0,0.351,1,SO,0.37404845058918,1
4741.763,6241.317,1092.0,1.262,1,SO,0.29453223049640653,1
4696.846,6207.026,1085.0,0.067,0,SO,0.2785930782556534,1
4696.996,6207.026,1085.0,0.099,0,SO,0.3215476214885712,1
4677.064,6179.99,1087.0,0.028,0,SO,0.0,0
4677.064,6180.09,1087.0,0.033,0,SO,0.0025316454470157624,0
4717.746,6243.939,1077.0,0.754,1,SO,0.013677619583904743,0
4715.121,6236.843,1077.0,0.019,0,SO,0.4070927709341049,1
4635.889,6191.478,1039.0,0.041,0,SO,0.03043034505099058,0
4691.611,6233.29,1094.0,1.743,1,SO,0.30404762029647825,1
4698.232,6240.856,1101.0,0.029,0,SO,0.2819264143705368,1
4692.994,6235.841,1096.0,0.058,0,SO,0.020302878320217134,0
4685.526,6211.428,1080.0,0.555,1,SO,0.013677618838846684,0
4686.067,6211.508,1080.0,0.019,0,SO,0.002531645819544792,0
4686.67,6204.417,1080.0,0.855,1,SO,0.014954006299376488,0
4670.455,6204.731,1066.0,0.011,0,SO,0.0,0
4647.522,6205.076,1053.0,0.0025,0,SO,0.0,0
4633.032,6145.424,1032.0,0.017,0,SO,0.03171734753996134,0
4630.442,6102.064,1039.0,0.05,0,SO,0.02090653423219919,0
4632.452,6103.056,1039.0,0.011,0,SO,0.005430196411907673,0
4565.0,6230.0,972.0,0.018,0,SO,0.039098150469362734,0
4723.448,6225.89,1105.0,0.238,1,SO,0.08509591612964869,0
4726.049,6254.175,1092.0,4.093,1,SO,0.4990343928337097,1
4734.633,6238.41,1096.0,0.045,0,SO,0.15538879428058863,0
4587.0,6403.0,1007.0,0.119,1,SO,0.0,0
4681.005,6257.046,1088.0,13.957,1,SO,0.1416358495131135,0
4697.819,6262.421,1090.0,0.403,1,SO,0.005430196411907673,0
4620.0,6407.0,998.0,0.047,0,SO,0.0025316454470157624,0
4688.76,6297.202,1068.0,0.209,1,SO,0.1396512845531106,0
4649.203,6287.79,1064.0,0.026,0,SO,0.0028985509648919105,0
4650.153,6304.18,1061.0,0.255,1,SO,0.25035479962825774,1
4632.068,6302.892,1037.3,0.266,1,SO,0.04632706604897976,0
4622.267,6284.322,1009.39,0.076,0,SO,0.030430345609784127,0
4656.668,6316.063,1063.0,0.519,1,SO,0.5390344142913819,1
4653.335,6315.891,1063.0,0.246,1,SO,0.769736397266388,1
4627.629,6320.873,1030.0,0.073,0,SO,0.2673809498548508,1
4641.015,6340.459,1016.7,0.023,0,SO,0.29720254242420197,1
4615.867,6342.23,1039.0,0.034,0,SO,0.4322486758232117,1
4616.461,6342.215,1039.0,0.013,0,SO,0.06918570138514042,0
4617.052,6342.172,1039.0,0.045,0,SO,0.10649701654911041,0
4610.451,6339.269,1037.0,0.021,0,SO,0.07712875530123711,0
4619.826,6358.339,1022.22,0.38,1,SO,0.38486039638519287,1
4620.526,6358.339,1022.22,0.135,1,SO,0.34555556178092955,1
4601.089,6364.632,1021.28,2.873,1,SO,0.21906926482915878,1
5647.0,6771.0,1134.0,0.025,0,SO,0.005430196598172188,0
5516.238,6887.632,1040.0,0.119,1,SO,0.5262197732925415,1
5515.665,6887.556,1040.0,0.056,0,SO,0.32318585813045503,1
5730.094,6776.153,1121.78,0.867,1,SO,0.1387997657060623,0
5560.612,6970.5,1002.42,0.0025,0,SO,0.0,0
5508.585,6987.065,969.0,0.0025,0,SO,0.0,0
6140.26,3753.21,1002.98,0.0025,0,SO,0.01928437128663063,0
6074.296,3725.401,992.74,0.0025,0,SO,0.0,0
5951.538,3707.239,993.34,0.532,1,SO,0.3499819725751877,1
5939.501,3655.298,1025.64,0.103,1,SO,0.34998195469379423,1
5740.198,3719.372,979.56,0.0025,0,SO,0.031717346236109736,0
5745.785,3734.941,977.0,0.0025,0,SO,0.03171734604984522,0
5747.557,3743.596,962.22,0.076,0,SO,0.11467465404421091,0
5707.779,3745.325,968.7,0.01,0,SO,0.0896204836666584,0
5682.075,3747.497,969.12,0.012,0,SO,0.103070118278265,0
5843.894,3519.717,1088.55,0.012,0,SO,0.0812871515750885,0
5772.328,3350.648,1143.47,0.171,1,SO,0.44405604600906373,1
5756.057,3348.502,1143.0,0.054,0,SO,0.1880532220005989,1
5734.634,3345.364,1143.99,0.23,1,SO,0.47308202385902404,1
5730.086,3349.171,1143.25,0.102,1,SO,0.4366486489772797,1
5705.875,3342.532,1138.08,0.309,1,SO,0.4780820071697235,1
5674.576,3343.853,1130.0,0.256,1,SO,0.6807725667953491,1
5635.487,3346.942,1112.64,0.204,1,SO,0.3704365164041519,1
5315.348,3201.014,1126.48,0.286,1,SO,0.49793708324432373,1
5245.175,3347.409,1051.68,0.0025,0,SO,0.0,0
4830.908,3029.586,1298.34,0.0025,0,SO,0.0,0
4845.839,2874.287,1312.0,0.0025,0,SO,0.0,0
4857.822,2887.272,1325.0,0.0025,0,SO,0.0,0
4766.736,2771.936,1333.0,0.0025,0,SO,0.0,0
4837.258,2969.117,1315.0,0.0025,0,SO,0.0,0
5771.154,3427.561,1136.18,0.008,0,SO,0.14547634199261666,0
6298.897,6480.536,1285.0,0.026,0,SO,0.07511929292231798,0
6362.176,6658.167,1292.0,0.007,0,SO,0.0,0
6362.703,6658.752,1292.0,0.009,0,SO,0.023201428540050983,0
6363.367,6658.965,1292.0,0.01,0,SO,0.0,0
6364.23,6659.329,1292.0,0.0025,0,SO,0.0,0
6376.753,6661.73,1293.0,0.009,0,SO,0.0,0
5601.033,6584.195,1257.0,0.0025,0,SO,0.0,0
5669.828,6624.638,1218.0,0.261,1,SO,0.10073159635066986,0
6466.76,6960.407,1252.0,1.887,1,SO,0.7315343976020813,1
5727.759,6451.983,1332.0,0.008,0,SO,0.030430344864726067,0
5739.666,6437.321,1336.0,0.006,0,SO,0.002531645819544792,0
5738.977,6437.243,1336.0,0.008,0,SO,0.06251903418451547,0
5738.327,6437.205,1336.0,0.006,0,SO,0.0,0
5605.827,6728.348,1135.0,0.0025,0,SO,0.0,0
5566.688,6787.367,1089.0,0.114,1,SO,0.031717346794903276,0
5566.279,6787.264,1089.0,0.0025,0,SO,0.0,0
5548.681,6813.17,1073.0,0.187,1,SO,0.12659370377659798,0
5538.733,6831.542,1068.0,0.073,0,SO,0.09834087416529655,0
5539.211,6856.855,1055.0,0.09,0,SO,0.06251903399825096,0
5514.741,6892.746,1019.0,0.016,0,SO,0.3946703314781189,1
5572.0,6585.0,1252.0,0.0025,0,SO,0.0,0
5599.0,6591.0,1223.0,0.0025,0,SO,0.0,0
6158.0,6579.0,1309.0,0.0025,0,SO,0.0,0
5664.0,6310.0,1336.0,0.005,0,SO,0.0,0
5448.0,6346.0,1312.0,0.0025,0,SO,0.0,0
5390.0,6303.0,1296.0,0.012,0,SO,0.0,0
5510.0,6312.0,1277.0,0.009,0,SO,0.0,0
5677.0,6218.0,1254.0,0.0025,0,SO,0.0,0
5795.0,6186.0,1293.0,0.0025,0,SO,0.0,0
5797.0,6157.0,1286.0,0.0025,0,SO,0.0,0
6251.0,6377.0,1292.0,0.0025,0,SO,0.0,0
6294.0,6781.0,1342.0,0.0025,0,SO,0.0,0
6148.0,6960.0,1293.0,0.0025,0,SO,0.0,0
6143.0,6981.0,1257.0,0.005,0,SO,0.0,0
6410.0,6739.0,1335.0,0.0025,0,SO,0.002531645633280277,0
6433.0,6718.0,1335.0,0.0025,0,SO,0.0,0
6383.0,6745.0,1336.0,0.0025,0,SO,0.0,0
5699.316,5885.342,1135.0,0.0025,0,SO,0.0025316454470157624,0
5674.004,5869.13,1122.0,0.031,0,SO,0.030430344678461552,0
4811.6,6128.751,1178.0,0.0025,0,SO,0.0,0
4813.369,6129.726,1178.0,0.005,0,SO,0.0,0
4814.979,6131.063,1178.0,0.0025,0,SO,0.0025316454470157624,0
4816.15,6131.683,1178.0,0.008,0,SO,0.005430196598172188,0
4817.645,6132.79,1178.0,0.0025,0,SO,0.0,0
4820.35,6134.421,1178.0,0.005,0,SO,0.0025316454470157624,0
4822.481,6135.919,1178.0,0.0025,0,SO,0.0,0
4879.0,6217.0,1172.0,0.0025,0,SO,0.0,0
4711.0,6292.0,1057.0,0.693,1,SO,0.3828439235687256,1
4215.749,6669.771,639.0,0.016,0,SO,0.05418570041656494,0
4207.095,6642.626,640.0,0.007,0,SO,0.3268588572740555,1
3706.803,6092.985,573.0,0.35,1,SO,0.03171734698116779,0
3700.431,6073.42,573.0,0.049,0,SO,0.0837954195216298,0
3967.317,6290.059,626.0,0.006,0,SO,0.0,0
3969.182,6290.314,626.0,0.011,0,SO,0.028818795271217824,0
3970.725,6290.229,626.0,0.005,0,SO,0.0,0
3972.212,6290.54,626.0,0.0025,0,SO,0.002531645819544792,0
3973.353,6290.887,626.0,0.0025,0,SO,0.0,0
3974.447,6291.402,626.0,0.007,0,SO,0.0,0
3975.356,6291.86,626.0,0.006,0,SO,0.0025316454470157624,0
5670.538,6624.916,1218.0,0.317,1,SO,0.42249999940395355,1
5671.274,6625.091,1218.0,2.35,1,SO,0.9329379796981812,1
5672.192,6625.17,1218.0,0.544,1,SO,0.16060477457940578,0
5929.015,6562.341,1289.0,0.0025,0,SO,0.0,0
5748.141,5875.98,1150.0,0.007,0,SO,0.19730159640312195,1
5748.037,5877.193,1150.0,0.019,0,SO,0.219069267809391,1
5747.782,5878.525,1150.0,0.01,0,SO,0.2395238161087036,1
5747.685,5881.423,1150.0,0.0025,0,SO,0.06879542041569948,0
4780.054,6400.453,1036.0,0.021,0,SO,0.0,0
4604.995,6403.68,1015.0,0.03,0,SO,0.25582199841737746,1
4602.829,6404.056,1015.0,0.032,0,SO,0.0025316454470157624,0
4451.654,5964.343,909.0,0.0025,0,SO,0.0,0
5636.0,6198.0,1233.0,0.008,0,SO,0.027958576614037157,0
5638.0,6216.0,1236.0,0.014,0,SO,0.002531645633280277,0
11355.961,5366.114,1408.659,0.006,0,SE,0.01497076041996479,0
12101.296,5681.129,1419.069,0.0025,0,SE,0.010526316612958908,0
11971.046,5960.377,1509.829,0.005,0,SE,0.06182482205331326,0
11747.495,5863.982,1459.979,0.17,1,SE,0.6103030323982239,1
7169.087,5272.533,1387.149,0.005,0,SE,0.0,0
7166.81,5271.386,1387.149,0.0025,0,SE,0.08936606273055077,0
7181.995,5262.575,1387.149,0.006,0,SE,0.054311183467507365,0
7193.381,5264.183,1387.149,0.0025,0,SE,0.08504702299833297,0
7236.054,5250.356,1354.429,0.0025,0,SE,0.0,0
7221.856,5251.294,1354.429,0.005,0,SE,0.21712829694151878,1
7736.492,5339.727,1412.109,0.005,0,SE,0.08792058825492859,0
7879.174,5764.615,1465.839,0.006,0,SE,0.1235714502632618,0
7870.033,5722.899,1465.839,0.005,0,SE,0.01052631512284279,0
7866.813,5725.574,1465.839,0.025,0,SE,0.5270598590373993,1
7760.933,5627.106,1399.449,0.0025,0,SE,0.0,0
7766.117,5612.502,1399.449,0.007,0,SE,0.13718198016285896,0
7765.708,5612.842,1399.449,0.0025,0,SE,0.0029850743710994722,0
7831.989,5577.365,1399.449,0.005,0,SE,0.12717158645391463,0
7832.785,5574.106,1399.449,0.0025,0,SE,0.002985074743628502,0
6600.749,6751.646,1352.149,0.005,0,SE,0.0,0
6825.562,6722.534,1337.959,0.011,0,SE,0.002985074743628502,0
6847.915,6724.651,1337.959,0.0025,0,SE,0.0,0
6737.494,6511.198,1229.269,0.026,0,SE,0.5543890476226807,1
6736.715,6504.185,1229.269,0.008,0,SE,0.010526315867900848,0
6751.775,6472.681,1229.269,0.0025,0,SE,0.565500158071518,1
6868.257,5977.895,1080.259,0.0025,0,SE,0.05036037266254425,0
8271.246,6002.333,1439.559,0.0025,0,SE,0.002985074743628502,0
8273.002,6001.34,1439.559,0.0025,0,SE,0.0,0
8450.08,6044.907,1444.589,0.086,0,SE,0.7441969513893127,1
8913.102,6278.424,1470.419,0.011,0,SE,0.18891401067376137,1
8911.725,6276.022,1470.419,0.0025,0,SE,0.0,0
8976.265,6231.452,1437.289,0.0025,0,SE,0.5039262190461159,1
8975.109,6234.498,1437.289,0.0025,0,SE,0.0,0
9512.361,5371.409,1342.289,0.015,0,SE,0.002985074743628502,0
8133.016,5644.055,1448.799,0.0025,0,SE,0.0,0
8110.039,5616.972,1448.799,0.0025,0,SE,0.0,0
8117.04,5373.946,1432.549,0.0025,0,SE,0.007429518550634384,0
8061.978,5620.019,1465.839,0.0025,0,SE,0.0,0
8040.999,5315.998,1361.209,0.0025,0,SE,0.021715233847498894,0
8042.978,5316.014,1361.209,0.0025,0,SE,0.0,0
7898.006,5423.997,1489.369,0.0025,0,SE,0.0,0
7734.0,5341.987,1412.109,0.008,0,SE,0.23228438347578048,1
7777.02,5872.0,1369.029,0.0025,0,SE,0.1197488360106945,0
9403.312,5475.841,1342.289,0.0025,0,SE,0.010526315867900848,0
9571.773,5811.561,1410.489,0.0025,0,SE,0.11793065667152405,0
9571.97,5812.991,1410.489,0.0025,0,SE,0.0,0
8236.987,5962.022,1438.359,0.0025,0,SE,0.0,0
8314.001,6036.027,1444.589,0.017,0,SE,0.04250123798847198,0
8766.983,6230.037,1470.419,0.0025,0,SE,0.0029850743710994722,0
8995.996,6265.957,1437.289,0.0025,0,SE,0.0,0
8503.516,5901.5,1436.569,0.008,0,SE,0.09678881093859673,0
8500.269,5902.138,1436.569,0.0025,0,SE,0.0,0
8783.263,5458.917,1292.699,0.0025,0,SE,0.24916431456804275,1
8760.931,5472.188,1292.699,0.01,0,SE,0.16301710531115532,0
8617.115,5860.976,1436.569,0.045,0,SE,0.3420173734426498,1
8606.778,5875.272,1436.569,0.005,0,SE,0.08003637492656708,0
9316.0,6235.965,1466.209,0.009,0,SE,0.0,0
9371.006,6257.988,1496.709,0.005,0,SE,0.03242951948195696,0
9376.996,6265.009,1496.709,0.0025,0,SE,0.0029850743710994722,0
9405.001,6281.946,1496.709,0.0025,0,SE,0.002985074557363987,0
9450.959,6322.051,1496.709,0.014,0,SE,0.1641712538897991,0
9461.0,6328.0,1496.709,0.014,0,SE,0.10364494696259499,0
9437.991,6308.0,1496.709,0.008,0,SE,0.12145730182528496,0
9431.033,6312.041,1496.709,0.006,0,SE,0.035526317358016965,0
9593.972,5866.032,1410.489,0.0025,0,SE,0.0,0
9593.964,5867.029,1410.489,0.007,0,SE,0.05924520194530487,0
9638.037,5563.973,1435.879,2.193,1,SE,0.1197488434612751,0
9635.037,5568.045,1435.879,6.095,1,SE,0.09910847321152687,0
9454.029,5302.049,1301.459,0.007,0,SE,0.1357430137693882,0
8361.979,6222.042,1443.039,0.019,0,SE,0.03860513567924499,0
8410.048,6107.97,1444.589,0.129,1,SE,0.12147999852895737,0
8212.049,6290.027,1422.299,0.012,0,SE,0.22140055298805236,1
8163.963,6310.01,1422.299,0.041,0,SE,0.344315829873085,1
8163.037,6302.033,1422.299,0.171,1,SE,0.21893872767686845,1
8054.946,6334.044,1365.179,0.032,0,SE,0.9114285707473755,1
8019.0,6444.007,1381.939,0.0025,0,SE,0.0,0
7983.017,6489.989,1381.939,0.0025,0,SE,0.0,0
8034.977,6508.005,1381.939,0.017,0,SE,0.09398791044950486,0
8104.991,6453.993,1414.849,0.009,0,SE,0.042501237243413925,0
8136.054,6446.05,1414.849,0.014,0,SE,0.14292714223265648,0
8045.973,6590.005,1381.939,0.007,0,SE,0.2256014496088028,1
7802.957,6929.993,1350.519,0.0025,0,SE,0.13756120428442956,0
7812.048,6934.05,1350.519,0.03,0,SE,0.06360513716936111,0
9209.416,6371.632,1466.209,0.006,0,SE,0.09289271086454391,0
9344.245,6551.274,1420.729,0.005,0,SE,0.0,0
9227.545,6670.634,1402.869,0.0025,0,SE,0.0,0
8207.95,6967.989,1317.179,0.047,0,SE,0.04250123649835587,0
8232.041,6952.02,1317.179,0.012,0,SE,0.097514558583498,0
8243.993,6942.042,1317.179,0.006,0,SE,0.12717159166932107,0
8275.955,6903.998,1317.179,0.017,0,SE,0.16216301321983337,0
8318.001,6855.961,1330.039,0.014,0,SE,0.1861452579498291,1
8373.013,6836.033,1391.239,0.009,0,SE,0.035526317358016965,0
8484.024,6823.968,1391.239,0.0025,0,SE,0.28812854290008544,1
8628.965,6719.967,1375.089,0.008,0,SE,0.054011165350675586,0
8678.013,6675.971,1375.089,0.008,0,SE,0.4761881411075592,1
9655.75,3299.504,1483.869,0.029,0,SE,0.0,0
7333.912,6515.929,1286.879,2.721,1,SE,0.9227440834045411,1
7638.491,5312.616,1412.109,0.016,0,SE,0.4228739023208618,1
7572.304,5131.126,1417.039,0.009,0,SE,0.03997076041996479,0
7473.67,5171.429,1417.039,0.0025,0,SE,0.002985074743628502,0
7464.106,5159.966,1417.039,0.0025,0,SE,0.028708133846521378,0
7451.714,5170.307,1417.039,0.0025,0,SE,0.06826216727495193,0
6764.912,4994.066,1117.299,0.005,0,SE,0.01497076041996479,0
6766.474,4993.114,1117.299,0.017,0,SE,0.028708134591579438,0
6850.671,4953.589,1187.309,0.01,0,SE,0.03315258026123047,0
6972.504,4908.509,1047.699,0.187,1,SE,0.4072595566511154,1
6763.869,4867.874,1013.559,0.006,0,SE,0.0029850743710994722,0
6895.546,5170.002,1296.379,0.007,0,SE,0.0,0
6646.269,5139.483,1171.169,0.005,0,SE,0.002985074557363987,0
6647.031,5139.525,1171.169,0.006,0,SE,0.07797926142811776,0
6645.372,5139.584,1171.169,0.011,0,SE,0.009803257323801518,0
7337.914,3846.702,1081.519,0.007,0,SE,0.08773584887385369,0
7256.961,3823.359,1200.709,0.0025,0,SE,0.002985074557363987,0
7270.265,3810.471,1200.709,0.245,1,SE,0.2664054401218891,1
7199.911,3507.765,1262.249,1.057,1,SE,0.4161074638366699,1
7190.329,3570.463,1262.249,4.25,1,SE,0.859632933139801,1
7173.931,3507.424,1262.249,0.0025,0,SE,0.2157191000878811,1
7160.631,3496.491,1262.249,0.0025,0,SE,0.0,0
9718.066,3156.91,1463.229,0.0025,0,SE,0.0,0
9717.313,3175.588,1463.229,0.29,1,SE,0.3160330027341843,1
9717.191,3167.71,1463.229,0.005,0,SE,0.12202993258833886,0
9650.171,3166.114,1463.229,2.262,1,SE,0.3573028534650803,1
9558.941,3114.694,1415.709,4.921,1,SE,0.8514285564422608,1
9768.449,3356.856,1483.869,0.009,0,SE,0.0,0
9657.505,3298.599,1483.869,0.0025,0,SE,0.004444444552063942,0
9509.556,3317.184,1455.289,0.007,0,SE,0.0024633573368191717,0
7806.013,3268.358,1452.149,0.017,0,SE,0.12327548488974571,0
7746.633,3283.81,1452.149,0.063,0,SE,0.8447619080543518,1
9456.0,6383.0,1510.0,0.0025,0,SE,0.15697844028472902,0
9462.0,6419.0,1506.0,0.0025,0,SE,0.2238327331840992,1
9460.0,6415.0,1506.0,0.0025,0,SE,0.30802570283412933,1
9452.0,6423.0,1502.0,0.007,0,SE,0.10546312630176544,0
9447.0,6429.0,1497.0,0.006,0,SE,0.3637265294790268,1
9444.0,6426.0,1495.0,0.006,0,SE,0.13574301972985267,0
9452.0,6471.0,1492.0,0.227,1,SE,0.2392192989587784,1
9481.0,6465.0,1504.0,0.0025,0,SE,0.08277056366205215,0
9473.0,6468.0,1501.0,0.009,0,SE,0.137561197578907,0
9429.0,6643.0,1493.0,0.021,0,SE,0.3072387777268887,1
9463.0,6618.0,1510.0,0.011,0,SE,0.4127758800983429,1
9425.0,6697.0,1496.0,0.081,0,SE,0.36806721091270445,1
9464.0,6717.0,1500.0,0.009,0,SE,0.3742059111595154,1
9466.0,6711.0,1501.0,0.006,0,SE,0.37420590221881866,1
9484.0,6782.0,1481.0,0.0025,0,SE,0.3165520615875721,1
9489.0,6789.0,1480.0,0.0025,0,SE,0.10966817438602447,0
9494.0,6797.0,1480.0,0.012,0,SE,0.3114079847931862,1
9499.0,6813.0,1450.0,0.007,0,SE,0.137561197578907,0
9473.0,6878.0,1461.0,0.0025,0,SE,0.08504702299833297,0
9474.0,6879.0,1461.0,0.006,0,SE,0.20069114863872528,1
9490.0,6916.0,1469.0,0.005,0,SE,0.049319420009851456,0
9466.0,6973.0,1451.0,0.01,0,SE,0.08792058974504471,0
9384.0,6263.0,1464.0,0.01,0,SE,0.626005882024765,1
9372.0,6273.0,1492.0,0.034,0,SE,0.46609447002410886,1
9371.0,6266.0,1495.0,0.024,0,SE,0.4161074697971344,1
9385.0,6308.0,1494.0,0.0025,0,SE,0.25577797889709475,1
9392.0,6302.0,1502.0,0.005,0,SE,0.12327548936009407,0
9402.0,6294.0,1509.0,0.0025,0,SE,0.10736639574170112,0
9424.0,6328.0,1512.0,0.007,0,SE,0.16959583386778831,0
9430.0,6324.0,1519.0,0.007,0,SE,0.3248353123664856,1
9438.0,6320.0,1529.0,0.025,0,SE,0.3599201887845993,1
9830.0,6294.0,1498.0,0.009,0,SE,0.368787881731987,1
9902.0,6303.0,1521.0,0.013,0,SE,0.5137265264987946,1
10031.0,6376.0,1529.0,0.011,0,SE,0.13675464391708375,0
10050.0,6372.0,1533.0,0.012,0,SE,0.19791834130883218,1
9884.0,6720.0,1428.0,0.039,0,SE,0.17557312473654746,0
9842.0,6739.0,1407.0,0.0025,0,SE,0.1271715857088566,0
7134.0,6878.0,1192.0,0.0025,0,SE,0.0,0
7043.0,6955.0,1179.0,0.0025,0,SE,0.002315104752779007,0
7039.0,4179.0,887.0,0.015,0,SE,0.2954047441482544,1
7053.0,4168.0,894.0,0.018,0,SE,0.9114285826683044,1
9739.973,6295.477,1498.0,0.188,1,SE,0.2856956750154495,1
9799.325,6367.975,1475.0,0.093,0,SE,0.4295320749282837,1
9897.863,6508.022,1455.0,0.029,0,SE,0.3200008422136307,1
9898.519,6509.823,1454.0,0.023,0,SE,0.3165958017110825,1
9900.955,6524.649,1456.0,0.024,0,SE,0.1383341982960701,0
9900.994,6526.062,1456.0,0.037,0,SE,0.1464897722005844,0
9908.209,6530.959,1455.0,0.016,0,SE,0.12281559035181999,0
9909.227,6531.789,1455.0,0.021,0,SE,0.10717842131853103,0
9915.388,6636.172,1453.0,0.0025,0,SE,0.0,0
9944.644,6620.537,1462.0,0.0025,0,SE,0.0,0
9962.632,6620.384,1473.0,0.0025,0,SE,0.0,0
9757.765,6577.131,1416.75,0.019,0,SE,0.0875478819012642,0
9784.293,6633.692,1408.6,0.01,0,SE,0.041478697955608365,0
9782.049,6637.738,1408.01,0.018,0,SE,0.18676183968782425,1
9892.451,6741.54,1405.1,0.006,0,SE,0.12535340785980226,0
9890.076,6738.958,1404.28,0.005,0,SE,0.12364494279026986,0
10038.807,6374.509,1516.88,0.008,0,SE,0.19297702759504318,1
10033.823,6380.144,1518.7,0.007,0,SE,0.16441196352243423,0
10035.323,6380.144,1518.7,0.015,0,SE,0.3676040947437286,1
10058.066,6382.384,1549.0,0.096,0,SE,0.29194656312465667,1
10061.589,6373.738,1530.51,0.005,0,SE,0.007429519109427929,0
10041.788,6370.285,1529.95,0.005,0,SE,0.16691417396068572,0
10056.202,6374.427,1527.38,0.035,0,SE,0.5433089137077332,1
10055.108,6385.345,1541.0,0.005,0,SE,0.002985074557363987,0
10163.711,6252.092,1530.0,0.024,0,SE,0.10717159062623978,0
10160.057,6251.813,1537.0,0.0025,0,SE,0.007429519109427929,0
10293.22,6104.378,1471.83,0.008,0,SE,0.23812260702252389,1
10299.045,6102.594,1500.0,0.014,0,SE,0.43044965863227846,1
10305.26,6105.792,1479.71,0.011,0,SE,0.127171590924263,0
10305.31,6105.992,1479.71,0.011,0,SE,0.0029850743710994722,0
10305.331,6101.508,1476.73,0.012,0,SE,0.29665703848004343,1
10406.749,6048.345,1482.0,0.0025,0,SE,0.007429518923163414,0
10405.918,6048.194,1483.0,0.008,0,SE,0.05565595170482993,0
10404.521,6048.041,1484.0,0.005,0,SE,0.04250123649835587,0
10403.693,6047.974,1485.0,0.0025,0,SE,0.03163021355867386,0
9698.348,6299.905,1498.0,0.071,0,SE,0.24814786165952682,1
9779.314,6311.982,1494.0,0.0025,0,SE,0.3212995409965515,1
10663.0,5821.0,1457.0,0.017,0,SE,0.3200008422136307,1
10736.495,5788.955,1512.0,0.005,0,SE,0.11793065965175628,0
10746.435,5781.052,1519.0,0.0025,0,SE,0.07326216623187065,0
10760.233,5765.308,1540.0,0.05,0,SE,0.356060603260994,1
10756.416,5702.925,1545.18,0.0025,0,SE,0.1375612050294876,0
10756.416,5703.675,1545.18,0.024,0,SE,0.358189594745636,1
10777.316,5702.359,1551.11,0.135,1,SE,0.36206474900245667,1
10781.239,5714.179,1554.56,0.318,1,SE,0.7736363410949707,1
10781.339,5714.579,1554.56,0.014,0,SE,0.3639052927494049,1
10796.085,5752.192,1533.93,0.013,0,SE,0.5136363625526428,1
10795.755,5751.862,1533.93,0.0025,0,SE,0.024812030792236327,0
10795.355,5751.462,1533.93,0.014,0,SE,0.1908494748175144,1
10785.805,5765.804,1558.0,0.019,0,SE,0.13637299686670304,0
10822.434,5812.74,1528.48,0.009,0,SE,0.02925647683441639,0
10822.434,5814.74,1528.48,0.0025,0,SE,0.11827506795525551,0
10820.694,5822.978,1528.93,0.054,0,SE,0.09075915813446045,0
10890.816,5852.129,1531.8,0.0025,0,SE,0.010526315867900848,0
10888.49,5866.683,1530.07,0.02,0,SE,0.28624706119298937,1
10961.628,5933.863,1531.18,0.01,0,SE,0.068296879529953,0
10730.866,5868.33,1497.0,0.0025,0,SE,0.1840676747262478,0
10728.797,5871.829,1491.0,0.0025,0,SE,0.0,0
10791.762,5947.719,1493.0,0.0025,0,SE,0.0,0
10809.965,5979.418,1512.0,0.0025,0,SE,0.17994428649544716,0
10797.556,5978.833,1509.0,0.0025,0,SE,0.06644397974014282,0
10827.774,5969.127,1502.0,0.0025,0,SE,0.12364494651556016,0
10828.719,5975.07,1500.0,0.0025,0,SE,0.17117741107940673,0
10847.687,5985.819,1505.0,0.0025,0,SE,0.06997985392808914,0
10896.122,5998.548,1514.0,0.0025,0,SE,0.052192984521389006,0
10924.817,6010.615,1523.0,0.0025,0,SE,0.09289270862936974,0
10942.979,6014.762,1528.0,0.017,0,SE,0.23290976881980896,1
10960.114,6020.15,1530.0,0.007,0,SE,0.12320764809846878,0
11028.813,6041.332,1544.0,0.0025,0,SE,0.10365178063511848,0
10875.946,6040.388,1480.46,0.0025,0,SE,0.07326216623187065,0
10811.606,6137.087,1467.77,0.007,0,SE,0.1799854427576065,0
10798.596,6155.73,1473.0,0.005,0,SE,0.20190560072660446,1
10817.573,6198.023,1468.48,0.026,0,SE,0.3774868190288544,1
10865.939,6284.559,1508.86,0.006,0,SE,0.1232754871249199,0
10975.592,6390.034,1497.3,0.0025,0,SE,0.308491612970829,1
10791.388,6067.744,1466.0,0.0025,0,SE,0.04250123649835587,0
10782.41,6115.233,1459.0,0.007,0,SE,0.016778176464140416,0
10766.031,6153.87,1460.0,0.006,0,SE,0.41740618348121644,1
10760.0,6173.0,1454.0,0.009,0,SE,0.24182494431734086,1
10779.0,6287.0,1453.0,0.005,0,SE,0.042501238733530046,0
10920.0,6418.0,1487.0,0.0025,0,SE,0.18891401514410971,1
10718.315,6190.842,1442.0,0.0025,0,SE,0.0399707593023777,0
10713.582,6204.9,1445.0,0.009,0,SE,0.06936606243252755,0
10716.626,6355.484,1437.0,0.0025,0,SE,0.02275395505130291,0
10726.726,6353.396,1422.0,0.0025,0,SE,0.0,0
10810.606,6402.749,1447.88,0.0025,0,SE,0.021788942441344262,0
10893.451,6468.323,1430.0,0.005,0,SE,0.3761881232261658,1
10943.0,6540.0,1446.0,0.006,0,SE,0.04931942075490951,0
10934.55,6544.0,1443.0,0.0025,0,SE,0.0757575735449791,0
10838.0,6970.0,1379.0,0.0025,0,SE,0.0029850743710994722,0
10985.236,6465.938,1476.65,0.0025,0,SE,0.3691947191953659,1
11027.012,6514.599,1485.18,0.009,0,SE,0.0443194180727005,0
11060.061,6529.653,1513.0,0.007,0,SE,0.049319418519735335,0
11050.14,6507.386,1496.27,0.026,0,SE,0.03997076079249382,0
11013.126,6555.424,1469.53,0.0025,0,SE,0.002985074743628502,0
11008.37,6690.639,1475.0,0.01,0,SE,0.002985074743628502,0
10884.151,6855.847,1420.0,0.0025,0,SE,0.04250123798847198,0
8188.116,5693.62,1451.0,0.017,0,SE,0.010526315867900848,0
8185.938,5699.085,1450.0,0.005,0,SE,0.010526315867900848,0
8187.557,5576.832,1467.0,0.0025,0,SE,0.0,0
8119.246,5576.896,1491.0,0.0025,0,SE,0.0,0
8122.615,5580.841,1490.0,0.0025,0,SE,0.0,0
8038.942,5594.018,1485.94,0.007,0,SE,0.08322884067893029,0
8037.84,5634.98,1473.75,0.02,0,SE,0.052846065163612364,0
7960.116,5487.462,1483.98,0.263,1,SE,0.5007395088672638,1
7868.927,5392.414,1461.0,0.011,0,SE,0.01497076041996479,0
7841.34,5381.136,1450.0,0.007,0,SE,0.39821194112300873,1
7837.401,5371.365,1448.0,0.077,0,SE,0.9314285635948181,1
8402.877,4944.364,1182.22,0.02,0,SE,0.13441172018647193,0
8463.307,4830.322,1141.09,0.0025,0,SE,0.0,0
8067.281,5575.402,1503.0,0.037,0,SE,0.3774868190288544,1
7993.0,5462.0,1490.0,0.029,0,SE,0.1621730774641037,0
7985.52,5480.849,1514.0,0.096,0,SE,0.521521931886673,1
7834.0,5424.0,1436.0,0.005,0,SE,0.11793065965175628,0
7644.533,5312.194,1449.0,0.011,0,SE,0.32727164030075073,1
8456.0,4768.0,1110.0,0.005,0,SE,0.012746041454374791,0
7552.0,5299.0,1399.0,0.0025,0,SE,0.0,0
7316.0,5338.0,1373.0,0.0025,0,SE,0.0,0
7254.0,5305.0,1371.0,0.0025,0,SE,0.028708134591579438,0
7271.0,5300.0,1346.0,0.0025,0,SE,0.0,0
7174.0,5235.0,1368.0,0.0025,0,SE,0.0,0
7214.0,5275.0,1365.0,0.0025,0,SE,0.0,0
7121.0,5311.0,1351.0,0.0025,0,SE,0.0,0
7085.0,5361.0,1307.0,0.026,0,SE,0.16035490185022355,0
7085.137,5361.376,1307.0,0.029,0,SE,0.04931942075490951,0
7088.0,5445.0,1267.0,0.0025,0,SE,0.0,0
7000.0,5421.0,1220.0,0.0025,0,SE,0.0,0
7374.0,5248.0,1316.0,0.0025,0,SE,0.0,0
7388.0,5177.0,1308.0,0.0025,0,SE,0.004444444552063942,0
7537.0,5166.0,1320.0,0.0025,0,SE,0.0,0
7555.0,5115.0,1373.0,0.0025,0,SE,0.0,0
7596.0,5163.0,1381.0,0.0025,0,SE,0.0,0
7765.0,5021.0,1284.0,0.0025,0,SE,0.0,0
7823.0,4907.0,1274.0,0.0025,0,SE,0.0,0
7942.0,4860.0,1215.0,0.0025,0,SE,0.0,0
7886.0,4822.0,1195.0,0.0025,0,SE,0.0,0
8009.0,4723.0,1132.0,0.0025,0,SE,0.07326216995716095,0
7437.008,5468.047,1372.0,0.0025,0,SE,0.0,0
7537.487,5489.147,1370.0,0.035,0,SE,0.17998543456196786,0
7450.437,5620.751,1286.0,0.0025,0,SE,0.0,0
7513.254,5653.021,1293.0,0.0025,0,SE,0.0029850743710994722,0
7518.399,5690.262,1286.0,0.005,0,SE,0.004444444552063942,0
7392.36,5724.571,1235.0,0.005,0,SE,0.13756120055913926,0
7306.977,5770.591,1186.0,0.007,0,SE,0.04931942075490951,0
7295.639,5755.038,1187.0,0.0025,0,SE,0.002985074557363987,0
7299.823,5787.374,1183.0,0.0025,0,SE,0.0,0
9016.0,5096.0,1190.0,0.0025,0,SE,0.0,0
8949.0,4946.0,1198.0,0.0025,0,SE,0.0,0
8937.0,5192.0,1170.0,0.0025,0,SE,0.010526315867900848,0
8940.0,5296.0,1174.0,0.0025,0,SE,0.0,0
8780.0,5308.0,1220.0,0.0025,0,SE,0.0,0
8571.0,5252.0,1239.0,0.0025,0,SE,0.0,0
8439.0,5192.0,1254.0,0.0025,0,SE,0.007429519109427929,0
8409.0,5162.0,1250.0,0.0025,0,SE,0.0029850743710994722,0
8400.0,5163.0,1248.0,0.156,1,SE,0.1839812032878399,0
8227.0,4879.0,1167.0,0.0025,0,SE,0.002985074557363987,0
8224.0,4869.0,1157.0,0.0025,0,SE,0.0,0
8013.0,4689.0,1114.0,0.007,0,SE,0.11860699579119682,0
7969.0,4654.0,1109.0,0.0025,0,SE,0.002985074557363987,0
7939.0,4564.0,1058.0,0.0025,0,SE,0.002985074557363987,0
8398.0,5926.0,1416.0,0.0025,0,SE,0.0,0
8346.0,5624.0,1396.0,0.0025,0,SE,0.0,0
8358.0,5483.0,1364.0,0.0025,0,SE,0.0,0
8332.0,5475.0,1374.0,0.0025,0,SE,0.002985074743628502,0
8257.0,5550.0,1426.0,0.0025,0,SE,0.0,0
8189.0,5453.0,1423.0,0.0025,0,SE,0.0029850743710994722,0
8309.0,5243.0,1325.0,0.0025,0,SE,0.0,0
8240.0,5118.0,1298.0,0.0025,0,SE,0.0,0
8423.0,5114.0,1244.0,0.0025,0,SE,0.002985074557363987,0
8565.0,5005.0,1159.0,0.0025,0,SE,0.0,0
8485.0,4846.0,1141.0,0.0025,0,SE,0.0,0
8460.0,4754.0,1137.0,0.0025,0,SE,0.002985074557363987,0
8478.0,4706.0,1119.0,0.005,0,SE,0.0,0
6876.91,4935.207,1075.0,0.019,0,SE,0.02925647497177124,0
6973.099,4908.679,1117.0,0.401,1,SE,0.44343666434288026,1
7077.164,4740.719,1070.0,0.019,0,SE,0.0029850743710994722,0
7130.849,4715.697,1055.0,0.015,0,SE,0.17050003483891488,0
7095.31,4683.005,1051.0,0.0025,0,SE,0.013793103396892548,0
6933.387,4491.697,959.0,0.0025,0,SE,0.002985074557363987,0
7232.238,4423.497,923.0,0.0025,0,SE,0.002985074557363987,0
7216.168,4546.768,970.0,0.0025,0,SE,0.0029850743710994722,0
7274.379,4589.765,1006.0,0.0025,0,SE,0.0029850743710994722,0
7321.26,4585.761,1024.0,0.007,0,SE,0.002985074557363987,0
7549.156,4548.131,1069.0,0.0025,0,SE,0.01965174302458763,0
7664.31,4557.415,1072.0,0.0025,0,SE,0.007429518736898899,0
7928.936,4532.386,1060.0,0.0025,0,SE,0.0029850743710994722,0
7683.43,4469.841,1036.0,0.0025,0,SE,0.002985074557363987,0
7436.362,4377.58,944.0,0.0025,0,SE,0.0,0
8526.9,5998.63,1409.48,0.0025,0,SE,0.002985074743628502,0
8527.44,5936.09,1379.58,0.029,0,SE,0.049319420009851456,0
8475.19,5865.56,1353.28,0.0025,0,SE,0.0,0
8400.96,5594.5,1351.58,0.0025,0,SE,0.007429519109427929,0
8687.14,5293.29,1194.68,0.0025,0,SE,0.002985074557363987,0
8435.15,5558.05,1340.28,0.0025,0,SE,0.003216226864606142,0
8594.05,6007.62,1433.3,0.0025,0,SE,0.010526315867900848,0
8595.7,5999.6,1428.0,0.0025,0,SE,0.0029850743710994722,0
8618.49,5946.74,1429.29,0.0025,0,SE,0.0,0
8742.03,5767.08,1420.41,0.0025,0,SE,0.0,0
8630.2,5842.56,1396.0,0.02,0,SE,0.07662304006516933,0
8556.85,5870.64,1368.65,0.043,0,SE,0.10364494025707245,0
8557.7,5871.49,1368.65,0.005,0,SE,0.845682680606842,1
8548.67,5806.69,1341.28,0.0025,0,SE,0.0,0
8524.72,5764.64,1333.57,0.0025,0,SE,0.0,0
8579.84,5678.53,1304.19,0.006,0,SE,0.04427455812692642,0
8567.52,5620.21,1297.17,0.0025,0,SE,0.0,0
8605.53,5590.24,1286.7,0.005,0,SE,0.05508034750819206,0
8730.17,5566.78,1299.12,0.006,0,SE,0.8400000095367431,1
8756.96,5544.4,1312.57,0.056,0,SE,0.7976320028305054,1
8769.0,5532.67,1306.81,0.0025,0,SE,0.47107791900634766,1
8843.59,5477.65,1277.49,0.0025,0,SE,0.0029850743710994722,0
8895.97,5503.07,1276.82,0.09,0,SE,0.0,0
9047.21,5033.1,1213.31,0.0025,0,SE,0.0,0
13113.21,6580.892,1538.0,0.0025,0,SE,0.01497076079249382,0
13113.204,6579.749,1538.0,0.022,0,SE,0.10075757652521133,0
13113.231,6578.797,1538.0,0.021,0,SE,0.07864673808217049,0
13113.212,6577.722,1538.0,0.0025,0,SE,0.0,0
12971.0,6609.0,1524.0,0.005,0,SE,0.12327548190951347,0
12850.0,6553.0,1516.0,0.0025,0,SE,0.0,0
12767.646,6507.378,1557.0,0.0025,0,SE,0.002985074557363987,0
12418.742,6312.14,1511.66,0.372,1,SE,0.7244444489479065,1
12369.0,6246.0,1488.0,0.0025,0,SE,0.0,0
12363.0,6098.0,1477.0,0.0025,0,SE,0.0,0
12346.345,6084.521,1512.0,0.445,1,SE,0.7600000143051148,1
12245.056,6314.937,1438.0,0.0025,0,SE,0.0,0
12250.688,6333.912,1448.0,0.0025,0,SE,0.0,0
12174.954,6368.078,1402.0,0.0025,0,SE,0.0,0
12099.47,6411.755,1376.0,0.0025,0,SE,0.10183359906077386,0
12066.249,6446.937,1374.0,0.0025,0,SE,0.0,0
11961.156,6512.366,1367.0,0.0025,0,SE,0.0,0
11579.528,6845.732,1355.0,0.0025,0,SE,0.0316963255405426,0
13009.704,6619.15,1544.27,0.0025,0,SE,0.0,0
12989.375,6612.729,1539.38,0.073,0,SE,0.12182676643133164,0
12929.12,6593.801,1523.09,0.0025,0,SE,0.0,0
12831.31,6542.322,1529.17,0.0025,0,SE,0.013793103396892548,0
12600.041,6529.809,1557.14,0.0025,0,SE,0.0,0
12405.711,6599.967,1571.49,0.0025,0,SE,0.0,0
12358.239,6165.869,1493.21,0.069,0,SE,0.10546312704682351,0
12318.48,6071.788,1493.43,0.005,0,SE,0.002985074557363987,0
12175.563,6025.04,1493.97,0.0025,0,SE,0.010526315867900848,0
12148.866,6036.253,1490.58,0.0025,0,SE,0.0,0
11844.238,6031.247,1478.17,0.005,0,SE,0.0732621654868126,0
11813.631,6042.868,1490.58,0.0025,0,SE,0.01727078966796398,0
11283.884,6384.383,1465.95,0.0025,0,SE,0.0,0
11124.085,6882.425,1385.65,0.005,0,SE,0.1322163738310337,0
9122.0,6366.0,1390.0,0.0025,0,SE,0.002985074557363987,0
9012.0,6404.0,1409.0,0.0025,0,SE,0.0,0
9201.0,6520.0,1362.0,0.005,0,SE,0.0,0
9159.0,6615.0,1348.0,0.006,0,SE,0.002985074557363987,0
9008.0,6622.0,1342.0,0.0025,0,SE,0.0,0
9078.0,6711.0,1333.0,0.0025,0,SE,0.0,0
8899.0,6746.0,1320.0,0.005,0,SE,0.0,0
8654.0,6665.0,1371.0,0.0025,0,SE,0.007429519109427929,0
8618.0,6656.0,1378.0,0.0025,0,SE,0.004444444179534912,0
9247.878,6391.422,1418.0,0.0025,0,SE,0.0,0
9275.735,6609.744,1397.0,0.005,0,SE,0.0,0
9255.155,6844.422,1386.0,0.0025,0,SE,0.0,0
9311.03,6885.561,1391.0,0.029,0,SE,0.17645879238843917,0
9332.496,6908.476,1409.0,0.007,0,SE,0.16959583163261413,0
9332.306,6918.581,1392.0,0.011,0,SE,0.23540127128362656,1
9142.554,6308.243,1408.11,0.0025,0,SE,0.0,0
9188.867,6268.263,1424.22,0.0025,0,SE,0.0,0
9307.264,6330.462,1427.14,0.0025,0,SE,0.0,0
9291.764,6342.348,1418.24,0.0025,0,SE,0.0,0
9249.006,6440.427,1396.53,0.0025,0,SE,0.0,0
9320.683,6575.191,1393.99,0.0025,0,SE,0.0,0
9361.382,6661.742,1417.3,0.0025,0,SE,0.0,0
9402.416,6919.178,1364.12,0.011,0,SE,0.08257576078176498,0
9115.31,6910.447,1308.9,0.0025,0,SE,0.0,0
7593.259,6351.699,1293.285,0.009,0,SE,0.12145729809999466,0
7585.278,6345.557,1298.502,0.011,0,SE,0.10554821342229843,0
7564.877,6330.717,1304.417,0.043,0,SE,0.21315868869423865,1
7572.724,6320.114,1310.916,0.016,0,SE,0.396164221316576,1
7595.07,6301.487,1300.025,0.018,0,SE,0.10364494025707245,0
7391.12,6471.84,1306.569,0.02,0,SE,0.20643429532647134,1
7360.87,6499.947,1302.579,0.014,0,SE,0.27533400654792783,1
7447.608,6456.685,1294.868,0.014,0,SE,0.17998543977737427,0
7607.886,6190.909,1317.929,0.0025,0,SE,0.25915549993515014,1
7647.106,6134.796,1329.093,0.017,0,SE,0.26877428889274596,1
7688.593,6086.985,1346.024,0.0025,0,SE,0.31603299379348754,1
7730.599,6044.462,1345.151,0.018,0,SE,0.3929738402366638,1
8050.927,5914.231,1378.58,0.024,0,SE,0.9114285826683044,1
8167.498,6296.955,1403.378,0.077,0,SE,0.23826690390706062,1
8057.901,6335.051,1376.543,0.03,0,SE,0.8399999856948852,1
8133.972,6448.141,1393.621,0.017,0,SE,0.03997076191008091,0
8041.528,6522.543,1383.583,0.14,1,SE,0.938095235824585,1
8050.362,6589.467,1393.671,0.005,0,SE,0.1129653699696064,0
7811.14,6926.42,1336.467,0.005,0,SE,0.3760041445493698,1
7615.0,6483.0,1038.0,0.008,0,SE,0.0,0
7610.0,6650.0,1284.0,0.018,0,SE,0.002985074557363987,0
7564.0,6709.0,1317.0,0.007,0,SE,0.0,0
7484.0,6817.0,1293.0,0.005,0,SE,0.0,0
7595.0,6888.0,1280.0,0.007,0,SE,0.23540127277374268,1
7652.0,6888.0,1282.0,0.0025,0,SE,0.0,0
7711.0,6971.0,1317.0,0.0025,0,SE,0.0,0
7728.0,6814.0,1298.0,0.0025,0,SE,0.0,0
7820.0,6793.0,1329.0,0.0025,0,SE,0.0,0
7840.0,6776.0,1341.459,0.0025,0,SE,0.0,0
7877.0,6781.0,1350.0,0.0025,0,SE,0.0,0
7891.0,6800.0,1350.0,0.0025,0,SE,0.0,0
7785.0,6934.0,1320.0,0.0025,0,SE,0.0,0
14246.0,950.0,1287.0,0.0025,0,SE,0.0,0
14063.0,1189.0,1265.0,0.0025,0,SE,0.0,0
13738.0,1430.0,1325.0,0.0025,0,SE,0.0,0
13684.0,1481.0,1354.0,0.0025,0,SE,0.0,0
13043.0,437.0,1237.0,0.0025,0,SE,0.002985074557363987,0
13794.0,0.0,1260.0,0.005,0,SE,0.03905296176671982,0
14159.0,56.0,1307.0,0.0025,0,SE,0.002985074557363987,0
14164.0,45.0,1311.0,0.0025,0,SE,0.0,0
8284.0,6467.0,1415.0,0.0025,0,SE,0.002985074557363987,0
8181.0,6586.0,1404.0,0.0025,0,SE,0.0,0
8161.0,6671.0,1421.0,0.0025,0,SE,0.0,0
8122.0,6722.0,1411.0,0.0025,0,SE,0.0,0
6737.0,6730.0,1357.0,0.007,0,SE,0.0,0
6748.0,6734.0,1363.0,0.0025,0,SE,0.0,0
6808.0,6730.0,1357.0,0.0025,0,SE,0.0,0
6843.0,6708.0,1360.0,0.0025,0,SE,0.0029850743710994722,0
6847.0,6690.0,1358.0,0.0025,0,SE,0.0,0
6810.0,6716.0,1342.0,0.005,0,SE,0.0029850743710994722,0
6644.0,6577.0,1249.0,0.0025,0,SE,0.0,0
7225.0,6643.0,1289.0,0.0025,0,SE,0.0,0
7187.0,6671.0,1289.0,0.0025,0,SE,0.0,0
6934.0,6780.0,1294.0,0.0025,0,SE,0.002985074557363987,0
6848.0,6820.0,1298.0,0.049,0,SE,0.14245161265134812,0
6681.0,6855.0,1300.0,0.0025,0,SE,0.0,0
6554.0,6930.0,1267.069,0.0025,0,SE,0.002985074557363987,0
7335.0,6499.0,1291.0,0.071,0,SE,0.2529161095619202,1
7372.0,6388.0,1268.0,0.0025,0,SE,0.0,0
7312.0,6446.0,1284.0,0.011,0,SE,0.031137602031230928,0
7338.0,6556.0,1276.0,0.203,1,SE,0.4161074757575989,1
7335.0,6601.0,1263.0,0.035,0,SE,0.21393805891275405,1
7284.0,6575.0,1281.0,0.0025,0,SE,0.0,0
8331.0,6099.0,1439.0,0.0025,0,SE,0.0,0
8184.0,6035.0,1431.0,0.0025,0,SE,0.002985074743628502,0
8216.0,6365.0,1399.0,0.0025,0,SE,0.002985074557363987,0
7906.0,6463.0,1381.939,0.0025,0,SE,0.0,0
7861.0,6505.0,1337.0,0.0025,0,SE,0.0,0
7754.0,6544.0,1290.0,0.0025,0,SE,0.0,0
20477.0,6665.0,1264.0,0.361,1,SE,0.5363343060016632,1
20654.0,6445.0,1305.0,0.68,1,SE,0.4927762091159821,1
21814.0,5432.0,1450.0,0.007,0,SE,0.0,0
21906.0,5514.0,1484.0,0.0025,0,SE,0.0,0
21562.0,2883.0,1392.0,0.02,0,SE,0.010526315867900848,0
